{"type":"FeatureCollection","features":[{"type":"Feature","geometry":{"type":"Polygon","coordinates":[[[113.9700174,22.4538139],[113.9735297,22.4552147],[113.974018,22.4560524],[113.976117,22.4570107],[113.9769791,22.4578538],[113.9773314,22.4576415],[113.9771122,22.4579062],[113.9771831,22.4584953],[113.9781981,22.4594293],[113.9783881,22.4593394],[113.9790815,22.4614416],[113.9789415,22.4615291],[113.9792562,22.4618372],[113.9790385,22.4619525],[113.9792883,22.4619229],[113.97964,22.4633228],[113.9801622,22.4641859],[113.9800144,22.4647054],[113.9804596,22.4659223],[113.9807415,22.4660724],[113.9807066,22.4664643],[113.980984,22.4661935],[113.9811454,22.4663989],[113.9808056,22.4666219],[113.9809941,22.4665054],[113.9810583,22.4668786],[113.981877,22.4674511],[113.9809478,22.4680702],[113.981763,22.4678187],[113.980627,22.4682572],[113.9808491,22.4685647],[113.9815899,22.4681464],[113.9809798,22.468549],[113.9810486,22.4688676],[113.9816575,22.4688052],[113.9817725,22.4690312],[113.9822486,22.4688422],[113.9823422,22.4693954],[113.9825894,22.4695004],[113.9828239,22.4690587],[113.9825045,22.4693911],[113.9826902,22.4689771],[113.9824179,22.4692095],[113.9823063,22.4690592],[113.9829791,22.4689077],[113.9846927,22.4707041],[113.9846009,22.471309],[113.9849894,22.4722136],[113.9855176,22.472348],[113.9862786,22.4731295],[113.987051,22.4731316],[113.9885547,22.4740148],[113.9901044,22.4758533],[113.9902905,22.4757384],[113.9903715,22.4759693],[113.9909586,22.476044],[113.9920997,22.4770094],[113.9933586,22.4774657],[113.9927794,22.4773837],[113.9927721,22.477846],[113.9932154,22.4784786],[113.9931282,22.4790492],[113.9934792,22.4794779],[113.9935217,22.47989],[113.9932949,22.4801075],[113.9940453,22.4802626],[113.9942207,22.4812951],[113.9948255,22.4823393],[113.995102,22.4844324],[113.9956375,22.4856074],[113.9952933,22.4861613],[113.9957799,22.4857053],[113.9959411,22.4859918],[113.9961326,22.4858101],[113.9962397,22.4861348],[113.9958582,22.4864723],[113.9962749,22.486158],[113.9964947,22.4861746],[113.9960163,22.486511],[113.9964932,22.4864054],[113.9962828,22.4866067],[113.9964666,22.4868439],[113.9966069,22.486387],[113.9973928,22.4868332],[113.9968599,22.4873919],[113.997471,22.4869554],[113.9983027,22.4876807],[113.9983228,22.4882462],[113.9981611,22.4883561],[113.9979766,22.4886341],[113.9974684,22.4890506],[113.9977628,22.4891128],[113.9983774,22.4883102],[113.9985765,22.4891378],[113.9989487,22.4893201],[113.9992986,22.4891618],[113.9993296,22.489959],[113.9993915,22.4890957],[113.9996154,22.4889877],[114.0025271,22.4893122],[114.0035809,22.4889255],[114.0038317,22.4882825],[114.0047024,22.4881614],[114.0062533,22.4874801],[114.0074983,22.4876668],[114.0083736,22.4870986],[114.0091739,22.4869596],[114.0090451,22.4865745],[114.0096981,22.4863852],[114.0108168,22.4865463],[114.0113655,22.4862499],[114.0122305,22.4866462],[114.0129487,22.48717],[114.0130766,22.4872234],[114.0140412,22.4873373],[114.0129529,22.4871573],[114.0122746,22.4866427],[114.0123534,22.4864815],[114.0120599,22.4865082],[114.0119189,22.4861215],[114.0114987,22.4860212],[114.0117623,22.4841669],[114.0115654,22.4812171],[114.0111516,22.4793592],[114.0113537,22.4785647],[114.0103462,22.476007],[114.0115195,22.4744883],[114.0122799,22.4739783],[114.0130173,22.4728643],[114.0140602,22.4731612],[114.0164717,22.4757435],[114.0168472,22.4765601],[114.0176915,22.4770672],[114.0178076,22.477407],[114.0202412,22.4784469],[114.0222896,22.4787811],[114.0244928,22.4756788],[114.0260173,22.4749234],[114.0276058,22.4736701],[114.0277022,22.4738183],[114.0285217,22.4719612],[114.0285189,22.474515],[114.0280059,22.4748758],[114.02665,22.476826],[114.0255102,22.4771917],[114.0250628,22.4776479],[114.0245935,22.4791525],[114.0238874,22.479356],[114.0243528,22.4795389],[114.0246937,22.4793022],[114.0251338,22.4777799],[114.0255192,22.4773902],[114.0260663,22.4780434],[114.0263054,22.4788112],[114.0274355,22.4799331],[114.0278431,22.4798726],[114.0283849,22.4792861],[114.0289593,22.4782268],[114.0289307,22.4777825],[114.0303039,22.4783205],[114.0304341,22.4792161],[114.0311409,22.4800357],[114.033173,22.4800823],[114.03358,22.4810993],[114.0329499,22.4814375],[114.0327299,22.4820872],[114.0323835,22.4820566],[114.0323059,22.4824306],[114.0326133,22.4824853],[114.0317178,22.4872725],[114.0334328,22.4926643],[114.036621,22.4959373],[114.0345316,22.4965303],[114.0338522,22.4974892],[114.0339296,22.4983364],[114.0377029,22.5005613],[114.0376168,22.5007421],[114.0379928,22.5004962],[114.0381629,22.5006524],[114.0378697,22.5010591],[114.0380053,22.5012478],[114.0394124,22.5018534],[114.0420169,22.5024696],[114.0424548,22.5024775],[114.0424953,22.5022575],[114.0423084,22.5015403],[114.0414606,22.5002418],[114.0414553,22.4997175],[114.0426462,22.5001521],[114.0424513,22.5009246],[114.043306,22.5029359],[114.0451477,22.5032825],[114.0422199,22.5036386],[114.0404152,22.5046183],[114.037,22.5051493],[114.037,22.5056948],[114.0318015,22.5063334],[114.0254233,22.5067641],[114.024537,22.5066146],[114.020423,22.5038279],[114.0166462,22.5019531],[114.013383,22.5008687],[114.0116247,22.5006514],[114.0098576,22.5011601],[114.0075597,22.5024343],[114.0051168,22.5045647],[114.0025164,22.5072861],[114.0001206,22.5090069],[113.9977915,22.5100549],[113.9961973,22.510222],[113.9950555,22.5100639],[113.9478062,22.4723642],[113.8917624,22.4413493],[113.9014211,22.4059006],[113.9016876,22.4062308],[113.9015624,22.406528],[113.9028505,22.4077266],[113.9037536,22.4093976],[113.9038479,22.4092448],[113.9039629,22.4094199],[113.9042085,22.4101846],[113.9047836,22.410119],[113.9077932,22.4131426],[113.9086056,22.413614],[113.9131865,22.4182769],[113.9138634,22.4184839],[113.9137387,22.4205325],[113.9145965,22.4211835],[113.9196271,22.4225226],[113.9226089,22.4235743],[113.9250332,22.4237374],[113.9273475,22.4233014],[113.9279385,22.4228576],[113.9280229,22.4214478],[113.9277041,22.4205544],[113.9270593,22.4202746],[113.9259376,22.4204789],[113.9268811,22.4201394],[113.9271075,22.4198108],[113.9282333,22.4205028],[113.9285957,22.4209888],[113.9291109,22.4234374],[113.9295851,22.4240561],[113.9370587,22.4265334],[113.9378257,22.4260549],[113.9391462,22.4214191],[113.9390455,22.4206954],[113.9392671,22.4206517],[113.9395072,22.4215822],[113.9389077,22.4238305],[113.9394006,22.4241413],[113.9387671,22.4241593],[113.9394062,22.4241875],[113.9391272,22.4247165],[113.939842,22.4253201],[113.9396481,22.4252384],[113.9381853,22.4269314],[113.9444434,22.4307724],[113.9449639,22.4309729],[113.9450142,22.430728],[113.9454245,22.4307563],[113.9454472,22.4313094],[113.9463208,22.4323995],[113.9463839,22.4327974],[113.9461608,22.4330003],[113.9468351,22.4345364],[113.9469768,22.4389178],[113.9474079,22.4394129],[113.9488433,22.4384101],[113.948401,22.4389271],[113.9476475,22.4392686],[113.9476731,22.4394829],[113.9510492,22.4422308],[113.9518302,22.4424035],[113.9526284,22.4430401],[113.9529846,22.4427457],[113.9525264,22.4436885],[113.9528182,22.4434902],[113.9533523,22.4436174],[113.9538429,22.4447187],[113.9536338,22.4467535],[113.954008,22.4469872],[113.9543419,22.4476647],[113.9559877,22.4474736],[113.9557394,22.4476837],[113.9544563,22.4478028],[113.9549561,22.448355],[113.9551166,22.4483179],[113.9550474,22.4477998],[113.9557735,22.4478578],[113.9557656,22.4485125],[113.9554365,22.4482796],[113.9556984,22.4488679],[113.9552349,22.449014],[113.9553426,22.4492049],[113.9556142,22.4494316],[113.9559729,22.4492284],[113.9568854,22.4499797],[113.9582504,22.4496136],[113.959553,22.4498751],[113.9603216,22.4503135],[113.9611015,22.450134],[113.961494,22.4503958],[113.9619189,22.4512023],[113.9633157,22.4521993],[113.9635558,22.4520308],[113.9632732,22.4514401],[113.9636582,22.4515139],[113.9641876,22.4506219],[113.9636807,22.4517774],[113.964051,22.4524053],[113.9643846,22.4524874],[113.9643481,22.4521251],[113.9647363,22.4520053],[113.9652513,22.4523594],[113.9650583,22.4526559],[113.9654253,22.4528676],[113.9669476,22.4532613],[113.9676374,22.4528547],[113.9674969,22.4533218],[113.9700174,22.4538139]],[[113.9554515,22.4766008],[113.9551779,22.4763575],[113.9550211,22.4763707],[113.9553134,22.4767393],[113.9554515,22.4766008]],[[113.9561645,22.4758333],[113.9558214,22.4756471],[113.9556341,22.4758501],[113.9559421,22.4761598],[113.9561645,22.4758333]],[[113.9580121,22.4741407],[113.9577367,22.4738937],[113.9575903,22.4738999],[113.9578741,22.4742793],[113.9580121,22.4741407]],[[113.9574635,22.4747489],[113.9575417,22.4745965],[113.9571403,22.474335],[113.9571251,22.4744872],[113.9574635,22.4747489]],[[113.9629917,22.453611],[113.963234,22.453613],[113.9629876,22.4535704],[113.9629917,22.453611]],[[113.9965738,22.4866189],[113.9967354,22.4865276],[113.9967275,22.4865095],[113.9965738,22.4866189]],[[113.9448841,22.4318674],[113.9449764,22.4318212],[113.9448581,22.4318205],[113.9448841,22.4318674]]]},"properties":{"GmlID":"BrightLightFishing.1","OBJNAM":"Deep Bay","OBJECTID":1}},{"type":"Feature","geometry":{"type":"Polygon","coordinates":[[[114.0185515,22.3574229],[114.0177366,22.3584639],[114.0181192,22.3587888],[114.0181057,22.3590765],[114.0170153,22.3604065],[114.0189077,22.3622805],[114.0185626,22.3629167],[114.0180086,22.3626873],[114.0165324,22.3611379],[114.0143426,22.3632388],[114.0126812,22.3632109],[114.0122207,22.3629156],[114.0123436,22.3627955],[114.0121657,22.3628628],[114.0120281,22.3623655],[114.0129533,22.3618978],[114.0117873,22.3623182],[114.0114857,22.3617785],[114.0110809,22.3618006],[114.0110661,22.3625095],[114.0104502,22.3624908],[114.0103013,22.3626808],[114.0108754,22.3642533],[114.0101135,22.3649214],[114.0091609,22.3653385],[114.007219,22.3649532],[114.0072647,22.3642496],[114.0069235,22.3644811],[114.0052349,22.3640825],[114.005,22.3635677],[114.004461,22.3632677],[114.0045364,22.3630674],[114.0044451,22.3632632],[114.0040419,22.3632261],[114.0038737,22.3631236],[114.0040119,22.3629234],[114.0035443,22.3628332],[114.0034112,22.3625639],[114.0023452,22.3628382],[114.0023158,22.3614253],[114.002937,22.3614761],[114.0024702,22.3613933],[114.0016207,22.3614491],[114.0022398,22.3614251],[114.0022336,22.3621646],[114.0014707,22.362091],[114.0014695,22.3617968],[113.9984164,22.3617599],[113.9987619,22.3618143],[113.9988836,22.3620879],[113.9981812,22.3621915],[113.9976088,22.3634316],[113.9978609,22.3638875],[113.9975508,22.3639637],[113.9973708,22.3646801],[113.9971271,22.3646582],[113.9971917,22.3650849],[113.9958816,22.3657161],[113.9962339,22.3660626],[113.9958572,22.3657875],[113.9953313,22.3650809],[113.9944738,22.3649354],[113.9942008,22.3652079],[113.9935017,22.3650647],[113.9929728,22.3652579],[113.9923497,22.3661139],[113.990733,22.3653372],[113.9905846,22.3647274],[113.9879158,22.3647666],[113.9879418,22.3652125],[113.9897232,22.3658292],[113.9896077,22.3663953],[113.9906944,22.3654487],[113.9922816,22.3662211],[113.9916837,22.3672635],[113.9918278,22.3679036],[113.9949294,22.3697507],[113.9947117,22.3700665],[113.9936773,22.3694416],[113.9934443,22.3697787],[113.9932394,22.3696265],[113.9930808,22.3698559],[113.9934366,22.3697898],[113.9919616,22.3719342],[113.9917035,22.3718493],[113.9919309,22.3719795],[113.9917133,22.3722991],[113.9899707,22.3712676],[113.9895418,22.3706965],[113.9897788,22.3691469],[113.9896014,22.367949],[113.9905415,22.3674208],[113.9894742,22.3676943],[113.9894016,22.3671179],[113.9888952,22.3670074],[113.988735,22.3677796],[113.9892259,22.3677375],[113.9895163,22.3693799],[113.9889616,22.3706211],[113.9877717,22.3722897],[113.9857728,22.3742435],[113.9839525,22.3752532],[113.9841622,22.3754642],[113.9830489,22.3759153],[113.9820819,22.3759877],[113.9813288,22.3766845],[113.9803712,22.3767939],[113.9803044,22.3771438],[113.9797919,22.377013],[113.9807951,22.3775729],[113.9808973,22.377878],[113.9806422,22.3780664],[113.9808223,22.3782443],[113.9801384,22.3791872],[113.9787658,22.3798193],[113.9778441,22.3796037],[113.9758891,22.3763872],[113.9770541,22.3745017],[113.9773839,22.374357],[113.9780146,22.3745989],[113.9783389,22.374417],[113.9777727,22.3740358],[113.9770995,22.374149],[113.9756314,22.3763246],[113.9777515,22.3797939],[113.9765454,22.3816238],[113.9692861,22.3786351],[113.9679371,22.381089],[113.9679096,22.3829884],[113.9687624,22.3846572],[113.9710114,22.3868808],[113.9719165,22.3891415],[113.9711515,22.3891356],[113.9701093,22.3870027],[113.9683263,22.3854369],[113.9675038,22.3843708],[113.9669545,22.3829132],[113.9669016,22.3814576],[113.9670488,22.3806111],[113.9681954,22.378369],[113.9722793,22.3712458],[113.9727009,22.3709351],[113.974074,22.3708461],[113.9714406,22.3708586],[113.9663466,22.3721258],[113.9656968,22.370951],[113.9659951,22.3722156],[113.9629222,22.3728147],[113.961223,22.3727432],[113.9606973,22.3722808],[113.9606004,22.3724928],[113.9601782,22.372445],[113.9599981,22.372675],[113.9602504,22.3727172],[113.959542,22.3734363],[113.9587102,22.3733782],[113.956049,22.3725911],[113.9541778,22.3714945],[113.9534595,22.3707391],[113.9514751,22.3699167],[113.9512826,22.3693069],[113.9513874,22.3683439],[113.9493649,22.3665119],[113.9481174,22.3657418],[113.9481762,22.3653721],[114.0185515,22.3574229]],[[113.9773218,22.3731179],[113.9762751,22.3727623],[113.9734454,22.3721934],[113.9734602,22.3722153],[113.9773218,22.3731179]],[[113.9834833,22.375652],[113.983529,22.375598],[113.9834864,22.3756035],[113.9834833,22.375652]],[[113.9839597,22.3751842],[113.9839051,22.3751954],[113.9839561,22.3752112],[113.9839597,22.3751842]],[[113.9840041,22.375143],[113.9839944,22.3750911],[113.9839453,22.3751147],[113.9840041,22.375143]],[[113.9821013,22.3755015],[113.9820688,22.3754082],[113.9820283,22.3754151],[113.9821013,22.3755015]],[[113.9886778,22.3638786],[113.9886003,22.3634004],[113.9882432,22.3631765],[113.9886778,22.3638786]],[[113.9916107,22.3642624],[113.9916102,22.3641856],[113.9915798,22.3642138],[113.9916107,22.3642624]],[[113.9915726,22.364184],[113.9915569,22.3641168],[113.9915393,22.3641675],[113.9915726,22.364184]],[[113.9915356,22.3642757],[113.9913844,22.3643511],[113.9915078,22.3643993],[113.9915356,22.3642757]],[[113.9972866,22.363577],[113.9970861,22.3637376],[113.9974295,22.3638098],[113.9972866,22.363577]],[[114.0030393,22.362211],[114.0032304,22.362219],[114.0032577,22.3621692],[114.0030795,22.3620037],[114.0030393,22.362211]]]},"properties":{"GmlID":"BrightLightFishing.2","OBJNAM":"Castle Peak","OBJECTID":2}},{"type":"Feature","geometry":{"type":"Polygon","coordinates":[[[113.9367846,22.2855846],[113.9360883,22.2857953],[113.9365737,22.2860079],[113.9370425,22.2856474],[113.9372029,22.2851362],[113.9372379,22.2855247],[113.9367924,22.2860856],[113.935744,22.285979],[113.9351155,22.2854523],[113.9351996,22.2857492],[113.9349902,22.2856305],[113.9348649,22.2859578],[113.9345758,22.2859372],[113.9344943,22.2856744],[113.9344915,22.285915],[113.9347352,22.286158],[113.9340987,22.2863175],[113.9346071,22.2862652],[113.9351235,22.2871035],[113.9350303,22.2873059],[113.9363211,22.2884657],[113.9365863,22.290582],[113.9399809,22.2937443],[113.9403775,22.293842],[113.940255,22.2945298],[113.9404551,22.2945533],[113.9405247,22.2938603],[113.9439275,22.2942673],[113.946378,22.296643],[113.949472,22.29855],[113.955223,22.3041164],[113.9569074,22.3040726],[113.9582386,22.3045525],[113.9583688,22.3053283],[113.9577472,22.3059766],[113.9566682,22.3050793],[113.9564261,22.3052117],[113.9582619,22.3069212],[113.9594675,22.3069735],[113.9610911,22.3058118],[113.9646407,22.3038474],[113.966195,22.3019979],[113.9670488,22.2997194],[113.9708988,22.3008705],[113.9742962,22.3028328],[113.9747565,22.3036888],[113.9757988,22.3046432],[113.9764925,22.30488],[113.9776601,22.3047089],[113.9797974,22.3073342],[113.9863507,22.3110923],[113.990906,22.3116663],[113.9921256,22.3122444],[113.9952186,22.3147648],[113.9972089,22.3173312],[113.996992,22.3181437],[113.9961242,22.3187174],[113.997219,22.3199311],[113.9978435,22.3197404],[113.9984519,22.3198751],[113.9988847,22.3205888],[113.9993933,22.3209001],[114.0003499,22.3206663],[114.0019237,22.3209695],[114.0027846,22.3214055],[114.0033844,22.3220667],[114.008011,22.3240088],[114.0084466,22.3249016],[114.0113312,22.3253867],[114.0116553,22.3259173],[114.0111407,22.3267029],[114.0114899,22.3266799],[114.0110417,22.3276287],[114.0112647,22.3280163],[114.0143799,22.3291088],[114.0161171,22.3290252],[114.0170129,22.3293803],[114.018101,22.330491],[114.0185274,22.3312251],[114.0186597,22.3321285],[114.0191637,22.3324597],[114.0200526,22.3337135],[113.9807485,22.3338569],[113.9667258,22.3288576],[113.9457145,22.3232559],[113.9456884,22.3229082],[113.9459823,22.322817],[113.9457208,22.3209],[113.9461084,22.3204168],[113.9461777,22.3196936],[113.9460814,22.3194143],[113.9457637,22.3194424],[113.946063,22.3196331],[113.9459775,22.3203841],[113.9448171,22.3203332],[113.9451418,22.3198028],[113.9445582,22.319406],[113.9447117,22.3192259],[113.944328,22.3190661],[113.9442381,22.3186536],[113.9452691,22.3184293],[113.9442186,22.3185637],[113.9441592,22.3182908],[113.9447672,22.3180007],[113.9441127,22.318077],[113.9440434,22.3177583],[113.9446526,22.3174681],[113.9439968,22.3175444],[113.9436529,22.3159675],[113.9423584,22.3142118],[113.942952,22.3139189],[113.9467959,22.3147042],[113.9473679,22.3156876],[113.9492726,22.3217649],[113.9501034,22.3226373],[113.9512225,22.3227624],[113.9597026,22.3204609],[113.9603457,22.3210185],[113.9605616,22.3232395],[113.9611653,22.3236351],[113.9619648,22.3234466],[113.9622856,22.3229834],[113.9623509,22.3220097],[113.9619913,22.318961],[113.9596938,22.3117768],[113.9594053,22.3111478],[113.9587318,22.3105719],[113.9580333,22.3102049],[113.9572985,22.3101792],[113.9539112,22.3111287],[113.9501931,22.3129706],[113.9479158,22.3134979],[113.9427671,22.3124111],[113.9415083,22.3117483],[113.9401642,22.3099914],[113.9397546,22.3086552],[113.9400247,22.3085255],[113.9402532,22.3069817],[113.9412442,22.3049071],[113.941233,22.302482],[113.9402907,22.3009857],[113.9390484,22.2998808],[113.938741,22.3000162],[113.9382554,22.2990948],[113.9379789,22.2980665],[113.9383053,22.2979193],[113.9379025,22.2959379],[113.9383867,22.2947861],[113.9359621,22.2927367],[113.9339904,22.2905912],[113.9325664,22.2901786],[113.9316029,22.2908289],[113.9159155,22.2953486],[113.907257,22.2951684],[113.9025128,22.2946098],[113.8984249,22.2936398],[113.8968175,22.2918723],[113.8971353,22.2912692],[113.8981339,22.2908565],[113.8991869,22.2915908],[113.8997775,22.2915349],[113.8997889,22.291044],[113.8999731,22.2911764],[113.9001975,22.2912292],[113.8998202,22.2910208],[113.8998567,22.2900789],[113.901764,22.28919],[113.9019927,22.2892756],[113.9017939,22.2895218],[113.9027156,22.2898939],[113.9025895,22.2903657],[113.9028275,22.2908209],[113.9040835,22.2917521],[113.9041354,22.2929359],[113.9039144,22.2937773],[113.9040976,22.2938088],[113.9042112,22.2929354],[113.9049397,22.2933296],[113.905151,22.2927185],[113.9057819,22.2923758],[113.9061217,22.2926957],[113.9070446,22.2926588],[113.9078295,22.2920587],[113.908473,22.2920836],[113.9087015,22.2917377],[113.9084257,22.291203],[113.9086511,22.2905519],[113.9095718,22.2898781],[113.9107384,22.2901403],[113.9115042,22.2910879],[113.9123464,22.2916146],[113.912531,22.2921243],[113.9133446,22.2919807],[113.914309,22.2926708],[113.9161174,22.2927188],[113.9180656,22.2921827],[113.9187637,22.2918186],[113.9194371,22.2909146],[113.9218683,22.2913736],[113.9230063,22.2905897],[113.9237573,22.2904922],[113.9240184,22.290027],[113.9242301,22.290043],[113.9240616,22.2895946],[113.9245837,22.288916],[113.9252759,22.2891792],[113.9245689,22.2888183],[113.9247595,22.2887118],[113.9246134,22.2879819],[113.9248628,22.2876154],[113.9245261,22.286959],[113.9245907,22.2857745],[113.9253848,22.2853128],[113.9272285,22.2833415],[113.9276653,22.2819192],[113.9276282,22.2805596],[113.9278288,22.2800123],[113.928112,22.2800591],[113.9283829,22.2797802],[113.92863,22.2799922],[113.9285544,22.2802172],[113.9289196,22.2800942],[113.9292412,22.2803695],[113.9299837,22.2771558],[113.9303764,22.2773184],[113.9300233,22.2774415],[113.9298943,22.2803339],[113.9303952,22.280732],[113.9326063,22.2814523],[113.9330042,22.2808382],[113.9328179,22.2799799],[113.9329542,22.2797962],[113.9333621,22.280145],[113.9336851,22.279383],[113.9339946,22.2793417],[113.9330015,22.2828208],[113.9333419,22.2829995],[113.9337825,22.2837916],[113.9341623,22.2837306],[113.9344214,22.2843763],[113.9349213,22.2845009],[113.9349726,22.2847846],[113.9352341,22.2847096],[113.935387,22.2848763],[113.9352142,22.2850752],[113.9354912,22.2849696],[113.9358436,22.2855705],[113.9365045,22.2854515],[113.9364242,22.2850414],[113.9367846,22.2855846]],[[113.9792535,22.3267472],[113.9789437,22.3265099],[113.9784083,22.3272456],[113.9788835,22.3273982],[113.9792535,22.3267472]],[[113.9609419,22.3092576],[113.9607904,22.3092788],[113.960816,22.3093027],[113.9609419,22.3092576]],[[113.9607994,22.3092396],[113.9609245,22.3091252],[113.9605997,22.3088177],[113.9604746,22.3089321],[113.9607994,22.3092396]],[[113.9604315,22.3089407],[113.9604637,22.3087942],[113.9604073,22.3089148],[113.9604315,22.3089407]],[[113.9587338,22.3098596],[113.958905,22.3096974],[113.9587597,22.3097133],[113.9587338,22.3098596]],[[113.959115,22.3099142],[113.9589088,22.3097244],[113.9587619,22.3098625],[113.958968,22.3100525],[113.959115,22.3099142]],[[113.9592554,22.3103326],[113.959544,22.3105987],[113.9596911,22.3104603],[113.9594024,22.3101946],[113.9592554,22.3103326]],[[113.9597166,22.3104661],[113.9596808,22.3106179],[113.9597352,22.3104847],[113.9597166,22.3104661]],[[113.9325795,22.2816997],[113.9327877,22.2815765],[113.9325649,22.2815684],[113.9325795,22.2816997]],[[113.9181614,22.2922992],[113.9180579,22.2923111],[113.9181611,22.2923469],[113.9181614,22.2922992]],[[113.9186088,22.2920376],[113.9185269,22.2919656],[113.9184644,22.2920062],[113.9186088,22.2920376]],[[113.9113843,22.2912641],[113.9113704,22.2911806],[113.9113168,22.2912103],[113.9113843,22.2912641]],[[113.9046283,22.2932957],[113.9046433,22.2932205],[113.9045941,22.2932193],[113.9046283,22.2932957]]]},"properties":{"GmlID":"BrightLightFishing.3","OBJNAM":"North Lantau","OBJECTID":3}},{"type":"Feature","geometry":{"type":"Polygon","coordinates":[[[114.0797309,22.286976],[114.0591189,22.3301396],[114.0568244,22.3301525],[114.0573011,22.3294432],[114.0564506,22.3291857],[114.0567008,22.3288752],[114.0563039,22.328877],[114.0566747,22.3285965],[114.0557202,22.3284035],[114.0557721,22.3278161],[114.0553688,22.327118],[114.0549794,22.3269162],[114.0546471,22.3256807],[114.0548956,22.3254258],[114.0546325,22.3253341],[114.0549944,22.3250065],[114.0541981,22.324678],[114.0540925,22.324392],[114.0539372,22.3236283],[114.0544404,22.3226392],[114.0550344,22.3224918],[114.0554402,22.321917],[114.0559037,22.3217785],[114.056379,22.320759],[114.0561121,22.3207204],[114.056284,22.3205388],[114.0559773,22.3202389],[114.0555399,22.3202899],[114.0550082,22.3213097],[114.0542363,22.3216321],[114.0533964,22.3206184],[114.0534524,22.3203757],[114.0531249,22.3202225],[114.0534169,22.3201218],[114.0530399,22.3198931],[114.0529805,22.3195453],[114.0533962,22.3192137],[114.0534822,22.318593],[114.054414,22.3169578],[114.0551655,22.3148753],[114.0554576,22.312811],[114.055363,22.3108774],[114.0478658,22.3071736],[114.0457867,22.3072937],[114.0458008,22.3070906],[114.0462185,22.3070906],[114.0462141,22.3057928],[114.0459701,22.3068689],[114.0454363,22.3068685],[114.0454354,22.3063329],[114.0452428,22.3063329],[114.0452351,22.30709],[114.045605,22.3070904],[114.0456188,22.3072912],[114.0414762,22.3059791],[114.0391118,22.305916],[114.0369938,22.3064633],[114.034231,22.3080683],[114.0330714,22.309202],[114.0332577,22.3092307],[114.0332139,22.3096828],[114.0326942,22.3100892],[114.0322052,22.3114645],[114.0296437,22.3129764],[114.0287114,22.3127145],[114.0266642,22.3106384],[114.0253159,22.3099677],[114.0230266,22.3100651],[114.0217068,22.3104739],[114.020113,22.3102092],[114.0188083,22.310603],[114.0179508,22.3104786],[114.0172377,22.3098423],[114.0174362,22.306964],[114.0168791,22.3067462],[114.0169206,22.3060294],[114.0164089,22.3058341],[114.015943,22.30634],[114.0155897,22.3061545],[114.0157213,22.3040539],[114.0161512,22.3036621],[114.0171085,22.3034717],[114.0180333,22.3029268],[114.0199572,22.3028008],[114.0190876,22.3022899],[114.0191582,22.3018641],[114.0198718,22.3014832],[114.020237,22.3018041],[114.0207224,22.3012473],[114.0200894,22.3013423],[114.0173652,22.3002949],[114.0156887,22.3003321],[114.0153981,22.298822],[114.0158836,22.2970153],[114.0161315,22.2966345],[114.0181297,22.2969658],[114.0175496,22.2966772],[114.0177979,22.2958703],[114.019198,22.296185],[114.0199955,22.295697],[114.0220122,22.2972934],[114.0227642,22.2973597],[114.0237385,22.2988342],[114.0245825,22.2991291],[114.0247264,22.2979137],[114.0253602,22.2978791],[114.0258714,22.2972923],[114.0255051,22.296122],[114.0255199,22.2951724],[114.0262449,22.2946261],[114.0264299,22.2941769],[114.02626,22.2939064],[114.0278182,22.2917236],[114.0272651,22.2909325],[114.024848,22.2913062],[114.024896,22.2914579],[114.0272125,22.2911069],[114.0275922,22.2917402],[114.0260789,22.2938795],[114.0253988,22.2939573],[114.0248005,22.2946341],[114.0242622,22.2948512],[114.0237931,22.2946549],[114.0236696,22.2941949],[114.0247347,22.2925308],[114.0245296,22.2919078],[114.0240414,22.2915339],[114.0229682,22.2921493],[114.0228426,22.2920096],[114.0229193,22.2921871],[114.0227496,22.292082],[114.0228203,22.2922634],[114.0201647,22.2941704],[114.0194144,22.2933176],[114.0193932,22.2930927],[114.0199557,22.2931064],[114.0191478,22.2929311],[114.0190875,22.292593],[114.0194098,22.2913532],[114.019935,22.2914231],[114.0201495,22.2910712],[114.0211705,22.2907963],[114.0211938,22.2906168],[114.019846,22.2906679],[114.0191866,22.2897049],[114.018907,22.2878695],[114.0192208,22.2866022],[114.0197629,22.2856139],[114.0201201,22.2855609],[114.0210533,22.2846248],[114.021717,22.2849045],[114.0229629,22.2846345],[114.0231137,22.2837244],[114.0225541,22.2830804],[114.0223811,22.2822234],[114.0226095,22.2817588],[114.0230647,22.2820907],[114.023152,22.2819711],[114.0224836,22.2815975],[114.0220492,22.2808963],[114.0230477,22.2794905],[114.0240061,22.2787506],[114.0236788,22.2782287],[114.0223757,22.2781166],[114.0220237,22.277473],[114.0220264,22.2767663],[114.0216164,22.2762833],[114.0217228,22.2754317],[114.0226671,22.2748027],[114.0224211,22.2745638],[114.0225099,22.2739441],[114.0222468,22.2737723],[114.0222356,22.2708148],[114.0218537,22.2701049],[114.0225033,22.2691071],[114.0229742,22.2688224],[114.022505,22.2685004],[114.0226927,22.2683284],[114.0221272,22.2684504],[114.0215682,22.2680033],[114.0215455,22.2670704],[114.0217966,22.2665394],[114.0224695,22.2667377],[114.0218099,22.2665293],[114.0221062,22.2662101],[114.0231708,22.266425],[114.0235135,22.2663097],[114.0235497,22.2659101],[114.0233844,22.2657763],[114.0229001,22.2660698],[114.0225121,22.2660773],[114.0222612,22.2658806],[114.0218881,22.2660733],[114.0210193,22.2658282],[114.0206112,22.2663345],[114.0196774,22.2664465],[114.0184276,22.2659424],[114.0180291,22.265504],[114.0162008,22.265496],[114.0153315,22.2652252],[114.0139889,22.2652922],[114.0135981,22.2655785],[114.0135332,22.2660293],[114.0102704,22.2669375],[114.0106071,22.2677924],[114.0101736,22.268734],[114.008152,22.2690462],[114.0071783,22.2694482],[114.0070251,22.2692803],[114.0070114,22.2695388],[114.006443,22.2696527],[114.0057978,22.2701409],[114.0053697,22.2710723],[114.0036929,22.2716292],[114.0039436,22.2719562],[114.0036938,22.2723782],[114.0022552,22.2725459],[114.0011769,22.2721],[114.0012476,22.2718568],[114.0006872,22.2718946],[113.9999681,22.2713085],[113.9992986,22.2703944],[113.998776,22.2689541],[113.9982157,22.2689377],[113.9982039,22.2687079],[113.9986992,22.2687158],[113.9983288,22.2668433],[113.9965563,22.26634],[113.995756,22.2657945],[113.995069,22.2658276],[113.994966,22.2656282],[113.9959848,22.2656401],[113.9987437,22.2667117],[114.0001614,22.2663436],[114.0014721,22.2656175],[114.0019557,22.2658065],[114.0017903,22.2657189],[114.0019207,22.2651608],[114.0026495,22.2652564],[114.0027098,22.2650606],[114.0019915,22.26483],[114.0024287,22.2628726],[114.0013357,22.2627404],[114.0013252,22.2623618],[114.0035169,22.2623335],[114.0062129,22.2611185],[114.0064916,22.2608508],[114.0062339,22.2603329],[114.0068771,22.259955],[114.0074648,22.2588945],[114.007612,22.2575553],[114.0083304,22.2571593],[114.00831,22.2559914],[114.0088426,22.2557849],[114.0090049,22.2559539],[114.0088711,22.2557714],[114.0092308,22.2556893],[114.0092443,22.2554912],[114.0111074,22.254664],[114.0114845,22.2542462],[114.0113,22.2533402],[114.0121337,22.2529121],[114.0122297,22.2526536],[114.0116988,22.2519832],[114.0106965,22.2520424],[114.0106348,22.2523873],[114.0101127,22.2524352],[114.0096088,22.2519748],[114.0096606,22.2517502],[114.0086472,22.2509262],[114.0061425,22.2499764],[114.0060365,22.2493469],[114.0055465,22.249014],[114.0043654,22.2489467],[114.0039752,22.2492132],[114.0031183,22.2484283],[114.0021776,22.2486869],[114.0016785,22.2492011],[114.0014773,22.2491173],[114.001586,22.2490063],[114.0008494,22.248537],[114.0006298,22.2481135],[114.0004935,22.2470375],[113.9995418,22.2464795],[113.9994393,22.2459594],[113.9996656,22.2453857],[113.9987295,22.2453587],[113.9982851,22.2448275],[113.996234,22.2439691],[113.9952933,22.2432342],[113.9943059,22.2431062],[113.9937481,22.2426309],[113.9934931,22.2419034],[113.9936658,22.2411384],[113.9947716,22.2398348],[113.9939499,22.2394867],[113.9944199,22.23942],[113.9955649,22.2404447],[113.9961205,22.2397839],[113.9971827,22.2395712],[113.9984136,22.2406596],[113.9989827,22.2408182],[113.9994435,22.2393919],[114.0003974,22.2397378],[114.0004266,22.2396616],[113.9993061,22.2392366],[113.9994638,22.2386469],[114.000112,22.2381334],[114.000708,22.238523],[114.0011999,22.2384795],[114.0017607,22.2374608],[114.002139,22.2375245],[114.0024503,22.2372691],[114.0023207,22.2368248],[114.0021383,22.2367676],[114.0019639,22.2366244],[114.0023709,22.2368012],[114.0024314,22.2369191],[114.0035877,22.2362668],[114.0037457,22.2354311],[114.0032791,22.2343485],[114.0047462,22.2334595],[114.0054355,22.2331671],[114.0058902,22.2334319],[114.0069444,22.2334252],[114.0073764,22.2331744],[114.0082684,22.2334723],[114.008566,22.2345541],[114.010674,22.2355034],[114.0109914,22.2342315],[114.0106896,22.2340985],[114.0107522,22.2335708],[114.0115775,22.2323397],[114.0125195,22.2320144],[114.0129579,22.2323112],[114.0139278,22.2324318],[114.015016,22.2319255],[114.0152773,22.2313687],[114.0160231,22.2308231],[114.0165,22.2309489],[114.0166868,22.231435],[114.0179506,22.2316237],[114.0190547,22.2310282],[114.019636,22.2311202],[114.0203907,22.230249],[114.0447405,22.2412087],[114.0434035,22.2411317],[114.0428258,22.2414879],[114.0424225,22.2422384],[114.0410118,22.2426609],[114.0405193,22.2430493],[114.0400901,22.2442512],[114.0387528,22.2435873],[114.0384246,22.2437023],[114.0384824,22.2441149],[114.0401411,22.2447219],[114.0401585,22.2450037],[114.0398454,22.2452585],[114.0395479,22.246207],[114.0384622,22.2472711],[114.0381899,22.2478833],[114.0382599,22.2482344],[114.0389325,22.2486278],[114.0386316,22.2494549],[114.0366833,22.2502982],[114.0357436,22.2501212],[114.0354595,22.2498461],[114.0356134,22.2493073],[114.035035,22.2493429],[114.0350744,22.2504283],[114.0338746,22.2521165],[114.0338709,22.2529742],[114.0326939,22.2534627],[114.0325881,22.2537358],[114.0329294,22.2538174],[114.0325097,22.2544502],[114.030587,22.2539163],[114.0297147,22.2542072],[114.0285751,22.2539064],[114.0276945,22.2540913],[114.0277943,22.2543171],[114.0271746,22.2549228],[114.0270932,22.2556305],[114.0265557,22.2557999],[114.0266794,22.2561756],[114.0264682,22.2565792],[114.026787,22.2568643],[114.0270911,22.2565357],[114.0279968,22.2567043],[114.0283636,22.2573266],[114.0281913,22.2573502],[114.0282409,22.2578961],[114.0277269,22.2579599],[114.028246,22.2579222],[114.0283638,22.2581326],[114.0279726,22.2582942],[114.0279932,22.2585726],[114.0294,22.2587437],[114.0312898,22.257913],[114.0317311,22.2579172],[114.0330552,22.2587854],[114.0376597,22.2583555],[114.0382355,22.2579587],[114.0392605,22.2577757],[114.0418902,22.2584483],[114.043246,22.2578038],[114.0438857,22.2571722],[114.0448111,22.2570658],[114.0453107,22.2562022],[114.0453676,22.253808],[114.0450375,22.2536279],[114.0450381,22.2531419],[114.0445888,22.2526896],[114.0439548,22.2505186],[114.0450994,22.2492921],[114.0455589,22.2491115],[114.0457433,22.2482211],[114.0472601,22.2461433],[114.046699,22.2451093],[114.0461364,22.2448428],[114.0462164,22.2435459],[114.0452067,22.2423848],[114.0450108,22.241499],[114.0795216,22.2823952],[114.0789609,22.2821469],[114.0785909,22.2823171],[114.0783914,22.2821059],[114.0774209,22.2824344],[114.0771875,22.2822802],[114.0773551,22.2820184],[114.0772521,22.2819596],[114.0770492,22.2823974],[114.0768062,22.2821201],[114.076641,22.2824576],[114.0762425,22.2825307],[114.0758835,22.2825005],[114.0756205,22.2821798],[114.0745496,22.2821311],[114.07483,22.2825399],[114.0743641,22.2826717],[114.07441,22.2831481],[114.074083,22.2840171],[114.0739016,22.2839893],[114.0742227,22.2845314],[114.0754942,22.2857384],[114.0760731,22.2860034],[114.0781973,22.286449],[114.078735,22.286863],[114.0797157,22.2867908],[114.0795476,22.2869177],[114.0797309,22.286976]],[[114.0112303,22.2518822],[114.0111412,22.2518623],[114.011149,22.2518996],[114.0112303,22.2518822]],[[114.0102155,22.2551728],[114.010084,22.2551551],[114.0100809,22.2551631],[114.0102155,22.2551728]],[[114.009482,22.2555417],[114.0094025,22.2555472],[114.009479,22.2555869],[114.009482,22.2555417]],[[114.0151285,22.265172],[114.0150684,22.2651657],[114.0150684,22.2651792],[114.0151285,22.265172]],[[114.0166192,22.2654331],[114.0166648,22.2653971],[114.016626,22.2653931],[114.0166192,22.2654331]],[[114.0208323,22.2654876],[114.0208457,22.265518],[114.0208573,22.2655044],[114.0208323,22.2654876]],[[114.0207845,22.2654943],[114.0207862,22.265549],[114.0208269,22.265536],[114.0207845,22.2654943]],[[114.0207886,22.2655795],[114.0208322,22.2656349],[114.0208571,22.2655942],[114.0207886,22.2655795]],[[114.0207224,22.2656743],[114.020697,22.265664],[114.0207127,22.2656946],[114.0207224,22.2656743]],[[114.0224904,22.2658567],[114.0224728,22.2658679],[114.0224953,22.2658685],[114.0224904,22.2658567]],[[114.0206688,22.2658797],[114.0206457,22.2658655],[114.0206464,22.2658864],[114.0206688,22.2658797]],[[114.0206561,22.2659209],[114.0206311,22.2659406],[114.0206372,22.2659485],[114.0206561,22.2659209]],[[114.0125559,22.2659126],[114.0125552,22.2659747],[114.0125892,22.2659302],[114.0125559,22.2659126]],[[114.0229609,22.2659395],[114.02293,22.2659288],[114.0229337,22.2659429],[114.0229609,22.2659395]],[[114.0227219,22.2659392],[114.0226954,22.2659499],[114.0227256,22.2659511],[114.0227219,22.2659392]],[[114.022745,22.2659873],[114.0227147,22.2659602],[114.022711,22.2659748],[114.022745,22.2659873]],[[114.013255,22.2660161],[114.0131677,22.2659822],[114.0131495,22.2659957],[114.013255,22.2660161]],[[114.0129354,22.2660192],[114.0128923,22.266005],[114.0129347,22.2660587],[114.0129354,22.2660192]],[[114.0125344,22.2660509],[114.0125109,22.2660357],[114.0125078,22.2660526],[114.0125344,22.2660509]],[[114.0126253,22.2661791],[114.0125974,22.2661418],[114.0125877,22.266152],[114.0126253,22.2661791]],[[114.0118563,22.2662388],[114.0118162,22.2662127],[114.0118151,22.2662337],[114.0118563,22.2662388]],[[114.0121018,22.2662807],[114.0120509,22.2662903],[114.0121006,22.2663005],[114.0121018,22.2662807]],[[114.0119727,22.2663049],[114.0119369,22.2663151],[114.0119471,22.2663325],[114.0119727,22.2663049]],[[114.0118665,22.266311],[114.0118325,22.2663375],[114.0118538,22.2663472],[114.0118665,22.266311]],[[114.0118998,22.2663804],[114.011895,22.2663342],[114.0118689,22.2663697],[114.0118998,22.2663804]],[[114.0113753,22.2663856],[114.0114177,22.2663771],[114.0114195,22.266363],[114.0113753,22.2663856]],[[114.0114159,22.2664353],[114.0113873,22.2664347],[114.0114013,22.2664533],[114.0114159,22.2664353]],[[114.0115686,22.2664304],[114.0115686,22.2664868],[114.0115923,22.2664581],[114.0115686,22.2664304]],[[114.0105254,22.2665845],[114.0104957,22.2666014],[114.0105358,22.2665986],[114.0105254,22.2665845]],[[114.0105843,22.2666077],[114.010569,22.2666353],[114.0105981,22.2666218],[114.0105843,22.2666077]],[[114.0106782,22.2666981],[114.0106254,22.2666816],[114.0106303,22.2667048],[114.0106782,22.2666981]],[[114.010683,22.26675],[114.0106491,22.2667409],[114.0106593,22.2667636],[114.010683,22.26675]],[[114.0102483,22.2670605],[114.0102156,22.2670707],[114.0102399,22.2670831],[114.0102483,22.2670605]],[[114.0102259,22.2671316],[114.0102385,22.2671605],[114.010284,22.2671565],[114.0102259,22.2671316]],[[114.0223259,22.2682033],[114.0223016,22.268209],[114.0223144,22.2682253],[114.0223259,22.2682033]],[[114.0230548,22.2687149],[114.0229856,22.2687289],[114.0230524,22.268742],[114.0230548,22.2687149]],[[113.9989317,22.2409204],[113.9988899,22.240887],[113.9988857,22.2409028],[113.9989317,22.2409204]],[[114.0206789,22.2304096],[114.0206449,22.2304653],[114.020677,22.2304828],[114.0206789,22.2304096]],[[114.0207522,22.2304779],[114.0207169,22.2304932],[114.0207522,22.2304942],[114.0207522,22.2304779]],[[114.0205369,22.2304811],[114.0206902,22.2305782],[114.0207091,22.2304909],[114.0205369,22.2304811]],[[114.016489,22.2310821],[114.0165162,22.2311114],[114.016512,22.231094],[114.016489,22.2310821]],[[114.0154594,22.2312955],[114.0154029,22.2313547],[114.0155187,22.2313147],[114.0154594,22.2312955]],[[114.0187657,22.2314111],[114.0187135,22.2314156],[114.0187359,22.2314366],[114.0187657,22.2314111]],[[114.0187948,22.2314168],[114.0187692,22.2314327],[114.018802,22.2314321],[114.0187948,22.2314168]],[[114.0188166,22.231449],[114.0187862,22.2314665],[114.0188219,22.2314744],[114.0188166,22.231449]],[[114.0188638,22.2315332],[114.018831,22.2315456],[114.0188631,22.2315451],[114.0188638,22.2315332]],[[114.0188825,22.2315141],[114.0188552,22.2315225],[114.0188814,22.2315316],[114.0188825,22.2315141]],[[114.0165988,22.2315411],[114.0166121,22.231506],[114.0165855,22.2315224],[114.0165988,22.2315411]],[[114.0189358,22.2315699],[114.0188915,22.2315953],[114.0189419,22.2315756],[114.0189358,22.2315699]],[[114.0144227,22.2322872],[114.0144469,22.2323115],[114.0144549,22.232276],[114.0144227,22.2322872]],[[114.0074081,22.2335002],[114.0073499,22.233507],[114.0074203,22.2335437],[114.0074081,22.2335002]],[[114.0108693,22.2354697],[114.0108062,22.2354899],[114.0108704,22.2354985],[114.0108693,22.2354697]],[[114.036797,22.2439577],[114.0366129,22.2442786],[114.0369398,22.2441954],[114.036797,22.2439577]],[[114.0233671,22.26878],[114.0233976,22.2690945],[114.0240866,22.2695506],[114.024035,22.2690668],[114.0233671,22.26878]],[[114.0242485,22.269561],[114.0243215,22.2694509],[114.0241352,22.2694728],[114.0242485,22.269561]],[[114.031533,22.2409657],[114.0307106,22.2409252],[114.0300312,22.2412463],[114.0261402,22.2461824],[114.026046,22.2467873],[114.0268503,22.2521258],[114.0270354,22.2519747],[114.0264026,22.2462565],[114.0301849,22.2414801],[114.0308462,22.2411759],[114.03175,22.2412631],[114.031533,22.2409657]],[[114.0391822,22.2422945],[114.0390194,22.2419825],[114.0320342,22.2391305],[114.0303859,22.2389074],[114.0299715,22.2391395],[114.0302529,22.2395094],[114.0309955,22.2393388],[114.0320101,22.2395323],[114.0387289,22.2425224],[114.0391822,22.2422945]],[[114.0321998,22.2883843],[114.0323047,22.2884052],[114.0322732,22.2883442],[114.0321998,22.2883843]],[[114.0302227,22.2883954],[114.0301427,22.2883389],[114.0301377,22.2883914],[114.0302227,22.2883954]],[[114.0303287,22.2884384],[114.030247,22.2883756],[114.0302444,22.288431],[114.0303287,22.2884384]],[[114.0344606,22.3030565],[114.0344565,22.3028708],[114.0343987,22.3030554],[114.0344606,22.3030565]],[[114.035516,22.3030936],[114.0357628,22.303183],[114.0358896,22.3031787],[114.0356991,22.3030581],[114.035516,22.3030936]],[[114.0249283,22.3093861],[114.0248428,22.3093842],[114.0248827,22.3094357],[114.0249283,22.3093861]],[[114.0181048,22.29706],[114.0180782,22.2970156],[114.0180673,22.2970503],[114.0181048,22.29706]],[[114.0210206,22.2908729],[114.0210044,22.2909389],[114.0210407,22.2909093],[114.0210206,22.2908729]],[[114.0396167,22.2802738],[114.0395608,22.2803575],[114.0396479,22.280324],[114.0396167,22.2802738]],[[114.0339049,22.2891992],[114.0335214,22.2889815],[114.0336856,22.2885025],[114.0335376,22.2884583],[114.0334807,22.2889634],[114.0325719,22.2887029],[114.0317381,22.2890905],[114.0320886,22.289614],[114.0330472,22.290006],[114.0328516,22.2903021],[114.0329951,22.2904174],[114.0336188,22.2899386],[114.0338591,22.2902746],[114.0342714,22.2902765],[114.0337462,22.2896763],[114.0339049,22.2891992]],[[114.04,22.2913024],[114.041082,22.2917775],[114.0419112,22.2917127],[114.0422487,22.2921498],[114.0428712,22.2918484],[114.0434628,22.2921746],[114.0439301,22.2918194],[114.0445657,22.2918888],[114.0447734,22.2916598],[114.0444281,22.2912424],[114.0458875,22.2910449],[114.0456827,22.2907886],[114.044966,22.2906808],[114.0449447,22.2900605],[114.0444545,22.2896016],[114.0420045,22.2888344],[114.0417307,22.288404],[114.0418826,22.2881862],[114.0416108,22.2882656],[114.0412092,22.2876918],[114.0404734,22.2878741],[114.0401546,22.2870441],[114.0396881,22.2866051],[114.0404239,22.2852049],[114.0416227,22.2847182],[114.0420691,22.2848061],[114.0421499,22.2858002],[114.043231,22.2867679],[114.0449058,22.287021],[114.0461573,22.2866377],[114.045878,22.2863485],[114.0462274,22.2856675],[114.0460898,22.2856528],[114.0458766,22.2853178],[114.0459443,22.2848613],[114.0471314,22.2846461],[114.0474924,22.2839375],[114.0471826,22.2837708],[114.0471285,22.2832774],[114.046275,22.2821569],[114.0462744,22.2816298],[114.045924,22.2814257],[114.0461344,22.2814389],[114.0460023,22.2812701],[114.0456449,22.280952],[114.044933,22.2809564],[114.0445636,22.2806435],[114.0446231,22.2803353],[114.0440981,22.2801119],[114.0425769,22.2803254],[114.0420181,22.2799463],[114.0409695,22.279829],[114.0409598,22.2801554],[114.0393828,22.2809328],[114.0380914,22.2810007],[114.0374002,22.2821363],[114.0374511,22.2826535],[114.038313,22.2839573],[114.0381931,22.2842811],[114.0377559,22.2840932],[114.0381436,22.2843394],[114.0376381,22.2848396],[114.0369388,22.2843907],[114.0352173,22.2893066],[114.0362682,22.2901002],[114.0363419,22.2903781],[114.0367798,22.2901639],[114.0370107,22.290543],[114.0382886,22.2910791],[114.0386776,22.2908616],[114.0396572,22.2908726],[114.04,22.2913024]],[[114.0583195,22.3292052],[114.0581928,22.3291447],[114.0581855,22.3291774],[114.0583195,22.3292052]],[[114.0591121,22.3296223],[114.0584035,22.329571],[114.0582646,22.3297075],[114.0591121,22.3296223]],[[114.0771294,22.2863546],[114.0770923,22.2863235],[114.0770791,22.2863354],[114.0771294,22.2863546]],[[114.0784767,22.2867228],[114.0784318,22.2867414],[114.0784942,22.2867454],[114.0784767,22.2867228]],[[114.0450878,22.2807184],[114.0451134,22.2806055],[114.0450012,22.2806145],[114.0450878,22.2807184]],[[114.047344,22.2830569],[114.0472434,22.2830919],[114.0473348,22.28311],[114.047344,22.2830569]],[[114.0490155,22.2836101],[114.0487653,22.2833251],[114.0484274,22.2834902],[114.0487552,22.2837602],[114.0490155,22.2836101]],[[114.0480417,22.2834638],[114.047921,22.2833532],[114.047915,22.2833779],[114.0480417,22.2834638]],[[114.0464414,22.2851717],[114.0464536,22.2850966],[114.0463917,22.2851287],[114.0464414,22.2851717]],[[114.0464419,22.2852297],[114.0465202,22.2852817],[114.0465311,22.2852395],[114.0464419,22.2852297]],[[114.0461354,22.2855473],[114.0460857,22.2854552],[114.0461014,22.2855421],[114.0461354,22.2855473]],[[114.0460814,22.2855873],[114.0461153,22.2855512],[114.0460856,22.2855557],[114.0460814,22.2855873]],[[114.0461848,22.2858939],[114.0461599,22.2858493],[114.0461332,22.2858713],[114.0461848,22.2858939]],[[114.046494,22.2859664],[114.0465395,22.2858987],[114.0464711,22.2858658],[114.046494,22.2859664]],[[114.0461893,22.2859562],[114.046292,22.2860418],[114.0463024,22.2859391],[114.0461893,22.2859562]],[[114.0460524,22.286067],[114.046093,22.2860863],[114.0460761,22.2860479],[114.0460524,22.286067]],[[114.0461294,22.2861004],[114.0461997,22.2860919],[114.0461652,22.286071],[114.0461294,22.2861004]],[[114.0459896,22.2863345],[114.0460794,22.2863859],[114.0460079,22.286313],[114.0459896,22.2863345]],[[114.0449978,22.2900379],[114.0450715,22.2900199],[114.0449419,22.289923],[114.0449978,22.2900379]],[[114.0444517,22.2925395],[114.0445016,22.292381],[114.0444146,22.2925028],[114.0444517,22.2925395]],[[114.0416133,22.2918903],[114.0416764,22.2918564],[114.0415921,22.2918614],[114.0416133,22.2918903]],[[114.0603427,22.2890877],[114.0605865,22.2883813],[114.0602607,22.288534],[114.0594346,22.287847],[114.0584698,22.2876623],[114.0582797,22.2879698],[114.0575736,22.2878846],[114.058132,22.2883315],[114.0580054,22.2886739],[114.057024,22.2888137],[114.0571737,22.2890656],[114.0569567,22.2890761],[114.0571839,22.2893258],[114.0581544,22.2891725],[114.0585445,22.289674],[114.0603427,22.2890877]],[[114.0448721,22.2898385],[114.0448438,22.2897065],[114.044786,22.2898526],[114.0448721,22.2898385]],[[114.0421163,22.2799793],[114.0421333,22.2799121],[114.042085,22.2799037],[114.0421163,22.2799793]],[[114.0588272,22.2875125],[114.0589494,22.287304],[114.058818,22.2873174],[114.0588272,22.2875125]],[[114.0473438,22.2622142],[114.0473906,22.2621595],[114.0473244,22.2621736],[114.0473438,22.2622142]],[[114.050757,22.2570983],[114.0507528,22.2570571],[114.0507263,22.2570821],[114.050757,22.2570983]],[[114.048671,22.2572574],[114.0485976,22.2572603],[114.0486345,22.2573083],[114.048671,22.2572574]],[[114.0510418,22.2572933],[114.050995,22.2572807],[114.0510138,22.2573214],[114.0510418,22.2572933]],[[114.0513041,22.2575989],[114.0512696,22.2575288],[114.0512386,22.2575468],[114.0513041,22.2575989]],[[114.0518143,22.2580152],[114.051747,22.2580185],[114.0517833,22.2580435],[114.0518143,22.2580152]],[[114.0526301,22.258315],[114.0526458,22.2582699],[114.0525986,22.2582953],[114.0526301,22.258315]],[[114.0525015,22.2583404],[114.0525293,22.2583798],[114.0525409,22.2583471],[114.0525015,22.2583404]],[[114.05261,22.2584307],[114.0525458,22.2583933],[114.0525354,22.2584414],[114.05261,22.2584307]],[[114.0524381,22.2586631],[114.0524018,22.2586015],[114.0524115,22.2586817],[114.0524381,22.2586631]],[[114.0534901,22.258734],[114.0533967,22.2588151],[114.0535393,22.2587739],[114.0534901,22.258734]],[[114.0542107,22.2591075],[114.0541016,22.2591007],[114.0542029,22.2591352],[114.0542107,22.2591075]],[[114.0542682,22.2594254],[114.054219,22.2593914],[114.0542093,22.25941],[114.0542682,22.2594254]],[[114.0543807,22.2595846],[114.0543238,22.259566],[114.0543413,22.2596026],[114.0543807,22.2595846]],[[114.0546932,22.259998],[114.054635,22.259981],[114.0546751,22.2600218],[114.0546932,22.259998]],[[114.0548314,22.260076],[114.0547974,22.2600952],[114.0548314,22.2601014],[114.0548314,22.260076]],[[114.0548308,22.2601285],[114.0548489,22.2601827],[114.0548671,22.2601573],[114.0548308,22.2601285]],[[114.0550271,22.2603217],[114.0550101,22.2602714],[114.054981,22.2603007],[114.0550271,22.2603217]],[[114.0471695,22.2606343],[114.0471415,22.2606879],[114.0471779,22.2606863],[114.0471695,22.2606343]],[[114.0551224,22.2607439],[114.0550945,22.2608043],[114.0551479,22.2607688],[114.0551224,22.2607439]],[[114.0471681,22.2608121],[114.0471645,22.2608448],[114.047185,22.2608285],[114.0471681,22.2608121]],[[114.0475166,22.2622014],[114.0474481,22.2621742],[114.0474802,22.2622443],[114.0475166,22.2622014]],[[114.0476288,22.2622766],[114.0475706,22.2622838],[114.0475997,22.2623042],[114.0476288,22.2622766]],[[114.0565268,22.2627707],[114.0565044,22.2627188],[114.0564983,22.2627627],[114.0565268,22.2627707]],[[114.0564879,22.2628756],[114.0565705,22.2627843],[114.0565427,22.2627763],[114.0564879,22.2628756]],[[114.0565971,22.2629186],[114.056628,22.2629395],[114.0566213,22.2629118],[114.0565971,22.2629186]],[[114.0559587,22.2634577],[114.0559714,22.2635238],[114.0559987,22.2634894],[114.0559587,22.2634577]],[[114.0497662,22.2636526],[114.0497698,22.2637074],[114.0497892,22.263695],[114.0497662,22.2636526]],[[114.0556644,22.2642782],[114.0556487,22.2642341],[114.0556432,22.2642843],[114.0556644,22.2642782]],[[114.0556803,22.2642499],[114.0556965,22.2643306],[114.0557264,22.264268],[114.0556803,22.2642499]],[[114.0556971,22.2644041],[114.0557207,22.2643612],[114.0556886,22.2643708],[114.0556971,22.2644041]],[[114.0557389,22.2644403],[114.0557123,22.2644108],[114.0556977,22.2644306],[114.0557389,22.2644403]],[[114.0543721,22.2651543],[114.0544018,22.2651211],[114.0543733,22.2651261],[114.0543721,22.2651543]],[[114.0542975,22.2651739],[114.054329,22.2652073],[114.0543303,22.2651768],[114.0542975,22.2651739]],[[114.0507172,22.2659184],[114.050625,22.2659805],[114.0507002,22.2659934],[114.0507172,22.2659184]],[[114.0558953,22.2631822],[114.0564935,22.2628096],[114.0562977,22.2628253],[114.056275,22.2622749],[114.0552937,22.2619384],[114.0554525,22.2613035],[114.0550297,22.260832],[114.0548851,22.2603599],[114.0549862,22.2602082],[114.0547198,22.2601815],[114.0544853,22.260013],[114.0544449,22.2596942],[114.0537421,22.2591055],[114.053621,22.258909],[114.0526387,22.2588552],[114.0522072,22.2586144],[114.0508714,22.2572028],[114.0487819,22.257257],[114.0485557,22.2579725],[114.0471049,22.2583714],[114.0470486,22.2589556],[114.0467372,22.2593533],[114.0473485,22.259864],[114.0475293,22.2604314],[114.0471264,22.2618255],[114.0490713,22.2628968],[114.0496015,22.2633132],[114.0500659,22.2640689],[114.0508012,22.2642489],[114.0515158,22.2640903],[114.0525721,22.2647436],[114.0538781,22.2649518],[114.0546883,22.2648113],[114.0548119,22.2649751],[114.0547908,22.264799],[114.0552547,22.2646893],[114.0554969,22.2638163],[114.0560269,22.2636955],[114.0557834,22.2634842],[114.0558953,22.2631822]],[[114.0563401,22.2627616],[114.0563648,22.2627311],[114.0563323,22.2627282],[114.0563401,22.2627616]],[[114.0442601,22.2923954],[114.0436917,22.2923535],[114.043921,22.2925041],[114.0442601,22.2923954]],[[114.04431,22.2924869],[114.0443771,22.2923959],[114.0442826,22.2924723],[114.04431,22.2924869]],[[114.0589127,22.3293108],[114.059032,22.3292571],[114.0589072,22.3292571],[114.0589127,22.3293108]],[[114.0588628,22.3299419],[114.0589738,22.3298663],[114.0588606,22.3298715],[114.0588628,22.3299419]]]},"properties":{"GmlID":"BrightLightFishing.4","OBJNAM":"East Lantau","OBJECTID":4}},{"type":"Feature","geometry":{"type":"Polygon","coordinates":[[[113.9309979,22.2101372],[113.9870862,22.2123523],[113.9869744,22.2123753],[113.9870015,22.2125158],[113.9869631,22.2131243],[113.9870574,22.213327],[113.9869519,22.214208],[113.9867473,22.2144809],[113.9861122,22.2147515],[113.9861935,22.2147483],[113.9861162,22.2149581],[113.9861492,22.2152297],[113.986084,22.215478],[113.9855853,22.2156856],[113.9851098,22.2154745],[113.9845048,22.2155601],[113.9837417,22.215496],[113.9835144,22.2158433],[113.983145,22.2160218],[113.9831769,22.2162172],[113.9829265,22.2162728],[113.9824944,22.2161672],[113.9822802,22.2163171],[113.9818529,22.2163137],[113.9813973,22.2169933],[113.9810829,22.2168327],[113.9804585,22.2172913],[113.9806497,22.2183831],[113.9818452,22.2186742],[113.9825796,22.2197962],[113.982847,22.2208831],[113.9837029,22.221551],[113.9840493,22.2223701],[113.9837192,22.2224024],[113.9837375,22.2224863],[113.9842337,22.222574],[113.9837361,22.223686],[113.9834517,22.2239496],[113.9830254,22.2247271],[113.9828242,22.2249635],[113.9822303,22.2250021],[113.9797628,22.227637],[113.9794317,22.2275623],[113.9790366,22.2280916],[113.9786739,22.2279605],[113.9776595,22.2284714],[113.9786844,22.2304076],[113.9792876,22.2330681],[113.9796898,22.2338662],[113.9807442,22.2347734],[113.9818747,22.2352834],[113.9821697,22.2355053],[113.9823509,22.235757],[113.9821527,22.2355629],[113.9820121,22.2356947],[113.9816005,22.236905],[113.9823037,22.2381601],[113.9823987,22.2387818],[113.9815115,22.2388579],[113.980923,22.2392425],[113.9801595,22.2405643],[113.9804356,22.2416978],[113.9799426,22.242073],[113.9802467,22.2415492],[113.9798881,22.2405693],[113.9800214,22.2397293],[113.9793925,22.2390169],[113.9801819,22.2388117],[113.9809283,22.2382727],[113.9817396,22.2374676],[113.9815319,22.2372116],[113.9778777,22.2392702],[113.973355,22.2406222],[113.9729092,22.2405352],[113.9718772,22.2395637],[113.970859,22.2396365],[113.9704161,22.23942],[113.968538,22.2376369],[113.9670711,22.2367469],[113.9654301,22.2366499],[113.9638145,22.2358057],[113.9628148,22.2357007],[113.962492,22.2329904],[113.9617039,22.2333251],[113.9613095,22.2333036],[113.9611614,22.2330544],[113.9606032,22.2333127],[113.9601647,22.233192],[113.9589168,22.2325714],[113.9586927,22.2320192],[113.9581461,22.2316894],[113.9578036,22.232008],[113.9572976,22.2316681],[113.9571947,22.2323444],[113.9569857,22.2323702],[113.9575536,22.2326928],[113.9577672,22.2331248],[113.9575615,22.2330467],[113.9563939,22.233824],[113.9546649,22.2341608],[113.9537528,22.2341558],[113.9530215,22.233825],[113.9525198,22.2341053],[113.9517406,22.234137],[113.9486391,22.2334286],[113.944462,22.2318366],[113.9406769,22.2298845],[113.9399893,22.2293061],[113.9400055,22.2288224],[113.9398672,22.2290857],[113.9392063,22.2287216],[113.9386934,22.2289178],[113.9367198,22.2287225],[113.9340698,22.2271463],[113.9344042,22.2261637],[113.9342251,22.2260407],[113.9343104,22.2257918],[113.9337376,22.2258373],[113.9327669,22.2251927],[113.9308132,22.2251252],[113.9300661,22.2246218],[113.9295224,22.2245945],[113.9276727,22.2240292],[113.9279256,22.2246141],[113.927192,22.2246295],[113.9259442,22.226175],[113.9249474,22.2264871],[113.9243399,22.2262823],[113.924342,22.2260456],[113.9235871,22.2260756],[113.9227293,22.2246519],[113.9214783,22.2215761],[113.9208432,22.2217536],[113.9199819,22.221401],[113.9187484,22.2213373],[113.9186341,22.2199386],[113.9188164,22.2190739],[113.9191308,22.2184437],[113.9196981,22.2183611],[113.9190856,22.2180721],[113.9181666,22.2184075],[113.9182936,22.2185931],[113.9181309,22.2187618],[113.9179568,22.2186278],[113.9181543,22.2186034],[113.9180658,22.2183588],[113.9173129,22.2185422],[113.9170633,22.2188291],[113.9168908,22.218912],[113.9172476,22.2185278],[113.9185416,22.2180975],[113.9204077,22.2179227],[113.9216088,22.2173165],[113.9219679,22.2175126],[113.9223355,22.2170369],[113.9230053,22.2173068],[113.9235709,22.2171433],[113.9238417,22.2174264],[113.924264,22.2172744],[113.924663,22.2179105],[113.9250952,22.2178634],[113.9260861,22.2188742],[113.9282323,22.2184256],[113.9288287,22.2177269],[113.9296925,22.2174626],[113.9305666,22.216763],[113.931166,22.215741],[113.9311633,22.214411],[113.9304007,22.2134175],[113.9303219,22.2129518],[113.9306534,22.2116008],[113.9305229,22.2108606],[113.9307924,22.2103421],[113.9306322,22.2101228],[113.9312377,22.2102488],[113.9309979,22.2101372]],[[113.9286452,22.2240808],[113.9284819,22.223865],[113.928441,22.2240641],[113.9286452,22.2240808]],[[113.9286081,22.2242044],[113.9285814,22.2242219],[113.9286098,22.2242258],[113.9286081,22.2242044]],[[113.9296052,22.2245485],[113.9295246,22.224562],[113.9295912,22.2245744],[113.9296052,22.2245485]],[[113.9336435,22.2257174],[113.9336957,22.2256949],[113.9336322,22.2256762],[113.9336435,22.2257174]],[[113.934356,22.2259962],[113.9343565,22.2260916],[113.9344148,22.2260267],[113.934356,22.2259962]],[[113.934784,22.2260212],[113.9349119,22.2260512],[113.9347622,22.2259962],[113.934784,22.2260212]],[[113.9349581,22.2259756],[113.9349337,22.2260461],[113.9349542,22.2260473],[113.9349581,22.2259756]],[[113.9348923,22.2258468],[113.9348715,22.225897],[113.9349073,22.2258604],[113.9348923,22.2258468]],[[113.9348941,22.2257893],[113.9349171,22.2258463],[113.9349316,22.2258453],[113.9348941,22.2257893]],[[113.9409848,22.226629],[113.9409855,22.2263773],[113.9408468,22.2265615],[113.9409848,22.226629]],[[113.9462823,22.2144432],[113.946287,22.2143518],[113.9462617,22.2144082],[113.9462823,22.2144432]],[[113.9465822,22.2147237],[113.9453229,22.2142302],[113.9451806,22.2145284],[113.9458727,22.2153027],[113.9466962,22.2152521],[113.9465822,22.2147237]],[[113.9465671,22.2146244],[113.9466066,22.2146425],[113.9465945,22.2146187],[113.9465671,22.2146244]],[[113.9458943,22.2142367],[113.9459308,22.2141995],[113.9458859,22.2142266],[113.9458943,22.2142367]],[[113.945841,22.2153271],[113.9458683,22.2153486],[113.9458732,22.215308],[113.945841,22.2153271]],[[113.9823902,22.2247987],[113.9822458,22.2248037],[113.982404,22.224806],[113.9823902,22.2247987]],[[113.9829667,22.2246978],[113.9829771,22.22476],[113.9830061,22.2247352],[113.9829667,22.2246978]],[[113.9827853,22.2244516],[113.9827338,22.224407],[113.9827119,22.2244205],[113.9827853,22.2244516]],[[113.9830781,22.2244276],[113.9830828,22.2244863],[113.9831005,22.2244892],[113.9830781,22.2244276]],[[113.9817,22.2190172],[113.9817308,22.2190607],[113.981738,22.2190341],[113.9817,22.2190172]],[[113.9800763,22.2166435],[113.9801337,22.2163213],[113.9798245,22.2164043],[113.9800763,22.2166435]],[[113.9803927,22.2167115],[113.9802853,22.2167533],[113.9804254,22.2167449],[113.9803927,22.2167115]],[[113.9815834,22.2165675],[113.9815501,22.2165566],[113.9815518,22.2165815],[113.9815834,22.2165675]],[[113.9816235,22.2164551],[113.9815684,22.2164777],[113.981592,22.2164952],[113.9816235,22.2164551]],[[113.9819069,22.2162653],[113.9818475,22.2162647],[113.9818723,22.2162946],[113.9819069,22.2162653]],[[113.9823005,22.2161856],[113.9822247,22.2162121],[113.9822797,22.216237],[113.9823005,22.2161856]],[[113.98284,22.2161344],[113.9827921,22.2161811],[113.9828617,22.2161762],[113.98284,22.2161344]],[[113.9829703,22.2162],[113.9829454,22.2162101],[113.9829683,22.2162141],[113.9829703,22.2162]],[[113.9829387,22.2162209],[113.9829023,22.2162254],[113.9829071,22.2162411],[113.9829387,22.2162209]],[[113.9829776,22.2161373],[113.98296,22.2161526],[113.982977,22.2161605],[113.9829776,22.2161373]],[[113.9830594,22.2161403],[113.9830152,22.216147],[113.9830078,22.2161639],[113.9830594,22.2161403]],[[113.9831218,22.216194],[113.9830867,22.21616],[113.9830836,22.2162121],[113.9831218,22.216194]],[[113.9830947,22.2160918],[113.9830516,22.2160849],[113.9830504,22.2160956],[113.9830947,22.2160918]],[[113.9833326,22.2158307],[113.9832811,22.2158408],[113.983329,22.2158505],[113.9833326,22.2158307]],[[113.9833835,22.2158483],[113.9833568,22.2158557],[113.9833805,22.2158568],[113.9833835,22.2158483]],[[113.9834473,22.2157914],[113.9834108,22.2158015],[113.9834557,22.2158168],[113.9834473,22.2157914]],[[113.9834703,22.2157902],[113.9835266,22.2158214],[113.9834776,22.2157638],[113.9834703,22.2157902]],[[113.9837048,22.2154875],[113.9836634,22.2154812],[113.9836865,22.2155044],[113.9837048,22.2154875]],[[113.9840097,22.2154037],[113.9839927,22.2154161],[113.9840134,22.2154156],[113.9840097,22.2154037]],[[113.9838914,22.2154448],[113.9839593,22.2154545],[113.983983,22.2154269],[113.9838914,22.2154448]],[[113.9840774,22.2154908],[113.984054,22.2154354],[113.98402,22.2154286],[113.9840774,22.2154908]],[[113.9846637,22.2154762],[113.9846116,22.2154829],[113.9846601,22.2155021],[113.9846637,22.2154762]],[[113.9846181,22.2155106],[113.9845993,22.2155315],[113.9846194,22.2155342],[113.9846181,22.2155106]],[[113.9845426,22.2153321],[113.9844796,22.2153378],[113.9845038,22.2153722],[113.9845426,22.2153321]],[[113.9845813,22.2154343],[113.9845552,22.2154248],[113.9845807,22.2154484],[113.9845813,22.2154343]],[[113.9847224,22.2154854],[113.9846866,22.2154921],[113.9847151,22.2155085],[113.9847224,22.2154854]],[[113.9849541,22.2154303],[113.9849305,22.2154127],[113.9849201,22.2154308],[113.9849541,22.2154303]],[[113.9850275,22.215387],[113.9849772,22.215361],[113.9849688,22.2153783],[113.9850275,22.215387]],[[113.9860573,22.2154531],[113.9860307,22.2154508],[113.9860579,22.2154592],[113.9860573,22.2154531]],[[113.9860665,22.215418],[113.9860676,22.2154321],[113.9860816,22.215418],[113.9860665,22.215418]],[[113.9860617,22.2153824],[113.986052,22.2153819],[113.9860537,22.2153899],[113.9860617,22.2153824]],[[113.9860592,22.2153899],[113.9860639,22.2154113],[113.9860877,22.215404],[113.9860592,22.2153899]],[[113.9860532,22.2153442],[113.986029,22.2153475],[113.9860472,22.2153611],[113.9860532,22.2153442]],[[113.986052,22.2153638],[113.9860569,22.2153718],[113.986061,22.2153668],[113.986052,22.2153638]],[[113.9860308,22.2153554],[113.9860071,22.2153593],[113.9860338,22.2153627],[113.9860308,22.2153554]],[[113.9860599,22.2153283],[113.9860635,22.2153074],[113.9860466,22.2153147],[113.9860599,22.2153283]],[[113.9860891,22.2152962],[113.9861109,22.2153307],[113.9861206,22.2153092],[113.9860891,22.2152962]],[[113.9861279,22.2152839],[113.9861145,22.2152877],[113.9861255,22.2152957],[113.9861279,22.2152839]],[[113.9861152,22.2152765],[113.9861024,22.2152685],[113.9861103,22.2152821],[113.9861152,22.2152765]],[[113.9861218,22.2152736],[113.9861266,22.2152635],[113.9861193,22.2152657],[113.9861218,22.2152736]],[[113.9860931,22.2149745],[113.9860743,22.2149411],[113.9860798,22.2149772],[113.9860931,22.2149745]],[[113.9865983,22.2143762],[113.9865728,22.2143954],[113.9866006,22.2144044],[113.9865983,22.2143762]],[[113.9866867,22.2144412],[113.9866746,22.2144379],[113.986677,22.2144485],[113.9866867,22.2144412]],[[113.9867159,22.214395],[113.9866741,22.214409],[113.9866782,22.2144299],[113.9867159,22.214395]],[[113.9867631,22.2144024],[113.9867491,22.2144239],[113.9867539,22.2144266],[113.9867631,22.2144024]],[[113.9867566,22.2143432],[113.9867238,22.214321],[113.9867196,22.2143266],[113.9867566,22.2143432]],[[113.9867948,22.2143059],[113.9867487,22.2142658],[113.9867373,22.2142889],[113.9867948,22.2143059]],[[113.9868677,22.214165],[113.9869186,22.214223],[113.9869295,22.2141988],[113.9868677,22.214165]],[[113.9869981,22.2136712],[113.9869594,22.2136249],[113.9869569,22.2136983],[113.9869981,22.2136712]],[[113.9869558,22.2135994],[113.9869795,22.2135673],[113.9869734,22.2135527],[113.9869558,22.2135994]],[[113.9869259,22.2124079],[113.9869428,22.2124419],[113.9869574,22.2124214],[113.9869259,22.2124079]],[[113.9869562,22.2124514],[113.986984,22.2124458],[113.9869562,22.2124407],[113.9869562,22.2124514]],[[113.9868148,22.2125263],[113.9868518,22.2125105],[113.9868112,22.2124975],[113.9868148,22.2125263]],[[113.9869003,22.2125563],[113.9869358,22.2126235],[113.9869565,22.2125824],[113.9869003,22.2125563]],[[113.9868528,22.2126907],[113.9868716,22.2126325],[113.9868316,22.2126753],[113.9868528,22.2126907]]]},"properties":{"GmlID":"BrightLightFishing.5","OBJNAM":"South Lantau","OBJECTID":5}},{"type":"Feature","geometry":{"type":"Polygon","coordinates":[[[113.91143,22.2065869],[113.9109102,22.2069434],[113.9104343,22.2069225],[113.9093759,22.2075759],[113.9090343,22.207665],[113.9089719,22.2076694],[113.9088981,22.2076506],[113.9087148,22.2073855],[113.9087373,22.2074447],[113.9084638,22.207776],[113.9083483,22.2078074],[113.908382,22.2079385],[113.908116,22.2083327],[113.9076169,22.2085722],[113.9073632,22.2085062],[113.9073002,22.2086767],[113.9070056,22.2088659],[113.9070513,22.2089814],[113.9067629,22.2096671],[113.9068292,22.2097073],[113.9062765,22.2104699],[113.9053618,22.210795],[113.9053192,22.21095],[113.9048135,22.2114162],[113.9044112,22.2114672],[113.9035641,22.210977],[113.9033677,22.2112363],[113.9033342,22.2112668],[113.9032104,22.2113423],[113.9031211,22.2114154],[113.9030621,22.2114052],[113.9030894,22.211497],[113.9029555,22.2115703],[113.9033697,22.2119208],[113.9032015,22.2123974],[113.9026916,22.2126751],[113.9021552,22.2127912],[113.902063,22.2131805],[113.9014394,22.2134447],[113.901457,22.2137817],[113.9006746,22.2138878],[113.9001495,22.2134556],[113.9000351,22.2139533],[113.8997563,22.2139816],[113.8995532,22.2144147],[113.8987952,22.2144354],[113.8986019,22.215163],[113.898157,22.2154055],[113.898339,22.2158143],[113.8980557,22.2160482],[113.898417,22.2162326],[113.8983292,22.2167654],[113.8969212,22.2182786],[113.8971542,22.2189895],[113.8986975,22.2200938],[113.8981662,22.2221222],[113.8969051,22.2223289],[113.8963017,22.2220828],[113.8958056,22.2222211],[113.8957507,22.2215366],[113.8942558,22.2200427],[113.8956835,22.221515],[113.8955286,22.222003],[113.8940781,22.221914],[113.8941471,22.2228607],[113.8928225,22.2232057],[113.8918347,22.2229858],[113.891131,22.2224965],[113.8910491,22.2221705],[113.8914299,22.2218746],[113.8916529,22.2212012],[113.891559,22.2208263],[113.8912665,22.2205542],[113.8906182,22.2207943],[113.8900539,22.2203406],[113.8900905,22.220048],[113.889777,22.219773],[113.8888791,22.2198746],[113.8887424,22.2202142],[113.8884816,22.2202266],[113.8884994,22.2208468],[113.8879854,22.221198],[113.8859425,22.2208718],[113.8842216,22.2198191],[113.8840389,22.2200895],[113.8829173,22.221038],[113.8841642,22.2198013],[113.8837876,22.2198574],[113.8830447,22.2195002],[113.8830498,22.2190617],[113.8829002,22.2191916],[113.881819,22.2184139],[113.8818496,22.21779],[113.8815215,22.2176623],[113.8816418,22.2173834],[113.8807886,22.2166523],[113.8809509,22.2166024],[113.8807456,22.2163845],[113.8807938,22.2160721],[113.8803494,22.2155121],[113.8797682,22.2152002],[113.8795367,22.2153095],[113.8791002,22.2146678],[113.8782919,22.2146871],[113.8780972,22.214397],[113.8780116,22.2139547],[113.8784709,22.2131074],[113.8784391,22.2124162],[113.8792296,22.2122096],[113.8797017,22.2115728],[113.8794482,22.2108928],[113.8779005,22.2107656],[113.8778057,22.211191],[113.8765683,22.2117759],[113.875475,22.2112527],[113.8746586,22.2114463],[113.8737781,22.2110657],[113.8737273,22.2107754],[113.8740319,22.2107389],[113.8739282,22.2105436],[113.8735122,22.2106514],[113.8733242,22.2103488],[113.8729428,22.2103993],[113.8727953,22.2099493],[113.8715918,22.2094045],[113.8713174,22.2095082],[113.8714324,22.2089835],[113.8699406,22.2074514],[113.8697418,22.206444],[113.8690067,22.2060315],[113.8685341,22.2055712],[113.8684218,22.2052763],[113.868685,22.204505],[113.8686188,22.2044835],[113.8679437,22.2038076],[113.8679785,22.2034864],[113.8677057,22.2033946],[113.8678898,22.2030168],[113.8675973,22.202616],[113.8661805,22.2027911],[113.8652968,22.2026759],[113.8647868,22.2022992],[113.8646937,22.2019275],[113.864174,22.20198],[113.8640585,22.2021958],[113.8646933,22.2037586],[113.864694,22.2042069],[113.8643638,22.2042044],[113.8645141,22.2039871],[113.8642858,22.2040814],[113.864159,22.2047227],[113.8645965,22.2047469],[113.8647413,22.2048745],[113.8648464,22.2051507],[113.8645357,22.2047606],[113.8643131,22.2049188],[113.8644187,22.205123],[113.8643954,22.2053797],[113.8639524,22.2064197],[113.8643514,22.2053951],[113.8643018,22.2049787],[113.8640386,22.2052386],[113.8640339,22.2041507],[113.8645108,22.2037008],[113.8644292,22.2033605],[113.8634418,22.2041023],[113.86219,22.2043798],[113.8609544,22.204294],[113.8599627,22.2038041],[113.8599927,22.2035249],[113.8596178,22.2032758],[113.8588919,22.2036247],[113.8572959,22.203466],[113.8563147,22.202818],[113.8557132,22.2027641],[113.8538473,22.2017771],[113.8529159,22.2004795],[113.8527727,22.199225],[113.853003,22.198721],[113.8537353,22.1986255],[113.8544134,22.1979124],[113.8540921,22.1974442],[113.8540506,22.1970845],[113.91143,22.2065869]],[[113.9032548,22.2109569],[113.9039673,22.2104441],[113.9035406,22.2105596],[113.9032548,22.2109569]],[[113.9113011,22.2066379],[113.9112386,22.206639],[113.9112943,22.2066559],[113.9113011,22.2066379]],[[113.9107867,22.2067985],[113.9108406,22.2068099],[113.9108383,22.2067788],[113.9107867,22.2067985]],[[113.91088,22.2068298],[113.9109145,22.206862],[113.9109236,22.2068388],[113.91088,22.2068298]],[[113.9103707,22.2068718],[113.9104283,22.206877],[113.9103824,22.2068289],[113.9103707,22.2068718]],[[113.9103016,22.2069355],[113.9103652,22.2069531],[113.9103647,22.2068961],[113.9103016,22.2069355]],[[113.9095625,22.2073485],[113.9095176,22.2073501],[113.9095309,22.2073704],[113.9095625,22.2073485]],[[113.9096715,22.2073588],[113.9097109,22.2073521],[113.9096722,22.2073318],[113.9096715,22.2073588]],[[113.9094466,22.2073511],[113.909414,22.2073477],[113.9094188,22.2073657],[113.9094466,22.2073511]],[[113.908669,22.2073599],[113.9087072,22.2073409],[113.9086696,22.2073408],[113.908669,22.2073599]],[[113.9095933,22.2073745],[113.9095624,22.2073942],[113.9096012,22.2073931],[113.9095933,22.2073745]],[[113.9094285,22.2073889],[113.909463,22.2073951],[113.9094436,22.2073743],[113.9094285,22.2073889]],[[113.9088217,22.2074031],[113.908858,22.2074049],[113.9088338,22.207384],[113.9088217,22.2074031]],[[113.9094097,22.2073979],[113.9092705,22.2075456],[113.9094137,22.2075029],[113.9094097,22.2073979]],[[113.9086173,22.2074643],[113.9086931,22.2074199],[113.9085816,22.2074004],[113.9086173,22.2074643]],[[113.9089051,22.2075303],[113.9089468,22.2075365],[113.9089323,22.2075168],[113.9089051,22.2075303]],[[113.9084619,22.2075402],[113.908505,22.2075494],[113.9084918,22.2075296],[113.9084619,22.2075402]],[[113.908988,22.2076027],[113.9090606,22.2076531],[113.9090934,22.2076198],[113.908988,22.2076027]],[[113.9083355,22.2077038],[113.908301,22.2077002],[113.9083126,22.2077218],[113.9083355,22.2077038]],[[113.9084295,22.2077067],[113.9084671,22.2077152],[113.9084484,22.2076898],[113.9084295,22.2077067]],[[113.9083821,22.2077462],[113.9083106,22.2077697],[113.9084052,22.207771],[113.9083821,22.2077462]],[[113.9082179,22.208071],[113.9082688,22.2080762],[113.9082306,22.2080524],[113.9082179,22.208071]],[[113.907474,22.2084275],[113.9074329,22.208436],[113.907474,22.2084394],[113.907474,22.2084275]],[[113.9074685,22.2084648],[113.907534,22.2084881],[113.9075413,22.2084604],[113.9074685,22.2084648]],[[113.9073296,22.2085211],[113.9072872,22.2085187],[113.9073083,22.2085469],[113.9073296,22.2085211]],[[113.9072992,22.2085684],[113.907313,22.2086068],[113.9073241,22.2085605],[113.9072992,22.2085684]],[[113.9071518,22.20865],[113.9071147,22.2086708],[113.9071529,22.2086674],[113.9071518,22.20865]],[[113.9069531,22.208903],[113.9069821,22.2089516],[113.9070069,22.2089404],[113.9069531,22.208903]],[[113.9064183,22.2099356],[113.9065558,22.2099646],[113.9064135,22.2099074],[113.9064183,22.2099356]],[[113.9063057,22.2101629],[113.9062681,22.2101667],[113.9062971,22.2101815],[113.9063057,22.2101629]],[[113.9054982,22.2105306],[113.9054533,22.2105408],[113.9054957,22.2105504],[113.9054982,22.2105306]],[[113.9056527,22.2105902],[113.905623,22.2105777],[113.9056278,22.2106008],[113.9056527,22.2105902]],[[113.9054366,22.2107394],[113.9053892,22.2107438],[113.9054317,22.2107551],[113.9054366,22.2107394]],[[113.905246,22.2108902],[113.9052683,22.2109423],[113.9052986,22.2109264],[113.905246,22.2108902]],[[113.9049135,22.2109828],[113.904879,22.210989],[113.904919,22.2110032],[113.9049135,22.2109828]],[[113.9051487,22.2110369],[113.9051256,22.2110385],[113.9051286,22.2110633],[113.9051487,22.2110369]],[[113.9049395,22.2110439],[113.904908,22.2110489],[113.9049322,22.2110597],[113.9049395,22.2110439]],[[113.9048837,22.2110776],[113.9048516,22.2110838],[113.9048897,22.2110878],[113.9048837,22.2110776]],[[113.9050334,22.2111038],[113.9049534,22.2110896],[113.9049611,22.2111246],[113.9050334,22.2111038]],[[113.9049192,22.2111877],[113.9049907,22.2112178],[113.904989,22.2111726],[113.9049192,22.2111877]],[[113.9033322,22.2112285],[113.903382,22.2111942],[113.903359,22.2111839],[113.9033322,22.2112285]],[[113.9043343,22.2112133],[113.9043421,22.2112579],[113.9043669,22.2112495],[113.9043343,22.2112133]],[[113.9042754,22.2112555],[113.9043148,22.2112533],[113.90429,22.211242],[113.9042754,22.2112555]],[[113.9043335,22.2112962],[113.9043545,22.2113398],[113.9043771,22.2113263],[113.9043335,22.2112962]],[[113.9046008,22.2113007],[113.9046648,22.2113724],[113.904674,22.2113662],[113.9046008,22.2113007]],[[113.9044909,22.2113467],[113.9045383,22.2113204],[113.9045032,22.2113056],[113.9044909,22.2113467]],[[113.9030834,22.2113884],[113.9030689,22.2113663],[113.903067,22.2113856],[113.9030834,22.2113884]],[[113.9030397,22.2114549],[113.9030481,22.2114718],[113.903059,22.2114561],[113.9030397,22.2114549]],[[113.903025,22.2114939],[113.9030341,22.2115243],[113.9030432,22.2114989],[113.903025,22.2114939]],[[113.9029113,22.2116749],[113.9029495,22.2116794],[113.9029423,22.2116348],[113.9029113,22.2116749]],[[113.9029869,22.211754],[113.9029766,22.2117838],[113.9030014,22.2117783],[113.9029869,22.211754]],[[113.9030539,22.2121587],[113.903043,22.2122005],[113.903063,22.2121955],[113.9030539,22.2121587]],[[113.9029325,22.212281],[113.902972,22.2122969],[113.9029568,22.212263],[113.9029325,22.212281]],[[113.9031533,22.2122763],[113.9031647,22.2123045],[113.9031792,22.2122899],[113.9031533,22.2122763]],[[113.9028856,22.212391],[113.9029397,22.2123944],[113.9029264,22.21236],[113.9028856,22.212391]],[[113.902283,22.212447],[113.9022709,22.2124667],[113.9022914,22.2124582],[113.902283,22.212447]],[[113.902897,22.2124661],[113.9028873,22.2124949],[113.9029078,22.2124916],[113.902897,22.2124661]],[[113.902252,22.2124926],[113.9022452,22.2125169],[113.9022677,22.2125057],[113.902252,22.2124926]],[[113.9029637,22.2124962],[113.9029637,22.2125238],[113.902977,22.2125041],[113.9029637,22.2124962]],[[113.9022858,22.2125621],[113.9022852,22.212592],[113.9023033,22.2125779],[113.9022858,22.2125621]],[[113.9027427,22.2126042],[113.9027264,22.2126403],[113.9027458,22.2126374],[113.9027427,22.2126042]],[[113.9022809,22.2126275],[113.9022899,22.2126502],[113.9023014,22.2126333],[113.9022809,22.2126275]],[[113.9001728,22.2134327],[113.9002291,22.2134397],[113.9002269,22.2134317],[113.9001728,22.2134327]],[[113.899766,22.2137944],[113.8999199,22.2137811],[113.8997851,22.2136884],[113.899766,22.2137944]],[[113.8994925,22.2141309],[113.8995283,22.2141134],[113.8995211,22.2140852],[113.8994925,22.2141309]],[[113.8995313,22.2141558],[113.8995937,22.2141576],[113.8995521,22.2141129],[113.8995313,22.2141558]],[[113.899234,22.2142975],[113.8992275,22.2142106],[113.8991916,22.2142472],[113.899234,22.2142975]],[[113.8990965,22.2142465],[113.8991042,22.214299],[113.8991371,22.2142832],[113.8990965,22.2142465]],[[113.8992382,22.2143251],[113.8992752,22.2143303],[113.8992855,22.2143095],[113.8992382,22.2143251]],[[113.8989836,22.2143292],[113.8990466,22.2143446],[113.8990538,22.2143288],[113.8989836,22.2143292]],[[113.8989993,22.2143841],[113.8990307,22.2143994],[113.8990284,22.2143728],[113.8989993,22.2143841]],[[113.8982879,22.2151335],[113.8984291,22.2151772],[113.8984545,22.2151688],[113.8982879,22.2151335]],[[113.8659788,22.2025125],[113.86568,22.2025001],[113.8657215,22.2026272],[113.8659788,22.2025125]],[[113.865369,22.2025384],[113.8651944,22.202559],[113.8654089,22.2026215],[113.865369,22.2025384]],[[113.865526,22.2025794],[113.8654441,22.2025849],[113.8655162,22.2026206],[113.865526,22.2025794]],[[113.8666459,22.2026392],[113.8666072,22.2025973],[113.8665507,22.2026181],[113.8666459,22.2026392]],[[113.866213,22.2026615],[113.8661294,22.2026781],[113.866162,22.2027314],[113.866213,22.2026615]],[[113.8665179,22.2026879],[113.8664057,22.2027256],[113.8665232,22.202705],[113.8665179,22.2026879]],[[113.8686325,22.2044135],[113.8686323,22.2044632],[113.8686481,22.2044564],[113.8686325,22.2044135]],[[113.8686814,22.204447],[113.8687032,22.2044667],[113.8687124,22.204451],[113.8686814,22.204447]],[[113.870024,22.2060676],[113.8700913,22.2060836],[113.8700866,22.2060587],[113.870024,22.2060676]],[[113.8692536,22.2060984],[113.8692117,22.2060966],[113.8692311,22.2061119],[113.8692536,22.2060984]],[[113.8697172,22.2061687],[113.8696401,22.2062052],[113.8697158,22.2062009],[113.8697172,22.2061687]],[[113.8699064,22.2066347],[113.8699307,22.2066297],[113.8699174,22.2066252],[113.8699064,22.2066347]],[[113.8701264,22.206669],[113.870053,22.2066802],[113.8701197,22.2066994],[113.8701264,22.206669]],[[113.8699169,22.206857],[113.8698878,22.2068616],[113.8698955,22.2068915],[113.8699169,22.206857]],[[113.8698875,22.2069818],[113.8699172,22.2070163],[113.8699148,22.2069745],[113.8698875,22.2069818]],[[113.8782316,22.2106267],[113.8781529,22.2105809],[113.878137,22.2106192],[113.8782316,22.2106267]],[[113.8785049,22.2106384],[113.878537,22.2106719],[113.8785825,22.2106268],[113.8785049,22.2106384]],[[113.8787234,22.2108026],[113.8786089,22.210729],[113.8785737,22.2108147],[113.8787234,22.2108026]],[[113.8777022,22.2110332],[113.8776391,22.2110636],[113.8776754,22.2110749],[113.8777022,22.2110332]],[[113.8750315,22.2113082],[113.8749831,22.211229],[113.8748964,22.2112532],[113.8750315,22.2113082]],[[113.8972006,22.2177567],[113.8972407,22.2177512],[113.8972376,22.2177352],[113.8972006,22.2177567]],[[113.8971259,22.2178169],[113.8971556,22.2178181],[113.8971557,22.2177905],[113.8971259,22.2178169]],[[113.8969925,22.2178574],[113.8970416,22.2178715],[113.8969841,22.2178393],[113.8969925,22.2178574]],[[113.8969911,22.2179302],[113.8969674,22.2179837],[113.8970408,22.2179556],[113.8969911,22.2179302]],[[113.8968051,22.2184694],[113.8968646,22.2184944],[113.8968713,22.2184769],[113.8968051,22.2184694]],[[113.854246,22.197141],[113.8541817,22.1971516],[113.8542029,22.1971799],[113.854246,22.197141]],[[113.8541581,22.1971566],[113.8541247,22.1971904],[113.8541495,22.197199],[113.8541581,22.1971566]],[[113.8541656,22.1973344],[113.8541298,22.197349],[113.8541577,22.1973553],[113.8541656,22.1973344]],[[113.8541746,22.1973457],[113.8542024,22.1973672],[113.8542013,22.1973385],[113.8541746,22.1973457]],[[113.8544145,22.1976635],[113.8543835,22.1976967],[113.8544339,22.1976816],[113.8544145,22.1976635]],[[113.8544385,22.1977893],[113.8543906,22.1977667],[113.8544123,22.1978096],[113.8544385,22.1977893]],[[113.889217,22.2196384],[113.889104,22.2197675],[113.8892606,22.2196757],[113.889217,22.2196384]],[[113.8897989,22.2196474],[113.8897933,22.2197557],[113.8899522,22.2196832],[113.8897989,22.2196474]],[[113.8896103,22.2196787],[113.8896866,22.2197448],[113.8896928,22.2196787],[113.8896103,22.2196787]],[[113.8901862,22.2199862],[113.8902494,22.2198829],[113.8901188,22.2199905],[113.8901862,22.2199862]],[[113.8885055,22.2201429],[113.8885897,22.2201651],[113.8885014,22.2200842],[113.8885055,22.2201429]],[[113.8901989,22.2202796],[113.8904278,22.2203918],[113.8904905,22.2202988],[113.8901989,22.2202796]],[[113.9020859,22.2125263],[113.9020244,22.2123602],[113.9019084,22.2124407],[113.9020859,22.2125263]],[[113.8808512,22.2164009],[113.8808789,22.2164867],[113.8809558,22.2165039],[113.8808512,22.2164009]],[[113.8597178,22.2032707],[113.8599066,22.2031057],[113.8596069,22.203231],[113.8597178,22.2032707]]]},"properties":{"GmlID":"BrightLightFishing.6","OBJNAM":"South Lantau","OBJECTID":6}},{"type":"Feature","geometry":{"type":"Polygon","coordinates":[[[114.1585203,22.2103062],[114.1225627,22.238096],[114.1229769,22.2373793],[114.1230094,22.2368147],[114.1225445,22.2352327],[114.1222026,22.2348047],[114.1221751,22.2340608],[114.1218434,22.234151],[114.120842,22.2337662],[114.120379,22.2330283],[114.1202522,22.231014],[114.1202927,22.2305906],[114.1204766,22.2305907],[114.1202971,22.2305344],[114.120474,22.2296205],[114.1215019,22.2288464],[114.1218148,22.2287242],[114.1217954,22.2289352],[114.1221897,22.2283252],[114.1230568,22.227677],[114.1233669,22.2277969],[114.1231266,22.2274789],[114.1236402,22.2270338],[114.1245054,22.2269122],[114.1248669,22.2264585],[114.1254373,22.2265558],[114.1259375,22.2262191],[114.1260675,22.2258697],[114.1256021,22.2253033],[114.1256054,22.224516],[114.1261159,22.2241872],[114.1260452,22.2238885],[114.1267508,22.2236777],[114.1265861,22.2235459],[114.1267311,22.2231077],[114.1265742,22.223069],[114.1264035,22.2236522],[114.1255614,22.2237569],[114.1253074,22.2225236],[114.1268434,22.2211622],[114.1269108,22.2207225],[114.1273152,22.221014],[114.1268958,22.2204312],[114.1270838,22.2199921],[114.1295412,22.2187992],[114.1299677,22.2178692],[114.1303908,22.2178527],[114.1308381,22.2181951],[114.1305616,22.2184371],[114.1308793,22.218229],[114.1312356,22.2186749],[114.1320448,22.2189613],[114.1316734,22.2195484],[114.132177,22.2199382],[114.1319041,22.220127],[114.1321662,22.2200388],[114.1325348,22.2204563],[114.1323644,22.2207329],[114.1328213,22.2206323],[114.1330121,22.220896],[114.1334438,22.2209266],[114.1336243,22.2214481],[114.1334593,22.2214943],[114.1330764,22.2213195],[114.133056,22.2213556],[114.1334642,22.2215113],[114.1336436,22.2214741],[114.133777,22.221753],[114.1342851,22.2211029],[114.1346057,22.2212747],[114.1358232,22.2207308],[114.1368616,22.2187567],[114.1367205,22.2182194],[114.1370478,22.216511],[114.1361557,22.2149334],[114.1353005,22.2144032],[114.134607,22.2131849],[114.1342375,22.2131631],[114.1298495,22.2103679],[114.1292502,22.2096225],[114.1281904,22.2096823],[114.1279942,22.2093294],[114.1281521,22.2098369],[114.1278102,22.2100354],[114.127172,22.2098581],[114.1268478,22.2095091],[114.1268477,22.2093092],[114.1285025,22.2087912],[114.1268509,22.2092729],[114.1270249,22.207861],[114.1265557,22.2072537],[114.1269326,22.2065668],[114.1265698,22.2060514],[114.126944,22.2054369],[114.1278216,22.2055393],[114.1276144,22.2052565],[114.1272059,22.2053325],[114.1271138,22.2052207],[114.1276505,22.2043997],[114.128584,22.2040811],[114.129031,22.2036726],[114.1291476,22.2030902],[114.1300099,22.2019052],[114.1299531,22.2012955],[114.1301616,22.2014085],[114.130257,22.2022953],[114.1305097,22.2023253],[114.1307471,22.2035009],[114.1306552,22.2044523],[114.1309251,22.204629],[114.1312342,22.2055365],[114.1307765,22.2057247],[114.1312631,22.2055968],[114.1315273,22.2060665],[114.130932,22.2064061],[114.1315564,22.2060998],[114.1321412,22.206455],[114.1332839,22.2072522],[114.1330888,22.2077659],[114.1333326,22.2079116],[114.1331154,22.2077514],[114.1334861,22.20718],[114.1343107,22.2079062],[114.1347932,22.207943],[114.1348592,22.2082913],[114.1350896,22.2079572],[114.1354799,22.2080618],[114.1356527,22.2086228],[114.1394147,22.2089055],[114.1398068,22.2092138],[114.1404718,22.2088628],[114.1407689,22.2090429],[114.1411211,22.2087942],[114.1422461,22.2087493],[114.1429494,22.2083419],[114.1430815,22.2079791],[114.1436198,22.2077851],[114.1448733,22.2078157],[114.1457,22.2082218],[114.1457606,22.208478],[114.1456169,22.2085085],[114.1454593,22.2086349],[114.1457109,22.2085068],[114.1457555,22.2091666],[114.1455139,22.2092955],[114.1466241,22.2092237],[114.1468071,22.2095777],[114.1466791,22.2099191],[114.1470175,22.2103091],[114.1468238,22.2104506],[114.147068,22.2102985],[114.1473748,22.210924],[114.1478512,22.2111385],[114.149055,22.2109384],[114.1496442,22.2112061],[114.150297,22.2120028],[114.152045,22.2118918],[114.1522998,22.2112823],[114.1521828,22.2107053],[114.1523974,22.2105451],[114.1522083,22.2104514],[114.1522503,22.2099439],[114.1529221,22.2093062],[114.1537246,22.2094882],[114.1551266,22.2092824],[114.1555532,22.2097154],[114.1584737,22.2100917],[114.1582354,22.2102449],[114.1585203,22.2103062]],[[114.1361696,22.2248196],[114.1359571,22.2246977],[114.1360282,22.2240519],[114.1358549,22.2239221],[114.1360483,22.2235829],[114.1356239,22.2238875],[114.1342262,22.2230789],[114.1333333,22.2230837],[114.1330663,22.2241199],[114.1331155,22.225089],[114.1336066,22.2252263],[114.1349327,22.2263827],[114.1357608,22.2260673],[114.1361375,22.225642],[114.1361696,22.2248196]],[[114.136113,22.223913],[114.1362711,22.2239454],[114.1362445,22.223859],[114.136113,22.223913]],[[114.1206465,22.2330996],[114.120746,22.2330777],[114.12076,22.2329349],[114.1206465,22.2330996]]]},"properties":{"GmlID":"BrightLightFishing.7","OBJNAM":"The Soko Islands and West Lamma Channel","OBJECTID":7}},{"type":"Feature","geometry":{"type":"Polygon","coordinates":[[[114.2138856,22.1941755],[114.2113006,22.1968243],[114.2113102,22.1991101],[114.2108498,22.200516],[114.2112385,22.200852],[114.2113688,22.2013414],[114.2111871,22.2014125],[114.2113822,22.20136],[114.2116259,22.2019627],[114.2115197,22.2027824],[114.2119119,22.2041865],[114.2116057,22.2047289],[114.2119187,22.2048877],[114.2119559,22.2057837],[114.2114557,22.2073996],[114.2116893,22.2087092],[114.2126128,22.2100772],[114.2128687,22.210987],[114.2131597,22.2112211],[114.2138914,22.2110777],[114.2145583,22.2118322],[114.2141092,22.212084],[114.214778,22.2118567],[114.2150087,22.2124937],[114.2149284,22.213001],[114.2141678,22.2137704],[114.2143662,22.2145081],[114.2134561,22.2150882],[114.2135076,22.2164105],[114.2130847,22.2168383],[114.2122401,22.2166957],[114.2122464,22.2173828],[114.2118356,22.2180711],[114.2114427,22.2183759],[114.2103804,22.2185841],[114.2100646,22.2183609],[114.2102177,22.2181271],[114.2100694,22.2176072],[114.2103877,22.2171271],[114.210039,22.217568],[114.2089452,22.2173058],[114.2085595,22.2168075],[114.2079346,22.2169944],[114.2073769,22.2168343],[114.2062159,22.2151229],[114.2070709,22.2144836],[114.2070511,22.2140905],[114.2064742,22.2133909],[114.2058371,22.2131754],[114.2053054,22.2123763],[114.2046889,22.2123707],[114.2044943,22.2127917],[114.202988,22.2127011],[114.2028966,22.2129234],[114.2023225,22.212897],[114.2021347,22.2131138],[114.2009246,22.2120708],[114.2008215,22.2114206],[114.2001358,22.210586],[114.1993307,22.2102214],[114.197919,22.2103216],[114.1974769,22.21067],[114.1972699,22.2105039],[114.1969776,22.2110182],[114.1969045,22.2118946],[114.1971538,22.2128243],[114.1970447,22.2139023],[114.1972654,22.2143437],[114.1983913,22.2156603],[114.1994042,22.2159734],[114.2004688,22.2167759],[114.2018364,22.2169999],[114.2020808,22.2180705],[114.2019711,22.2186468],[114.2011869,22.2193186],[114.2013015,22.2197267],[114.2010882,22.2198486],[114.2013307,22.2201121],[114.2007852,22.2206851],[114.2008246,22.2210305],[114.1995407,22.220928],[114.1978785,22.2213825],[114.1970839,22.2218703],[114.196594,22.2218612],[114.1959885,22.2222631],[114.1955023,22.2228372],[114.1955515,22.2230901],[114.1953581,22.2229117],[114.1949282,22.2230212],[114.1940063,22.2237133],[114.1937924,22.2241891],[114.1945398,22.2243544],[114.1954685,22.2240197],[114.1958559,22.2241066],[114.1958559,22.2242257],[114.1967483,22.2241804],[114.1977906,22.2256845],[114.1978331,22.2261077],[114.1972548,22.2268331],[114.1970184,22.227765],[114.1964177,22.2281348],[114.1963498,22.2287409],[114.1966804,22.2292642],[114.1977735,22.2294706],[114.1982063,22.229983],[114.1982836,22.2319037],[114.1980805,22.2321188],[114.1984243,22.2329276],[114.1982492,22.2335609],[114.1984027,22.2341196],[114.1977429,22.2343765],[114.1982887,22.2343795],[114.1982938,22.234588],[114.196938,22.2344268],[114.1976134,22.2348992],[114.196107,22.236482],[114.1943465,22.2376662],[114.1940051,22.2376973],[114.1939385,22.2371516],[114.193695,22.2374493],[114.192634,22.2364611],[114.1913432,22.235959],[114.1899395,22.2360644],[114.1885694,22.2372298],[114.1876309,22.2386171],[114.1866949,22.2397026],[114.186633,22.2403556],[114.1869259,22.2410414],[114.1867331,22.2415686],[114.1875389,22.2422774],[114.1875953,22.2420838],[114.1880707,22.2422644],[114.1882441,22.2430303],[114.1878245,22.2442257],[114.1865683,22.2453355],[114.1858085,22.2457704],[114.1855324,22.2453587],[114.1853152,22.2455252],[114.1844839,22.2451707],[114.183409,22.245484],[114.1831591,22.2455072],[114.1828668,22.2455031],[114.182725,22.2454715],[114.1826734,22.2454953],[114.182129,22.2451938],[114.1801809,22.2449884],[114.1794031,22.2446786],[114.1785727,22.2437628],[114.1790461,22.2435465],[114.1789586,22.2434412],[114.1785575,22.243743],[114.1784827,22.2435909],[114.178433,22.2431293],[114.1784839,22.2429012],[114.1784245,22.2427246],[114.1784544,22.242577],[114.1778529,22.2418582],[114.1778395,22.241366],[114.1769956,22.2405922],[114.1766809,22.2405938],[114.1764887,22.2393369],[114.1752853,22.2381131],[114.1751387,22.2369595],[114.1747549,22.2368172],[114.1742772,22.235873],[114.1744016,22.2349936],[114.1741148,22.2343937],[114.17427,22.233739],[114.1739578,22.233367],[114.1733656,22.2305928],[114.1717544,22.2297433],[114.1711239,22.2299526],[114.170386,22.2307913],[114.1693613,22.2308998],[114.1692056,22.2312433],[114.169356,22.2313619],[114.1689176,22.2313009],[114.1682688,22.2321277],[114.1675377,22.2319757],[114.1673612,22.23256],[114.1669399,22.2323613],[114.1667623,22.2328088],[114.1661718,22.2330356],[114.1662287,22.2334912],[114.1667748,22.2338682],[114.1665767,22.2340747],[114.1672737,22.2346466],[114.1671421,22.2359571],[114.1651783,22.2362629],[114.1644003,22.238148],[114.1626592,22.2378588],[114.1644422,22.2383896],[114.1655751,22.2397589],[114.1657374,22.2415753],[114.1650534,22.2418692],[114.1649301,22.2423257],[114.164596,22.2420402],[114.1648255,22.242259],[114.1645881,22.2424959],[114.1642852,22.2422309],[114.1638712,22.2425949],[114.1634789,22.2423003],[114.1638123,22.2426469],[114.1635261,22.2426689],[114.1638958,22.2437312],[114.1636762,22.2440535],[114.1636737,22.2438412],[114.1635635,22.243962],[114.1634183,22.2436335],[114.1633081,22.2437544],[114.1633277,22.2435599],[114.1632175,22.2436807],[114.1631552,22.2434192],[114.1627947,22.2433351],[114.162892,22.2432043],[114.1627101,22.2432668],[114.1628074,22.2431361],[114.1625692,22.2433902],[114.1626953,22.2432828],[114.1626533,22.243459],[114.1627794,22.2433515],[114.1628301,22.2436015],[114.1630314,22.2435546],[114.1629177,22.2436727],[114.1632044,22.2436947],[114.1630907,22.2438127],[114.1632951,22.2437682],[114.1631814,22.2438863],[114.1635507,22.2439758],[114.1634369,22.2440938],[114.1638123,22.2441667],[114.1636934,22.2443223],[114.1639197,22.2442529],[114.1638009,22.2444085],[114.1640293,22.2443417],[114.1639105,22.2444974],[114.1641344,22.2444263],[114.1640616,22.2446458],[114.164285,22.244299],[114.1644105,22.2445744],[114.1645391,22.2444605],[114.1646276,22.2447658],[114.16448,22.2449285],[114.1642756,22.2447353],[114.1644053,22.2450108],[114.1641645,22.2448384],[114.1643292,22.2450947],[114.1640759,22.2450003],[114.1643144,22.2451109],[114.1642066,22.2453804],[114.1633887,22.2454858],[114.1638201,22.2450392],[114.1637656,22.2449929],[114.1633293,22.2454966],[114.1628684,22.2455565],[114.1637063,22.2447973],[114.1635875,22.2446976],[114.1627849,22.2455982],[114.1623623,22.2455379],[114.1631455,22.2447226],[114.1632357,22.2447767],[114.1634302,22.2445766],[114.1630248,22.2446763],[114.1632418,22.2444144],[114.1622144,22.2455159],[114.1621188,22.2451466],[114.1622555,22.2451757],[114.1631063,22.2443031],[114.1627845,22.2444734],[114.1630253,22.2442255],[114.1628876,22.2441108],[114.1620861,22.2451442],[114.1616341,22.2451562],[114.1616458,22.2448818],[114.1617697,22.2449895],[114.1627387,22.2439834],[114.1624863,22.243772],[114.162698,22.243996],[114.1623918,22.2438738],[114.1625686,22.2441299],[114.1623342,22.2439323],[114.1624963,22.2442045],[114.1622604,22.244008],[114.1624253,22.2442779],[114.1621865,22.2440772],[114.1624081,22.2442962],[114.1621172,22.2441532],[114.1622789,22.2444305],[114.1620407,22.2442317],[114.1622069,22.2445033],[114.1619524,22.2443224],[114.1621895,22.244521],[114.1618969,22.2443821],[114.1621152,22.244599],[114.1618071,22.2444756],[114.1619896,22.2447276],[114.1617509,22.2445284],[114.1619143,22.2448061],[114.1616576,22.2446237],[114.1618435,22.2448793],[114.1616057,22.2446794],[114.1618274,22.2448971],[114.1615387,22.2447937],[114.1614411,22.2453546],[114.1608811,22.2452325],[114.1606606,22.2454478],[114.1607405,22.2457666],[114.1604863,22.2456684],[114.1605467,22.2458978],[114.1600735,22.2460585],[114.1608456,22.2468633],[114.1609154,22.2473222],[114.1599273,22.2463547],[114.1593439,22.2468033],[114.1584429,22.2470555],[114.1566379,22.2466608],[114.1549833,22.2466362],[114.1542877,22.2472095],[114.1505346,22.2478512],[114.1504716,22.2476079],[114.1504502,22.2478693],[114.1500028,22.2479713],[114.148823,22.2478209],[114.1487642,22.2476087],[114.1487489,22.2478367],[114.1467123,22.2483008],[114.1440439,22.2481376],[114.1438256,22.248053],[114.1447854,22.2457113],[114.1437074,22.2481511],[114.1421583,22.2480193],[114.1411554,22.2483422],[114.1412022,22.2485091],[114.1396956,22.2488318],[114.1377797,22.2484664],[114.1365341,22.2489608],[114.1362574,22.2488177],[114.1349449,22.24995],[114.1342078,22.2512648],[114.1332155,22.2521693],[114.1334034,22.2525645],[114.1329965,22.2525158],[114.1327094,22.2520269],[114.1322339,22.2521401],[114.1324242,22.2517912],[114.1605134,22.2298785],[114.1604711,22.2302298],[114.158994,22.2315736],[114.1592194,22.2325269],[114.1590023,22.2325726],[114.1588301,22.2331471],[114.1592877,22.2335807],[114.1591091,22.2340039],[114.1562654,22.2352999],[114.1556923,22.2351678],[114.1548011,22.2354143],[114.1538985,22.236873],[114.1534992,22.2366028],[114.15184,22.2387219],[114.1488152,22.2393755],[114.1480554,22.2401012],[114.1477204,22.2413107],[114.1474033,22.2416413],[114.147539,22.241748],[114.1469993,22.2419337],[114.1472455,22.2419032],[114.1450403,22.2435024],[114.1441155,22.2437041],[114.1451985,22.2448603],[114.1472084,22.2449945],[114.1483833,22.2457039],[114.1494075,22.2455274],[114.1507617,22.2457165],[114.1540245,22.2445956],[114.1575251,22.2457786],[114.1592253,22.2452731],[114.1598348,22.2441467],[114.1589784,22.242188],[114.1591358,22.2420417],[114.1594635,22.2424378],[114.1591882,22.2420811],[114.1593964,22.24221],[114.1593392,22.2419624],[114.1596006,22.2422004],[114.1594367,22.2418205],[114.1598467,22.2422147],[114.1594123,22.2416946],[114.1596735,22.2418283],[114.1594999,22.241622],[114.1596996,22.2415937],[114.15997,22.2418689],[114.1597288,22.2416057],[114.1600337,22.2416723],[114.1599183,22.2413434],[114.1602769,22.2416848],[114.15993,22.2413325],[114.1602104,22.2412622],[114.1604568,22.24151],[114.1602002,22.2410791],[114.1605841,22.2413813],[114.1602929,22.240979],[114.1607619,22.2412432],[114.1604718,22.2409779],[114.1609252,22.2410611],[114.1605752,22.2408622],[114.1609826,22.2409713],[114.1606796,22.2406986],[114.1610755,22.2407097],[114.1606917,22.2406021],[114.1611109,22.2406213],[114.1608932,22.2405372],[114.1611463,22.24046],[114.1607593,22.2404996],[114.1608576,22.2401875],[114.1611892,22.2402727],[114.1608972,22.240066],[114.1612296,22.2401437],[114.1607446,22.2400012],[114.1607976,22.2398422],[114.1612249,22.2399573],[114.1609574,22.239871],[114.1610249,22.239673],[114.1613942,22.2397618],[114.1610632,22.2395735],[114.1614025,22.2396697],[114.1610903,22.2395074],[114.1614835,22.2396069],[114.1611168,22.2394335],[114.1614852,22.239525],[114.1611401,22.2393677],[114.1615215,22.2394421],[114.1611466,22.2393522],[114.1614266,22.239303],[114.1610872,22.2391451],[114.1614341,22.2392148],[114.1610632,22.2391079],[114.1606517,22.2384394],[114.1606863,22.2381416],[114.1610204,22.2380017],[114.1609253,22.2378152],[114.1605706,22.237961],[114.1609222,22.2375934],[114.160495,22.2374719],[114.1608947,22.2374647],[114.1609067,22.2372078],[114.1605918,22.2372698],[114.1606075,22.2371115],[114.1610503,22.2370558],[114.1606038,22.2370079],[114.1605577,22.2363755],[114.1631649,22.2363892],[114.160472,22.2362008],[114.1603738,22.235742],[114.1600864,22.2356799],[114.1600277,22.2351086],[114.159721,22.2349472],[114.1597848,22.2342563],[114.1593591,22.2338584],[114.1595581,22.2334334],[114.1615218,22.2326164],[114.1613928,22.2323646],[114.1615777,22.2321152],[114.1612813,22.2316438],[114.1615791,22.2312657],[114.1613566,22.2311043],[114.1618832,22.2304697],[114.1618174,22.2301194],[114.1615192,22.2299817],[114.1618951,22.2299472],[114.1625893,22.229068],[114.1623426,22.228845],[114.1618016,22.2288934],[114.2138856,22.1941755]],[[114.1882168,22.2151275],[114.1873957,22.2149669],[114.1872394,22.2147027],[114.1867896,22.2148812],[114.1857451,22.2139277],[114.1849839,22.2137416],[114.1838557,22.2151611],[114.1838764,22.2156651],[114.183352,22.2167704],[114.1837219,22.2173065],[114.1845669,22.2174668],[114.1867498,22.2169357],[114.1878341,22.216449],[114.1881063,22.2155996],[114.1878008,22.2153913],[114.1882168,22.2151275]],[[114.2129797,22.2162762],[114.2130124,22.2164726],[114.2130779,22.2164533],[114.2129797,22.2162762]],[[114.2104012,22.2176041],[114.2102664,22.2177965],[114.2103916,22.2177667],[114.2104012,22.2176041]],[[114.2123125,22.2112209],[114.2125724,22.211182],[114.2123085,22.2110909],[114.2123125,22.2112209]],[[114.1921229,22.2244979],[114.1919568,22.2241131],[114.1908886,22.2242706],[114.1909524,22.2244986],[114.1914567,22.2244935],[114.1913215,22.2246544],[114.1916532,22.2248649],[114.1921229,22.2244979]],[[114.1982349,22.2212041],[114.1979464,22.2211307],[114.1979173,22.221212],[114.1982349,22.2212041]],[[114.1742603,22.2343868],[114.1741487,22.2343795],[114.1742967,22.2344247],[114.1742603,22.2343868]],[[114.1746803,22.2364295],[114.174744,22.2364922],[114.1747373,22.2363635],[114.1746803,22.2364295]],[[114.1747604,22.2365756],[114.1747094,22.2365847],[114.1747616,22.2366326],[114.1747604,22.2365756]],[[114.1872429,22.238931],[114.1872907,22.2389789],[114.1873344,22.2388333],[114.1872429,22.238931]],[[114.1871545,22.2422001],[114.1870326,22.2422525],[114.1871739,22.242243],[114.1871545,22.2422001]],[[114.1785524,22.2427528],[114.1784457,22.2426715],[114.1785087,22.2427957],[114.1785524,22.2427528]],[[114.1832069,22.2454987],[114.1831501,22.2453546],[114.1831015,22.2453932],[114.1832069,22.2454987]],[[114.1896576,22.2354849],[114.1892561,22.2350173],[114.1895665,22.2347378],[114.1895096,22.2343867],[114.1892257,22.234393],[114.188029,22.2333308],[114.1875858,22.2332202],[114.1873112,22.2333461],[114.1873699,22.233569],[114.1860375,22.2337125],[114.186032,22.2330052],[114.1855754,22.2324504],[114.18389,22.2320633],[114.1835554,22.2322546],[114.18361,22.2325193],[114.1828703,22.233691],[114.1823192,22.2339444],[114.1818427,22.2346895],[114.1823132,22.2347859],[114.1821726,22.2352946],[114.1827503,22.2363466],[114.1839732,22.236275],[114.1847752,22.2358703],[114.1848002,22.2360395],[114.1851236,22.2359767],[114.1851639,22.2356253],[114.1856162,22.2358556],[114.1862097,22.2355179],[114.1862136,22.2358779],[114.1870269,22.2358241],[114.1863437,22.2360125],[114.187059,22.2359395],[114.1871702,22.235679],[114.1875762,22.2358753],[114.1875702,22.2360039],[114.1876847,22.2356836],[114.1886505,22.2359276],[114.1896576,22.2354849]],[[114.1937524,22.2243449],[114.1936062,22.2241694],[114.1933735,22.2243173],[114.1934693,22.2245423],[114.1937524,22.2243449]],[[114.1926115,22.2245691],[114.1927534,22.2243314],[114.192483,22.2243839],[114.1926115,22.2245691]],[[114.1620016,22.2430226],[114.1619824,22.2429354],[114.1619456,22.2429888],[114.1620016,22.2430226]],[[114.1954868,22.2241795],[114.1955782,22.2240704],[114.1954373,22.2241359],[114.1954868,22.2241795]],[[114.1854881,22.2361062],[114.1857122,22.2358218],[114.1854187,22.2359555],[114.1854881,22.2361062]],[[114.1873228,22.2360663],[114.1875149,22.2358597],[114.187276,22.2357844],[114.1873841,22.235837],[114.1873228,22.2360663]],[[114.1621621,22.2427346],[114.1621274,22.2426491],[114.1620966,22.2426982],[114.1621621,22.2427346]]]},"properties":{"GmlID":"BrightLightFishing.8","OBJNAM":"Hong Kong Island (South)","OBJECTID":8}},{"type":"Feature","geometry":{"type":"Polygon","coordinates":[[[114.2604339,22.2068624],[114.2603895,22.2075882],[114.2598684,22.2078943],[114.2586244,22.2075992],[114.2572924,22.2069412],[114.2569669,22.2070311],[114.25699,22.2072449],[114.2568227,22.2071542],[114.2566674,22.2080483],[114.2556941,22.2082333],[114.2551401,22.2073361],[114.255143,22.2070703],[114.255416,22.2073332],[114.2554658,22.2063019],[114.2551152,22.2059911],[114.2545462,22.2063487],[114.2547256,22.2064914],[114.2543894,22.2064724],[114.2544507,22.2068126],[114.2542204,22.206824],[114.2542095,22.2064412],[114.2536038,22.206467],[114.25383,22.2066837],[114.2533469,22.2068001],[114.253218,22.2072173],[114.2531809,22.2069453],[114.2530936,22.2069989],[114.2532224,22.2076502],[114.2526079,22.2076003],[114.2525572,22.2082167],[114.2522911,22.2082218],[114.2521995,22.2080746],[114.2522293,22.2083104],[114.2512815,22.2074158],[114.2497994,22.2072646],[114.2493601,22.2069622],[114.2486145,22.2074338],[114.248373,22.2069191],[114.2478123,22.2070147],[114.2469364,22.2067222],[114.2463721,22.2067833],[114.2457552,22.207194],[114.2442236,22.2073419],[114.243171,22.208115],[114.2427654,22.2079701],[114.2422262,22.208318],[114.2414848,22.2094408],[114.2414615,22.2103022],[114.2417526,22.2107981],[114.2413889,22.2107837],[114.2413023,22.211028],[114.2419516,22.2112418],[114.2422007,22.2110119],[114.2427257,22.2113351],[114.2431685,22.2119073],[114.2431711,22.2122911],[114.2429227,22.2139845],[114.2425388,22.2150073],[114.2420353,22.215503],[114.242291,22.2166792],[114.2418022,22.2176118],[114.2418049,22.2182377],[114.2405176,22.2188828],[114.2386547,22.2186136],[114.2384255,22.2183733],[114.2381757,22.2186111],[114.2375835,22.2184374],[114.237535,22.2186141],[114.2377013,22.2189778],[114.2408168,22.2191648],[114.2408407,22.2198231],[114.2413985,22.2201227],[114.2413402,22.2216268],[114.239954,22.222248],[114.2388739,22.2222667],[114.2383001,22.2214587],[114.2382493,22.2203314],[114.2379856,22.2203428],[114.2370252,22.2209608],[114.2364668,22.2210301],[114.235947,22.2216686],[114.235666,22.2225402],[114.2362914,22.2228728],[114.2362429,22.2243713],[114.236382,22.2251707],[114.2367004,22.2252683],[114.236772,22.2256907],[114.2364999,22.2266344],[114.2359462,22.2273615],[114.2361804,22.2277948],[114.2357538,22.2303314],[114.235907,22.2312466],[114.2353015,22.2320493],[114.2353928,22.2327292],[114.2349284,22.2334757],[114.2351924,22.2335118],[114.2351435,22.2338962],[114.2343516,22.2351797],[114.2337255,22.2357505],[114.2338184,22.2361394],[114.2344871,22.2362188],[114.2348348,22.2368102],[114.234569,22.2378516],[114.2346092,22.2391849],[114.2349141,22.2395972],[114.2346739,22.2408932],[114.2341435,22.2414804],[114.2337252,22.2413439],[114.2338105,22.2405842],[114.2335169,22.2391333],[114.2323404,22.2404529],[114.2319721,22.2405148],[114.2309563,22.2414899],[114.2305525,22.2413816],[114.2278754,22.2420891],[114.2270986,22.2417907],[114.2267493,22.2413714],[114.2260327,22.2413722],[114.2255648,22.2422618],[114.2254777,22.2430684],[114.2257464,22.2431146],[114.2259558,22.2436592],[114.2252413,22.2447228],[114.2251603,22.245758],[114.2245906,22.2463011],[114.2246901,22.2465489],[114.225191,22.2466627],[114.2250334,22.24684],[114.2242627,22.2466743],[114.2240979,22.2470497],[114.2229086,22.2460526],[114.2234967,22.2458972],[114.2221868,22.2452338],[114.2218412,22.2447745],[114.2216168,22.2448598],[114.221932,22.2445713],[114.2223547,22.2450153],[114.2233114,22.2449271],[114.22343,22.2438914],[114.2232398,22.2442889],[114.2230906,22.2441957],[114.2229903,22.2435636],[114.2238008,22.2429001],[114.2233606,22.2428235],[114.2238294,22.2416595],[114.2244124,22.2385302],[114.2256461,22.238364],[114.2258512,22.2388877],[114.2258409,22.2386953],[114.2280814,22.2381183],[114.2288063,22.2373968],[114.2287245,22.2358193],[114.2293417,22.2342641],[114.2296006,22.234141],[114.229776,22.23309],[114.2294861,22.2325662],[114.2300405,22.2317043],[114.2293222,22.2300603],[114.228523,22.2297129],[114.2270371,22.2297867],[114.2253024,22.2306717],[114.223836,22.2329596],[114.2229913,22.2328113],[114.2230553,22.2316949],[114.2226193,22.2313005],[114.2224253,22.2314213],[114.2220135,22.2305787],[114.2217267,22.2305354],[114.2218455,22.2303191],[114.2215451,22.2296205],[114.2207939,22.2290609],[114.2206509,22.2292245],[114.2204914,22.2289023],[114.2201228,22.2290603],[114.219887,22.2288445],[114.2200788,22.2286121],[114.2187338,22.2290173],[114.2185465,22.228677],[114.2188174,22.2283936],[114.2187343,22.2278902],[114.218939,22.2276197],[114.2185311,22.2276695],[114.2185631,22.2273393],[114.2182533,22.2272948],[114.2182028,22.2265695],[114.2175025,22.2261435],[114.2170185,22.225371],[114.2159921,22.2250551],[114.2155635,22.2248294],[114.2158077,22.2247684],[114.2156501,22.2245319],[114.2149632,22.2243537],[114.2148934,22.2240004],[114.2152145,22.2234353],[114.2147616,22.2228326],[114.2150022,22.2225956],[114.2143165,22.2223727],[114.214118,22.2213495],[114.2142123,22.2197934],[114.2147346,22.2189263],[114.2152467,22.2188494],[114.2152032,22.2193337],[114.2164924,22.2184574],[114.2169201,22.2175978],[114.2183427,22.2171329],[114.2183208,22.2168079],[114.2188918,22.2167575],[114.2189942,22.2163567],[114.2191572,22.216324],[114.2196161,22.2164137],[114.2196841,22.2168939],[114.2198489,22.2165958],[114.2207696,22.2164037],[114.2204362,22.21606],[114.2209379,22.2152776],[114.2213264,22.2152431],[114.2211628,22.2155942],[114.2215914,22.2155083],[114.2213497,22.2157144],[114.2221279,22.2155727],[114.2213634,22.215172],[114.2218083,22.2151882],[114.2223077,22.2148653],[114.2225603,22.2142065],[114.2224196,22.2138679],[114.2227626,22.2134077],[114.222669,22.2127457],[114.2221657,22.2125269],[114.2216755,22.2128453],[114.221451,22.2124894],[114.221236,22.2125864],[114.2205811,22.2117727],[114.2207173,22.2114871],[114.2204239,22.2112162],[114.220457,22.2101748],[114.2196131,22.2096512],[114.2187718,22.2099286],[114.218195,22.2089675],[114.2188336,22.2073656],[114.220275,22.2066685],[114.220172,22.2055495],[114.2193603,22.2051733],[114.221111,22.2038486],[114.2216051,22.2023235],[114.2232607,22.2005947],[114.2231396,22.1992662],[114.2236772,22.1990023],[114.2240758,22.1984103],[114.2239208,22.1971596],[114.2230459,22.1958605],[114.2604339,22.2068624]],[[114.2233469,22.243704],[114.2233377,22.2433574],[114.2232796,22.2437277],[114.2233469,22.243704]],[[114.2238265,22.244553],[114.2240116,22.2442682],[114.2238775,22.2440882],[114.2236944,22.2442564],[114.2238265,22.244553]],[[114.2238036,22.246448],[114.2235132,22.2464967],[114.2234896,22.2465215],[114.2237504,22.2466089],[114.2238036,22.246448]],[[114.2213679,22.2160972],[114.2213632,22.2163138],[114.2214233,22.2161475],[114.2213679,22.2160972]],[[114.2192149,22.2164842],[114.2193406,22.2163876],[114.2192525,22.216395],[114.2192149,22.2164842]],[[114.2152739,22.223122],[114.2153139,22.2231779],[114.2153334,22.2231571],[114.2152739,22.223122]],[[114.215246,22.2232231],[114.2152793,22.2232338],[114.2152775,22.2232045],[114.215246,22.2232231]],[[114.215317,22.2233535],[114.2153588,22.2233141],[114.2152969,22.2233146],[114.215317,22.2233535]],[[114.2153497,22.2233918],[114.2154122,22.223437],[114.2154213,22.2233941],[114.2153497,22.2233918]],[[114.2154128,22.2234681],[114.2154262,22.2234415],[114.2154176,22.2234365],[114.2154128,22.2234681]],[[114.2155068,22.2237023],[114.2152794,22.2234669],[114.2153462,22.223757],[114.2151207,22.2238728],[114.2155068,22.2237023]],[[114.215394,22.2234895],[114.2153558,22.2235149],[114.2154346,22.2235161],[114.215394,22.2234895]],[[114.2154467,22.2235669],[114.2154007,22.2235471],[114.2154014,22.223569],[114.2154467,22.2235669]],[[114.2150171,22.2242674],[114.2150614,22.2243193],[114.2150978,22.2242724],[114.2150171,22.2242674]],[[114.2185327,22.2270938],[114.2183666,22.227165],[114.2183818,22.2272349],[114.2185327,22.2270938]],[[114.2183563,22.2270617],[114.2183575,22.2271169],[114.2183897,22.2270933],[114.2183563,22.2270617]],[[114.2187207,22.2273726],[114.2188008,22.2275187],[114.2188493,22.2274018],[114.2187207,22.2273726]],[[114.218796,22.2279155],[114.2189294,22.2279014],[114.2188919,22.2278344],[114.218796,22.2279155]],[[114.2244878,22.2454065],[114.2243272,22.2453812],[114.2243545,22.2455144],[114.2244878,22.2454065]],[[114.2245831,22.245696],[114.2244898,22.2456786],[114.2245243,22.2457452],[114.2245831,22.245696]],[[114.2244049,22.2458164],[114.2243357,22.2456911],[114.2243212,22.2458135],[114.2244049,22.2458164]],[[114.2247481,22.2458394],[114.2246305,22.2458134],[114.224665,22.2458901],[114.2247481,22.2458394]],[[114.2240232,22.2466862],[114.2238892,22.2466896],[114.2239293,22.2467144],[114.2240232,22.2466862]],[[114.2554236,22.2058002],[114.2552212,22.2057613],[114.2552922,22.2059413],[114.2554236,22.2058002]],[[114.255499,22.2060068],[114.2556104,22.2059452],[114.2554225,22.2059402],[114.255499,22.2060068]],[[114.2555389,22.2061518],[114.2553984,22.2062004],[114.2555627,22.2062715],[114.2555389,22.2061518]],[[114.2587552,22.2074287],[114.2587092,22.2075433],[114.2588038,22.2075376],[114.2587552,22.2074287]],[[114.2525239,22.2081743],[114.2521958,22.2078482],[114.2525196,22.2081964],[114.2525239,22.2081743]],[[114.2147505,22.2224206],[114.2147808,22.2223394],[114.2146936,22.2223591],[114.2147505,22.2224206]],[[114.2210276,22.2153928],[114.2211422,22.2154237],[114.2210762,22.2153108],[114.2210276,22.2153928]],[[114.2232812,22.2452686],[114.2227708,22.2454386],[114.2238059,22.2457961],[114.2238962,22.2455901],[114.2232812,22.2452686]],[[114.2373718,22.2196984],[114.237803,22.2199256],[114.2383565,22.2198587],[114.2377101,22.2195687],[114.2377985,22.2191667],[114.237334,22.2193592],[114.2373718,22.2196984]],[[114.2210861,22.2160785],[114.2206969,22.2160013],[114.2205111,22.2160669],[114.2210861,22.2160785]],[[114.2227844,22.2073973],[114.2237388,22.2064731],[114.2229115,22.2064908],[114.2218952,22.2073879],[114.2220498,22.2075414],[114.2227844,22.2073973]],[[114.2351919,22.2327877],[114.2352965,22.2328286],[114.2352443,22.2327118],[114.2351919,22.2327877]]]},"properties":{"GmlID":"BrightLightFishing.9","OBJNAM":"Hong Kong Island (South)","OBJECTID":9}},{"type":"Feature","geometry":{"type":"Polygon","coordinates":[[[114.2745484,22.1629621],[114.2884896,22.1809396],[114.2876079,22.1806538],[114.2857186,22.1810173],[114.2856664,22.1812228],[114.2847153,22.1815231],[114.284102,22.1813931],[114.2839877,22.1817804],[114.2843451,22.1823672],[114.2839523,22.1822935],[114.2840994,22.1828098],[114.2835099,22.1830794],[114.2835856,22.1847337],[114.2830462,22.1853572],[114.2827165,22.1854087],[114.2830937,22.1857184],[114.2831797,22.186445],[114.2840626,22.1872344],[114.2854919,22.1866887],[114.2860623,22.1868396],[114.2858898,22.1879918],[114.286249,22.1884143],[114.2860797,22.18894],[114.2872714,22.1901363],[114.2539559,22.1900891],[114.2541108,22.1897424],[114.2545667,22.1899296],[114.2553649,22.1897616],[114.255745,22.1887946],[114.256108,22.1887905],[114.2564544,22.1882141],[114.2564477,22.187175],[114.2568642,22.186252],[114.2568194,22.1851232],[114.2565779,22.184648],[114.2567406,22.1840546],[114.2559962,22.182456],[114.2543755,22.1810118],[114.2506033,22.1792418],[114.250447,22.1795049],[114.2507031,22.1800817],[114.2498416,22.1807288],[114.2478037,22.1810926],[114.2475561,22.1815561],[114.2467974,22.1816919],[114.2454295,22.1814785],[114.2456564,22.1794555],[114.2445513,22.178558],[114.2500468,22.1663522],[114.2508768,22.1674165],[114.2508541,22.1679984],[114.2519176,22.1692656],[114.2521028,22.1705094],[114.2525804,22.1714079],[114.254579,22.1727729],[114.2555814,22.1742202],[114.2554192,22.1743405],[114.2555564,22.174836],[114.2559887,22.1751173],[114.2563858,22.1746341],[114.2567047,22.1746052],[114.2569753,22.175332],[114.2578836,22.1761974],[114.2591159,22.1768171],[114.2602439,22.1770955],[114.2615023,22.1768668],[114.2615682,22.1773329],[114.2620223,22.1776246],[114.2621451,22.1774021],[114.2627862,22.1775223],[114.2632395,22.1773378],[114.2632579,22.1777017],[114.2639174,22.1780617],[114.2637818,22.1792825],[114.264209,22.1802209],[114.2655711,22.1807846],[114.2663316,22.1808483],[114.2668869,22.1801462],[114.2672157,22.1785571],[114.2679951,22.1788237],[114.2682397,22.1785098],[114.2682492,22.1778397],[114.2686311,22.178202],[114.2691098,22.1782034],[114.2698067,22.1771639],[114.2698688,22.1774635],[114.2701473,22.1774785],[114.2701703,22.1771983],[114.2709229,22.1769854],[114.2712466,22.1762166],[114.2715545,22.1761311],[114.2718799,22.17434],[114.2716258,22.1740467],[114.2721688,22.173971],[114.2722248,22.1734893],[114.2727799,22.1726576],[114.2722434,22.1713828],[114.2715727,22.170677],[114.2714397,22.1690901],[114.2717415,22.1692581],[114.2717226,22.168907],[114.2721152,22.1687939],[114.2724746,22.1681464],[114.2732665,22.1675384],[114.2730654,22.1672136],[114.2725612,22.167106],[114.2730174,22.1668219],[114.2731181,22.1661123],[114.273432,22.1661867],[114.2738021,22.1658901],[114.2737853,22.1653494],[114.2740462,22.1649366],[114.2737255,22.1639432],[114.2743816,22.163618],[114.2745484,22.1629621]],[[114.2734984,22.1727164],[114.2733945,22.172321],[114.2726843,22.1718426],[114.2728871,22.1726191],[114.2732378,22.1728271],[114.2734984,22.1727164]],[[114.2694548,22.1783691],[114.2696548,22.178439],[114.2696894,22.1783402],[114.2694548,22.1783691]]]},"properties":{"GmlID":"BrightLightFishing.10","OBJNAM":"Hong Kong Island (South)","OBJECTID":10}},{"type":"Feature","geometry":{"type":"Polygon","coordinates":[[[114.3526585,22.2541052],[114.3526345,22.2545428],[114.3515742,22.2561823],[114.3521986,22.2558503],[114.3520269,22.2562536],[114.352645,22.2559743],[114.3529809,22.2560911],[114.3525863,22.2568063],[114.3518399,22.2570339],[114.3526559,22.2570781],[114.3523054,22.258054],[114.3518527,22.2582787],[114.352208,22.2584916],[114.3519409,22.2595664],[114.352298,22.2594367],[114.3523011,22.2597324],[114.3519625,22.2602259],[114.3512995,22.2605673],[114.3510423,22.2602271],[114.3514222,22.2599523],[114.3515899,22.2591155],[114.3513101,22.2591365],[114.3513452,22.2579097],[114.3509754,22.2579569],[114.3508604,22.2576648],[114.3512255,22.257124],[114.3490405,22.2581451],[114.3479006,22.2579767],[114.3482561,22.257507],[114.3479861,22.2570692],[114.3480891,22.2566212],[114.3478125,22.2567894],[114.3478983,22.2560993],[114.3486346,22.2551182],[114.3483632,22.2550753],[114.3485163,22.2548421],[114.3483593,22.2546504],[114.3470884,22.2548158],[114.3460473,22.2553421],[114.3453971,22.2550357],[114.3002173,22.2609123],[114.3002431,22.261205],[114.3006575,22.2615046],[114.3005173,22.2620048],[114.3009593,22.2620668],[114.3004196,22.2624798],[114.3006499,22.2627719],[114.3004781,22.2634632],[114.3006902,22.2633615],[114.3006885,22.2636318],[114.3004719,22.2639353],[114.3003186,22.2637661],[114.3002265,22.2644542],[114.2995591,22.2650071],[114.3000412,22.2649043],[114.2997173,22.2654016],[114.3001504,22.2654987],[114.3003972,22.2663424],[114.30078,22.2665408],[114.3010093,22.2663522],[114.3011703,22.2668003],[114.3022424,22.2657961],[114.3028691,22.265822],[114.3032034,22.2651971],[114.3051173,22.2645249],[114.3052807,22.2647432],[114.3045138,22.2654934],[114.3049826,22.2653868],[114.3046965,22.265785],[114.3055709,22.2653276],[114.3057792,22.2653853],[114.3056351,22.2656378],[114.3059522,22.2654851],[114.3062567,22.265888],[114.3064899,22.2658167],[114.3062884,22.2667176],[114.3066651,22.266406],[114.3063692,22.2671048],[114.3070841,22.2677585],[114.3065013,22.2691764],[114.305657,22.2698713],[114.3050258,22.2693232],[114.3047684,22.2686923],[114.3035983,22.2688782],[114.302435,22.2680926],[114.3024781,22.2682912],[114.3021477,22.2682535],[114.3013237,22.2690879],[114.3004586,22.2691659],[114.3002987,22.2693673],[114.3007765,22.2707649],[114.3014778,22.2714797],[114.30379,22.26956],[114.3041852,22.2695024],[114.3044284,22.2697973],[114.3018183,22.2719738],[114.3013944,22.2729025],[114.3016314,22.2729945],[114.3014243,22.2733188],[114.3016768,22.2734893],[114.3012442,22.2738527],[114.30039,22.2761773],[114.3003175,22.2790131],[114.300658,22.2787685],[114.3007614,22.2789625],[114.3019173,22.2788722],[114.3031287,22.2794612],[114.3015851,22.2805374],[114.3003871,22.2805656],[114.2995192,22.2802653],[114.2982841,22.2788925],[114.2974949,22.2772867],[114.2958551,22.2763898],[114.2955406,22.2767095],[114.2954392,22.2765983],[114.2958447,22.2763329],[114.2952266,22.2760708],[114.2954443,22.2760633],[114.2956089,22.2755564],[114.2952765,22.2749535],[114.2953989,22.273783],[114.295165,22.2730525],[114.2945947,22.2729555],[114.2934058,22.2732454],[114.2926445,22.2739848],[114.2928226,22.2756864],[114.2938224,22.2771664],[114.2944974,22.2769333],[114.2952231,22.2773644],[114.29579,22.2778429],[114.2957446,22.2783667],[114.2963568,22.278818],[114.296005,22.2792361],[114.2944367,22.2791977],[114.2939863,22.2795108],[114.2929925,22.278783],[114.2919878,22.2792807],[114.2894504,22.2797326],[114.2883774,22.2804139],[114.2881368,22.2807104],[114.2882599,22.2810603],[114.2878565,22.2813407],[114.2879328,22.2833105],[114.2885968,22.2840433],[114.2885934,22.2843927],[114.2890865,22.2843976],[114.2894267,22.2847293],[114.2900036,22.2846853],[114.2904711,22.2853572],[114.2899589,22.2857747],[114.2894511,22.2856411],[114.288966,22.2859403],[114.28871,22.285849],[114.2880985,22.2863336],[114.2879028,22.2880895],[114.2881409,22.2886618],[114.2901956,22.2900928],[114.290662,22.2909724],[114.2916475,22.291315],[114.2926495,22.2908859],[114.2941471,22.2908384],[114.2945585,22.2900086],[114.2940121,22.2895289],[114.2939434,22.2891558],[114.2945867,22.2883057],[114.2950693,22.2883871],[114.296024,22.287946],[114.2971641,22.2877908],[114.29736,22.2882494],[114.2976982,22.2882253],[114.2987384,22.2873789],[114.2996824,22.2871258],[114.3003178,22.2872754],[114.3010362,22.2870347],[114.3015059,22.2875432],[114.3016349,22.2873298],[114.3020211,22.2873697],[114.3024499,22.2881845],[114.3022888,22.288363],[114.302466,22.2887101],[114.3035139,22.2895288],[114.3033652,22.2897136],[114.3036377,22.2898796],[114.3034465,22.2899682],[114.3038025,22.2904242],[114.3041239,22.2904505],[114.3037963,22.2905348],[114.3052657,22.291168],[114.3053409,22.2914559],[114.3059459,22.2913205],[114.3061119,22.2915559],[114.3057722,22.2919701],[114.3066627,22.2922855],[114.3075642,22.2921613],[114.3075322,22.2924702],[114.3086076,22.2921028],[114.3089891,22.2925781],[114.3097698,22.2925922],[114.3100326,22.2928707],[114.310146,22.29324],[114.3099547,22.2935708],[114.3103516,22.293836],[114.3107609,22.295396],[114.3102148,22.2956097],[114.3103448,22.295692],[114.3099726,22.2960437],[114.3103977,22.2960121],[114.310561,22.2962318],[114.3091726,22.2967182],[114.3091791,22.2970047],[114.3094042,22.2972657],[114.3099825,22.2973655],[114.3099209,22.2975435],[114.3112516,22.2975695],[114.3115317,22.2978283],[114.3118639,22.2976502],[114.3116062,22.2980237],[114.3110123,22.2980805],[114.3121196,22.2981841],[114.3121557,22.2983649],[114.3118399,22.299811],[114.3115104,22.3002203],[114.3105266,22.3005138],[114.3108624,22.3005502],[114.3104961,22.3007686],[114.3110064,22.3008771],[114.3110878,22.3011192],[114.3104256,22.3022698],[114.3104791,22.3025982],[114.309383,22.303075],[114.3089569,22.3036234],[114.3087665,22.3034118],[114.3078161,22.3047906],[114.3072741,22.3051313],[114.3074922,22.3051393],[114.3073881,22.3053321],[114.3071662,22.3052544],[114.3066921,22.3057849],[114.3062589,22.3056677],[114.3063307,22.3059832],[114.305933,22.3059347],[114.3061101,22.306277],[114.3057328,22.306648],[114.3052211,22.3066351],[114.3047851,22.3072477],[114.3035714,22.307887],[114.3038346,22.3083309],[114.3046364,22.3084466],[114.3046941,22.3089261],[114.304223,22.3095565],[114.3035097,22.3095125],[114.3031851,22.309793],[114.3030502,22.3100279],[114.3032922,22.310162],[114.303269,22.3105526],[114.3029046,22.310349],[114.3027387,22.3105632],[114.3023025,22.3100822],[114.3023571,22.3098296],[114.3012782,22.3094162],[114.3003016,22.3100175],[114.2997611,22.3098987],[114.2988547,22.3102846],[114.2965617,22.3084892],[114.2960266,22.3077926],[114.2949085,22.3072778],[114.2946926,22.3069676],[114.2952632,22.3067844],[114.295771,22.3060176],[114.2959903,22.3045016],[114.2943989,22.3042997],[114.2941226,22.3040368],[114.2933891,22.3042718],[114.2923593,22.3040726],[114.2921287,22.3046341],[114.2924372,22.3052806],[114.2923129,22.3055504],[114.2929419,22.3063829],[114.2929561,22.3069818],[114.2923253,22.3067211],[114.291684,22.3070203],[114.2910411,22.3069409],[114.290397,22.3076067],[114.2925471,22.3103473],[114.2923633,22.3110591],[114.2915815,22.3116156],[114.2924264,22.3123407],[114.29246,22.3127918],[114.2922074,22.313288],[114.2911329,22.3137417],[114.2907144,22.3136728],[114.2899958,22.3142145],[114.2898735,22.315671],[114.2902382,22.3157278],[114.2903404,22.3160138],[114.290084,22.3163243],[114.2901078,22.3167634],[114.2897525,22.3170961],[114.2900935,22.3170271],[114.2900509,22.317336],[114.2893648,22.318588],[114.2889728,22.3186403],[114.2891928,22.3187063],[114.2891334,22.3189164],[114.2884626,22.3193762],[114.2887412,22.3197913],[114.2895869,22.3196126],[114.289488,22.3198312],[114.2898052,22.3200676],[114.289479,22.3205904],[114.2896528,22.3206052],[114.2892384,22.3207968],[114.2896074,22.3207304],[114.2896451,22.3210274],[114.288958,22.3212968],[114.2884279,22.3209274],[114.288527,22.3201384],[114.2873649,22.3198799],[114.2856925,22.3201643],[114.2851842,22.3206406],[114.2855006,22.3213499],[114.2848742,22.3215668],[114.2834149,22.3211466],[114.2824756,22.3213682],[114.2817332,22.320702],[114.2782646,22.3193015],[114.2775398,22.3196433],[114.2774626,22.3201545],[114.2776214,22.3201997],[114.2774515,22.3201669],[114.2767385,22.321555],[114.2757507,22.3219735],[114.272219,22.3224115],[114.271622,22.3231187],[114.2722657,22.3245105],[114.2721432,22.32554],[114.2718639,22.3256997],[114.2716863,22.3263439],[114.2719865,22.3265477],[114.2720993,22.3286869],[114.2724308,22.3289169],[114.2722392,22.329471],[114.2720362,22.3296646],[114.2719725,22.3295217],[114.2716563,22.3305242],[114.2708762,22.3308747],[114.2705714,22.3315915],[114.2703107,22.3324665],[114.2703928,22.3333437],[114.2706574,22.3334372],[114.2708091,22.3338876],[114.2701559,22.334732],[114.2702405,22.3350701],[114.2699625,22.3352037],[114.2698722,22.3360769],[114.2692156,22.3365779],[114.2695614,22.3378676],[114.26895,22.3379635],[114.2690464,22.3377523],[114.2673961,22.3383939],[114.2669926,22.3383176],[114.2666341,22.3396472],[114.2664635,22.3399072],[114.2661309,22.3399085],[114.2658537,22.3403916],[114.2658693,22.3418542],[114.2655507,22.3417412],[114.2647859,22.3423743],[114.2638742,22.3420088],[114.2633945,22.3420146],[114.2631723,22.341855],[114.2633645,22.342035],[114.2646835,22.3424186],[114.2649201,22.3423624],[114.265583,22.3418607],[114.2661301,22.3421134],[114.2660343,22.3424806],[114.2662072,22.3425472],[114.2657433,22.3428823],[114.265522,22.3440734],[114.2658188,22.3447588],[114.2662228,22.3449226],[114.2659821,22.3458006],[114.2660774,22.3465169],[114.26638,22.3469121],[114.2672499,22.3468828],[114.2671907,22.3470765],[114.266733,22.3470477],[114.2666316,22.3480138],[114.2686321,22.3494593],[114.2684024,22.3501471],[114.2686586,22.3501365],[114.2681475,22.3507957],[114.2682515,22.3510842],[114.2661011,22.351174],[114.2650481,22.3504196],[114.2648708,22.350092],[114.2649288,22.3488877],[114.2651813,22.3484887],[114.2651835,22.348313],[114.2651448,22.3482317],[114.2650864,22.3481932],[114.2651516,22.3484616],[114.2648703,22.3489603],[114.2648487,22.3497959],[114.2643933,22.3505724],[114.2648257,22.3522598],[114.2638742,22.3528813],[114.2629003,22.354155],[114.2628056,22.3546449],[114.2625442,22.3547192],[114.2614173,22.3541625],[114.2607618,22.3545167],[114.2600727,22.3555823],[114.2607606,22.3562061],[114.2605425,22.3568611],[114.2597598,22.356467],[114.2598617,22.3552462],[114.2573458,22.3557966],[114.2556954,22.3558438],[114.2549997,22.3538646],[114.2546981,22.3538642],[114.2543948,22.3533465],[114.253856,22.3539314],[114.2532805,22.3538202],[114.2531004,22.3529663],[114.2524876,22.3526653],[114.2521547,22.3521379],[114.2507502,22.353779],[114.2504965,22.3545244],[114.2507056,22.3546795],[114.2512112,22.3536205],[114.2517474,22.3532103],[114.2515123,22.3536306],[114.2520221,22.3539957],[114.2522332,22.3546931],[114.2519387,22.3548435],[114.2530894,22.3555214],[114.2536886,22.355373],[114.2537877,22.3559142],[114.2547232,22.356467],[114.2572951,22.3572096],[114.2558914,22.3574116],[114.2558723,22.3573696],[114.2551507,22.3571908],[114.2538989,22.3565901],[114.2537263,22.3566119],[114.2539129,22.3565991],[114.254239,22.3567805],[114.252929,22.3566464],[114.2527427,22.3571349],[114.2529034,22.3572176],[114.2530607,22.3567462],[114.2529243,22.3572287],[114.2532379,22.35739],[114.2531507,22.3571879],[114.2534365,22.3570567],[114.2532871,22.3569581],[114.2535052,22.3569424],[114.2533608,22.3568403],[114.2535184,22.3569201],[114.2534851,22.3567647],[114.2537018,22.3568751],[114.2532605,22.3574029],[114.253574,22.3575644],[114.2538346,22.3569123],[114.2541189,22.3570591],[114.253945,22.3569881],[114.2540598,22.3571602],[114.2537759,22.3572757],[114.2539328,22.3573763],[114.2537674,22.3572913],[114.2538233,22.3575584],[114.2535974,22.3575773],[114.2541039,22.3578396],[114.2540024,22.3576496],[114.2542746,22.3575537],[114.2541102,22.3574671],[114.254284,22.3575367],[114.2541697,22.3573673],[114.2544543,22.3572507],[114.2543002,22.3571517],[114.2546411,22.3573277],[114.2544726,22.357264],[114.2545155,22.3575451],[114.2543549,22.3574617],[114.2543974,22.3577414],[114.2541876,22.3577439],[114.2543398,22.3578462],[114.2541242,22.3578488],[114.2546332,22.3581127],[114.2545994,22.3578201],[114.2547607,22.3579045],[114.2546586,22.3577211],[114.2549314,22.3576104],[114.2547811,22.3575117],[114.2550032,22.3574969],[114.2548502,22.357398],[114.2552282,22.35759],[114.2550237,22.3575052],[114.2551321,22.3577523],[114.254937,22.3576532],[114.2550605,22.3578728],[114.2548023,22.3578809],[114.2549991,22.3579801],[114.2547913,22.3578959],[114.2549258,22.3581013],[114.2546578,22.3581232],[114.2548444,22.3582407],[114.2545848,22.3582474],[114.2547811,22.3583493],[114.2545123,22.3583717],[114.2546985,22.3584898],[114.2544431,22.3584879],[114.2546293,22.3586074],[114.2543677,22.3586107],[114.254558,22.3587297],[114.2542097,22.3585502],[114.2546205,22.3581349],[114.2542081,22.3579212],[114.2540476,22.358473],[114.2537658,22.3583284],[114.2541846,22.3579093],[114.2537735,22.3576982],[114.2536175,22.3582502],[114.253341,22.3581079],[114.253753,22.3576874],[114.2533434,22.357477],[114.2531845,22.3580277],[114.2529401,22.3579032],[114.2533219,22.3574656],[114.2530072,22.3573035],[114.2527717,22.3576558],[114.2529857,22.3572925],[114.2526798,22.3571329],[114.2527271,22.3568638],[114.2525738,22.3575315],[114.2525749,22.3579082],[114.2528559,22.3580517],[114.2531168,22.3591152],[114.2532499,22.3593549],[114.2533152,22.3594259],[114.253389,22.3594766],[114.2534775,22.3595032],[114.2538668,22.3595073],[114.2534614,22.3594924],[114.2533192,22.3594232],[114.2531462,22.3591637],[114.2528739,22.3580499],[114.2526671,22.3579256],[114.25289,22.3580379],[114.2534004,22.3594562],[114.2538665,22.3594823],[114.2538644,22.3593214],[114.2535057,22.3593115],[114.2534307,22.3592802],[114.2533833,22.3592209],[114.2535132,22.359295],[114.2538641,22.3592955],[114.2533756,22.359187],[114.2533781,22.3584383],[114.2542481,22.3588579],[114.2542985,22.3590291],[114.253983,22.3592939],[114.2539831,22.3595057],[114.254119,22.3594859],[114.2542399,22.3594246],[114.254998,22.358836],[114.2557666,22.3587876],[114.2557684,22.3585561],[114.2551564,22.3584742],[114.2556035,22.3577366],[114.2559746,22.3577225],[114.256269,22.3580329],[114.2561525,22.3580462],[114.2562508,22.3581644],[114.2561444,22.3581886],[114.2561994,22.3585007],[114.2558922,22.3585566],[114.2558886,22.3587845],[114.2563273,22.3588964],[114.2570068,22.3593233],[114.2571403,22.3593737],[114.257285,22.3593592],[114.2573477,22.3593321],[114.2574197,22.3592769],[114.2578928,22.3587733],[114.257932,22.3586787],[114.2579311,22.3585726],[114.257901,22.3584953],[114.2578365,22.3584196],[114.2571328,22.3579647],[114.2570422,22.3580856],[114.2577177,22.3585164],[114.2573432,22.3590204],[114.2570801,22.3588498],[114.2573347,22.3589907],[114.257205,22.3586817],[114.2574493,22.3588364],[114.2575622,22.3586844],[114.2573305,22.3585138],[114.2576824,22.3585224],[114.2571239,22.3581661],[114.2567675,22.3586507],[114.2565346,22.3585028],[114.2567587,22.3586211],[114.2566035,22.3583478],[114.2569705,22.358333],[114.2566453,22.3581044],[114.2569825,22.3583167],[114.257103,22.3581528],[114.2567274,22.3579132],[114.2571152,22.3579533],[114.2567736,22.3576602],[114.2580918,22.35755],[114.2590893,22.3580505],[114.2590755,22.3584459],[114.2571339,22.3607071],[114.2571556,22.3610993],[114.2576286,22.3610082],[114.2572569,22.3610911],[114.2570038,22.3612208],[114.2570234,22.3613027],[114.2576266,22.3619562],[114.2580777,22.3617627],[114.2576493,22.3619667],[114.2581037,22.3629058],[114.2584573,22.3627064],[114.2585534,22.363076],[114.2590207,22.3625218],[114.2585417,22.3631145],[114.2588789,22.3629488],[114.2587057,22.3633014],[114.2589415,22.3634209],[114.2590575,22.3631208],[114.2589471,22.3634299],[114.2592095,22.3631597],[114.2591489,22.3634233],[114.2600179,22.3621579],[114.2599188,22.3620184],[114.2601191,22.3621299],[114.2593913,22.3633747],[114.2598188,22.3637567],[114.2601058,22.3636006],[114.2597882,22.363825],[114.2600124,22.3641751],[114.2598417,22.3642988],[114.2603502,22.364355],[114.2598148,22.3644295],[114.2602364,22.3645193],[114.2599689,22.3650447],[114.2603537,22.3650197],[114.2603355,22.3647415],[114.2603776,22.3650166],[114.2604641,22.364873],[114.2604862,22.3650025],[114.2605686,22.3649919],[114.2605784,22.3649893],[114.2608411,22.3645165],[114.2611341,22.3651301],[114.260245,22.365523],[114.2605766,22.3655532],[114.2602268,22.365745],[114.2611435,22.3657943],[114.2606548,22.3659959],[114.2605882,22.3674524],[114.2603673,22.3679646],[114.2600723,22.3680507],[114.2599432,22.3687173],[114.2604212,22.3687577],[114.2607841,22.3685083],[114.261241,22.3677719],[114.2620304,22.3677931],[114.2628413,22.3674918],[114.2628792,22.3680804],[114.2631017,22.3682662],[114.2628659,22.3684257],[114.262709,22.3696198],[114.2632324,22.3696764],[114.2636489,22.3692372],[114.2641965,22.3696229],[114.2637441,22.3701261],[114.2639498,22.370272],[114.2637211,22.370568],[114.263815,22.3708767],[114.2640811,22.3707061],[114.2638612,22.3711282],[114.263191,22.3717255],[114.262923,22.3716746],[114.2636173,22.3723298],[114.2641014,22.3723818],[114.2650015,22.3712768],[114.2656659,22.371022],[114.2654254,22.370753],[114.265676,22.3710144],[114.2665632,22.3702145],[114.267577,22.3704696],[114.2679831,22.3702283],[114.2678977,22.3698887],[114.2682007,22.3693006],[114.2662293,22.3690594],[114.2662571,22.3688376],[114.2662493,22.3690445],[114.2664171,22.3688563],[114.266526,22.3690785],[114.2665683,22.3688734],[114.2665407,22.3690802],[114.2682064,22.3692843],[114.2681713,22.3689732],[114.2668921,22.3684653],[114.2667972,22.3686433],[114.266771,22.3684172],[114.2666741,22.3685965],[114.2666475,22.3683682],[114.2665488,22.3685489],[114.2665549,22.3683315],[114.2664538,22.3685128],[114.2665459,22.368303],[114.2680882,22.3688447],[114.2683286,22.3690427],[114.2683888,22.3687407],[114.2662827,22.3680104],[114.2664293,22.3676893],[114.2663444,22.3679058],[114.2665584,22.3677404],[114.2665426,22.3679844],[114.2666396,22.3677726],[114.2666418,22.3680238],[114.2667388,22.3678119],[114.2668401,22.3681023],[114.2669549,22.3678976],[114.2668579,22.3681093],[114.2670993,22.3679949],[114.2670179,22.3681727],[114.2672243,22.3680445],[114.2672894,22.3682803],[114.2673708,22.3681025],[114.267435,22.368338],[114.2675343,22.3681673],[114.2674528,22.3683451],[114.2683932,22.3687188],[114.2684518,22.3684208],[114.2680702,22.3681838],[114.2682458,22.3681422],[114.2677174,22.3677091],[114.2676083,22.3678243],[114.2674023,22.3674508],[114.2672649,22.3675957],[114.2672843,22.367354],[114.2671469,22.367499],[114.2671677,22.3672585],[114.2670205,22.3674139],[114.2670876,22.3671928],[114.2669403,22.3673482],[114.2670075,22.3671271],[114.2668456,22.3672706],[114.2669929,22.3671152],[114.2666999,22.3671511],[114.2667671,22.3669301],[114.2666198,22.3670855],[114.26668,22.3668586],[114.2655741,22.3676177],[114.2669643,22.3665788],[114.2667003,22.3668434],[114.2669471,22.3667879],[114.2668099,22.3669331],[114.2670456,22.3668685],[114.2670119,22.3670982],[114.2671637,22.366965],[114.2670265,22.3671102],[114.2672646,22.36708],[114.2671446,22.3672069],[114.2673608,22.3671587],[114.2672554,22.3672975],[114.2674891,22.3672637],[114.2673692,22.3673905],[114.2675752,22.3673545],[114.2676849,22.3676487],[114.2678085,22.3675453],[114.2676995,22.3676607],[114.2681908,22.3678869],[114.2684581,22.368388],[114.2687017,22.3678024],[114.2680991,22.3672613],[114.2681472,22.3670735],[114.2680111,22.3671587],[114.268068,22.366968],[114.2679219,22.3670442],[114.2679072,22.366753],[114.2677496,22.366852],[114.2678131,22.3666266],[114.2676387,22.3666842],[114.268,22.3664216],[114.2678328,22.3666121],[114.2686895,22.3677584],[114.2689201,22.3674162],[114.2687648,22.3669959],[114.2688361,22.3666791],[114.2689662,22.3674136],[114.2698382,22.366532],[114.2700955,22.3655123],[114.2697391,22.3648444],[114.2701471,22.3634686],[114.2697923,22.3626783],[114.2689776,22.3618957],[114.2688552,22.3612037],[114.2680158,22.3607612],[114.267477,22.3600193],[114.2671677,22.3601918],[114.2659259,22.3597961],[114.2656252,22.3598981],[114.2654217,22.3596568],[114.2654975,22.3591347],[114.2651061,22.3590498],[114.2655654,22.3588773],[114.2652391,22.3575189],[114.2653873,22.3572176],[114.264956,22.3562416],[114.2651867,22.3564079],[114.265771,22.3560229],[114.2657029,22.3563647],[114.265935,22.3565555],[114.2657817,22.3568493],[114.2660365,22.3567902],[114.2659028,22.3570115],[114.2661922,22.357204],[114.2663323,22.3570678],[114.2670089,22.3576489],[114.2673734,22.3573688],[114.267614,22.3576409],[114.268616,22.3576554],[114.268693,22.3573672],[114.2695402,22.3572305],[114.2715025,22.3588664],[114.2718532,22.3596998],[114.2725226,22.3600563],[114.2722749,22.3581531],[114.272104,22.3577154],[114.2718168,22.3576809],[114.2720303,22.3575255],[114.271692,22.3575102],[114.2718747,22.3574102],[114.2717055,22.3571333],[114.271319,22.3572357],[114.2713774,22.3567087],[114.2711525,22.3567042],[114.2713643,22.3566725],[114.2714855,22.3561541],[114.2712898,22.3561022],[114.2715368,22.3560428],[114.2715604,22.3552909],[114.2723356,22.3542215],[114.2724483,22.3535171],[114.2726912,22.3535448],[114.2730857,22.3524835],[114.273725,22.3518253],[114.2734455,22.3512713],[114.2741227,22.3513154],[114.2747944,22.3508635],[114.274808,22.3506322],[114.2748037,22.3509705],[114.2749732,22.3506994],[114.2752946,22.3507748],[114.2752772,22.351737],[114.2756161,22.3523458],[114.2752573,22.3528705],[114.275905,22.3532881],[114.2757031,22.3538979],[114.2761713,22.3543383],[114.2764934,22.354089],[114.2768802,22.3543873],[114.2772326,22.354288],[114.2778904,22.3548626],[114.2777853,22.3556304],[114.277531,22.3556196],[114.2774246,22.3561679],[114.2769576,22.3566607],[114.2771596,22.3570456],[114.2768521,22.3571594],[114.2770502,22.357608],[114.2768161,22.3575508],[114.2770955,22.3580341],[114.2782626,22.3583313],[114.2787639,22.3591309],[114.2781667,22.3601483],[114.2775176,22.3601608],[114.2771493,22.3608853],[114.2763619,22.3606766],[114.2760408,22.360956],[114.2753223,22.3609385],[114.2748744,22.3617246],[114.2749619,22.3625606],[114.2744589,22.3626203],[114.2740966,22.3634332],[114.2742339,22.3637127],[114.2732046,22.3638516],[114.2726379,22.364609],[114.2726458,22.3652947],[114.2730222,22.3661311],[114.2727855,22.3665174],[114.2725034,22.3664896],[114.2724511,22.3670044],[114.2718862,22.3679524],[114.2716773,22.370129],[114.2722414,22.3706955],[114.2721966,22.3710647],[114.2731694,22.3718037],[114.273028,22.3719562],[114.2737723,22.3727398],[114.2750804,22.3753606],[114.2745748,22.3756536],[114.2747341,22.3757737],[114.2741385,22.375868],[114.2745906,22.3776863],[114.2742581,22.3780064],[114.2733272,22.3780835],[114.2731226,22.3776022],[114.2724835,22.3777195],[114.2724336,22.3779346],[114.2724682,22.3776571],[114.2718336,22.3773604],[114.2714177,22.3777942],[114.2710354,22.3776596],[114.2710771,22.378014],[114.2709937,22.3778559],[114.2702706,22.3781954],[114.2701633,22.377981],[114.2698527,22.3780118],[114.2703796,22.3789354],[114.270783,22.3791975],[114.2715692,22.3790471],[114.2717998,22.3793103],[114.271929,22.3791258],[114.2718521,22.3792879],[114.2725171,22.379638],[114.274152,22.3814524],[114.2747288,22.38097],[114.2741958,22.3815006],[114.2746789,22.3820362],[114.2758079,22.3811349],[114.2747061,22.3820637],[114.2761271,22.3836442],[114.2770975,22.3836102],[114.2775457,22.3841589],[114.2763562,22.3859345],[114.2759609,22.3875686],[114.2762064,22.3893803],[114.2764179,22.3897916],[114.2766324,22.3897118],[114.27643,22.3898127],[114.2766421,22.390188],[114.2764162,22.390332],[114.2765743,22.3914963],[114.2775172,22.3929394],[114.2775269,22.3938431],[114.2787507,22.3948432],[114.2800485,22.3944133],[114.2808074,22.3935716],[114.2805189,22.3931517],[114.2809201,22.3927196],[114.2812822,22.392882],[114.2816107,22.3937322],[114.2826519,22.3946135],[114.2827676,22.3953595],[114.2828607,22.3950908],[114.2842193,22.3952409],[114.285427,22.3960185],[114.2854037,22.3962907],[114.2858163,22.3957032],[114.286406,22.3961587],[114.2863812,22.3955942],[114.2873395,22.3949778],[114.287427,22.3942168],[114.2881113,22.3943192],[114.2889759,22.3939807],[114.2889356,22.393102],[114.2891761,22.3926456],[114.2889164,22.3925411],[114.2884445,22.3920633],[114.2891955,22.392589],[114.2894392,22.391649],[114.29044,22.3897696],[114.2910694,22.3891593],[114.2915884,22.3891191],[114.2931273,22.3881706],[114.2941473,22.3882265],[114.2947357,22.3885966],[114.2952995,22.3897059],[114.2953127,22.390715],[114.295788,22.3903084],[114.2958674,22.3907219],[114.296649,22.3907276],[114.296985,22.3896504],[114.2965875,22.3890308],[114.2966969,22.3885769],[114.2964975,22.3885458],[114.2969762,22.3884272],[114.2971298,22.3880476],[114.2972463,22.3882274],[114.2976768,22.3880586],[114.2980393,22.3882694],[114.2985437,22.3881789],[114.2990659,22.3877745],[114.2992351,22.387257],[114.2980623,22.3868315],[114.2980782,22.3867949],[114.299175,22.3872126],[114.2996976,22.3863634],[114.2997207,22.385821],[114.2986311,22.3845277],[114.2987887,22.3841051],[114.2993752,22.3842085],[114.299931,22.3849496],[114.3011997,22.3849172],[114.302238,22.3852418],[114.3024903,22.3858814],[114.3018941,22.3866674],[114.301552,22.3884486],[114.2998901,22.3897849],[114.2998793,22.3905288],[114.2994078,22.3919238],[114.2994357,22.3920974],[114.3000215,22.3903776],[114.2999507,22.3898471],[114.3017749,22.3885998],[114.3031856,22.3864033],[114.3044714,22.3858382],[114.3042474,22.3842948],[114.3047518,22.3840118],[114.305962,22.3844494],[114.3060833,22.3856191],[114.3064147,22.3858778],[114.3068948,22.3856012],[114.3076821,22.3857509],[114.3075204,22.3854092],[114.3081537,22.3848097],[114.3087516,22.3853809],[114.3095614,22.3853033],[114.3098585,22.3848936],[114.3101635,22.3849114],[114.3101672,22.3853134],[114.3105373,22.3855077],[114.3104252,22.3860707],[114.3099164,22.3862663],[114.309731,22.3866153],[114.3086608,22.3866882],[114.3086576,22.3871981],[114.3083902,22.3873228],[114.3087287,22.3875606],[114.3088443,22.3885742],[114.3087031,22.3887063],[114.3085023,22.3884269],[114.308062,22.3884104],[114.3084599,22.3889188],[114.3084196,22.3898812],[114.3093125,22.3892524],[114.3093719,22.3896506],[114.3100846,22.3899545],[114.3097984,22.3908919],[114.3099042,22.3922669],[114.3101776,22.3925773],[114.3113043,22.3925186],[114.311327,22.3927158],[114.3124895,22.393168],[114.3142781,22.3927604],[114.3141998,22.392923],[114.3148524,22.3930949],[114.3150515,22.3934124],[114.3156964,22.3933301],[114.3158203,22.3936944],[114.316895,22.3944453],[114.3171365,22.394348],[114.3170695,22.3938534],[114.3175224,22.3940468],[114.3179798,22.3935909],[114.3185238,22.3935305],[114.3191324,22.3938077],[114.3200203,22.3935773],[114.3210349,22.3937499],[114.3213787,22.396381],[114.3218935,22.3972743],[114.3215158,22.3985998],[114.3219297,22.3988671],[114.3221084,22.398679],[114.3218173,22.398415],[114.322161,22.3975504],[114.3218571,22.3968544],[114.3219925,22.3964296],[114.3217127,22.3960377],[114.3212229,22.3927839],[114.32112,22.3924256],[114.3209314,22.3925269],[114.3211167,22.3924015],[114.320793,22.3916281],[114.3200284,22.39264],[114.3191675,22.3928311],[114.3189385,22.392434],[114.3174734,22.3917621],[114.3171922,22.3913803],[114.3173255,22.3908204],[114.3171007,22.3907737],[114.3173209,22.3907888],[114.317461,22.3904226],[114.3177384,22.3906795],[114.3182647,22.3905529],[114.3183455,22.3903338],[114.3182417,22.390056],[114.3177673,22.3901014],[114.317566,22.3898916],[114.3178622,22.388633],[114.3191999,22.3882619],[114.3194547,22.3883182],[114.319667,22.388828],[114.319827,22.3886137],[114.320293,22.3886566],[114.3197964,22.3882557],[114.3200311,22.3883123],[114.3199933,22.387449],[114.3191378,22.3870031],[114.3191118,22.3856196],[114.3188423,22.3855047],[114.318474,22.3842619],[114.3180673,22.3837776],[114.3180606,22.3822966],[114.3188978,22.3816338],[114.3192993,22.3816235],[114.3198229,22.3825564],[114.3204794,22.3827273],[114.3213211,22.3824241],[114.3215714,22.3827695],[114.3224656,22.3828326],[114.322747,22.3835444],[114.3231492,22.3837252],[114.3230774,22.384157],[114.3234072,22.3842639],[114.3240374,22.3835047],[114.3229051,22.382322],[114.3227791,22.3813903],[114.3243328,22.3800064],[114.3248072,22.3799342],[114.3260136,22.3789848],[114.3314387,22.3774604],[114.3326245,22.3765862],[114.3343355,22.3778051],[114.3349036,22.3786394],[114.3354152,22.3785926],[114.3354457,22.3782446],[114.3356749,22.3782028],[114.3350331,22.3769588],[114.335392,22.3767668],[114.3345809,22.3745585],[114.3345558,22.3709583],[114.3341717,22.3708233],[114.3342167,22.3703563],[114.3350201,22.3696329],[114.3349175,22.3693747],[114.3351234,22.3695786],[114.3361414,22.3689383],[114.3367826,22.3691287],[114.3375273,22.3683818],[114.3352358,22.3679751],[114.3348318,22.3676884],[114.3340201,22.3676895],[114.3333463,22.3680809],[114.3330825,22.3678363],[114.332978,22.3672331],[114.3325988,22.3668015],[114.3326024,22.3659529],[114.3321624,22.3655746],[114.3321097,22.3651889],[114.3314479,22.3648701],[114.3310519,22.3639869],[114.3318053,22.3620632],[114.3328452,22.3614198],[114.3336268,22.3603254],[114.3350754,22.3590954],[114.3354007,22.3591947],[114.3362092,22.3587949],[114.3365949,22.3597421],[114.3374013,22.3596737],[114.3380423,22.3590309],[114.3383636,22.3582355],[114.3382397,22.3580063],[114.3385658,22.3576603],[114.3390504,22.3573885],[114.3395544,22.3574966],[114.3409418,22.356765],[114.3411841,22.3561225],[114.3416788,22.355738],[114.3413238,22.3554628],[114.3415802,22.355587],[114.3421138,22.3548839],[114.3420397,22.3540266],[114.3400619,22.3548249],[114.3388291,22.3545025],[114.3381336,22.3546736],[114.338107,22.3542539],[114.3383831,22.3542761],[114.3385333,22.3538808],[114.3388145,22.3539708],[114.3393819,22.3536543],[114.3395176,22.3532108],[114.3389683,22.3521389],[114.3391297,22.3514616],[114.3400678,22.3510014],[114.3400066,22.3507463],[114.3402878,22.3508503],[114.3401887,22.3505487],[114.3406044,22.3502408],[114.3408261,22.3503334],[114.3409345,22.3500539],[114.3406534,22.3497985],[114.3409811,22.3495063],[114.3410803,22.3488158],[114.3417713,22.3488056],[114.3418694,22.3483683],[114.3424549,22.3480962],[114.3422567,22.3479199],[114.3424067,22.3475971],[114.3426893,22.3473521],[114.3431204,22.3475173],[114.3429059,22.3471792],[114.34322,22.3470045],[114.3437058,22.3468989],[114.3442917,22.3472328],[114.344077,22.3477422],[114.3448054,22.3481695],[114.3447721,22.3488688],[114.3450794,22.3489664],[114.3448552,22.3491303],[114.3451107,22.3491916],[114.3452725,22.3501616],[114.3455646,22.3504938],[114.3464287,22.3503483],[114.3466384,22.3505228],[114.3466389,22.3502332],[114.3470724,22.3507299],[114.3474667,22.3506015],[114.3475204,22.3503312],[114.3477646,22.3504949],[114.3477333,22.3501556],[114.3484436,22.3506269],[114.3485775,22.3505187],[114.348522,22.3507802],[114.3488783,22.3510592],[114.3488196,22.3514268],[114.3494161,22.3518406],[114.3493295,22.3528175],[114.3496908,22.3526783],[114.349247,22.3529877],[114.3495599,22.3533594],[114.3494741,22.3538705],[114.3503249,22.3541636],[114.3503532,22.354928],[114.3504285,22.3543725],[114.3509452,22.3544404],[114.3513078,22.3538729],[114.3511837,22.3548777],[114.351629,22.3548057],[114.3517432,22.3549904],[114.352758,22.3517002],[114.3531631,22.3511823],[114.352911,22.350871],[114.3531615,22.3504515],[114.352919,22.3504788],[114.3536284,22.3502931],[114.3535096,22.349839],[114.3538249,22.3497429],[114.3536323,22.349543],[114.3538597,22.3489848],[114.354983,22.3481063],[114.3548445,22.3478027],[114.3539917,22.3479721],[114.3532174,22.3482437],[114.3527974,22.3481056],[114.352822,22.3483443],[114.3526302,22.3483157],[114.3527337,22.3478282],[114.3519976,22.3477716],[114.3518668,22.3480378],[114.3511884,22.3480629],[114.3510565,22.3478722],[114.3514174,22.3475763],[114.3514411,22.3471468],[114.3519195,22.3469669],[114.3521285,22.3472778],[114.3525052,22.3472178],[114.3524508,22.3465036],[114.352743,22.3458053],[114.3524781,22.3457346],[114.3524401,22.3454646],[114.3522954,22.3456767],[114.3522169,22.3452939],[114.3526163,22.3447535],[114.3528989,22.343327],[114.3527742,22.3427204],[114.3531978,22.3424234],[114.3529068,22.3425268],[114.3530479,22.3423756],[114.3534813,22.3424004],[114.3544695,22.3417403],[114.3542542,22.3413354],[114.3544584,22.3413673],[114.3542866,22.3409],[114.3545015,22.3407233],[114.3543232,22.3406848],[114.3548609,22.3396596],[114.3545836,22.339341],[114.3544025,22.3394362],[114.3544217,22.3391546],[114.3541898,22.3392008],[114.3550408,22.3374456],[114.3548709,22.3373898],[114.3550473,22.33728],[114.3548617,22.3364815],[114.3551159,22.3361876],[114.3558966,22.3361598],[114.3556513,22.3359833],[114.3557907,22.3357112],[114.3567452,22.3353112],[114.3570669,22.3353754],[114.3570039,22.3357803],[114.3574039,22.335638],[114.3574371,22.3361714],[114.3575839,22.3360387],[114.3576578,22.3362893],[114.3582957,22.3364516],[114.3583753,22.336212],[114.3585516,22.3363663],[114.3584063,22.3365503],[114.3589847,22.3363358],[114.3591978,22.3365112],[114.359085,22.3371436],[114.3594783,22.3384739],[114.3593564,22.3383798],[114.3591402,22.3393749],[114.3586809,22.3394699],[114.3599144,22.3404495],[114.3597547,22.3404649],[114.3603219,22.3411007],[114.3603465,22.3414784],[114.3611421,22.341083],[114.3615203,22.3412209],[114.3608151,22.3419058],[114.3612554,22.3420601],[114.3612458,22.3425983],[114.360435,22.3427574],[114.3600464,22.3442503],[114.3591632,22.3450214],[114.3596558,22.3448257],[114.3592115,22.3452835],[114.359187,22.345998],[114.3597092,22.3465009],[114.3597186,22.3469044],[114.3600808,22.3471036],[114.3600433,22.3474086],[114.3596869,22.3475815],[114.3597683,22.347771],[114.3602149,22.3479487],[114.3599206,22.3487886],[114.3593844,22.3492309],[114.359551,22.3513414],[114.3616628,22.3520769],[114.3627059,22.3509537],[114.3629571,22.3509806],[114.3630949,22.3506198],[114.3630611,22.3508605],[114.3634423,22.3507206],[114.3644181,22.3491413],[114.364392,22.3492989],[114.36481,22.349057],[114.3655343,22.349167],[114.3652952,22.3497812],[114.3656172,22.349775],[114.3662261,22.3503609],[114.3666858,22.3502412],[114.3667723,22.3498298],[114.367562,22.3495107],[114.3675995,22.3498005],[114.3668231,22.3499482],[114.3673353,22.3502152],[114.3676694,22.3507488],[114.3670585,22.3505138],[114.3673514,22.3509158],[114.3672591,22.3511201],[114.3665774,22.350775],[114.3671419,22.3513526],[114.3666415,22.3515119],[114.3666903,22.3518864],[114.3648182,22.3526107],[114.3638781,22.3526742],[114.3639976,22.3536222],[114.3644941,22.353488],[114.364798,22.3538797],[114.3649436,22.353627],[114.3652113,22.3536056],[114.3648026,22.3540521],[114.3651251,22.3541211],[114.3647737,22.3544895],[114.3648477,22.3547696],[114.3656397,22.3550601],[114.3661708,22.3543704],[114.3663824,22.3546943],[114.3664338,22.3542625],[114.3671889,22.3536811],[114.3674441,22.3537175],[114.3672281,22.3540562],[114.3674386,22.354026],[114.3674035,22.3542732],[114.3679084,22.3538521],[114.3680234,22.3541561],[114.3680609,22.3538841],[114.368206,22.3540945],[114.3683451,22.3538181],[114.3684578,22.3540219],[114.3692506,22.353989],[114.369713,22.353408],[114.3692726,22.3536314],[114.3696295,22.3529887],[114.3702642,22.3523962],[114.3704946,22.3525798],[114.3704104,22.3523395],[114.3708308,22.3517574],[114.3712056,22.3518594],[114.3714056,22.3526671],[114.3709391,22.3530101],[114.3709344,22.3530972],[114.3712943,22.3531248],[114.3710693,22.3533666],[114.3718299,22.3540351],[114.3738659,22.3533174],[114.373941,22.3536866],[114.3736876,22.3538534],[114.3741701,22.3538712],[114.3740794,22.3545107],[114.3731852,22.3553789],[114.3741627,22.3559381],[114.3746966,22.3557143],[114.374863,22.3558122],[114.3747263,22.3561329],[114.3753913,22.3559443],[114.37555,22.3562197],[114.3751977,22.3562067],[114.3749656,22.3563973],[114.3750863,22.3565861],[114.3746653,22.3566485],[114.3750293,22.3576594],[114.3753667,22.3576682],[114.3753662,22.3578784],[114.3759605,22.3576213],[114.3758518,22.3578196],[114.3765481,22.3572901],[114.3768721,22.35733],[114.3770562,22.3577956],[114.3777939,22.357659],[114.3775885,22.3579933],[114.377771,22.3583132],[114.3771733,22.3589789],[114.3762902,22.3591354],[114.3762279,22.3594061],[114.3756668,22.35968],[114.3749539,22.3593564],[114.3749487,22.3597113],[114.3746113,22.3593581],[114.3742505,22.3595419],[114.3770879,22.3635218],[114.3774146,22.3632226],[114.378026,22.3633156],[114.378117,22.3629964],[114.3793391,22.3629702],[114.3801575,22.3632562],[114.3806955,22.3638626],[114.3811101,22.3654946],[114.3810268,22.3659808],[114.3806398,22.3659294],[114.3809085,22.366262],[114.3808498,22.3665738],[114.3801848,22.366898],[114.3793094,22.3666347],[114.3798621,22.3672002],[114.3794236,22.3675247],[114.3793597,22.3679337],[114.3775462,22.3689578],[114.3760089,22.3691347],[114.3759993,22.3697576],[114.3757234,22.3697612],[114.3756981,22.3701139],[114.3759839,22.3702502],[114.3760969,22.3705216],[114.375739,22.3706293],[114.3758497,22.3709379],[114.3755122,22.3709738],[114.3757937,22.3716333],[114.3751972,22.3720713],[114.3754524,22.3723381],[114.3752286,22.3726678],[114.3758639,22.3736702],[114.3770244,22.3747673],[114.3778602,22.3749838],[114.3782716,22.3741534],[114.3783534,22.3744863],[114.3792351,22.3739141],[114.3793542,22.3742324],[114.3794948,22.3739369],[114.3801194,22.3740687],[114.3800343,22.3738967],[114.3804504,22.3737337],[114.3808093,22.3741852],[114.3812194,22.3740788],[114.3811053,22.3743089],[114.3815927,22.3744273],[114.3816789,22.3758044],[114.382421,22.3759188],[114.3826839,22.3752531],[114.3829504,22.3752557],[114.3828003,22.3749553],[114.3830112,22.3749991],[114.3829566,22.3746426],[114.3832924,22.3747295],[114.3830966,22.3744611],[114.3833674,22.3743564],[114.3830838,22.3742859],[114.382931,22.3738439],[114.3830645,22.3733819],[114.3832244,22.3733348],[114.3831696,22.3735788],[114.38334,22.3733338],[114.3830642,22.3731226],[114.383363,22.3729317],[114.3833698,22.3723354],[114.3839807,22.3713388],[114.3846148,22.3712044],[114.3846124,22.3709085],[114.384815,22.3710474],[114.3852163,22.3699349],[114.3860203,22.3691147],[114.3854672,22.3691614],[114.385686,22.3686552],[114.3853343,22.3686512],[114.3853182,22.3684644],[114.3854849,22.3679965],[114.3858952,22.3679704],[114.3857845,22.3676633],[114.3863925,22.3671126],[114.385883,22.3673608],[114.3859901,22.3670341],[114.3869746,22.3659305],[114.3878015,22.3656776],[114.3880421,22.3658527],[114.3879846,22.3662206],[114.388408,22.3655493],[114.3896978,22.3650682],[114.3898725,22.3653248],[114.3892222,22.3657663],[114.3899976,22.3658456],[114.3893929,22.3665644],[114.3901751,22.366194],[114.3903688,22.3658331],[114.3908148,22.3663441],[114.3897654,22.3670713],[114.3900046,22.367411],[114.3895427,22.3680508],[114.390652,22.3674638],[114.3911875,22.3674073],[114.3910222,22.367481],[114.391459,22.3676808],[114.3915683,22.3685849],[114.3914526,22.3691328],[114.3910874,22.3694224],[114.3912941,22.3699285],[114.3909845,22.370662],[114.3904306,22.3708104],[114.389781,22.3697579],[114.3901124,22.3710754],[114.3899474,22.3717524],[114.3894502,22.3720786],[114.3895761,22.3723898],[114.3887263,22.373283],[114.3882936,22.3744325],[114.3879657,22.3746738],[114.3874067,22.3745524],[114.387678,22.3751201],[114.3872185,22.3751635],[114.3873665,22.3757009],[114.3868499,22.3759818],[114.3871363,22.3762286],[114.3864374,22.3769027],[114.3868496,22.3768466],[114.3866772,22.3772796],[114.3868544,22.3774658],[114.387617,22.376809],[114.3879775,22.376831],[114.38795,22.3771128],[114.3880512,22.3769364],[114.3884219,22.3770129],[114.3885946,22.3764692],[114.3888076,22.376496],[114.3886773,22.3768124],[114.389461,22.3766516],[114.389732,22.3769196],[114.38997,22.3763637],[114.3898874,22.3772202],[114.3902761,22.3767564],[114.3905261,22.3775106],[114.3907291,22.3773688],[114.3907182,22.3767638],[114.3909643,22.3767295],[114.3908643,22.3768648],[114.3911694,22.3768109],[114.39158,22.3772137],[114.3914521,22.3778283],[114.3918453,22.377874],[114.3915334,22.3783309],[114.3912995,22.378229],[114.3914037,22.3787415],[114.3908741,22.379155],[114.3911233,22.3791076],[114.3908203,22.3796066],[114.3915093,22.3795156],[114.39086,22.3802994],[114.3913596,22.3802255],[114.3913363,22.3805434],[114.3909924,22.3808523],[114.3905439,22.3808502],[114.3906996,22.3810652],[114.3904846,22.3812911],[114.3900584,22.381318],[114.3902223,22.3816169],[114.3898204,22.3816759],[114.3901984,22.3818508],[114.3898208,22.3821265],[114.3902919,22.3822945],[114.3902044,22.3831072],[114.3903557,22.3831545],[114.3901241,22.3833722],[114.3900513,22.3837953],[114.3903848,22.384181],[114.3901073,22.3848988],[114.3903697,22.3849323],[114.3901988,22.3851921],[114.3903832,22.3853164],[114.3897584,22.3855955],[114.3902179,22.3856717],[114.3906979,22.3864214],[114.3899238,22.3876132],[114.39062,22.3874676],[114.390739,22.3877442],[114.3901264,22.388186],[114.3897355,22.3881029],[114.3895357,22.3885617],[114.3897465,22.3886429],[114.3894347,22.3889723],[114.3888338,22.3889156],[114.3888719,22.3891565],[114.3886095,22.3892603],[114.3881095,22.3890362],[114.3877548,22.3892109],[114.3878724,22.389436],[114.3870529,22.3896033],[114.3869482,22.3899097],[114.3871321,22.3899999],[114.3866059,22.3901055],[114.3869332,22.3903817],[114.3866958,22.390609],[114.3861431,22.3905548],[114.385484,22.3899689],[114.3852181,22.3896606],[114.385336,22.3892792],[114.3850539,22.3894649],[114.3850611,22.3892702],[114.3844335,22.3892695],[114.3837528,22.3909232],[114.3830595,22.3916397],[114.3826275,22.3917241],[114.3827106,22.39147],[114.3824568,22.3916418],[114.3822437,22.3914058],[114.3816018,22.391692],[114.3813677,22.3915721],[114.381674,22.3922206],[114.3816019,22.3932028],[114.3813566,22.3937083],[114.3806172,22.393987],[114.3809191,22.3941874],[114.3802519,22.395127],[114.3798308,22.3953598],[114.3800534,22.3955611],[114.3796442,22.3961099],[114.379013,22.3957922],[114.3790709,22.396102],[114.3788006,22.3958924],[114.3788148,22.3961393],[114.3785854,22.3959439],[114.3785496,22.3961711],[114.378399,22.3957911],[114.3781381,22.39647],[114.3775542,22.3969926],[114.3770106,22.3969455],[114.3766901,22.396497],[114.3764841,22.3965313],[114.3766979,22.3974024],[114.3764548,22.3982859],[114.3762895,22.3981197],[114.3760897,22.3983284],[114.3757291,22.3981367],[114.3754048,22.3982781],[114.3745466,22.3979867],[114.3740059,22.3969982],[114.3729588,22.3965163],[114.3719415,22.3954381],[114.3721497,22.3952788],[114.3718938,22.3953277],[114.3706599,22.3942882],[114.3702462,22.3941736],[114.3702223,22.3943732],[114.3696062,22.3935789],[114.3703156,22.3949677],[114.3706604,22.3947209],[114.3711565,22.3949522],[114.3719695,22.3957178],[114.3716977,22.3961421],[114.3722714,22.3958466],[114.3726128,22.3964806],[114.3713467,22.3976036],[114.3715777,22.3981618],[114.3709555,22.3980362],[114.3704103,22.3982375],[114.3700582,22.399407],[114.3695956,22.3996519],[114.3700604,22.3996083],[114.3699441,22.4002514],[114.3707417,22.4003865],[114.3708354,22.400617],[114.3721085,22.400621],[114.3720906,22.4009577],[114.3716908,22.400859],[114.3719777,22.4014149],[114.3725853,22.401448],[114.3725123,22.4012308],[114.3730971,22.401187],[114.3732674,22.4012879],[114.3731007,22.4014919],[114.3738944,22.4017392],[114.3730467,22.4021563],[114.3736292,22.4021218],[114.3734793,22.4023246],[114.374058,22.4022249],[114.3745056,22.4025253],[114.3736489,22.403166],[114.3739025,22.403559],[114.3741582,22.4036445],[114.3746512,22.4034831],[114.3749286,22.4031019],[114.3751996,22.4031526],[114.3751651,22.4034286],[114.3742715,22.4038032],[114.3746462,22.4039741],[114.3743265,22.4044401],[114.374582,22.4051641],[114.3750899,22.4055792],[114.3750666,22.4057679],[114.374845,22.405666],[114.3748184,22.4061219],[114.3741423,22.4062643],[114.3741917,22.4066383],[114.3747094,22.4069818],[114.3745268,22.4074293],[114.3748009,22.4073548],[114.3749092,22.4076484],[114.3746542,22.4082392],[114.3768791,22.4104609],[114.3767876,22.4109499],[114.3782506,22.4093085],[114.37912,22.4093698],[114.3790434,22.4099935],[114.3788435,22.4100539],[114.3790671,22.4102668],[114.378529,22.410757],[114.3791645,22.4105107],[114.379219,22.4106293],[114.3790668,22.4106275],[114.3788362,22.4109494],[114.3782951,22.4111229],[114.3784254,22.4115519],[114.3781516,22.4117458],[114.378314,22.4118384],[114.3779531,22.4119783],[114.3788866,22.4139378],[114.3811594,22.4170742],[114.3814759,22.4173157],[114.3819403,22.4169214],[114.3819119,22.4171083],[114.3826187,22.4170547],[114.3827827,22.4177294],[114.3825659,22.4179423],[114.3828141,22.4179596],[114.3827122,22.4181273],[114.3830507,22.4179779],[114.3827761,22.4182454],[114.3833315,22.4183758],[114.3833076,22.4188614],[114.3836029,22.4186618],[114.383516,22.4189227],[114.3839571,22.4190377],[114.3838339,22.4191777],[114.3845194,22.4193732],[114.3849946,22.4199942],[114.3849854,22.420416],[114.3855486,22.420864],[114.386636,22.4210436],[114.3872445,22.4204265],[114.387866,22.4204262],[114.3885203,22.4201197],[114.3887813,22.4202066],[114.3893048,22.4199077],[114.3896455,22.4200367],[114.3896486,22.4198139],[114.390106,22.4200315],[114.3900917,22.4198583],[114.3902163,22.4201257],[114.3905885,22.4198195],[114.3922092,22.4206391],[114.3926132,22.4203952],[114.3926026,22.4200905],[114.3929296,22.4203227],[114.3929834,22.4200149],[114.3932559,22.4200459],[114.3933633,22.419949],[114.393162,22.4194824],[114.3933538,22.4190582],[114.3936668,22.4190156],[114.3934575,22.4189783],[114.3934948,22.4187329],[114.3946149,22.4183648],[114.3949946,22.4178045],[114.3950447,22.4174568],[114.3945605,22.4171184],[114.3947458,22.4169271],[114.394837,22.4161905],[114.3946415,22.4158717],[114.394722,22.4157841],[114.3948196,22.4155758],[114.395844,22.4149151],[114.3961879,22.415084],[114.396104,22.4148559],[114.3965944,22.4142275],[114.3975177,22.4142945],[114.3977062,22.4139816],[114.3984114,22.4137223],[114.3983137,22.4126345],[114.3991979,22.411937],[114.400335,22.4117134],[114.4009827,22.4118251],[114.4011329,22.4122246],[114.4008635,22.412652],[114.4009389,22.4127379],[114.4011126,22.4128214],[114.4012884,22.4126228],[114.4016306,22.4127264],[114.4017263,22.4122028],[114.4020344,22.4120268],[114.4020373,22.4122415],[114.4023571,22.411806],[114.4028488,22.4123055],[114.4043929,22.4121194],[114.40453,22.4126001],[114.4043031,22.4128582],[114.4042835,22.4135559],[114.4050283,22.4126815],[114.4056298,22.4127037],[114.4049693,22.4144234],[114.4034014,22.4155902],[114.4040016,22.4158885],[114.4043222,22.4156999],[114.4044499,22.4160858],[114.4040967,22.4164282],[114.4044358,22.4164449],[114.4040699,22.4168496],[114.4040583,22.4170751],[114.4033763,22.4172178],[114.4033912,22.4175429],[114.4032081,22.4173334],[114.4028562,22.4177646],[114.4030267,22.4185691],[114.4035038,22.4187975],[114.4033469,22.4196382],[114.4026768,22.4197845],[114.4023377,22.4192693],[114.402172,22.4198253],[114.4017483,22.4199288],[114.4015979,22.4204144],[114.4001055,22.4204801],[114.3996294,22.4210296],[114.3993828,22.4207484],[114.3989168,22.4218497],[114.3980541,22.4221588],[114.3974791,22.4226248],[114.3976901,22.4227083],[114.3974022,22.4229821],[114.3968103,22.4231743],[114.3974783,22.4240652],[114.3969613,22.4248145],[114.3975679,22.4246191],[114.3976563,22.4250386],[114.3974528,22.4251805],[114.3977879,22.4251582],[114.3977645,22.4255433],[114.3980175,22.425514],[114.3976839,22.4256184],[114.3978876,22.4257396],[114.3976402,22.4259033],[114.3976751,22.4261355],[114.3979073,22.4260781],[114.3977852,22.4264707],[114.397979,22.4268239],[114.3967297,22.4270334],[114.3966759,22.4273808],[114.3968528,22.4274059],[114.3965868,22.4276608],[114.396929,22.4279451],[114.3967349,22.4282772],[114.3962506,22.4284949],[114.3963694,22.4286002],[114.396028,22.429006],[114.3953488,22.4291733],[114.3952693,22.4294866],[114.3954244,22.4300026],[114.396679,22.430201],[114.3966058,22.4308112],[114.3972957,22.4305984],[114.3977554,22.4309394],[114.3979532,22.4306398],[114.3982079,22.4307437],[114.3980084,22.4308584],[114.3982817,22.430915],[114.3982805,22.4311615],[114.3986019,22.4311843],[114.39845,22.431795],[114.3987614,22.4319473],[114.3985904,22.4320094],[114.3987745,22.4330779],[114.3982118,22.4333913],[114.3988642,22.4337687],[114.3986556,22.4341784],[114.3990921,22.4344617],[114.3995389,22.4338238],[114.3999228,22.4345787],[114.4001207,22.4342203],[114.3999953,22.4345815],[114.4006573,22.4350434],[114.4003962,22.4354105],[114.4012175,22.4358769],[114.4011178,22.4362161],[114.4005433,22.4360862],[114.400355,22.4364165],[114.3997131,22.4361038],[114.399285,22.4361839],[114.3992133,22.435987],[114.3991148,22.4361792],[114.3985941,22.4360293],[114.3982158,22.4362315],[114.3978747,22.435908],[114.3977596,22.4361219],[114.3974398,22.4360138],[114.3968301,22.4356039],[114.3969395,22.4344598],[114.396778,22.4342436],[114.3966966,22.4342292],[114.3968982,22.4344959],[114.3963895,22.4355882],[114.3956586,22.4357993],[114.3955678,22.437],[114.3952256,22.4370931],[114.3950484,22.436875],[114.3950544,22.4377826],[114.3947853,22.4378044],[114.3945565,22.4382385],[114.3937678,22.4381825],[114.3927924,22.4370203],[114.3920038,22.437293],[114.3915243,22.438197],[114.3917334,22.4385285],[114.3916274,22.4389244],[114.3920537,22.4392336],[114.3918197,22.439398],[114.3921666,22.439387],[114.3918389,22.4395767],[114.3920417,22.4396521],[114.3918374,22.4398521],[114.3920836,22.4397526],[114.3919217,22.4399502],[114.3925139,22.4401949],[114.3922849,22.4403534],[114.3924233,22.4404364],[114.3919294,22.4406057],[114.3917926,22.4408541],[114.3912529,22.4402093],[114.3912209,22.4392584],[114.3908933,22.439052],[114.3905686,22.4391825],[114.390596,22.4388858],[114.3889028,22.4385403],[114.3886691,22.4390261],[114.38802,22.4390483],[114.3877697,22.4389528],[114.3878136,22.4387523],[114.387162,22.43878],[114.3866451,22.4384302],[114.3853301,22.4381696],[114.3848135,22.4383053],[114.3835796,22.4370044],[114.3822018,22.4362848],[114.3801892,22.4364885],[114.3784388,22.4370307],[114.3769197,22.4379766],[114.3767175,22.4385995],[114.3764381,22.4384358],[114.3757047,22.4386349],[114.3753125,22.4383763],[114.3750463,22.4387408],[114.3746583,22.4380296],[114.3728796,22.4378684],[114.371699,22.4368129],[114.3706859,22.4371518],[114.3695264,22.4378885],[114.3693233,22.439455],[114.3691011,22.4395031],[114.3690129,22.4402421],[114.3684969,22.4409777],[114.3673756,22.4439734],[114.3666997,22.4449654],[114.3665252,22.4458814],[114.3666357,22.4473409],[114.3671548,22.4478574],[114.3682107,22.4479455],[114.3683565,22.4484573],[114.3696229,22.4496055],[114.3701297,22.4542192],[114.369684,22.4547492],[114.3695926,22.4554521],[114.3678484,22.4565778],[114.3669513,22.4585655],[114.3640814,22.459523],[114.3610903,22.460877],[114.3607458,22.4606805],[114.3607721,22.4602954],[114.361159,22.4603249],[114.3611632,22.4601303],[114.3612834,22.4602663],[114.3617143,22.4599483],[114.3614415,22.4597743],[114.361689,22.4598471],[114.3610243,22.4584797],[114.3605234,22.4586662],[114.3604289,22.4584229],[114.3605986,22.4585814],[114.3610488,22.4584167],[114.3606438,22.4575815],[114.3605604,22.4564147],[114.3608317,22.4552582],[114.3612155,22.4543346],[114.3617021,22.4539303],[114.3621881,22.4523407],[114.3608129,22.4514871],[114.3599917,22.4521217],[114.3584867,22.4525166],[114.3573464,22.4511189],[114.357096,22.4502876],[114.3572531,22.4499398],[114.3570295,22.4497614],[114.3565476,22.4500196],[114.3560477,22.4499165],[114.3557193,22.4493747],[114.3551587,22.4492094],[114.3548914,22.4495173],[114.3548692,22.45055],[114.3544521,22.4506799],[114.3529003,22.4499459],[114.3524175,22.4490851],[114.3530078,22.4485756],[114.3528855,22.4482552],[114.3531486,22.4485899],[114.3541497,22.4476568],[114.3541804,22.4467916],[114.3537298,22.4457778],[114.3537649,22.4452068],[114.3543933,22.445029],[114.3550248,22.4452023],[114.355128,22.4457667],[114.3568475,22.4460774],[114.3555889,22.444093],[114.3550453,22.4426405],[114.3553424,22.4419976],[114.3549433,22.440919],[114.3552171,22.4404493],[114.3559777,22.4399404],[114.3560441,22.439547],[114.3544902,22.4372402],[114.3545689,22.4361951],[114.3542527,22.4351523],[114.3546667,22.4346735],[114.3550601,22.4345959],[114.3553906,22.433766],[114.3543147,22.4333882],[114.3539048,22.4335508],[114.3542923,22.4333057],[114.3539408,22.4317919],[114.3541577,22.4314288],[114.3540868,22.4306217],[114.3545399,22.4300567],[114.3546094,22.4293796],[114.3543269,22.4287976],[114.353594,22.4282872],[114.3538735,22.4278217],[114.3554731,22.4276356],[114.3555833,22.427088],[114.354895,22.4269198],[114.3547285,22.426641],[114.3560119,22.4257229],[114.3562658,22.4247272],[114.3557197,22.4248654],[114.35479,22.4246194],[114.3547834,22.4248371],[114.3541309,22.424655],[114.3535856,22.42498],[114.3534904,22.4248752],[114.3540238,22.4246416],[114.3538065,22.4243402],[114.3544612,22.4234276],[114.3556255,22.4230794],[114.3560844,22.4222936],[114.3556052,22.4224631],[114.3551976,22.4220196],[114.3547729,22.4219776],[114.3532803,22.4224942],[114.3530247,22.4220857],[114.3527347,22.4227137],[114.352602,22.4220688],[114.3523705,22.422499],[114.352207,22.4221179],[114.3515717,22.4226262],[114.3511292,22.4225923],[114.3508983,22.422297],[114.3504125,22.4223495],[114.3507657,22.4221788],[114.3506132,22.4216575],[114.3498306,22.4215853],[114.3497095,22.4218532],[114.3496439,22.4216335],[114.3491286,22.4218637],[114.34863,22.4223423],[114.3486092,22.4228572],[114.3481242,22.4229933],[114.3480294,22.4232455],[114.3473675,22.4227655],[114.3473007,22.4230387],[114.3467502,22.4232806],[114.3466739,22.4234785],[114.3469355,22.423482],[114.3471256,22.4238227],[114.3472624,22.4244063],[114.3470585,22.4246331],[114.3472705,22.4252204],[114.3482432,22.4257363],[114.3509689,22.4265192],[114.3506,22.4267887],[114.3505443,22.4271446],[114.3497727,22.4276677],[114.3494714,22.4282646],[114.3493256,22.4297556],[114.3496645,22.4300483],[114.3490702,22.4313379],[114.3489263,22.4325666],[114.3482809,22.4331376],[114.3474367,22.4350532],[114.3470328,22.4353193],[114.346915,22.4365872],[114.347575,22.4375314],[114.3464594,22.4392009],[114.3454618,22.4389552],[114.3445378,22.4382733],[114.3443659,22.4383953],[114.3444756,22.438166],[114.3438265,22.4379607],[114.3428775,22.4368869],[114.3425496,22.4358773],[114.3421012,22.4355993],[114.3421924,22.4345073],[114.3418416,22.4341213],[114.3421561,22.433938],[114.3421024,22.43354],[114.3424204,22.4330629],[114.3419569,22.4324247],[114.342146,22.4318333],[114.3419296,22.4313638],[114.3411814,22.4308644],[114.3404767,22.4312059],[114.3396993,22.4310604],[114.3391675,22.4316487],[114.3380535,22.4316019],[114.3380118,22.4308997],[114.3385332,22.4294137],[114.3395289,22.4290423],[114.3397061,22.4287288],[114.3405424,22.429059],[114.3406938,22.4286995],[114.3414288,22.4286899],[114.3415679,22.4284389],[114.3402252,22.4280885],[114.3399025,22.4276767],[114.3390818,22.4280606],[114.3388181,22.4278757],[114.3385818,22.428201],[114.3377764,22.4285284],[114.3367199,22.4281394],[114.336578,22.428165],[114.3366049,22.4285746],[114.3365585,22.4285778],[114.3365617,22.4281647],[114.3353776,22.4276891],[114.3345067,22.4277797],[114.3331968,22.4283187],[114.3331405,22.428864],[114.3329222,22.4289542],[114.3332227,22.4289961],[114.3332276,22.429448],[114.3343325,22.4289729],[114.3350009,22.4290595],[114.3356317,22.429509],[114.335977,22.4303942],[114.3366919,22.4311236],[114.3370133,22.4330123],[114.3375347,22.433214],[114.3375758,22.4337061],[114.3368109,22.4353872],[114.337252,22.4356143],[114.3374373,22.4354684],[114.3372931,22.4357248],[114.3368128,22.4354636],[114.3355304,22.43695],[114.3344708,22.4374739],[114.3341376,22.4380395],[114.3340169,22.4391099],[114.3337296,22.4392434],[114.3332676,22.4385175],[114.3325779,22.4385314],[114.3332889,22.4387552],[114.3329654,22.4393192],[114.3332213,22.4394417],[114.3326737,22.4393998],[114.3330415,22.4398828],[114.3328202,22.4399815],[114.3336105,22.4401449],[114.3341051,22.4410456],[114.3347718,22.4414045],[114.3351562,22.4408286],[114.3355792,22.4411326],[114.3368662,22.4411102],[114.3372923,22.4403791],[114.337903,22.4404922],[114.3380797,22.4402426],[114.3389598,22.4405025],[114.3395607,22.4415887],[114.3404857,22.441905],[114.3412677,22.4443467],[114.3415475,22.4444347],[114.3415333,22.4455392],[114.3411205,22.4467206],[114.3412602,22.447057],[114.3396132,22.4474748],[114.338293,22.4481571],[114.3379655,22.4486558],[114.33851,22.4494907],[114.3387803,22.4504703],[114.3381734,22.4523579],[114.3370325,22.4537444],[114.3370304,22.454893],[114.3371998,22.4554215],[114.3377567,22.4556666],[114.3382029,22.4567568],[114.3379851,22.4569937],[114.3382611,22.4570916],[114.3387443,22.4596825],[114.3377523,22.4626296],[114.3382814,22.4631649],[114.3390666,22.4632783],[114.3401802,22.4628773],[114.3404894,22.4624808],[114.3414914,22.4622692],[114.3417065,22.4614368],[114.342,22.4612991],[114.3431176,22.4612538],[114.343826,22.460625],[114.3446678,22.4606522],[114.3453872,22.461463],[114.3465815,22.461621],[114.3467067,22.4624329],[114.3471782,22.4628875],[114.3471468,22.4637309],[114.346912,22.4645329],[114.3461226,22.4651421],[114.3453865,22.4679865],[114.3449886,22.4684218],[114.3444034,22.4686034],[114.343776,22.4707014],[114.3438534,22.4713113],[114.3444623,22.4719892],[114.3440724,22.4725533],[114.3440926,22.4731453],[114.343671,22.4743122],[114.343051,22.4752996],[114.3430765,22.4759702],[114.3424713,22.4781198],[114.3418453,22.4787962],[114.3413757,22.4788664],[114.3410536,22.4787589],[114.3401081,22.4774508],[114.3394565,22.4761444],[114.3393504,22.4753018],[114.3386331,22.4748852],[114.3382214,22.4750484],[114.3376059,22.4743945],[114.3378663,22.4740397],[114.3385228,22.474085],[114.3386303,22.473381],[114.3393012,22.4727459],[114.3393825,22.4720025],[114.3396935,22.4715904],[114.3393617,22.4701447],[114.3385907,22.46889],[114.3386676,22.4680326],[114.3384345,22.4673927],[114.3380082,22.4668049],[114.3367598,22.4667487],[114.3362027,22.4663329],[114.3366994,22.4653431],[114.3366142,22.4647697],[114.3372052,22.4630146],[114.3359264,22.4623626],[114.3356748,22.4625462],[114.3357069,22.4629602],[114.3349009,22.4632716],[114.334853,22.4626662],[114.3340207,22.4621898],[114.3331338,22.4620683],[114.3328508,22.4634199],[114.3322375,22.4638818],[114.3315511,22.4639206],[114.330381,22.463044],[114.3306086,22.4627268],[114.3304625,22.4621978],[114.3296822,22.4613587],[114.3290067,22.4615795],[114.3288277,22.4611927],[114.327946,22.4614076],[114.327339,22.4606368],[114.3272908,22.4608492],[114.3269705,22.4607191],[114.3271593,22.4611874],[114.3270485,22.4614145],[114.3267011,22.4613301],[114.3268912,22.4616931],[114.3270302,22.4618091],[114.327522,22.4612916],[114.3270889,22.4618822],[114.3268957,22.4629978],[114.327878,22.4656636],[114.3285879,22.4664218],[114.3283989,22.4679816],[114.3285901,22.4684431],[114.329033,22.4685425],[114.3288955,22.4702417],[114.3296305,22.470992],[114.3307685,22.4707609],[114.3310705,22.4704934],[114.3309978,22.4701881],[114.3315171,22.4702492],[114.3309221,22.4712396],[114.3312641,22.4730363],[114.3304586,22.4738916],[114.3298591,22.4739745],[114.3292752,22.4734207],[114.3290284,22.4727346],[114.3285257,22.4724173],[114.3283374,22.471157],[114.3277866,22.4710886],[114.3261821,22.4716268],[114.3251102,22.4711621],[114.3250109,22.4714678],[114.3239013,22.4722938],[114.3236186,22.4731604],[114.3230312,22.4735393],[114.3228345,22.4749144],[114.3234987,22.475967],[114.32364,22.476761],[114.3234205,22.477699],[114.322216,22.4794846],[114.3220887,22.4801908],[114.32148,22.4804941],[114.3208169,22.4795098],[114.3202989,22.4767308],[114.3192364,22.4768239],[114.3178124,22.4774018],[114.3161486,22.476866],[114.3148222,22.4757815],[114.3146951,22.475235],[114.3142092,22.4750074],[114.314013,22.4735378],[114.3131887,22.4730932],[114.3131838,22.4726504],[114.3126807,22.4719689],[114.3121017,22.4721617],[114.3121946,22.4715994],[114.3112353,22.4714378],[114.3099209,22.471615],[114.3084705,22.4709833],[114.3077067,22.4691986],[114.3069043,22.4688804],[114.3055333,22.4677018],[114.3051127,22.4661863],[114.3052989,22.4653843],[114.304713,22.4651236],[114.3044847,22.4646635],[114.3048197,22.4634789],[114.3036535,22.4625383],[114.3025245,22.4628922],[114.3022539,22.4632117],[114.3020212,22.463087],[114.3021006,22.4626803],[114.3028761,22.4621418],[114.3030707,22.4616611],[114.3026803,22.4614372],[114.3027117,22.4607783],[114.3037993,22.4595625],[114.3037643,22.4590604],[114.3039962,22.4587954],[114.3035699,22.4576527],[114.3031949,22.4577421],[114.3035239,22.4576435],[114.3029871,22.4574712],[114.3034235,22.457576],[114.3037031,22.4573057],[114.3033698,22.4567672],[114.3035447,22.4564758],[114.3032436,22.4554207],[114.3024705,22.4552455],[114.3014602,22.4544259],[114.3004913,22.4541953],[114.300291,22.4543715],[114.2999105,22.4541437],[114.2997024,22.4547526],[114.2994962,22.4545183],[114.2995045,22.4550365],[114.2999494,22.455622],[114.2996298,22.4565408],[114.2998251,22.456927],[114.300054,22.4569274],[114.2998364,22.4570241],[114.2995938,22.456546],[114.298991,22.4566217],[114.2981161,22.4561533],[114.297406,22.4562338],[114.2965089,22.4558273],[114.2949829,22.4561565],[114.2948118,22.455943],[114.2944257,22.4562123],[114.2932006,22.4582021],[114.2920726,22.4584136],[114.2917218,22.4581243],[114.2924321,22.4567082],[114.2918007,22.456122],[114.2915414,22.4550027],[114.2920001,22.4538833],[114.2916191,22.4535575],[114.2913246,22.4527792],[114.2915962,22.4519043],[114.2920814,22.451285],[114.2921044,22.4505913],[114.2917534,22.4505283],[114.2914517,22.4500057],[114.2900069,22.44944],[114.2891876,22.4510681],[114.2888911,22.4525392],[114.2872451,22.4533464],[114.286887,22.4538404],[114.2861007,22.4538264],[114.285474,22.4522903],[114.2847492,22.4522114],[114.282593,22.4510049],[114.2810285,22.4490766],[114.2802477,22.4472382],[114.279342,22.4465787],[114.2791001,22.4459634],[114.278189,22.4451457],[114.2773956,22.4449273],[114.2772416,22.4440433],[114.278139,22.4429251],[114.278525,22.4430861],[114.2785776,22.4443736],[114.2794557,22.4439556],[114.2802505,22.4440304],[114.2810652,22.4433938],[114.2817957,22.443477],[114.2821012,22.4439215],[114.2837824,22.443611],[114.2839918,22.4419267],[114.2832574,22.4417195],[114.2818127,22.4405385],[114.2813632,22.4407025],[114.2814304,22.4409033],[114.2812642,22.4407438],[114.281485,22.4405439],[114.2812101,22.4394884],[114.2813191,22.4388861],[114.2820541,22.437885],[114.2823737,22.436136],[114.2835668,22.4353113],[114.28341,22.4330017],[114.2840304,22.4318366],[114.2854353,22.4306582],[114.2854252,22.4300313],[114.2857351,22.429489],[114.2865749,22.4295986],[114.2878658,22.4291604],[114.2885509,22.42933],[114.2898363,22.4284056],[114.2893975,22.4285707],[114.2891722,22.428166],[114.288365,22.4277398],[114.2886279,22.4273073],[114.2882896,22.426586],[114.2884402,22.4261796],[114.2895683,22.4258404],[114.2885205,22.4259967],[114.2880044,22.427077],[114.2876733,22.4270792],[114.2880002,22.4264096],[114.2873643,22.4262901],[114.2873165,22.4257938],[114.2877419,22.4255259],[114.2875162,22.4252908],[114.2854416,22.4250303],[114.2846532,22.4242693],[114.2843754,22.4235337],[114.2832892,22.4231521],[114.2833373,22.4228486],[114.282651,22.4222536],[114.2808074,22.421513],[114.2783806,22.4196939],[114.2762116,22.4190493],[114.2757475,22.4186497],[114.2759039,22.4184347],[114.2757299,22.4165799],[114.2750193,22.415162],[114.2742991,22.4153166],[114.2750295,22.4150947],[114.2759724,22.4132465],[114.2757404,22.4120096],[114.2763873,22.4097184],[114.2762118,22.409017],[114.2742644,22.4116916],[114.274212,22.4130383],[114.2731766,22.4135326],[114.2719948,22.4149919],[114.2700946,22.4165615],[114.2696384,22.4183897],[114.2683326,22.418724],[114.2681348,22.4196094],[114.2673023,22.4210598],[114.2677207,22.4216959],[114.2683813,22.4213307],[114.2689517,22.4214721],[114.2690121,22.4213709],[114.2693517,22.4210161],[114.2689705,22.4214583],[114.2697201,22.4221248],[114.2704059,22.4223555],[114.2707679,22.4238385],[114.2703354,22.4244325],[114.2710227,22.4252992],[114.2706375,22.4258437],[114.2709757,22.4270945],[114.2707767,22.4279954],[114.2713803,22.4279486],[114.2706395,22.4280291],[114.2707365,22.428311],[114.2703954,22.4290267],[114.2710683,22.4291147],[114.2705572,22.4291018],[114.2707534,22.4301129],[114.2695578,22.431423],[114.2694683,22.4317349],[114.2699057,22.4318708],[114.2697462,22.4320312],[114.2694094,22.4317233],[114.2689657,22.4320355],[114.2686818,22.433473],[114.2683838,22.433881],[114.267924,22.434109],[114.2677022,22.4336096],[114.2671607,22.4332867],[114.2671728,22.433532],[114.2669071,22.4333021],[114.2661567,22.4338125],[114.2660203,22.4336162],[114.2658618,22.4337565],[114.2660786,22.4332186],[114.2654896,22.4336481],[114.2653184,22.4334206],[114.2648098,22.4338807],[114.2641516,22.4338942],[114.2638294,22.4334409],[114.2637421,22.4337396],[114.2633829,22.4336991],[114.262895,22.4331388],[114.2616806,22.4327529],[114.2613908,22.4328664],[114.2611451,22.432679],[114.2612327,22.4322912],[114.2609094,22.4326694],[114.2605855,22.4323269],[114.2599596,22.4325281],[114.2597678,22.4323495],[114.2593387,22.4326693],[114.2586382,22.432216],[114.2579269,22.4324881],[114.2574852,22.4322911],[114.2567215,22.4309779],[114.2563844,22.4308985],[114.2555638,22.4327163],[114.2550244,22.43315],[114.2543887,22.4332052],[114.2541727,22.433682],[114.2542727,22.434665],[114.253431,22.4345637],[114.2510357,22.4331928],[114.2502087,22.4333208],[114.248634,22.4327753],[114.2485983,22.4329547],[114.2483356,22.4325268],[114.2470733,22.4322239],[114.2457511,22.430738],[114.2448601,22.4310817],[114.2441396,22.4320147],[114.2437015,22.4331525],[114.2440167,22.4329662],[114.2446747,22.4338152],[114.2454005,22.433875],[114.2460668,22.4345519],[114.2473317,22.4348967],[114.2476788,22.43477],[114.2479827,22.4352661],[114.2476106,22.4357494],[114.2478165,22.436153],[114.2471912,22.4362971],[114.2460314,22.4356557],[114.2452134,22.4354968],[114.2445584,22.4357361],[114.2435518,22.4367054],[114.2417554,22.4374137],[114.2406945,22.4373303],[114.2399388,22.4369149],[114.2381039,22.4369084],[114.2372222,22.4363695],[114.236954,22.4355239],[114.2387971,22.4342237],[114.2390996,22.433234],[114.2389622,22.4319589],[114.2383803,22.4309964],[114.2377112,22.43085],[114.2375448,22.4310603],[114.2374029,22.4312013],[114.2376997,22.4308459],[114.235686,22.4294658],[114.2351096,22.4286005],[114.2343399,22.4293682],[114.2340868,22.4295458],[114.2339849,22.4294567],[114.2350209,22.4284849],[114.2334948,22.4275914],[114.2338019,22.4271547],[114.2313054,22.4282563],[114.2282604,22.4278198],[114.226284,22.4256257],[114.2248532,22.4233466],[114.2239148,22.4211131],[114.2209055,22.4099706],[114.2191502,22.4072076],[114.2194245,22.4065908],[114.2192279,22.4063876],[114.2186217,22.4064934],[114.2181337,22.4060557],[114.2166122,22.4072252],[114.2173506,22.4080059],[114.2155119,22.4095074],[114.2161997,22.4092649],[114.2155335,22.409807],[114.2154573,22.4095595],[114.2145056,22.4103363],[114.2143804,22.410209],[114.2144485,22.410378],[114.2137155,22.4109787],[114.2136407,22.4120593],[114.2147828,22.4149285],[114.2145468,22.4162169],[114.2141152,22.4166615],[114.2142359,22.4171923],[114.2147171,22.4171275],[114.2142452,22.4172575],[114.2146555,22.4183956],[114.2145074,22.4214304],[114.2149471,22.4221691],[114.2151172,22.4232943],[114.2148854,22.4249307],[114.2137858,22.4265222],[114.2088719,22.4301267],[114.2089925,22.4302847],[114.2085041,22.4306346],[114.208371,22.4304853],[114.2017897,22.4352108],[114.1997272,22.4362063],[114.1976406,22.4379748],[114.1955385,22.4393095],[114.1940895,22.4398745],[114.1926737,22.4400984],[114.1882023,22.4393797],[114.1880707,22.4397437],[114.1875867,22.4396909],[114.1861726,22.4402831],[114.1856433,22.4406395],[114.1855173,22.4410528],[114.1851963,22.4408347],[114.1836174,22.4418717],[114.1840056,22.4426276],[114.1835394,22.4419501],[114.1811713,22.4430539],[114.17833,22.4450516],[114.1785901,22.4453366],[114.1789607,22.4453337],[114.179005,22.445046],[114.179264,22.4454093],[114.1794794,22.4452874],[114.1795413,22.4453729],[114.1792858,22.4454217],[114.1794147,22.4456917],[114.1791476,22.4461802],[114.1778167,22.4465787],[114.1776532,22.4473826],[114.1781255,22.4482257],[114.1770013,22.4488352],[114.1770806,22.4494719],[114.1795981,22.4493306],[114.1804316,22.449661],[114.1808957,22.4502994],[114.1812939,22.4518057],[114.1824065,22.4525309],[114.1863925,22.4525701],[114.1927898,22.4510038],[114.1930212,22.45076],[114.1933843,22.4510598],[114.1931739,22.4512815],[114.1938514,22.4518002],[114.1967371,22.4523268],[114.1977886,22.4530673],[114.1982921,22.4539854],[114.1983244,22.457261],[114.1993613,22.4574722],[114.1995515,22.4577889],[114.1990929,22.4580541],[114.1997035,22.458765],[114.2007485,22.4593965],[114.2031064,22.4598644],[114.2030656,22.4588447],[114.2041738,22.4592709],[114.2045638,22.4588681],[114.2043523,22.4587443],[114.2045858,22.4588274],[114.2043476,22.4586007],[114.2046579,22.4586491],[114.2044228,22.4584799],[114.2048088,22.4584699],[114.2054763,22.4572279],[114.2061999,22.4575269],[114.2078055,22.4565642],[114.2089827,22.456646],[114.211441,22.4533755],[114.2116003,22.453513],[114.2092048,22.456718],[114.2096849,22.4569797],[114.2115197,22.457223],[114.2133503,22.4567655],[114.2136303,22.4556857],[114.2132095,22.45549],[114.2136682,22.4556708],[114.2137401,22.4554297],[114.2139642,22.4554582],[114.2140742,22.4550272],[114.213881,22.4549892],[114.2140765,22.4550181],[114.2139463,22.4547972],[114.2141614,22.4545424],[114.2138317,22.4545781],[114.2138319,22.4542468],[114.2132921,22.4541321],[114.2133587,22.4539407],[114.2126496,22.4535867],[114.2125953,22.4528344],[114.2118608,22.4522191],[114.2112164,22.4508386],[114.2105588,22.4505684],[114.2096803,22.4497019],[114.2099027,22.4494579],[114.2106977,22.4495978],[114.2112947,22.449167],[114.2120296,22.4492885],[114.2127366,22.4488241],[114.2128334,22.4490571],[114.2133466,22.4491315],[114.2140579,22.4490423],[114.2140725,22.44881],[114.2140891,22.4490562],[114.2149898,22.4492209],[114.2155755,22.4486513],[114.215973,22.4487485],[114.2163316,22.4484447],[114.2162577,22.4480413],[114.2156108,22.4473693],[114.216004,22.4471428],[114.2173003,22.4475862],[114.2175021,22.4478902],[114.2172163,22.4484481],[114.2164979,22.4490274],[114.2166332,22.4495068],[114.217198,22.4497163],[114.2177986,22.4497716],[114.2192269,22.4490094],[114.2208314,22.449097],[114.2215725,22.4493724],[114.2221083,22.4500832],[114.2227809,22.4502584],[114.2246035,22.4499867],[114.2248985,22.4488325],[114.2260516,22.4492703],[114.2270782,22.4503955],[114.2281725,22.4507949],[114.2295972,22.450895],[114.230184,22.4513915],[114.2311477,22.453052],[114.232209,22.4534148],[114.2331391,22.454401],[114.2336651,22.4553969],[114.2335783,22.4561363],[114.2343857,22.4571209],[114.2343033,22.4575902],[114.2336068,22.4578171],[114.2323978,22.4587201],[114.2313289,22.4586894],[114.2298922,22.4580049],[114.2280108,22.456249],[114.2274851,22.45564],[114.2275601,22.4548701],[114.2268494,22.453851],[114.2267728,22.4526192],[114.2258414,22.4523125],[114.2241878,22.4508994],[114.2231211,22.4503445],[114.2218097,22.4500219],[114.2208832,22.450356],[114.2204296,22.4512171],[114.2179998,22.45192],[114.2166861,22.4520515],[114.21547,22.4526356],[114.2151331,22.453651],[114.2166966,22.4552266],[114.2165165,22.4554975],[114.216752,22.4561158],[114.2164469,22.4554867],[114.2161463,22.4554915],[114.2156137,22.4562075],[114.2146744,22.456485],[114.2147555,22.4570736],[114.2144105,22.4577263],[114.2137994,22.4575941],[114.2136681,22.4578489],[114.2137907,22.4575901],[114.2134707,22.4573991],[114.2132526,22.4575938],[114.2134601,22.4573912],[114.2132417,22.4572267],[114.2120899,22.4574673],[114.2114752,22.4583276],[114.2100597,22.4585921],[114.2088372,22.4591375],[114.2081017,22.4610498],[114.2083057,22.4614563],[114.2087861,22.461429],[114.2083386,22.4615412],[114.2082627,22.4619063],[114.2083274,22.4622062],[114.2088864,22.4619935],[114.2083299,22.4622154],[114.2089015,22.4626487],[114.209575,22.4640607],[114.2094785,22.4646338],[114.2090579,22.4649785],[114.2087253,22.4649508],[114.2089401,22.4650505],[114.2087645,22.4651517],[114.2090753,22.4669448],[114.2095716,22.4671468],[114.209729,22.4684662],[114.2100709,22.4685674],[114.2100756,22.4692133],[114.2109921,22.4698361],[114.2111488,22.4697672],[114.2111622,22.4694841],[114.2112043,22.4694838],[114.2111837,22.4697317],[114.2110873,22.4698635],[114.2113177,22.4701438],[114.2121491,22.4708958],[114.2126306,22.4708346],[114.212628,22.4713561],[114.2129457,22.4713792],[114.2132131,22.4717509],[114.2131422,22.4722676],[114.2127975,22.4725734],[114.213476,22.4734309],[114.2137846,22.472927],[114.214259,22.4730575],[114.2142982,22.4736002],[114.2158396,22.4725301],[114.21664,22.4713491],[114.2181164,22.4705101],[114.2175503,22.4700288],[114.2174569,22.4696382],[114.2180977,22.4678857],[114.2191927,22.4681199],[114.2199122,22.4677992],[114.2207081,22.4682384],[114.2211707,22.4681269],[114.2217315,22.4686898],[114.2225631,22.4689597],[114.2228409,22.4683868],[114.2235041,22.4683472],[114.223593,22.468904],[114.2243327,22.4691694],[114.2256896,22.4711917],[114.2265456,22.4707935],[114.2266633,22.4709366],[114.227255,22.470199],[114.2271605,22.4705252],[114.2287537,22.4713103],[114.229074,22.4710492],[114.2286227,22.4718094],[114.2310278,22.4722865],[114.2315665,22.472163],[114.2317045,22.4717366],[114.2325548,22.4711453],[114.2323278,22.4708682],[114.2327051,22.4710204],[114.2328382,22.4705273],[114.2324425,22.4704198],[114.2328399,22.4703577],[114.233311,22.4691777],[114.232545,22.4687976],[114.2320512,22.4688291],[114.2318118,22.4691272],[114.2316536,22.468388],[114.2329074,22.4682981],[114.232841,22.4680092],[114.2324725,22.4679404],[114.2328431,22.4679954],[114.2326549,22.4678604],[114.2330733,22.4677021],[114.2338393,22.4676495],[114.2343775,22.467934],[114.2348569,22.4677682],[114.2476496,22.4551391],[114.247596,22.4547542],[114.2466243,22.4537386],[114.2469174,22.4530277],[114.2469093,22.451447],[114.2466011,22.4499388],[114.2468135,22.4498139],[114.2475909,22.4512951],[114.2487621,22.4523664],[114.2497429,22.4528043],[114.2504414,22.4526949],[114.2509129,22.4531873],[114.250888,22.4534766],[114.2534465,22.4536462],[114.2541491,22.4528573],[114.2547621,22.4532589],[114.2549563,22.4530254],[114.2562936,22.4538793],[114.2568449,22.4539784],[114.2573619,22.4547],[114.2573702,22.4551366],[114.2570582,22.4555701],[114.2576561,22.4557945],[114.2580665,22.4555675],[114.2582089,22.4550994],[114.2582133,22.455525],[114.2587127,22.455631],[114.2595524,22.4568477],[114.2597198,22.4576942],[114.2603976,22.4585067],[114.2604007,22.4589879],[114.2611632,22.4604535],[114.2624336,22.4613465],[114.2627917,22.4622378],[114.2658105,22.4633666],[114.267966,22.4653128],[114.270686,22.466134],[114.2748664,22.4685353],[114.2744426,22.4688999],[114.2735991,22.4688039],[114.2704169,22.4670813],[114.2700077,22.4671378],[114.2699202,22.4675413],[114.2699075,22.4672761],[114.2685378,22.4662287],[114.2672195,22.4659025],[114.2674157,22.4664844],[114.2670734,22.4666811],[114.2671054,22.4669134],[114.2674026,22.467602],[114.2677142,22.4676426],[114.2680087,22.4681415],[114.2676063,22.4685498],[114.2667678,22.4682553],[114.2675603,22.4691034],[114.2686419,22.469579],[114.2696051,22.4695542],[114.269059,22.4687012],[114.2699033,22.4677716],[114.2703939,22.4688718],[114.2708072,22.4690637],[114.271144,22.4688735],[114.271841,22.4692105],[114.2730697,22.4706105],[114.2729565,22.4707973],[114.2733385,22.4712526],[114.2741277,22.4710073],[114.2757898,22.4715481],[114.2767419,22.471509],[114.2781784,22.4706459],[114.2796694,22.4704875],[114.2851282,22.4737008],[114.2871267,22.4739764],[114.2887013,22.4749055],[114.289125,22.4742781],[114.2897566,22.4743416],[114.2901012,22.4746941],[114.2894476,22.4751523],[114.2894965,22.4757009],[114.2909335,22.4752843],[114.2920652,22.475595],[114.2935554,22.4767545],[114.2943279,22.4777487],[114.2942195,22.4786589],[114.294583,22.4791804],[114.2945487,22.4795668],[114.2948456,22.4792482],[114.2950403,22.4795283],[114.2952957,22.4790297],[114.2959893,22.4788044],[114.2967976,22.4790028],[114.2975772,22.4795314],[114.298592,22.479371],[114.2998633,22.4796216],[114.30719,22.4832437],[114.3082314,22.4846743],[114.3090598,22.4855378],[114.3092127,22.4853996],[114.3092739,22.4860086],[114.3076757,22.4856676],[114.3064933,22.4858571],[114.3058547,22.4856745],[114.3053974,22.4856467],[114.3058854,22.4857238],[114.3055409,22.4858907],[114.3056635,22.4859897],[114.305916,22.4857636],[114.3059494,22.4858994],[114.3060876,22.4858344],[114.306371,22.4860741],[114.306079,22.4859519],[114.3060014,22.486675],[114.3063663,22.4869299],[114.3076439,22.4870181],[114.308512,22.4875368],[114.3090001,22.4880949],[114.3086826,22.4886947],[114.3092581,22.4888103],[114.3100047,22.4883602],[114.310445,22.4884687],[114.3107264,22.4888081],[114.3105838,22.489403],[114.3108645,22.4894826],[114.3109304,22.4898919],[114.3119498,22.4900059],[114.3122882,22.490356],[114.3128115,22.4903569],[114.3126448,22.4902524],[114.3127904,22.4899335],[114.3117175,22.4887615],[114.3120743,22.4875146],[114.3127828,22.487637],[114.3138528,22.4887828],[114.3147372,22.4889371],[114.3162209,22.4906568],[114.3168527,22.491829],[114.3180927,22.4921265],[114.318444,22.4917075],[114.3187858,22.4920324],[114.3188354,22.4929437],[114.3196413,22.4940999],[114.3194639,22.4945616],[114.3196295,22.4948601],[114.3214066,22.4951734],[114.3218166,22.4960308],[114.3216365,22.4962724],[114.3218156,22.4966808],[114.3232041,22.4971073],[114.3241499,22.498323],[114.3243368,22.4992367],[114.3254767,22.5006128],[114.3258488,22.5008342],[114.3270028,22.5006531],[114.3292989,22.5033226],[114.3308788,22.5035059],[114.3317409,22.5039454],[114.3339672,22.5055441],[114.3348091,22.5068288],[114.3363567,22.5078717],[114.3366205,22.5082543],[114.3364541,22.5081852],[114.3362785,22.5084926],[114.3364899,22.509044],[114.3361309,22.5090168],[114.335923,22.5100435],[114.3343976,22.5103073],[114.3337334,22.5113602],[114.3314962,22.5096823],[114.3303164,22.5094346],[114.3298774,22.5088781],[114.3282667,22.5079175],[114.3278122,22.5075244],[114.327941,22.5072793],[114.3274462,22.5070643],[114.327254,22.5063685],[114.3269091,22.5062698],[114.3268504,22.5059788],[114.3242626,22.5058938],[114.3224829,22.5053804],[114.3216378,22.5047091],[114.3212676,22.5048494],[114.3207382,22.5045174],[114.3202264,22.50459],[114.3200967,22.5042824],[114.3203564,22.5038341],[114.3201288,22.5036347],[114.3176459,22.5038205],[114.3172443,22.5042267],[114.3174241,22.5044302],[114.3169511,22.5042734],[114.3164339,22.5036766],[114.3158876,22.5038561],[114.3158364,22.5041024],[114.3145788,22.5040659],[114.313642,22.5036425],[114.3130937,22.5026949],[114.3121553,22.5028992],[114.3118844,22.5024976],[114.3105235,22.502618],[114.3097082,22.5022966],[114.3090776,22.5015439],[114.3092727,22.5006674],[114.3083771,22.5015374],[114.3067711,22.5012288],[114.3063412,22.5005946],[114.3051609,22.5001717],[114.3050379,22.4998008],[114.3043986,22.4993453],[114.3043533,22.4988138],[114.3048911,22.4979858],[114.3046046,22.4978138],[114.3046586,22.4975231],[114.3041289,22.4980167],[114.3033948,22.4980601],[114.3036512,22.498646],[114.3030034,22.4994469],[114.3030513,22.4997887],[114.3015441,22.5011459],[114.3002053,22.5010424],[114.3000177,22.5015329],[114.3003537,22.5018508],[114.3000314,22.502263],[114.2995726,22.5024102],[114.298382,22.5022345],[114.2984331,22.5015645],[114.2986647,22.5013413],[114.2980476,22.5011132],[114.2984992,22.5005846],[114.298279,22.5002344],[114.2977864,22.5008569],[114.296768,22.5010389],[114.296957,22.5017367],[114.2962586,22.502215],[114.2971152,22.5024483],[114.2974181,22.5033194],[114.2967989,22.5047153],[114.2961324,22.5046671],[114.2954406,22.5048688],[114.2952074,22.5052523],[114.2946005,22.5052539],[114.2938046,22.5048599],[114.2943016,22.5041772],[114.2940162,22.5037038],[114.2934887,22.504144],[114.292857,22.5038592],[114.2931983,22.5045033],[114.2925571,22.5050623],[114.2938275,22.5060614],[114.2935297,22.5068832],[114.2937376,22.508008],[114.2928293,22.5084193],[114.2929716,22.5071503],[114.2921247,22.5065289],[114.2923029,22.5075594],[114.2915582,22.507582],[114.2916332,22.5089335],[114.2906067,22.5087299],[114.2896993,22.5081396],[114.2903431,22.5074425],[114.2903511,22.5071624],[114.2899595,22.5069319],[114.2901886,22.5065367],[114.2900767,22.5060036],[114.2913002,22.5058565],[114.2916406,22.5055694],[114.2915332,22.5043906],[114.2908392,22.5041168],[114.2906654,22.504425],[114.2910977,22.5046876],[114.2910493,22.5050509],[114.2900961,22.5050792],[114.2892212,22.5054932],[114.2890762,22.5059104],[114.2883458,22.5060192],[114.2882058,22.5065767],[114.2867037,22.506082],[114.2859993,22.5055711],[114.2866195,22.5069178],[114.2878437,22.5081156],[114.2875985,22.5092106],[114.2862922,22.5082649],[114.2860401,22.5085517],[114.2853549,22.508687],[114.2845584,22.5081206],[114.2841515,22.5080983],[114.2832686,22.5084464],[114.2830718,22.5092542],[114.2823152,22.5089325],[114.2823672,22.5093574],[114.2816041,22.5098096],[114.2832326,22.5096691],[114.2841013,22.5090424],[114.2847551,22.5101565],[114.2856053,22.5104514],[114.2856557,22.5107355],[114.285407,22.5108843],[114.2844991,22.5106291],[114.2838807,22.5109337],[114.2833172,22.5102327],[114.281998,22.5106908],[114.2812681,22.5104638],[114.2802464,22.5105583],[114.279784,22.5103899],[114.2795788,22.509586],[114.2789765,22.5105351],[114.2786911,22.51036],[114.278134,22.5104719],[114.2779218,22.5101497],[114.2782053,22.5088447],[114.2776225,22.5089772],[114.2771531,22.5097121],[114.2758219,22.5100499],[114.2753877,22.5097586],[114.2759098,22.5083107],[114.2754561,22.5079359],[114.2749046,22.5078444],[114.2744846,22.508237],[114.2739775,22.5077891],[114.2738538,22.5081591],[114.2734121,22.5082243],[114.2730045,22.5087132],[114.2727446,22.508562],[114.2726583,22.5076689],[114.2721072,22.5078401],[114.2721709,22.5082336],[114.2716879,22.507973],[114.2723203,22.5085835],[114.2719373,22.5090668],[114.2719751,22.5093913],[114.2729785,22.5094975],[114.274144,22.5087561],[114.2746249,22.5088395],[114.2744432,22.5095871],[114.2737035,22.5101107],[114.2731904,22.5109708],[114.2733877,22.5112751],[114.2736428,22.5109021],[114.2742972,22.5109448],[114.2751612,22.5116086],[114.2741997,22.5117431],[114.2740631,22.5126793],[114.2745072,22.5126156],[114.2747604,22.5130936],[114.275209,22.5131381],[114.2751352,22.513439],[114.2743194,22.5132515],[114.273343,22.5133882],[114.2722392,22.5127473],[114.2722673,22.5121393],[114.2720121,22.5126874],[114.2712573,22.5129022],[114.2717724,22.5128658],[114.2723281,22.5132417],[114.2718143,22.5137169],[114.2722373,22.5138429],[114.2720838,22.5140033],[114.2724341,22.5152413],[114.2730423,22.5155516],[114.2736924,22.5153341],[114.2734899,22.5158645],[114.2725912,22.5156981],[114.272008,22.5162907],[114.2724716,22.5169325],[114.2731329,22.5165993],[114.2724354,22.5169614],[114.2724711,22.5174158],[114.2741342,22.517429],[114.2747252,22.5162953],[114.2766571,22.516447],[114.2766249,22.516162],[114.2760986,22.5158741],[114.2761741,22.51561],[114.2768218,22.5153466],[114.2772639,22.5140386],[114.2783439,22.5134021],[114.2789911,22.5144573],[114.2789968,22.5150872],[114.2795842,22.5152905],[114.2790991,22.5162684],[114.2791509,22.5171594],[114.2795697,22.5182619],[114.2798111,22.5184903],[114.2808939,22.5186529],[114.2815415,22.5181898],[114.2819109,22.5183581],[114.2816734,22.5195272],[114.2807049,22.5206212],[114.2805085,22.5211699],[114.2810015,22.5209468],[114.2809956,22.520535],[114.2813935,22.5204131],[114.2830513,22.5213331],[114.2850629,22.523693],[114.2857431,22.5239706],[114.2858803,22.5249762],[114.2865084,22.5249508],[114.2859081,22.5250112],[114.2860299,22.525244],[114.2856292,22.5256143],[114.2850501,22.5255028],[114.2846626,22.5247911],[114.2845527,22.5248419],[114.2843675,22.5247807],[114.2846809,22.5247669],[114.2849159,22.5242836],[114.2837707,22.5238529],[114.2829411,22.5240349],[114.2827844,22.5243169],[114.2829435,22.5247212],[114.2827194,22.5246858],[114.2823128,22.5243649],[114.2823692,22.5239398],[114.2821225,22.5236288],[114.2807557,22.5231069],[114.2802222,22.5220256],[114.2802874,22.5216236],[114.2793572,22.5217993],[114.2791872,22.522031],[114.279482,22.52267],[114.2788064,22.5227261],[114.2781723,22.5222789],[114.2776859,22.5228662],[114.2773267,22.522743],[114.2773851,22.5236119],[114.277999,22.5233715],[114.2784981,22.5235015],[114.2785898,22.5237272],[114.2778394,22.524497],[114.2785508,22.5249114],[114.2795098,22.5261518],[114.2793363,22.526487],[114.2795347,22.5270119],[114.2809383,22.5282137],[114.2814867,22.5284214],[114.2815474,22.5286866],[114.280401,22.5290672],[114.2797708,22.5286907],[114.2786925,22.5287556],[114.2782991,22.5284534],[114.2763186,22.5283717],[114.2751289,22.5287714],[114.2744053,22.5296999],[114.2737015,22.5293245],[114.2737319,22.5288974],[114.2746285,22.5282376],[114.2753763,22.5281214],[114.2757237,22.5268345],[114.2755169,22.5266369],[114.274336,22.5265757],[114.2735252,22.525217],[114.2725027,22.5256717],[114.2717566,22.5248951],[114.2709814,22.5256485],[114.269032,22.5259363],[114.2682756,22.5265411],[114.2679484,22.527205],[114.2665946,22.5269487],[114.2663473,22.5262996],[114.2644371,22.5253071],[114.2638706,22.525682],[114.2630692,22.5246606],[114.2619854,22.5257157],[114.2614602,22.5257392],[114.2614722,22.5259532],[114.2617737,22.5258898],[114.261506,22.5264684],[114.2616174,22.5267941],[114.2625182,22.5275786],[114.2622728,22.5277419],[114.2627185,22.5296709],[114.2633386,22.5296233],[114.2627817,22.5297472],[114.2630181,22.5308219],[114.2639594,22.5327712],[114.2671418,22.533399],[114.267621,22.5343882],[114.2676923,22.535141],[114.2670614,22.5365185],[114.2671897,22.5369901],[114.2660883,22.5367262],[114.2653324,22.5368458],[114.2649288,22.5365761],[114.2643543,22.5366757],[114.2637802,22.5362084],[114.2635505,22.535296],[114.2629501,22.5351462],[114.2624637,22.5337898],[114.2616639,22.5337819],[114.261133,22.5341272],[114.2610385,22.5343656],[114.2616174,22.534371],[114.2618139,22.535451],[114.2626709,22.5365278],[114.2625914,22.5374436],[114.2633495,22.5380898],[114.2631771,22.5395688],[114.2623497,22.5406069],[114.261331,22.5406308],[114.2603413,22.5400652],[114.2601822,22.5395179],[114.2596394,22.5391201],[114.2591764,22.5390885],[114.2586325,22.5385005],[114.2571981,22.5378855],[114.2560509,22.5390573],[114.256102,22.5395293],[114.2565298,22.5400837],[114.2569002,22.5399733],[114.2567082,22.5402407],[114.258277,22.5414815],[114.2578965,22.5431585],[114.2581424,22.5435968],[114.2586817,22.5436457],[114.2589664,22.5440583],[114.258214,22.5445357],[114.2576375,22.5443208],[114.2558546,22.5445673],[114.256837,22.5452295],[114.2572248,22.5460519],[114.2580816,22.5461846],[114.2582533,22.546601],[114.259164,22.5471523],[114.2593806,22.5477147],[114.2606889,22.5480188],[114.2606737,22.5489063],[114.2604776,22.54899],[114.2594666,22.548466],[114.2591398,22.5478562],[114.2584646,22.5477348],[114.2573654,22.5485104],[114.2572977,22.5490717],[114.2563773,22.5494894],[114.2552777,22.5494251],[114.2549716,22.5486905],[114.2555667,22.5477378],[114.2545609,22.546456],[114.2539093,22.5463233],[114.2544685,22.5462405],[114.2542059,22.5457526],[114.2543159,22.5453198],[114.2534036,22.5451678],[114.2532343,22.5445847],[114.2525268,22.5446902],[114.2521101,22.5450071],[114.2527684,22.5459156],[114.2537609,22.5462905],[114.2531203,22.5464294],[114.2534128,22.5476493],[114.2531873,22.5478543],[114.2528019,22.5477717],[114.2524933,22.5472839],[114.2514557,22.5480689],[114.2509737,22.5476146],[114.2504246,22.5477246],[114.2502713,22.5465564],[114.2506602,22.5463849],[114.2505984,22.5457507],[114.2511579,22.5458231],[114.2512568,22.5455728],[114.249299,22.5446087],[114.247105,22.5461731],[114.2469758,22.5464825],[114.2472761,22.5467352],[114.2469477,22.5464997],[114.2464918,22.5471423],[114.246642,22.5481814],[114.2475128,22.5491586],[114.2473338,22.54939],[114.244934,22.5494407],[114.2443481,22.5487255],[114.2448238,22.5463349],[114.2445893,22.5459971],[114.2438274,22.5457564],[114.243453,22.5458744],[114.2437755,22.5462204],[114.2434348,22.5482613],[114.2429118,22.5487023],[114.2424787,22.5485414],[114.2418546,22.5480124],[114.2413937,22.5465413],[114.2408562,22.5460239],[114.2408813,22.5435603],[114.2405941,22.5436678],[114.2407265,22.5434316],[114.238742,22.5410301],[114.2383359,22.5389487],[114.2384132,22.53779],[114.2376344,22.5366693],[114.2377297,22.5361344],[114.2375266,22.5357037],[114.2367924,22.5351164],[114.2360429,22.5340545],[114.2356364,22.534242],[114.2360944,22.5339806],[114.236112,22.5336627],[114.2334409,22.5318033],[114.2318105,22.5323433],[114.230799,22.5335829],[114.2291587,22.5338553],[114.2290231,22.531006],[114.2280563,22.5299216],[114.2273131,22.5300739],[114.2273994,22.5307154],[114.227025,22.5307238],[114.2259278,22.5292855],[114.2257191,22.5294038],[114.2258968,22.5292264],[114.224708,22.5286157],[114.2239921,22.528563],[114.2233448,22.5299647],[114.2219272,22.5307143],[114.221524,22.530581],[114.221301,22.5301683],[114.2215867,22.529686],[114.2214829,22.5287935],[114.2217821,22.5280788],[114.2213018,22.5281073],[114.2207525,22.5286091],[114.2204002,22.5285166],[114.2202066,22.5275032],[114.2191939,22.5252566],[114.2156398,22.5240043],[114.215588,22.5243516],[114.2160383,22.524999],[114.215791,22.5255905],[114.2163267,22.5266772],[114.2163426,22.5273759],[114.2157942,22.5271373],[114.2152071,22.5264543],[114.2152082,22.5257616],[114.2144381,22.5256639],[114.2144003,22.5254744],[114.2134135,22.5253438],[114.2113465,22.5257535],[114.210201,22.5256294],[114.2098754,22.5251542],[114.210281,22.5249641],[114.2104606,22.5243705],[114.2103094,22.5242048],[114.2092152,22.524249],[114.2084803,22.5249636],[114.2081301,22.524882],[114.2078877,22.5259743],[114.2084211,22.5264581],[114.2085123,22.5269782],[114.2079616,22.5279764],[114.2084238,22.5288596],[114.2083676,22.5293968],[114.2089367,22.5304997],[114.2094106,22.5306162],[114.2096467,22.5315659],[114.2095819,22.5317555],[114.2089952,22.5316531],[114.2083971,22.5324759],[114.2083218,22.5338049],[114.2089488,22.5341454],[114.2090309,22.5351016],[114.2091108,22.5345363],[114.2094956,22.5344205],[114.2096978,22.5351491],[114.2093104,22.5355136],[114.2098107,22.5358951],[114.2101572,22.5355572],[114.2104233,22.535753],[114.210586,22.5350164],[114.2110858,22.5349217],[114.2116103,22.5342525],[114.2122675,22.5341836],[114.2140115,22.5360494],[114.2146634,22.5362109],[114.2149968,22.5368788],[114.2149602,22.5379709],[114.2156243,22.5389212],[114.2148833,22.5400412],[114.2152148,22.5399956],[114.215793,22.5408888],[114.2170931,22.5417246],[114.2176484,22.5428693],[114.2183984,22.5429661],[114.219445,22.5434978],[114.2187141,22.5442072],[114.2194889,22.5447256],[114.2200098,22.5440441],[114.220674,22.543785],[114.2242276,22.544617],[114.2249673,22.5436097],[114.224851,22.5433458],[114.2250848,22.5430095],[114.2260255,22.5434878],[114.2274316,22.5413484],[114.2273139,22.5411696],[114.2276939,22.5413851],[114.227469,22.5413694],[114.2260628,22.5435089],[114.2263472,22.5436695],[114.2336389,22.5436667],[114.2370556,22.5507223],[114.2486667,22.5557222],[114.2760278,22.5655],[114.3090833,22.5666666],[114.3329722,22.5683333],[114.4339722,22.562],[114.4551389,22.5449722],[114.4548888,22.4687222],[114.4793653,22.4154086],[114.3705515,22.2645773],[114.3526585,22.2541052]],[[114.3705827,22.2646249],[114.3703368,22.2654684],[114.3693488,22.2661621],[114.3691408,22.2658595],[114.369842,22.2648732],[114.3705827,22.2646249]],[[114.3664673,22.4744061],[114.3668153,22.4744148],[114.366651,22.4746202],[114.3664673,22.4744061]],[[114.366378,22.4742486],[114.3664573,22.4743137],[114.3663676,22.4742667],[114.366378,22.4742486]],[[114.3667433,22.4741351],[114.3664842,22.4741304],[114.3666534,22.4740563],[114.3667433,22.4741351]],[[114.365372,22.4719335],[114.365397,22.4720379],[114.3653619,22.4720865],[114.365372,22.4719335]],[[114.367307,22.4443177],[114.3673574,22.4443802],[114.3673396,22.4443858],[114.367307,22.4443177]],[[114.3952607,22.4483534],[114.3953539,22.4483982],[114.3952921,22.4484374],[114.3952607,22.4483534]],[[114.3958839,22.4486613],[114.3957645,22.4482868],[114.3960405,22.4481908],[114.3960818,22.4485847],[114.3958839,22.4486613]],[[114.3960735,22.4482107],[114.3961493,22.4482879],[114.3961248,22.4483081],[114.3960735,22.4482107]],[[114.3955728,22.4482877],[114.3956497,22.4479689],[114.3958922,22.4479848],[114.3958958,22.4481807],[114.3955728,22.4482877]],[[114.39539,22.4477236],[114.395457,22.4479845],[114.3953743,22.4482409],[114.395275,22.4479345],[114.39539,22.4477236]],[[114.3760631,22.4386741],[114.3761673,22.4386916],[114.3761219,22.4388031],[114.3760631,22.4386741]],[[114.3764585,22.4387566],[114.3766429,22.4386881],[114.3765189,22.438841],[114.3764585,22.4387566]],[[114.3762681,22.4385832],[114.3762063,22.4385778],[114.3762715,22.4385419],[114.3762681,22.4385832]],[[114.3763571,22.4385309],[114.376401,22.4385703],[114.3763575,22.4385961],[114.3763571,22.4385309]],[[114.3917563,22.4377903],[114.3918594,22.4378364],[114.3917877,22.4378417],[114.3917563,22.4377903]],[[114.4018401,22.4352081],[114.402315,22.4358294],[114.4019716,22.4361497],[114.4015594,22.4357764],[114.4018401,22.4352081]],[[114.4003015,22.4344962],[114.4003876,22.4345967],[114.4002701,22.4345373],[114.4003015,22.4344962]],[[114.4021517,22.4335712],[114.4018803,22.4338786],[114.4015392,22.4334706],[114.4018709,22.4333917],[114.4021517,22.4335712]],[[114.3989332,22.4317456],[114.3987249,22.4317338],[114.3985972,22.4317843],[114.3988605,22.4314867],[114.3989332,22.4317456]],[[114.396847,22.430633],[114.3966966,22.4306222],[114.3968807,22.4305471],[114.396847,22.430633]],[[114.3969583,22.4305171],[114.3969404,22.4305986],[114.3968904,22.4305901],[114.3969583,22.4305171]],[[114.3967988,22.4305262],[114.39685,22.4305384],[114.3967961,22.430546],[114.3967988,22.4305262]],[[114.3956889,22.4298553],[114.3958405,22.4299097],[114.3956879,22.4298887],[114.3956889,22.4298553]],[[114.3981004,22.4260203],[114.3981695,22.4261492],[114.3979805,22.4261581],[114.3981004,22.4260203]],[[114.397835,22.4258556],[114.397974,22.4259394],[114.3978351,22.4259686],[114.397835,22.4258556]],[[114.3659885,22.472309],[114.3659584,22.4725819],[114.3662236,22.4727486],[114.3664224,22.4727111],[114.3664501,22.4729177],[114.3666245,22.4727483],[114.3667514,22.4729338],[114.3663564,22.4731587],[114.3665076,22.4734196],[114.3661846,22.4736607],[114.3663741,22.4743267],[114.3666757,22.4747337],[114.3664879,22.475059],[114.3665651,22.475308],[114.3667744,22.4752798],[114.3665583,22.4753943],[114.3669371,22.4758942],[114.366503,22.4763921],[114.3667729,22.4767067],[114.3662526,22.4770818],[114.3666202,22.4770461],[114.3662335,22.4771639],[114.3662356,22.4773817],[114.3659284,22.4773695],[114.3654961,22.4778434],[114.3636254,22.4788598],[114.3633083,22.4799154],[114.3635927,22.4815062],[114.3645591,22.4821191],[114.3645897,22.4833483],[114.3642371,22.4839643],[114.3643712,22.4844071],[114.3634678,22.4853874],[114.3617206,22.4852262],[114.3608395,22.4860729],[114.3594126,22.4864141],[114.3578814,22.4853991],[114.3563073,22.482589],[114.3546723,22.4822622],[114.3544592,22.4818929],[114.3538438,22.48161],[114.3533071,22.4808205],[114.3537398,22.4803454],[114.3540939,22.4804705],[114.3543767,22.4800902],[114.3554625,22.4801926],[114.3557113,22.4791774],[114.3567667,22.4777164],[114.3561924,22.4764827],[114.3563727,22.4760704],[114.3573683,22.4755388],[114.3573747,22.4737627],[114.35778,22.4731429],[114.3575475,22.4724073],[114.3577458,22.4718932],[114.3584871,22.4717621],[114.359965,22.4733901],[114.3609578,22.4735648],[114.36111,22.4740444],[114.3612771,22.4739848],[114.361334,22.4729317],[114.3608111,22.4728446],[114.3608154,22.4721714],[114.360511,22.4724687],[114.3596605,22.4724498],[114.3596444,22.4719161],[114.3592295,22.4713312],[114.3593903,22.4712916],[114.3592777,22.4705969],[114.3589218,22.4702981],[114.3586078,22.4704913],[114.3585773,22.4702695],[114.3588813,22.4702097],[114.3588799,22.4696226],[114.3586747,22.4696499],[114.3588644,22.4693569],[114.3586267,22.4692119],[114.3586055,22.4687181],[114.3582779,22.4685156],[114.3580935,22.4673338],[114.3576217,22.4672449],[114.358183,22.4672732],[114.3583623,22.466366],[114.3593912,22.4655317],[114.3601637,22.4652255],[114.3609031,22.4651542],[114.3623083,22.4656588],[114.3621049,22.4657181],[114.3621124,22.465798],[114.3625969,22.466464],[114.3632018,22.4666824],[114.3633365,22.4670336],[114.3636595,22.4669472],[114.3635279,22.4671159],[114.3637808,22.4672198],[114.3638967,22.4679907],[114.3644184,22.4685553],[114.3636497,22.4702178],[114.3638355,22.4712912],[114.3647411,22.4719682],[114.3653254,22.4718954],[114.3653419,22.4722539],[114.3658426,22.4721735],[114.3657154,22.4723544],[114.3659885,22.472309]],[[114.392216,22.420493],[114.3922967,22.4205143],[114.3922905,22.4205328],[114.392216,22.420493]],[[114.3923821,22.4202712],[114.3925072,22.4202746],[114.3925044,22.4203307],[114.3923821,22.4202712]],[[114.3878291,22.4201784],[114.3877854,22.4203674],[114.3873975,22.4203455],[114.387429,22.4202058],[114.3878291,22.4201784]],[[114.3839349,22.4188413],[114.3838478,22.4187917],[114.3839514,22.4187734],[114.3839349,22.4188413]],[[114.3941636,22.418266],[114.3942811,22.4183085],[114.394132,22.4183447],[114.3941636,22.418266]],[[114.394546,22.4159423],[114.3946317,22.4159823],[114.3945481,22.4160484],[114.394546,22.4159423]],[[114.3946684,22.4156421],[114.3947663,22.4156651],[114.3947008,22.4157103],[114.3946684,22.4156421]],[[114.400961,22.4125977],[114.4010541,22.4127172],[114.400929,22.4127237],[114.400961,22.4125977]],[[114.4033961,22.4115361],[114.4030353,22.4121679],[114.4028097,22.4120903],[114.4033961,22.4115361]],[[114.3790848,22.4107179],[114.379087,22.4107604],[114.379061,22.4107449],[114.3790848,22.4107179]],[[114.3746558,22.4072109],[114.3746861,22.4072656],[114.3746667,22.4072719],[114.3746558,22.4072109]],[[114.3874627,22.4061696],[114.3875219,22.4061291],[114.3875041,22.4061892],[114.3874627,22.4061696]],[[114.3866836,22.406058],[114.3868137,22.4061079],[114.3866674,22.4060909],[114.3866836,22.406058]],[[114.3651123,22.5046225],[114.3651415,22.5048458],[114.3651194,22.5049206],[114.3649343,22.5046971],[114.3651123,22.5046225]],[[114.3638646,22.5032985],[114.3639682,22.5033164],[114.3639164,22.503443],[114.3638646,22.5032985]],[[114.3630321,22.5026836],[114.3630729,22.5027455],[114.3630106,22.5027552],[114.3630321,22.5026836]],[[114.3631642,22.5026955],[114.3632003,22.5027193],[114.3631423,22.5026933],[114.3631642,22.5026955]],[[114.362195,22.501618],[114.3622785,22.5016562],[114.3621754,22.5016532],[114.362195,22.501618]],[[114.3611801,22.4995382],[114.3612105,22.499597],[114.3611653,22.4995795],[114.3611801,22.4995382]],[[114.3607875,22.497648],[114.3608958,22.4976247],[114.3609098,22.4976802],[114.3607875,22.497648]],[[114.3606649,22.4972115],[114.3607655,22.4972682],[114.3606727,22.4972957],[114.3606649,22.4972115]],[[114.3599418,22.4966386],[114.3599836,22.4961411],[114.3600332,22.4961117],[114.3600828,22.496443],[114.3600134,22.4966244],[114.3599418,22.4966386]],[[114.3574708,22.4718774],[114.3575149,22.4719074],[114.3574836,22.4719197],[114.3574708,22.4718774]],[[114.3644269,22.4688425],[114.3644049,22.4687518],[114.3645598,22.4687425],[114.3644269,22.4688425]],[[114.3640865,22.4694948],[114.3641322,22.4695343],[114.364081,22.4695051],[114.3640865,22.4694948]],[[114.3647496,22.4718268],[114.3648062,22.4718346],[114.3647965,22.4718482],[114.3647496,22.4718268]],[[114.364924,22.4718864],[114.3649508,22.471914],[114.3649162,22.4719085],[114.364924,22.4718864]],[[114.3661912,22.4725763],[114.366207,22.4725955],[114.3661633,22.4726001],[114.3661912,22.4725763]],[[114.3661013,22.4726239],[114.366133,22.4726424],[114.3661105,22.4726504],[114.3661013,22.4726239]],[[114.3664718,22.4726607],[114.3664877,22.4726793],[114.366464,22.4726726],[114.3664718,22.4726607]],[[114.3667188,22.4747023],[114.366752,22.4747091],[114.3667211,22.4747103],[114.3667188,22.4747023]],[[114.366671,22.474874],[114.3667348,22.4749084],[114.3666673,22.4749063],[114.366671,22.474874]],[[114.3667197,22.4749654],[114.366747,22.4749694],[114.3667142,22.4749857],[114.3667197,22.4749654]],[[114.3666992,22.4751872],[114.3667746,22.4752052],[114.3666866,22.4752013],[114.3666992,22.4751872]],[[114.3668002,22.4752475],[114.3668767,22.4752412],[114.3668087,22.4752814],[114.3668002,22.4752475]],[[114.3665785,22.4752405],[114.366607,22.4752438],[114.3665847,22.4752607],[114.3665785,22.4752405]],[[114.3667505,22.475365],[114.3667445,22.4753927],[114.3667305,22.4753853],[114.3667505,22.475365]],[[114.3668782,22.4754235],[114.3669384,22.4754539],[114.3668727,22.4754805],[114.3668782,22.4754235]],[[114.3667446,22.4754406],[114.3668059,22.475467],[114.3667264,22.4754547],[114.3667446,22.4754406]],[[114.3578922,22.4663984],[114.3581772,22.4664785],[114.3580616,22.4665198],[114.3578773,22.466404],[114.3579098,22.466312],[114.3580642,22.4661078],[114.3578922,22.4663984]],[[114.3922965,22.4410879],[114.3918585,22.4411137],[114.3919237,22.4407117],[114.3923375,22.44074],[114.3922965,22.4410879]],[[114.4049876,22.4167168],[114.404205,22.4173767],[114.4041299,22.4169187],[114.4048929,22.4164585],[114.4049876,22.4167168]],[[114.4404027,22.53952],[114.4419409,22.5404636],[114.4418318,22.5409371],[114.4412763,22.5414967],[114.4400995,22.5415906],[114.4388006,22.5422832],[114.4379898,22.5423022],[114.4368828,22.5415868],[114.4359791,22.5417068],[114.4346725,22.5428997],[114.433426,22.5436034],[114.4329549,22.5445504],[114.4335264,22.5451106],[114.4322669,22.5443694],[114.431013,22.545291],[114.4306833,22.5459869],[114.4308002,22.5468277],[114.4305361,22.5471915],[114.4306439,22.547911],[114.4301407,22.5498501],[114.4301376,22.5508919],[114.4305194,22.5518738],[114.4303756,22.5531631],[114.4289399,22.5528171],[114.4277109,22.5520913],[114.4270969,22.5521538],[114.4257633,22.5513986],[114.4253623,22.5490288],[114.4248751,22.5485775],[114.4244687,22.5485709],[114.4241625,22.5478138],[114.4246243,22.5476374],[114.4246175,22.5478657],[114.4250142,22.5479875],[114.4256449,22.5476966],[114.4258083,22.5463891],[114.4255124,22.5448108],[114.4258724,22.5430678],[114.4257653,22.5432753],[114.4256805,22.5430183],[114.4270561,22.54173],[114.4277169,22.5405377],[114.428238,22.5406182],[114.4286408,22.5409747],[114.4289422,22.5406967],[114.4297807,22.5407783],[114.4318216,22.5395396],[114.4321975,22.5390269],[114.4353567,22.5377498],[114.4384975,22.537973],[114.4398845,22.5385414],[114.4404027,22.53952]],[[114.4063893,22.4128001],[114.4063295,22.4132372],[114.4059303,22.4134408],[114.4058888,22.4130306],[114.4063893,22.4128001]],[[114.3700512,22.4836402],[114.3713258,22.483],[114.3715421,22.4832151],[114.3703933,22.4842009],[114.3700512,22.4836402]],[[114.3729415,22.4824499],[114.3717974,22.4832156],[114.3716067,22.4831687],[114.3729415,22.4824499]],[[114.362167,22.5014364],[114.3622303,22.501228],[114.3622363,22.5014511],[114.362167,22.5014364]],[[114.3791398,22.4107391],[114.3791217,22.4106702],[114.3791748,22.410726],[114.3791398,22.4107391]],[[114.3790028,22.4109319],[114.3790172,22.4108632],[114.3790311,22.4109342],[114.3790028,22.4109319]],[[114.3571562,22.4718198],[114.3572352,22.4715047],[114.3575553,22.4716484],[114.3574028,22.4718257],[114.3571562,22.4718198]],[[114.3947522,22.438667],[114.3944921,22.4388283],[114.3941682,22.4383187],[114.3945951,22.4383105],[114.3947522,22.438667]],[[114.375197,22.4387338],[114.3751488,22.4387666],[114.3751421,22.4387132],[114.375197,22.4387338]],[[114.3945658,22.4171023],[114.3944725,22.4171166],[114.3945655,22.4170591],[114.3945658,22.4171023]],[[114.3643977,22.5042828],[114.3641574,22.5041568],[114.364129,22.5038289],[114.3642577,22.5038272],[114.3641999,22.5039013],[114.3643079,22.5038828],[114.3642946,22.503962],[114.3644629,22.5039867],[114.3644283,22.5040665],[114.3645504,22.5041092],[114.3643977,22.5042828]],[[114.3953301,22.4482108],[114.3949964,22.4480304],[114.3950715,22.4478201],[114.3953301,22.4482108]],[[114.3633347,22.5039144],[114.3624678,22.504177],[114.3621923,22.5032907],[114.3617602,22.5039366],[114.3614134,22.5039805],[114.3612765,22.5045569],[114.3603147,22.5045506],[114.3597371,22.5047961],[114.3586722,22.5044723],[114.3578041,22.5037577],[114.3568977,22.5037089],[114.3567254,22.5024208],[114.3570999,22.501231],[114.3565218,22.5007235],[114.3557826,22.5007258],[114.3550834,22.5003567],[114.3562789,22.4987208],[114.3566473,22.4985606],[114.357336,22.4974424],[114.3574011,22.496859],[114.3579458,22.495885],[114.3582204,22.496633],[114.3587065,22.4966722],[114.3588032,22.496964],[114.3592793,22.4969106],[114.3593376,22.4966735],[114.3595662,22.4966639],[114.3597445,22.4963771],[114.3600046,22.4967258],[114.3601962,22.4963387],[114.360207,22.4968568],[114.3604182,22.4969013],[114.3600845,22.4972655],[114.3603843,22.4972484],[114.3605413,22.4975123],[114.3608417,22.4974142],[114.3607185,22.4976984],[114.3609659,22.4978578],[114.3606884,22.4983813],[114.3608884,22.498446],[114.3606747,22.4985986],[114.3608836,22.4985023],[114.3606331,22.4987685],[114.3608852,22.4987174],[114.3607908,22.4993186],[114.3611304,22.499806],[114.3613693,22.4998082],[114.3611927,22.5000625],[114.3613719,22.5006069],[114.3617318,22.500913],[114.3619934,22.5005819],[114.3621973,22.5010563],[114.3619565,22.5014842],[114.36241,22.5019543],[114.36266,22.5017461],[114.3629308,22.5025872],[114.3627029,22.5027136],[114.3632047,22.5028318],[114.3631392,22.5032228],[114.3635407,22.5031943],[114.363533,22.5034515],[114.3639745,22.5037004],[114.3637522,22.5040607],[114.3633347,22.5039144]],[[114.3644609,22.5043805],[114.3647715,22.5042775],[114.3646857,22.5045457],[114.3644609,22.5043805]],[[114.3641711,22.503509],[114.3640677,22.5036702],[114.3640679,22.5038641],[114.3639617,22.5036045],[114.3641711,22.503509]],[[114.3645187,22.5038989],[114.3646517,22.5040856],[114.3646036,22.5041594],[114.3645187,22.5038989]],[[114.4284484,22.4649795],[114.42849,22.465021],[114.4284171,22.4650337],[114.4284484,22.4649795]],[[114.4285292,22.4649691],[114.4285485,22.464938],[114.4285682,22.4649531],[114.4285292,22.4649691]],[[114.4286117,22.4648401],[114.4286163,22.4648923],[114.4285906,22.4648978],[114.4286117,22.4648401]],[[114.4284143,22.4657185],[114.4276269,22.4664455],[114.4272846,22.4670258],[114.4272799,22.4665339],[114.4276951,22.4658274],[114.4284143,22.4657185]],[[114.4277132,22.4656098],[114.4278503,22.4653712],[114.428083,22.465521],[114.4281251,22.4652974],[114.4286387,22.4650871],[114.4284328,22.4654421],[114.4277132,22.4656098]],[[114.39515,22.4483563],[114.3950048,22.4491512],[114.3947063,22.4493142],[114.3945073,22.4491661],[114.3947262,22.4489329],[114.3941981,22.4485786],[114.3942981,22.448303],[114.3946237,22.4480515],[114.39515,22.4483563]],[[114.3595521,22.4965257],[114.3595977,22.4965249],[114.3596038,22.4965463],[114.3595521,22.4965257]],[[114.3602808,22.4965126],[114.3602923,22.4965396],[114.3602355,22.4965493],[114.3602808,22.4965126]],[[114.3603223,22.4965977],[114.3603723,22.4966322],[114.3603344,22.4966318],[114.3603223,22.4965977]],[[114.3718524,22.4828697],[114.3717451,22.4827898],[114.3718396,22.4827933],[114.3718524,22.4828697]],[[114.3717869,22.4830259],[114.371814,22.4828807],[114.3719488,22.4829222],[114.3717869,22.4830259]],[[114.3624597,22.465921],[114.3625108,22.465939],[114.3625002,22.4659577],[114.3624597,22.465921]],[[114.3624575,22.4659436],[114.3624686,22.466024],[114.3624072,22.4659643],[114.3624575,22.4659436]],[[114.3625129,22.4658007],[114.3625546,22.4658435],[114.3625017,22.4658151],[114.3625129,22.4658007]],[[114.355505,22.3230217],[114.3548163,22.3233536],[114.3553216,22.3234741],[114.3551539,22.323596],[114.3553458,22.3239003],[114.3557387,22.3236303],[114.3559024,22.3238445],[114.3565821,22.3236713],[114.3568521,22.3244239],[114.356713,22.3251574],[114.3570197,22.3251428],[114.3570728,22.3257811],[114.3576263,22.3258302],[114.3576436,22.3260749],[114.3555352,22.3265523],[114.3549714,22.3264638],[114.3547522,22.3262488],[114.354863,22.3257941],[114.3544524,22.3245391],[114.3539631,22.3238334],[114.353191,22.323492],[114.3525448,22.3235942],[114.351348,22.324851],[114.3506271,22.3252097],[114.3501261,22.3250268],[114.3500998,22.3245776],[114.3494707,22.3241953],[114.3493944,22.3238282],[114.3488653,22.3236759],[114.3489773,22.3234848],[114.3483658,22.3228717],[114.3485361,22.3226664],[114.3480348,22.3222936],[114.3479685,22.3219969],[114.3482281,22.3218554],[114.3481238,22.3213202],[114.3474642,22.3211822],[114.3475539,22.3205303],[114.3478709,22.3202814],[114.3478364,22.3193689],[114.3473691,22.3187033],[114.3466861,22.3185364],[114.3466164,22.3178961],[114.3461928,22.317868],[114.3462124,22.316444],[114.3467822,22.3160663],[114.3465434,22.3158286],[114.3468333,22.3151826],[114.3463986,22.3151104],[114.3470044,22.3150101],[114.3469167,22.3144354],[114.3471415,22.3140239],[114.3475717,22.3138714],[114.3473491,22.3134841],[114.3475872,22.3128997],[114.3482531,22.3126217],[114.3487642,22.3131297],[114.3486633,22.3139145],[114.3481403,22.3140414],[114.3482078,22.3142509],[114.3475472,22.3147063],[114.3485721,22.3147935],[114.3485414,22.3158515],[114.3490405,22.3163788],[114.3502647,22.3168839],[114.3506079,22.3167732],[114.3509668,22.3160382],[114.3519918,22.3160322],[114.3524289,22.3166595],[114.3523046,22.3171205],[114.3528255,22.3173813],[114.3532787,22.3171285],[114.3536661,22.3172636],[114.3537876,22.3177678],[114.3534239,22.3181145],[114.3536209,22.3181738],[114.3534948,22.3192604],[114.3539722,22.3192582],[114.3540764,22.31948],[114.3537475,22.3197085],[114.3537107,22.3201338],[114.352902,22.320551],[114.3528776,22.3211827],[114.3534699,22.3214899],[114.353089,22.3223633],[114.3534231,22.3227054],[114.3546601,22.3225389],[114.3546422,22.3228205],[114.3540718,22.3232786],[114.3542746,22.3232366],[114.3542164,22.3233817],[114.3546823,22.323],[114.3553802,22.3228479],[114.355505,22.3230217]],[[114.3013952,22.323085],[114.301279,22.3234494],[114.3008337,22.3235569],[114.3008034,22.3239286],[114.3011773,22.3243022],[114.3016124,22.3241956],[114.3017242,22.3245098],[114.3020616,22.3245308],[114.3019977,22.3248165],[114.3022638,22.3249299],[114.3020252,22.3255765],[114.3006418,22.3260127],[114.3008166,22.3261962],[114.300402,22.3263592],[114.3003602,22.3267124],[114.3007784,22.3269349],[114.2998531,22.3271369],[114.299557,22.3268976],[114.2993433,22.3275901],[114.2986316,22.3278586],[114.2986307,22.3281879],[114.2992757,22.3282348],[114.2992564,22.3284581],[114.2979846,22.3286498],[114.2984491,22.3287769],[114.298272,22.3290552],[114.2973319,22.3288653],[114.2974252,22.3293131],[114.2968149,22.3294405],[114.2970372,22.329762],[114.2966495,22.3297012],[114.2967452,22.3300589],[114.296126,22.3300309],[114.295954,22.3303312],[114.2959651,22.3305819],[114.2953446,22.3308045],[114.294779,22.3314302],[114.2935852,22.3316835],[114.2938473,22.3310559],[114.293363,22.3302901],[114.2927965,22.3273828],[114.2931738,22.3272194],[114.2939089,22.3258682],[114.2939084,22.325479],[114.2945909,22.3251426],[114.294651,22.3241564],[114.2952764,22.3233262],[114.2955182,22.3234682],[114.295537,22.3232423],[114.2963229,22.3229229],[114.2961659,22.3227751],[114.2965373,22.3225495],[114.2971229,22.322697],[114.2979682,22.3223332],[114.2981545,22.3227305],[114.2993484,22.3220088],[114.2998933,22.3223755],[114.3001494,22.3224283],[114.2998971,22.3222703],[114.3001199,22.3221248],[114.3009624,22.3225098],[114.3013952,22.323085]],[[114.3699969,22.331951],[114.3699414,22.3323675],[114.3700745,22.3323886],[114.3699819,22.3324483],[114.3699024,22.3323018],[114.3698759,22.3320764],[114.3699969,22.331951]],[[114.3663645,22.3319525],[114.3662087,22.3318551],[114.3663983,22.3317728],[114.3663645,22.3319525]],[[114.3605463,22.3314259],[114.3603919,22.3313425],[114.3605411,22.3312744],[114.3605463,22.3314259]],[[114.366789,22.3308794],[114.3667318,22.3309721],[114.3667582,22.3308791],[114.366789,22.3308794]],[[114.3671877,22.330821],[114.3671449,22.3308117],[114.3671783,22.330794],[114.3671877,22.330821]],[[114.3602552,22.3306723],[114.3601527,22.3306902],[114.3602156,22.3306274],[114.3602552,22.3306723]],[[114.3668591,22.3306073],[114.3668233,22.3306877],[114.3667866,22.3306595],[114.3668591,22.3306073]],[[114.3615787,22.3305235],[114.3615295,22.3305135],[114.3615541,22.3304845],[114.3615787,22.3305235]],[[114.3670515,22.3309009],[114.3670244,22.3305618],[114.3672509,22.3304555],[114.3670515,22.3309009]],[[114.3603002,22.3303916],[114.3602803,22.3303693],[114.3603031,22.3303635],[114.3603002,22.3303916]],[[114.3672015,22.3304278],[114.3671136,22.3303865],[114.367171,22.3303354],[114.3672015,22.3304278]],[[114.3619663,22.330361],[114.3618934,22.3301816],[114.3620155,22.3301431],[114.3619663,22.330361]],[[114.3668998,22.3301293],[114.3671076,22.3301726],[114.3668514,22.3305152],[114.3668998,22.3301293]],[[114.3680942,22.330285],[114.3677678,22.3307794],[114.3674928,22.3307844],[114.3672819,22.3306469],[114.3675441,22.3306916],[114.3674257,22.3303145],[114.3678258,22.3299441],[114.3680942,22.330285]],[[114.3649899,22.3292251],[114.3650097,22.329259],[114.364976,22.3292329],[114.3649899,22.3292251]],[[114.365169,22.3292791],[114.3650719,22.3290483],[114.365271,22.3291104],[114.365169,22.3292791]],[[114.3655104,22.3290603],[114.3655434,22.3289966],[114.3655314,22.329065],[114.3655104,22.3290603]],[[114.3734291,22.3279195],[114.3733572,22.3282772],[114.3731375,22.3283238],[114.3731479,22.3281141],[114.3734291,22.3279195]],[[114.3767119,22.3280741],[114.3775246,22.3275528],[114.378103,22.3280026],[114.3779912,22.328496],[114.3775638,22.3286302],[114.377523,22.3289856],[114.3761802,22.3294342],[114.3758556,22.3290921],[114.3752733,22.3304982],[114.3743439,22.3303459],[114.374187,22.3305323],[114.3729562,22.330545],[114.3730925,22.3315118],[114.3724703,22.3318619],[114.3720609,22.3317377],[114.3724325,22.3321623],[114.3718471,22.3318016],[114.3716058,22.3319501],[114.3717664,22.3322046],[114.3714701,22.3322803],[114.3719677,22.3326214],[114.3717602,22.3332547],[114.3712007,22.3335772],[114.3704216,22.3333413],[114.3711833,22.333707],[114.3711589,22.3339517],[114.3700538,22.3337448],[114.3703796,22.3333199],[114.370488,22.3332688],[114.370027,22.3322427],[114.3707412,22.3318548],[114.3706087,22.3316444],[114.3708132,22.3314473],[114.3714647,22.3315896],[114.3710898,22.331195],[114.3710045,22.3305452],[114.3714602,22.3294622],[114.3716735,22.3296939],[114.3717303,22.3293819],[114.3721125,22.3295921],[114.3716087,22.3287959],[114.3720635,22.3280764],[114.3722439,22.3280484],[114.3720738,22.3283165],[114.3723672,22.328242],[114.372486,22.3285485],[114.3728796,22.3284621],[114.3729175,22.3282252],[114.3729842,22.3287147],[114.3730993,22.328401],[114.3739381,22.3282147],[114.3742787,22.3277521],[114.3744779,22.327952],[114.3746219,22.3277166],[114.3744625,22.3281557],[114.3748526,22.3279887],[114.3750578,22.3282311],[114.3752145,22.3277755],[114.3753742,22.3280304],[114.3757162,22.3279535],[114.3759762,22.3287402],[114.3762519,22.3281325],[114.3763969,22.3285805],[114.3767119,22.3280741]],[[114.3690398,22.3267711],[114.3679704,22.3268544],[114.3675885,22.3265415],[114.3680623,22.32628],[114.3692897,22.3261709],[114.3693847,22.3264062],[114.3690398,22.3267711]],[[114.3678188,22.3253698],[114.3691774,22.3255446],[114.3674973,22.3261319],[114.3678188,22.3253698]],[[114.3660579,22.3479493],[114.3656843,22.348217],[114.365537,22.3481495],[114.3660188,22.3477266],[114.3660579,22.3479493]],[[114.3658495,22.3476503],[114.3658807,22.3476684],[114.3658394,22.3476784],[114.3658495,22.3476503]],[[114.3694057,22.3440169],[114.369456,22.3440265],[114.3692778,22.3440278],[114.3694057,22.3440169]],[[114.3695698,22.3439115],[114.3696374,22.3439323],[114.369573,22.3439623],[114.3695698,22.3439115]],[[114.3607141,22.3435804],[114.3607395,22.3435946],[114.3607182,22.3435969],[114.3607141,22.3435804]],[[114.3607605,22.3434893],[114.3607908,22.3435135],[114.3607589,22.3435538],[114.3607605,22.3434893]],[[114.3604162,22.343408],[114.3604359,22.3434365],[114.3604241,22.3434536],[114.3604162,22.343408]],[[114.3605611,22.3432213],[114.3607809,22.34341],[114.3605802,22.3436778],[114.3605611,22.3432213]],[[114.3668861,22.3394907],[114.3669554,22.3394972],[114.3669106,22.3395251],[114.3668861,22.3394907]],[[114.3629866,22.3388813],[114.3630849,22.3388706],[114.3630644,22.3389084],[114.3629866,22.3388813]],[[114.3634086,22.3386718],[114.3631022,22.3388181],[114.3632894,22.3386349],[114.3634086,22.3386718]],[[114.3623602,22.3386703],[114.3622412,22.3387412],[114.3622655,22.338626],[114.3623602,22.3386703]],[[114.3632481,22.3385715],[114.3633075,22.3386077],[114.3631765,22.3386467],[114.3632481,22.3385715]],[[114.363332,22.3385376],[114.3633814,22.3385733],[114.3633221,22.3385557],[114.363332,22.3385376]],[[114.3678902,22.3368369],[114.3675666,22.3366241],[114.3678094,22.3361672],[114.3680268,22.3363685],[114.3678902,22.3368369]],[[114.370391,22.3352519],[114.370232,22.3351173],[114.3704409,22.3349693],[114.3705243,22.3350768],[114.370391,22.3352519]],[[114.3672291,22.3347862],[114.3673203,22.3348099],[114.3672336,22.3348291],[114.3672291,22.3347862]],[[114.3677343,22.3369745],[114.3679489,22.3378466],[114.3676608,22.3387158],[114.3669638,22.3392422],[114.3663422,22.3392835],[114.3668745,22.3394419],[114.3664437,22.3396528],[114.3659044,22.3396643],[114.3657983,22.3393903],[114.3655281,22.3395537],[114.3650312,22.3378052],[114.3644443,22.3375193],[114.3639994,22.3381914],[114.3636663,22.338156],[114.3627186,22.3388419],[114.3624183,22.3387921],[114.3623267,22.3385017],[114.3616213,22.338591],[114.3614349,22.3388374],[114.3612927,22.3385642],[114.3610595,22.3387588],[114.3610543,22.3384078],[114.360853,22.3383432],[114.3611507,22.3384333],[114.3608759,22.3379456],[114.3611193,22.3363425],[114.3603718,22.3353058],[114.3605839,22.3345506],[114.3608705,22.3345025],[114.3607488,22.3343413],[114.3611092,22.3339793],[114.3606063,22.3339833],[114.3608921,22.333487],[114.3607281,22.3334026],[114.3614264,22.3332328],[114.3614874,22.3327546],[114.3613082,22.3322473],[114.3608128,22.3321785],[114.3610482,22.3320532],[114.360665,22.3317718],[114.3608004,22.3315297],[114.3605547,22.33153],[114.3605889,22.3312474],[114.3603462,22.3312525],[114.3604893,22.3310674],[114.3602391,22.3309291],[114.3602971,22.3306278],[114.360622,22.3305413],[114.3606126,22.3299904],[114.3611437,22.3300013],[114.3614049,22.3307409],[114.3614791,22.3303692],[114.3614696,22.3305985],[114.3622452,22.3308234],[114.3624487,22.330424],[114.3625998,22.3306689],[114.3628939,22.3304023],[114.3631835,22.3305743],[114.3631215,22.3301706],[114.3639044,22.32956],[114.3639346,22.3297815],[114.3640712,22.3292857],[114.364254,22.3293291],[114.364271,22.3298539],[114.3648521,22.3292636],[114.3651444,22.3294143],[114.3653991,22.3290451],[114.3655819,22.3291625],[114.3656015,22.3290722],[114.3654803,22.3287982],[114.365722,22.3284844],[114.3664191,22.3285778],[114.3661875,22.3293009],[114.3653192,22.3295321],[114.3655597,22.3300701],[114.36613,22.3303996],[114.3660942,22.3301012],[114.3664043,22.3302367],[114.3663287,22.330049],[114.3665717,22.3300109],[114.3667593,22.330187],[114.3665604,22.3314995],[114.3661767,22.3317868],[114.3661513,22.3319573],[114.3664189,22.3320269],[114.3661077,22.3322343],[114.3662693,22.3325417],[114.366103,22.3328171],[114.366277,22.332707],[114.3658303,22.333575],[114.366318,22.3343167],[114.3670699,22.3343618],[114.3668884,22.3349288],[114.3671664,22.3354749],[114.3676863,22.3353494],[114.3677685,22.3360291],[114.3673144,22.3367716],[114.3677343,22.3369745]],[[114.3672126,22.3345612],[114.3672439,22.3345758],[114.3672089,22.3345884],[114.3672126,22.3345612]],[[114.3672177,22.3344014],[114.3672923,22.3344189],[114.3671356,22.3343864],[114.3672177,22.3344014]],[[114.3661079,22.3336475],[114.3660351,22.3336046],[114.3660929,22.3336083],[114.3661079,22.3336475]],[[114.3717394,22.353753],[114.3719104,22.353747],[114.3717417,22.3538202],[114.3717394,22.353753]],[[114.3723059,22.3534832],[114.3723361,22.3536525],[114.3718399,22.3539767],[114.3718921,22.3537977],[114.3723059,22.3534832]],[[114.3711687,22.3533292],[114.3712333,22.3533512],[114.3711734,22.3533506],[114.3711687,22.3533292]],[[114.3709763,22.3530344],[114.3709994,22.3530554],[114.370961,22.3530454],[114.3709763,22.3530344]],[[114.3711581,22.3529414],[114.3712037,22.3529469],[114.3711604,22.3529617],[114.3711581,22.3529414]],[[114.3715448,22.3514073],[114.3716574,22.35155],[114.3715378,22.3516959],[114.3714359,22.3515748],[114.3715448,22.3514073]],[[114.3747689,22.3395529],[114.37482,22.3395696],[114.3747684,22.3395656],[114.3747689,22.3395529]],[[114.3748656,22.3395394],[114.3750334,22.3395272],[114.3750321,22.3396141],[114.3748656,22.3395394]],[[114.3747087,22.3394483],[114.3748326,22.3394695],[114.3747062,22.3394934],[114.3747087,22.3394483]],[[114.3745459,22.3393686],[114.3745994,22.3393149],[114.3745932,22.3394172],[114.3745459,22.3393686]],[[114.3755047,22.3390779],[114.374548,22.339257],[114.374469,22.3388008],[114.3755885,22.3386951],[114.3755047,22.3390779]],[[114.3694932,22.3339243],[114.3708721,22.3341667],[114.3709075,22.334493],[114.3699548,22.3342446],[114.3696026,22.3344935],[114.3692716,22.3343298],[114.3694932,22.3339243]],[[114.3712178,22.333855],[114.3712717,22.3339284],[114.3711886,22.3339557],[114.3712178,22.333855]],[[114.3716602,22.3335614],[114.3716916,22.333584],[114.3716477,22.3335905],[114.3716602,22.3335614]],[[114.3714884,22.3335103],[114.3716526,22.3335509],[114.3715232,22.3335979],[114.3714884,22.3335103]],[[114.3737077,22.4021934],[114.3736391,22.4021561],[114.3737364,22.4021601],[114.3737077,22.4021934]],[[114.3741175,22.4017981],[114.374177,22.4018856],[114.3740079,22.4019178],[114.3741175,22.4017981]],[[114.3735,22.4014657],[114.3735619,22.401511],[114.3734117,22.4015178],[114.3735,22.4014657]],[[114.3868719,22.4019143],[114.3864871,22.4022151],[114.385619,22.4019503],[114.3859018,22.4013599],[114.3866393,22.4011328],[114.3869839,22.4012494],[114.3868719,22.4019143]],[[114.3791024,22.3961678],[114.3791562,22.3961661],[114.3791492,22.3961887],[114.3791024,22.3961678]],[[114.3875265,22.3896392],[114.3875503,22.3896747],[114.3874642,22.3897082],[114.3875265,22.3896392]],[[114.3878288,22.3892543],[114.3878447,22.3892951],[114.3878198,22.3892576],[114.3878288,22.3892543]],[[114.3880055,22.3892034],[114.3880524,22.3893425],[114.3879082,22.3892589],[114.3880055,22.3892034]],[[114.388875,22.3889701],[114.3889374,22.3890032],[114.3888991,22.3890078],[114.388875,22.3889701]],[[114.3902231,22.3837682],[114.3902414,22.3837747],[114.3902214,22.3837759],[114.3902231,22.3837682]],[[114.3901769,22.3837518],[114.3902085,22.3837517],[114.3901741,22.3837625],[114.3901769,22.3837518]],[[114.3902216,22.3837278],[114.3902702,22.3837407],[114.3902142,22.3837571],[114.3902216,22.3837278]],[[114.3905256,22.3838072],[114.3905276,22.3837049],[114.390604,22.3837166],[114.3905256,22.3838072]],[[114.3902278,22.3833693],[114.3902359,22.3833854],[114.3902238,22.3833815],[114.3902278,22.3833693]],[[114.3906571,22.3829603],[114.3906422,22.383016],[114.3906188,22.3830086],[114.3906571,22.3829603]],[[114.3902836,22.3825529],[114.3907706,22.3821179],[114.3911274,22.3822105],[114.3904629,22.3827202],[114.3902836,22.3825529]],[[114.3899772,22.3817235],[114.3900161,22.3816879],[114.3899922,22.3817338],[114.3899772,22.3817235]],[[114.3910256,22.3793534],[114.3910497,22.3793927],[114.3909997,22.3793981],[114.3910256,22.3793534]],[[114.391165,22.3791258],[114.3911871,22.3791397],[114.3911549,22.3791465],[114.391165,22.3791258]],[[114.3916883,22.3781656],[114.3917264,22.3781799],[114.391689,22.3781946],[114.3916883,22.3781656]],[[114.3916077,22.37736],[114.3916159,22.3773811],[114.3916008,22.3773704],[114.3916077,22.37736]],[[114.3786063,22.3741663],[114.3786286,22.3742074],[114.3785929,22.3741819],[114.3786063,22.3741663]],[[114.3784378,22.3742156],[114.3784604,22.3741952],[114.3784443,22.3742165],[114.3784378,22.3742156]],[[114.3787321,22.3740487],[114.3787923,22.3740876],[114.3787388,22.3740892],[114.3787321,22.3740487]],[[114.3805836,22.3738032],[114.3805896,22.3738281],[114.3805629,22.3738037],[114.3805836,22.3738032]],[[114.3801897,22.3737708],[114.380256,22.3737874],[114.3802596,22.3738001],[114.3801897,22.3737708]],[[114.3790006,22.3737274],[114.3789121,22.3739742],[114.3788103,22.3740335],[114.3790006,22.3737274]],[[114.3897572,22.3655746],[114.3898779,22.3656311],[114.3897376,22.3656478],[114.3897572,22.3655746]],[[114.3922427,22.3627584],[114.3918159,22.3643252],[114.3919742,22.3645759],[114.3914359,22.3647957],[114.3907714,22.3646976],[114.3909332,22.3638312],[114.3913435,22.3631989],[114.3919728,22.3626084],[114.3922427,22.3627584]],[[114.3791337,22.3583784],[114.3775857,22.359213],[114.377271,22.3590546],[114.3784234,22.357883],[114.3789068,22.3578417],[114.3791393,22.3575177],[114.3794886,22.3576346],[114.3791337,22.3583784]],[[114.3772316,22.3574419],[114.3771088,22.3575417],[114.3770302,22.3575481],[114.3770829,22.3574883],[114.3772316,22.3574419]],[[114.3750491,22.3567416],[114.3751705,22.3567671],[114.3750423,22.3567999],[114.3750491,22.3567416]],[[114.3754216,22.3559917],[114.37551,22.3559904],[114.3755235,22.3560386],[114.3754216,22.3559917]],[[114.3737581,22.3556585],[114.3737642,22.3556943],[114.3737307,22.3556804],[114.3737581,22.3556585]],[[114.3746282,22.3556076],[114.3747209,22.3556416],[114.3746216,22.3556365],[114.3746282,22.3556076]],[[114.3748349,22.3555233],[114.374815,22.3555387],[114.3748081,22.3555341],[114.3748349,22.3555233]],[[114.3876413,22.4059243],[114.3874777,22.4056757],[114.3876551,22.4055201],[114.3879289,22.4057246],[114.3876413,22.4059243]],[[114.36546,22.3284665],[114.3654055,22.3284723],[114.3654356,22.3284348],[114.36546,22.3284665]],[[114.3672462,22.3255402],[114.3672308,22.3262017],[114.3665678,22.3258739],[114.3667466,22.3252947],[114.3672462,22.3255402]],[[114.370203,22.344575],[114.3701583,22.3453441],[114.3699068,22.345659],[114.3690188,22.3450837],[114.3690452,22.3453061],[114.3687417,22.3447893],[114.369638,22.3442062],[114.370203,22.344575]],[[114.3628943,22.3389551],[114.362889,22.3390105],[114.3628551,22.3389659],[114.3628943,22.3389551]],[[114.3865376,22.4034358],[114.386426,22.4037876],[114.3857964,22.4038952],[114.386041,22.4039578],[114.3859467,22.4041091],[114.3855259,22.4040182],[114.3851199,22.4035202],[114.3850496,22.4027873],[114.3857922,22.4025215],[114.3865297,22.4025719],[114.3867191,22.402968],[114.3861137,22.4032633],[114.3865376,22.4034358]],[[114.3911586,22.3830147],[114.3908347,22.3830645],[114.3906579,22.3830321],[114.391031,22.3828206],[114.3911586,22.3830147]],[[114.3700491,22.3344727],[114.3703299,22.3345927],[114.3703526,22.3347282],[114.3698398,22.3347394],[114.3700491,22.3344727]],[[114.3720512,22.3326092],[114.3722487,22.3330887],[114.3720217,22.3331184],[114.3720512,22.3326092]],[[114.2864346,22.3745899],[114.2869707,22.3745439],[114.2867357,22.3746057],[114.2864331,22.3746164],[114.2864133,22.3747987],[114.2868795,22.3760607],[114.2861854,22.3759005],[114.2855503,22.3751281],[114.284583,22.3751003],[114.2844518,22.3742697],[114.284548,22.3740846],[114.2847299,22.3739736],[114.2847781,22.3738536],[114.2855845,22.3737352],[114.2856257,22.3735286],[114.2862692,22.3738871],[114.2864346,22.3745899]],[[114.2880901,22.376075],[114.2884488,22.3764186],[114.2882193,22.3767438],[114.2877113,22.3766067],[114.2880901,22.376075]],[[114.3040925,22.3738039],[114.3047384,22.3729811],[114.3049181,22.3729143],[114.3048944,22.3723319],[114.3056747,22.3719843],[114.3052488,22.3718136],[114.304905,22.3721492],[114.3044855,22.3721254],[114.3046629,22.3718019],[114.3045135,22.3713555],[114.3042735,22.3713966],[114.3041702,22.3711583],[114.3052397,22.3705334],[114.3043272,22.3700595],[114.3028116,22.3706258],[114.3024069,22.3703447],[114.3024804,22.3695029],[114.3021821,22.369049],[114.3020191,22.3678597],[114.3026281,22.3675807],[114.3027694,22.3670785],[114.3035807,22.3666972],[114.3042147,22.3669707],[114.3042043,22.3673451],[114.3038235,22.3677153],[114.3040308,22.3683387],[114.3044003,22.3684348],[114.3056764,22.3678488],[114.3055176,22.3672854],[114.3058268,22.3660983],[114.3052103,22.3660021],[114.3047139,22.3655069],[114.3042092,22.3655156],[114.3042083,22.3652923],[114.3055822,22.3652309],[114.3056077,22.3642131],[114.3063115,22.3641202],[114.3057831,22.3638284],[114.3056415,22.3633559],[114.3059411,22.3630832],[114.3061796,22.3621579],[114.3070006,22.361516],[114.3072796,22.3609742],[114.3083464,22.3607355],[114.3081043,22.3605826],[114.3081188,22.3601914],[114.3088355,22.3592689],[114.3068924,22.3598967],[114.3066344,22.3602784],[114.306192,22.3604063],[114.3062856,22.3607468],[114.3058631,22.3609071],[114.3054034,22.3607538],[114.3052715,22.360461],[114.3051095,22.3597887],[114.3054252,22.3596303],[114.3055586,22.3591577],[114.305377,22.3587859],[114.3057786,22.3581813],[114.3068987,22.3576716],[114.3063283,22.3567398],[114.3059984,22.3568455],[114.305286,22.3561366],[114.3045851,22.3548927],[114.3039426,22.3549961],[114.3035494,22.3546097],[114.303858,22.3544097],[114.304156,22.3536427],[114.3032377,22.3519396],[114.3037676,22.3516469],[114.3036384,22.3513435],[114.3038906,22.3508138],[114.3043213,22.3503721],[114.3044272,22.3505797],[114.3044485,22.3503185],[114.3047978,22.3502702],[114.3050669,22.3483609],[114.3052537,22.348521],[114.305412,22.3483933],[114.3057607,22.3473047],[114.3066396,22.3469464],[114.307408,22.3457153],[114.307685,22.3457861],[114.3081231,22.3453888],[114.3084252,22.3457101],[114.3087127,22.3454266],[114.3090766,22.3454549],[114.3090598,22.3452422],[114.3093889,22.3454544],[114.3092586,22.3450898],[114.3094617,22.344862],[114.3096266,22.3450013],[114.3103865,22.3436858],[114.3116026,22.3431434],[114.3120699,22.3431805],[114.3118749,22.3434537],[114.3128374,22.3438155],[114.3127469,22.3440768],[114.3131987,22.3446461],[114.3132857,22.3460571],[114.3139833,22.3463856],[114.3146635,22.3461199],[114.3149688,22.3451452],[114.3154105,22.3450048],[114.3156658,22.3443694],[114.316381,22.3440427],[114.3167542,22.3433874],[114.3173919,22.3436386],[114.3177524,22.3432718],[114.3183748,22.3434359],[114.3199652,22.3425973],[114.3205871,22.342673],[114.3205469,22.3424394],[114.3208714,22.3424623],[114.3214426,22.3420227],[114.3235096,22.3423322],[114.3247523,22.3440118],[114.3243418,22.3452731],[114.3244533,22.3458297],[114.3230914,22.3471525],[114.323708,22.3478506],[114.3248802,22.3476408],[114.3253175,22.3479446],[114.3256751,22.3477626],[114.3256185,22.3482083],[114.325957,22.3481425],[114.3262886,22.3484761],[114.3256032,22.3495681],[114.3252796,22.3507846],[114.3253789,22.3510388],[114.3259832,22.3507869],[114.3263799,22.3509528],[114.327202,22.3506042],[114.327222,22.3516667],[114.3266674,22.3527816],[114.3266422,22.3532312],[114.3259956,22.3538652],[114.3263856,22.3545835],[114.3272582,22.3547977],[114.3270065,22.3553928],[114.3274146,22.3560011],[114.3277155,22.3558863],[114.3278504,22.3561429],[114.3272589,22.3563418],[114.3269609,22.3571725],[114.3265636,22.3575282],[114.3256843,22.357834],[114.3246047,22.3573751],[114.3247026,22.3581457],[114.3245138,22.3585747],[114.3240488,22.358661],[114.3236548,22.3590759],[114.3228124,22.3591814],[114.3223073,22.3598784],[114.3216314,22.3597689],[114.320365,22.3602637],[114.3203628,22.3591058],[114.3211654,22.3578848],[114.321215,22.3574344],[114.3204986,22.3582167],[114.3195365,22.3600124],[114.3188414,22.3596531],[114.3191484,22.3604623],[114.3180052,22.3617973],[114.3182863,22.3619876],[114.3194691,22.3610679],[114.3195566,22.3627458],[114.3200436,22.3632519],[114.3197141,22.3637994],[114.3189799,22.3640344],[114.3188732,22.3644427],[114.3191624,22.3647636],[114.3197567,22.3647479],[114.3206103,22.3641574],[114.3208895,22.364241],[114.3206147,22.3645444],[114.3208101,22.3650998],[114.3203588,22.3660771],[114.3203331,22.3669427],[114.32001,22.3672381],[114.3200234,22.367567],[114.3193327,22.367905],[114.319496,22.3695654],[114.3186179,22.3699773],[114.3181093,22.3694832],[114.3177992,22.3705627],[114.3172708,22.3710492],[114.3172723,22.3714932],[114.3166005,22.3716773],[114.3174608,22.372442],[114.3171957,22.3731029],[114.3172877,22.3734657],[114.317049,22.3735781],[114.3171792,22.3739634],[114.3165392,22.3750208],[114.3169107,22.3757011],[114.3177503,22.3756888],[114.3179237,22.3754687],[114.3177488,22.3763037],[114.317259,22.3763176],[114.3171417,22.3766782],[114.3172113,22.3770979],[114.3177566,22.3774055],[114.3178199,22.377672],[114.3175284,22.3780632],[114.3166314,22.3779572],[114.3158407,22.3786792],[114.3152424,22.3783806],[114.3140561,22.3771893],[114.3134756,22.3759354],[114.3135244,22.3750398],[114.3131435,22.3742852],[114.3132744,22.3755751],[114.3129212,22.3755385],[114.3130166,22.3752348],[114.3128068,22.375062],[114.3124148,22.3750879],[114.3120704,22.3753964],[114.3123214,22.3756981],[114.3117062,22.3754053],[114.3113242,22.3758235],[114.3119866,22.3761591],[114.3123317,22.3757586],[114.3126333,22.3758597],[114.3121252,22.3768211],[114.3123638,22.3771216],[114.3123348,22.3776469],[114.3128534,22.3775504],[114.3136667,22.3789523],[114.3137082,22.3794994],[114.3133881,22.3801615],[114.3118497,22.380398],[114.3099342,22.379384],[114.3085721,22.3803326],[114.3084553,22.3807774],[114.3077831,22.3806885],[114.3074158,22.381038],[114.3066418,22.3808604],[114.3073969,22.3808145],[114.3080089,22.3802225],[114.3084093,22.3802685],[114.3088292,22.3797632],[114.3097893,22.3792386],[114.3093556,22.3784541],[114.3094315,22.3780451],[114.3088104,22.3772883],[114.3089562,22.3768974],[114.3081668,22.3765839],[114.3081885,22.3762231],[114.3083794,22.3762917],[114.308729,22.3757122],[114.3083818,22.3757082],[114.3086253,22.3755215],[114.3082575,22.375447],[114.3081831,22.3759901],[114.3079322,22.3760581],[114.3077376,22.3757266],[114.3078511,22.3753936],[114.3072947,22.374876],[114.3073958,22.3736596],[114.3069965,22.373886],[114.3068298,22.3729915],[114.3064673,22.3727729],[114.3062909,22.3731392],[114.306645,22.3736862],[114.3065964,22.374434],[114.3062271,22.3750848],[114.3059745,22.3749023],[114.3061891,22.3748299],[114.3060964,22.3745694],[114.3055543,22.3743466],[114.3057691,22.3738718],[114.3053207,22.3732247],[114.3047199,22.3731482],[114.3041065,22.3739063],[114.3048061,22.3746492],[114.3050415,22.3754018],[114.3056429,22.3755629],[114.3055836,22.3762992],[114.3063144,22.3770041],[114.3060656,22.3786094],[114.3055214,22.3786793],[114.3052745,22.3791014],[114.3056457,22.3798304],[114.3050926,22.3800606],[114.3041608,22.3794821],[114.3033326,22.3793893],[114.3030249,22.3796113],[114.3031811,22.3799936],[114.3033709,22.3801136],[114.303331,22.3802597],[114.3027914,22.3805602],[114.3016521,22.3805971],[114.3006845,22.380297],[114.300508,22.3798398],[114.301053,22.3790945],[114.3005803,22.3782139],[114.3009039,22.3775021],[114.3004565,22.3773195],[114.3009506,22.3774422],[114.3011282,22.3771808],[114.3007165,22.3767922],[114.3007101,22.3757416],[114.3013053,22.3757415],[114.301725,22.3761863],[114.3020812,22.3759156],[114.3022064,22.3750749],[114.3027734,22.3749787],[114.3031806,22.3754291],[114.3033228,22.3750915],[114.3031142,22.3746249],[114.3033947,22.3739563],[114.3040925,22.3738039]],[[114.301906,22.3747645],[114.3013207,22.375135],[114.3012609,22.3747844],[114.3006509,22.3748686],[114.3000476,22.3757153],[114.2994347,22.375171],[114.300412,22.3742982],[114.3002007,22.3734016],[114.3005832,22.3728737],[114.3010641,22.3727267],[114.3019055,22.3728071],[114.3024046,22.3735102],[114.301906,22.3747645]],[[114.3205968,22.3256264],[114.3198361,22.3262467],[114.3198715,22.3257297],[114.3205968,22.3256264]],[[114.2993587,22.3795034],[114.2994521,22.3800633],[114.2991698,22.3801245],[114.2993587,22.3795034]],[[114.2960561,22.3306367],[114.2961636,22.3306892],[114.2960611,22.3306939],[114.2960561,22.3306367]],[[114.2961489,22.3305112],[114.2961941,22.3305514],[114.2961471,22.3305442],[114.2961489,22.3305112]],[[114.295975,22.3304536],[114.2960281,22.330471],[114.2960131,22.330502],[114.295975,22.3304536]],[[114.2971411,22.329529],[114.2973123,22.3296176],[114.2971973,22.3296433],[114.2971411,22.329529]],[[114.317482,22.3322202],[114.3174494,22.3322542],[114.3174358,22.3322342],[114.317482,22.3322202]],[[114.3305592,22.3303786],[114.3305055,22.3301653],[114.330529,22.3301562],[114.3305592,22.3303786]],[[114.3185984,22.329508],[114.3186266,22.3295265],[114.3185926,22.3295268],[114.3185984,22.329508]],[[114.3305208,22.3294233],[114.3304616,22.3293129],[114.3305003,22.3292996],[114.3305208,22.3294233]],[[114.3187303,22.3292778],[114.3187984,22.3292568],[114.3188117,22.3292838],[114.3187303,22.3292778]],[[114.3307383,22.3282028],[114.330859,22.3284573],[114.3306366,22.3286002],[114.3305954,22.3283381],[114.3307383,22.3282028]],[[114.3248818,22.3270434],[114.3249757,22.3271634],[114.3248458,22.3271774],[114.3248818,22.3270434]],[[114.3284109,22.3267997],[114.3282701,22.3272174],[114.3280418,22.327203],[114.3284109,22.3267997]],[[114.3260756,22.3255036],[114.3259883,22.3256068],[114.3259665,22.3255868],[114.3260756,22.3255036]],[[114.3269772,22.3257801],[114.3263986,22.3257863],[114.3261625,22.3256744],[114.327121,22.3255207],[114.3269772,22.3257801]],[[114.3263,22.3254474],[114.326264,22.3253059],[114.326485,22.3252744],[114.3263,22.3254474]],[[114.2958564,22.3701668],[114.2964879,22.3710649],[114.2946927,22.3719324],[114.2946555,22.3711923],[114.295061,22.3709555],[114.2953636,22.3702213],[114.2958564,22.3701668]],[[114.2829065,22.3802121],[114.2819215,22.3810037],[114.281513,22.3809545],[114.2810617,22.3814816],[114.2796754,22.3819047],[114.2794283,22.3817963],[114.2792902,22.3813208],[114.2797263,22.3810291],[114.2797056,22.3799482],[114.2799806,22.3804987],[114.2806634,22.3804033],[114.2807857,22.379679],[114.2813019,22.3788555],[114.2821993,22.378681],[114.2825365,22.3788607],[114.2829065,22.3802121]],[[114.3083363,22.3786912],[114.3084518,22.3791892],[114.3074309,22.3792151],[114.3077441,22.3784233],[114.3083363,22.3786912]],[[114.2871078,22.3643846],[114.2867544,22.3643286],[114.285881,22.3631369],[114.2868157,22.3622146],[114.2872727,22.3629402],[114.2870679,22.3634996],[114.2873895,22.3638989],[114.2871078,22.3643846]],[[114.2897025,22.3789664],[114.2891752,22.3795988],[114.2878401,22.3803355],[114.2876213,22.3802136],[114.2875209,22.3797451],[114.2883389,22.3790661],[114.2888136,22.378226],[114.2892186,22.3782632],[114.2897025,22.3789664]],[[114.3129782,22.3899882],[114.3131611,22.389283],[114.3138414,22.3889506],[114.3134738,22.3901195],[114.3129782,22.3899882]],[[114.2824127,22.3863282],[114.2819921,22.3861744],[114.282149,22.3858679],[114.2825542,22.3859476],[114.2824127,22.3863282]],[[114.2840218,22.3902318],[114.2836873,22.3899116],[114.2841044,22.3895978],[114.2847569,22.389938],[114.2840218,22.3902318]],[[114.3565015,22.326494],[114.3566871,22.3264188],[114.356888,22.3265808],[114.3566305,22.3266462],[114.3565015,22.326494]],[[114.3500514,22.3247854],[114.3500002,22.3246905],[114.3500697,22.3246823],[114.3500514,22.3247854]],[[114.2973317,22.3541965],[114.2974242,22.3542718],[114.2973192,22.3542118],[114.2973317,22.3541965]],[[114.2721976,22.3537439],[114.2721521,22.3537842],[114.2721621,22.3537357],[114.2721976,22.3537439]],[[114.2722373,22.3536741],[114.2721561,22.353688],[114.2721416,22.3535984],[114.2722373,22.3536741]],[[114.2977893,22.3539878],[114.2974034,22.3540878],[114.2974452,22.353605],[114.2977369,22.3536263],[114.2977893,22.3539878]],[[114.2950367,22.3534682],[114.2950187,22.3535111],[114.2949951,22.3535044],[114.2950367,22.3534682]],[[114.2723883,22.3536306],[114.272275,22.3535879],[114.2724172,22.353317],[114.2723883,22.3536306]],[[114.2954164,22.3533171],[114.2954573,22.3533146],[114.2954577,22.3533427],[114.2954164,22.3533171]],[[114.2952492,22.3532711],[114.2951069,22.353418],[114.295027,22.3534037],[114.2950741,22.3533418],[114.2952492,22.3532711]],[[114.265492,22.3526615],[114.2651703,22.352851],[114.2649864,22.3527459],[114.265492,22.3526615]],[[114.266135,22.3418676],[114.2661638,22.3420241],[114.2660752,22.3420107],[114.266135,22.3418676]],[[114.2699885,22.3368288],[114.2699762,22.3368641],[114.2699375,22.3368505],[114.2699885,22.3368288]],[[114.2699633,22.3367002],[114.2699706,22.3367942],[114.2699291,22.3367954],[114.2699633,22.3367002]],[[114.270035,22.3365501],[114.270095,22.336614],[114.2699677,22.3366689],[114.270035,22.3365501]],[[114.2699344,22.335883],[114.2699449,22.3359057],[114.269938,22.3359085],[114.2699344,22.335883]],[[114.2699826,22.335841],[114.269991,22.3358892],[114.2699555,22.3358509],[114.2699826,22.335841]],[[114.3035008,22.3547898],[114.3035438,22.3548068],[114.3035291,22.3548373],[114.3035008,22.3547898]],[[114.3267076,22.3529935],[114.3267273,22.353131],[114.3266862,22.3531386],[114.3267076,22.3529935]],[[114.3034968,22.3516233],[114.303571,22.3516718],[114.3034848,22.3516509],[114.3034968,22.3516233]],[[114.3047514,22.3497731],[114.3048214,22.3498154],[114.3047814,22.3498459],[114.3047514,22.3497731]],[[114.3046627,22.3496224],[114.3046286,22.349671],[114.3046402,22.3496168],[114.3046627,22.3496224]],[[114.3052965,22.3483344],[114.305416,22.3483771],[114.3053021,22.3484109],[114.3052965,22.3483344]],[[114.3067638,22.3462554],[114.30689,22.3461224],[114.3068556,22.3462795],[114.3067638,22.3462554]],[[114.3133519,22.344775],[114.3132964,22.3448813],[114.3132851,22.3447561],[114.3133519,22.344775]],[[114.3133028,22.344695],[114.3133939,22.34476],[114.3133777,22.3447739],[114.3133028,22.344695]],[[114.3133014,22.3446325],[114.3132587,22.3444869],[114.3132948,22.344482],[114.3133014,22.3446325]],[[114.316186,22.3370016],[114.3162197,22.3370802],[114.3161748,22.337085],[114.316186,22.3370016]],[[114.3161887,22.3368492],[114.3162363,22.3368988],[114.3161966,22.3369159],[114.3161887,22.3368492]],[[114.3275108,22.3365853],[114.3275273,22.3366251],[114.3275019,22.336597],[114.3275108,22.3365853]],[[114.3331105,22.33653],[114.3331053,22.3365625],[114.3330922,22.3365433],[114.3331105,22.33653]],[[114.3330632,22.3364448],[114.3331128,22.3364893],[114.3330314,22.3364812],[114.3330632,22.3364448]],[[114.3330438,22.3357393],[114.333088,22.335807],[114.3330322,22.3357901],[114.3330438,22.3357393]],[[114.2853435,22.3940248],[114.2855637,22.3939628],[114.28558,22.3940768],[114.2853435,22.3940248]],[[114.2821098,22.3928483],[114.2822623,22.3928215],[114.2821541,22.3929043],[114.2821098,22.3928483]],[[114.2809413,22.3924842],[114.2808779,22.3926752],[114.2807319,22.3926889],[114.2806736,22.3925241],[114.2809413,22.3924842]],[[114.2823133,22.3924759],[114.2823983,22.3925586],[114.2822936,22.3924887],[114.2823133,22.3924759]],[[114.287196,22.3922181],[114.2871393,22.3923921],[114.2870313,22.3924136],[114.2870154,22.3923131],[114.287196,22.3922181]],[[114.2868881,22.3921784],[114.2869898,22.3922363],[114.286891,22.3923024],[114.2868881,22.3921784]],[[114.2870416,22.3921198],[114.2871971,22.3920726],[114.2871966,22.392108],[114.2870416,22.3921198]],[[114.2844361,22.3895209],[114.2845338,22.3896068],[114.2844332,22.3895755],[114.2844361,22.3895209]],[[114.28232,22.3865639],[114.2823844,22.3866209],[114.2823017,22.3866825],[114.28232,22.3865639]],[[114.2817733,22.3852986],[114.2818322,22.3854018],[114.2817584,22.3853875],[114.2817733,22.3852986]],[[114.2770391,22.3829566],[114.2772518,22.3830399],[114.2771486,22.3831562],[114.2770391,22.3829566]],[[114.3107681,22.3895022],[114.3107969,22.3894204],[114.3108205,22.3895246],[114.3107681,22.3895022]],[[114.3110281,22.3894621],[114.3108976,22.3893887],[114.3109561,22.3893613],[114.3110281,22.3894621]],[[114.3111071,22.3891075],[114.3110602,22.3888748],[114.3111279,22.3887832],[114.3112019,22.3889265],[114.3111071,22.3891075]],[[114.3159518,22.3887354],[114.3159083,22.3889478],[114.3158119,22.3888721],[114.3159518,22.3887354]],[[114.3156338,22.3873067],[114.3157265,22.3873577],[114.3156269,22.3873565],[114.3156338,22.3873067]],[[114.3184434,22.387559],[114.3180718,22.3881413],[114.3168997,22.3873529],[114.3166506,22.3875453],[114.3169749,22.3878535],[114.3168485,22.3879792],[114.3160427,22.3876362],[114.3154229,22.3867251],[114.3155376,22.3862176],[114.3150346,22.3855907],[114.3154417,22.3841023],[114.3159993,22.3843647],[114.3162793,22.3843333],[114.3163676,22.3840489],[114.3163062,22.384323],[114.3167358,22.3844291],[114.3178694,22.3860294],[114.3178187,22.3864026],[114.3183729,22.3869686],[114.3184434,22.387559]],[[114.3146901,22.3837606],[114.3148481,22.3840028],[114.3144647,22.3848143],[114.3142677,22.38414],[114.3146901,22.3837606]],[[114.3092405,22.3836575],[114.3090739,22.3837017],[114.3090711,22.3836135],[114.3092405,22.3836575]],[[114.3093907,22.3836205],[114.3093364,22.3836508],[114.3093524,22.3835991],[114.3093907,22.3836205]],[[114.2894557,22.3761084],[114.289465,22.3761607],[114.2894082,22.3761254],[114.2894557,22.3761084]],[[114.2880327,22.3759868],[114.2880771,22.3760056],[114.2880256,22.3760039],[114.2880327,22.3759868]],[[114.2881513,22.3759418],[114.2881861,22.3759573],[114.2881542,22.3759766],[114.2881513,22.3759418]],[[114.2892308,22.3753328],[114.2892579,22.3753725],[114.2892348,22.3753928],[114.2892308,22.3753328]],[[114.2893474,22.3752883],[114.2893711,22.375318],[114.2893409,22.3753231],[114.2893474,22.3752883]],[[114.2892078,22.3752446],[114.2892089,22.3752947],[114.2891847,22.3752837],[114.2892078,22.3752446]],[[114.2893475,22.3752371],[114.2893748,22.3752415],[114.2893523,22.3752491],[114.2893475,22.3752371]],[[114.2894192,22.3752234],[114.2894808,22.3752505],[114.2894327,22.3753093],[114.2894192,22.3752234]],[[114.2845245,22.37397],[114.2846108,22.3740241],[114.2845256,22.3740312],[114.2845245,22.37397]],[[114.2846466,22.373913],[114.2847288,22.3739234],[114.2847051,22.3739686],[114.2846466,22.373913]],[[114.2872106,22.3670801],[114.2872587,22.3671022],[114.2872054,22.3671065],[114.2872106,22.3670801]],[[114.2880313,22.3641466],[114.2881324,22.3641589],[114.2880389,22.3641978],[114.2880313,22.3641466]],[[114.2881082,22.3638961],[114.2882718,22.3640016],[114.2881426,22.3640868],[114.2881082,22.3638961]],[[114.2855897,22.3629779],[114.2855302,22.3631238],[114.2854183,22.3631616],[114.2854357,22.3630745],[114.2855897,22.3629779]],[[114.2854548,22.3629655],[114.2854665,22.3630405],[114.2854234,22.3630404],[114.2854548,22.3629655]],[[114.2853869,22.3629208],[114.2854524,22.36295],[114.2853828,22.362944],[114.2853869,22.3629208]],[[114.285639,22.3628418],[114.2856846,22.3628414],[114.2856704,22.3628668],[114.285639,22.3628418]],[[114.2851717,22.3628489],[114.2853634,22.3628095],[114.2853551,22.3628497],[114.2851717,22.3628489]],[[114.2856495,22.3626424],[114.2857599,22.3627423],[114.2856735,22.3628062],[114.2856495,22.3626424]],[[114.2851269,22.3625645],[114.285522,22.3625525],[114.2850703,22.3627336],[114.2851269,22.3625645]],[[114.2848314,22.3623895],[114.2848686,22.3626705],[114.2846992,22.3628002],[114.2846455,22.3624751],[114.2848314,22.3623895]],[[114.2870928,22.3623621],[114.2871175,22.3624002],[114.2870873,22.3623913],[114.2870928,22.3623621]],[[114.2922736,22.3610345],[114.2922999,22.361089],[114.2922814,22.3610946],[114.2922736,22.3610345]],[[114.2923638,22.3606666],[114.2924199,22.3606688],[114.2924199,22.3606986],[114.2923638,22.3606666]],[[114.2936499,22.3576151],[114.2937087,22.3576181],[114.2937092,22.3576351],[114.2936499,22.3576151]],[[114.2937135,22.3575816],[114.2937596,22.3576209],[114.2937412,22.357635],[114.2937135,22.3575816]],[[114.2931113,22.3575395],[114.2931829,22.3575548],[114.2931148,22.3575653],[114.2931113,22.3575395]],[[114.2970056,22.3575053],[114.2972555,22.3574543],[114.2972383,22.3575794],[114.2970056,22.3575053]],[[114.2960364,22.3560158],[114.296111,22.3560572],[114.2960579,22.3560662],[114.2960364,22.3560158]],[[114.3091527,22.380551],[114.3091267,22.3805552],[114.3091358,22.3805224],[114.3091527,22.380551]],[[114.3091276,22.3805089],[114.3090827,22.3804867],[114.3091263,22.3804755],[114.3091276,22.3805089]],[[114.3031928,22.3798286],[114.303281,22.379952],[114.303143,22.3798976],[114.3031928,22.3798286]],[[114.3140047,22.3795118],[114.3139174,22.3794416],[114.3139895,22.3794119],[114.3140047,22.3795118]],[[114.3173921,22.3780943],[114.317399,22.3780765],[114.3174068,22.3780799],[114.3173921,22.3780943]],[[114.3194359,22.3779105],[114.319447,22.3779105],[114.3194381,22.3779197],[114.3194359,22.3779105]],[[114.31797,22.3779354],[114.3180207,22.3779289],[114.3179871,22.3779864],[114.31797,22.3779354]],[[114.3193356,22.3778745],[114.3193369,22.3778419],[114.3193563,22.3778561],[114.3193356,22.3778745]],[[114.3194676,22.3778374],[114.3194964,22.3778648],[114.3194597,22.3778798],[114.3194676,22.3778374]],[[114.3193657,22.3778311],[114.3193987,22.3778542],[114.3193721,22.3778587],[114.3193657,22.3778311]],[[114.3194367,22.3777689],[114.319422,22.3777497],[114.3194449,22.3777603],[114.3194367,22.3777689]],[[114.3124476,22.3768839],[114.3124911,22.3769076],[114.3124704,22.3769164],[114.3124476,22.3768839]],[[114.3084338,22.376846],[114.3085091,22.3769095],[114.3084525,22.3769188],[114.3084338,22.376846]],[[114.3127744,22.3760494],[114.312927,22.3764482],[114.3127691,22.3764736],[114.3127744,22.3760494]],[[114.3183891,22.3763104],[114.318329,22.3761208],[114.3183894,22.3759903],[114.3185445,22.376082],[114.3183891,22.3763104]],[[114.3132855,22.375947],[114.3133275,22.3755954],[114.3133874,22.3761277],[114.3132855,22.375947]],[[114.3124671,22.3756825],[114.312893,22.3755873],[114.312769,22.3759659],[114.3124671,22.3756825]],[[114.3174941,22.3755466],[114.3174667,22.3754604],[114.3175391,22.3754888],[114.3174941,22.3755466]],[[114.3178307,22.3754616],[114.3178061,22.3754641],[114.3178275,22.3754536],[114.3178307,22.3754616]],[[114.3175932,22.3754313],[114.3175967,22.3754162],[114.3176117,22.3754236],[114.3175932,22.3754313]],[[114.3186258,22.3754039],[114.3191379,22.3762938],[114.318768,22.3765029],[114.3182289,22.3754118],[114.3186258,22.3754039]],[[114.3174678,22.3754366],[114.3175648,22.3754396],[114.3175504,22.3754658],[114.3174678,22.3754366]],[[114.3175987,22.3753355],[114.3175851,22.3753039],[114.3176087,22.3753138],[114.3175987,22.3753355]],[[114.3059433,22.3750355],[114.3059881,22.3750802],[114.3059447,22.3750878],[114.3059433,22.3750355]],[[114.3193617,22.3749468],[114.3193728,22.3749582],[114.31936,22.3749599],[114.3193617,22.3749468]],[[114.3194872,22.3749067],[114.3195109,22.3748139],[114.3195956,22.3748754],[114.3194872,22.3749067]],[[114.3195157,22.3747268],[114.3195163,22.3747035],[114.3195274,22.3747035],[114.3195157,22.3747268]],[[114.3213362,22.3704839],[114.3214106,22.3705443],[114.3213194,22.3705777],[114.3213362,22.3704839]],[[114.3245621,22.3700499],[114.3245907,22.3700702],[114.3245847,22.3700768],[114.3245621,22.3700499]],[[114.324445,22.3699425],[114.3245187,22.3699912],[114.3244451,22.3699798],[114.324445,22.3699425]],[[114.3218203,22.3697871],[114.3219105,22.369702],[114.3219013,22.3697731],[114.3218203,22.3697871]],[[114.3246614,22.3696068],[114.3246912,22.3696199],[114.3246758,22.3696458],[114.3246614,22.3696068]],[[114.3246458,22.369413],[114.3247061,22.3695048],[114.3246755,22.3695412],[114.3246458,22.369413]],[[114.3245192,22.3690159],[114.3245862,22.3690256],[114.3245643,22.3690691],[114.3245192,22.3690159]],[[114.3248874,22.3677883],[114.3248135,22.3680772],[114.3247622,22.3681176],[114.3246811,22.367874],[114.3248874,22.3677883]],[[114.3027474,22.3669909],[114.302714,22.367001],[114.3027389,22.3669761],[114.3027474,22.3669909]],[[114.3249194,22.3674174],[114.3235524,22.367269],[114.3236041,22.366801],[114.3250923,22.3664086],[114.3253606,22.3669],[114.3249194,22.3674174]],[[114.2984976,22.364514],[114.2984041,22.3644734],[114.2985072,22.364464],[114.2984976,22.364514]],[[114.299785,22.364425],[114.2997021,22.3644568],[114.2996937,22.3644377],[114.299785,22.364425]],[[114.3038214,22.3551649],[114.3038523,22.3552214],[114.3037906,22.3552358],[114.3038214,22.3551649]],[[114.3039776,22.3550949],[114.3039602,22.3551978],[114.3039112,22.3551843],[114.3039776,22.3550949]],[[114.2860098,22.3928955],[114.2859487,22.3930574],[114.2858,22.392876],[114.2860098,22.3928955]],[[114.2866456,22.3928132],[114.2864884,22.3931053],[114.2862902,22.3928551],[114.2864052,22.3926313],[114.2866456,22.3928132]],[[114.2954871,22.3308147],[114.2955368,22.3308508],[114.2955332,22.3308615],[114.2954871,22.3308147]],[[114.2951501,22.3312304],[114.2952211,22.331263],[114.2952199,22.3312923],[114.2951501,22.3312304]],[[114.2844949,22.3621474],[114.284777,22.3622008],[114.2845969,22.3623014],[114.2844949,22.3621474]],[[114.2900953,22.3752155],[114.290839,22.3752618],[114.2909646,22.3752662],[114.2910393,22.375287],[114.2908177,22.3752725],[114.2906491,22.3753246],[114.290747,22.3757015],[114.2904445,22.3756072],[114.2902497,22.3759524],[114.28949,22.376131],[114.2896686,22.3757841],[114.2893218,22.3757633],[114.2892994,22.3753786],[114.2896542,22.3755654],[114.2900953,22.3752155]],[[114.3308107,22.3316424],[114.330525,22.3321868],[114.3307107,22.3328242],[114.3302198,22.3333349],[114.3302815,22.3335842],[114.3305819,22.3335091],[114.3303035,22.3341226],[114.3296964,22.3343532],[114.3292223,22.334881],[114.3286383,22.3349715],[114.3275737,22.335997],[114.3274397,22.3370629],[114.3275929,22.3371587],[114.3274385,22.3376709],[114.3267399,22.3378544],[114.3264995,22.3396873],[114.3261266,22.3405829],[114.3249926,22.3406952],[114.3244468,22.3412002],[114.3219829,22.3417292],[114.3203718,22.3411939],[114.3193013,22.3404567],[114.3188654,22.3403861],[114.3181451,22.3406761],[114.317784,22.340665],[114.3176594,22.3404025],[114.317166,22.3405792],[114.3168008,22.3400166],[114.3166881,22.3391748],[114.315642,22.3385175],[114.3155758,22.3381277],[114.3158954,22.3378887],[114.3157132,22.3375846],[114.3162506,22.3371778],[114.3167009,22.3359996],[114.3178115,22.3346929],[114.3179585,22.3340085],[114.3174658,22.3339993],[114.3173734,22.3337668],[114.3176851,22.3336274],[114.3174096,22.333543],[114.3176304,22.3326169],[114.3178467,22.3324987],[114.317776,22.3321034],[114.3187352,22.3314375],[114.3195805,22.3313518],[114.3195729,22.3309384],[114.3192334,22.3306036],[114.3183539,22.3304478],[114.3186387,22.3298384],[114.3191335,22.3296071],[114.3186698,22.3294965],[114.3189499,22.3294961],[114.3192566,22.3284872],[114.3197361,22.3278568],[114.3200375,22.3278457],[114.3197716,22.327627],[114.3201249,22.3272754],[114.3199247,22.3266965],[114.3204601,22.3262939],[114.3215954,22.3262126],[114.321902,22.3265273],[114.3217837,22.3267751],[114.3227742,22.3275497],[114.3242819,22.3268727],[114.3245749,22.3270095],[114.3244912,22.3273529],[114.3250513,22.3272095],[114.3257784,22.3261161],[114.3263141,22.3258283],[114.3268018,22.325851],[114.3266905,22.3260208],[114.3269639,22.3261784],[114.3274828,22.3261007],[114.327296,22.3271321],[114.3275563,22.3271796],[114.3278164,22.3262094],[114.3281559,22.3261121],[114.3279927,22.3263012],[114.3283342,22.3266018],[114.327633,22.3273919],[114.3276244,22.3274838],[114.3281815,22.327303],[114.3282426,22.3277273],[114.3285208,22.3275802],[114.3285349,22.3279827],[114.3288256,22.3277808],[114.3292092,22.3279707],[114.330353,22.3278563],[114.3305912,22.3287339],[114.330754,22.3286555],[114.3307385,22.3289716],[114.3302546,22.3293942],[114.3305334,22.3299615],[114.3302696,22.330243],[114.3304523,22.3301972],[114.3308107,22.3316424]],[[114.3521883,22.3421631],[114.3520309,22.3427593],[114.3517116,22.3426986],[114.3514589,22.3422164],[114.3517721,22.3419269],[114.3521883,22.3421631]],[[114.3255028,22.3631078],[114.3251904,22.3630612],[114.3255227,22.3629484],[114.3255028,22.3631078]],[[114.3305806,22.3331514],[114.3305263,22.3330939],[114.330586,22.3330258],[114.3305806,22.3331514]],[[114.2838927,22.3936862],[114.2839259,22.3939198],[114.2837325,22.3939464],[114.2837042,22.3937665],[114.2838927,22.3936862]],[[114.2956463,22.3742821],[114.2948434,22.3738187],[114.2949289,22.3730744],[114.2954982,22.373583],[114.2958868,22.3730146],[114.2963144,22.3733401],[114.2963329,22.3738892],[114.2956463,22.3742821]],[[114.2976018,22.3641599],[114.2976373,22.3658951],[114.2966008,22.3664993],[114.2956505,22.3665624],[114.2954182,22.3673413],[114.2958017,22.3678191],[114.2952064,22.3680291],[114.2950769,22.3678372],[114.2947053,22.3681861],[114.2937154,22.3700419],[114.2937363,22.3705099],[114.2942638,22.3708318],[114.2942648,22.3711013],[114.2926879,22.3723163],[114.293298,22.3728431],[114.2929247,22.3729559],[114.2926669,22.3736105],[114.2933297,22.373358],[114.2937772,22.3737421],[114.2942695,22.3734425],[114.29479,22.3739518],[114.294974,22.3753101],[114.2944442,22.3752733],[114.2940814,22.3756172],[114.293692,22.3756074],[114.2925536,22.3744849],[114.2916924,22.3743746],[114.2911314,22.3731979],[114.2905376,22.3729215],[114.2906619,22.3725121],[114.2904142,22.3723405],[114.2906825,22.3724948],[114.2907904,22.3721174],[114.291141,22.3720788],[114.2911733,22.3717043],[114.2904866,22.3709511],[114.2898528,22.3693004],[114.289336,22.3686279],[114.287906,22.3677114],[114.287482,22.367857],[114.2875457,22.3675534],[114.2872121,22.3676603],[114.2873569,22.3672942],[114.2871924,22.3674165],[114.2870981,22.3671893],[114.2877109,22.3671597],[114.2875087,22.3667613],[114.2877436,22.3671467],[114.2880078,22.3670064],[114.2884209,22.3665249],[114.2881618,22.3664091],[114.2885079,22.3664467],[114.2899311,22.3647764],[114.291105,22.3643518],[114.2917427,22.3634351],[114.2922586,22.3631004],[114.2925053,22.3601979],[114.2932589,22.3590036],[114.2928181,22.3581949],[114.2930522,22.3580053],[114.2928156,22.3579041],[114.2927973,22.3575436],[114.2932136,22.357751],[114.2934184,22.3575061],[114.2936447,22.3577967],[114.294043,22.3577822],[114.2944533,22.357605],[114.2943059,22.3572234],[114.2947911,22.3573539],[114.2951246,22.3570452],[114.2953941,22.3572],[114.2958282,22.3569759],[114.2961921,22.3562154],[114.2959891,22.3555032],[114.2952409,22.3552085],[114.2948621,22.3542077],[114.2951928,22.3534002],[114.2958551,22.3535138],[114.2958702,22.3531416],[114.2962862,22.3529698],[114.2968243,22.3534981],[114.2968892,22.3540504],[114.2972784,22.3541185],[114.297435,22.3544795],[114.2972785,22.3549111],[114.2975488,22.3551],[114.2977257,22.3549557],[114.2977557,22.3553102],[114.2975843,22.3552244],[114.2973226,22.3556231],[114.2974243,22.356162],[114.2967795,22.3569194],[114.2969258,22.3573818],[114.2963978,22.3581108],[114.2966052,22.358665],[114.2963238,22.3617509],[114.2958401,22.3627652],[114.296111,22.3631501],[114.2963023,22.3630773],[114.2962168,22.3635731],[114.2968466,22.3636647],[114.2971325,22.364076],[114.2976018,22.3641599]],[[114.3298937,22.3236895],[114.3298435,22.3236749],[114.3298944,22.3236831],[114.3298937,22.3236895]],[[114.3018524,22.3711983],[114.3012851,22.3718602],[114.3007385,22.3714124],[114.3011134,22.3709358],[114.3016112,22.3708691],[114.3018524,22.3711983]],[[114.3291986,22.3508538],[114.3288917,22.3510911],[114.3285022,22.3508725],[114.3289518,22.3506133],[114.3291986,22.3508538]],[[114.3027614,22.3670059],[114.3028931,22.3669814],[114.3027403,22.3670515],[114.3027614,22.3670059]],[[114.2818496,22.382102],[114.2815238,22.3822174],[114.2818277,22.3820067],[114.2818496,22.382102]],[[114.3360331,22.3349836],[114.3353958,22.335215],[114.33525,22.335657],[114.3348897,22.3358553],[114.3351119,22.3364744],[114.3347669,22.3372463],[114.3337096,22.3372214],[114.3332642,22.336854],[114.3330597,22.3360964],[114.3333151,22.3358739],[114.3327462,22.334952],[114.3332134,22.3344337],[114.3342991,22.3342175],[114.3346113,22.3347398],[114.3353249,22.3343616],[114.3356038,22.3349876],[114.3358622,22.3345511],[114.3360331,22.3349836]],[[114.3229509,22.3265409],[114.3237383,22.3268352],[114.3232304,22.3272131],[114.3229165,22.3270394],[114.3229152,22.327417],[114.3227396,22.3273814],[114.322516,22.3266664],[114.3228921,22.3269543],[114.3229509,22.3265409]],[[114.3295097,22.3707398],[114.3293398,22.3736308],[114.3281928,22.3742292],[114.3268914,22.3753996],[114.3246493,22.3763563],[114.3243639,22.3763402],[114.3240012,22.3758097],[114.3237259,22.3762976],[114.3224257,22.3771737],[114.3221585,22.3770468],[114.3222192,22.3765537],[114.3219514,22.3762681],[114.3210571,22.3764918],[114.3212218,22.3768927],[114.3210289,22.3769009],[114.320848,22.3764309],[114.3210285,22.3761278],[114.3206027,22.3757002],[114.3209552,22.3748627],[114.3206502,22.3745231],[114.3208836,22.3744724],[114.3207564,22.3740076],[114.3211866,22.3735248],[114.3206907,22.3734366],[114.3204361,22.3729289],[114.3216767,22.3721138],[114.3219828,22.3712982],[114.3221304,22.3715432],[114.3226871,22.3712493],[114.3226276,22.3708516],[114.3221098,22.371055],[114.3223767,22.3708258],[114.3231878,22.3708503],[114.3233541,22.3715347],[114.3241505,22.3721638],[114.324369,22.372783],[114.324388,22.3744704],[114.3261393,22.3730991],[114.3261913,22.3726737],[114.3257825,22.3725838],[114.3260853,22.3710986],[114.3255635,22.3708192],[114.3256691,22.3698915],[114.3259402,22.369157],[114.3264839,22.3687417],[114.3265378,22.3681077],[114.3272748,22.3666884],[114.3272015,22.3660129],[114.3268753,22.3658487],[114.3274241,22.3654129],[114.3275169,22.3657021],[114.3285831,22.3657896],[114.3288224,22.3664941],[114.3287744,22.3678479],[114.3285108,22.368293],[114.328606,22.3686009],[114.3289654,22.3686749],[114.3287011,22.3687402],[114.3287802,22.3693073],[114.3283058,22.3698518],[114.3284575,22.3702159],[114.3295097,22.3707398]],[[114.2761809,22.3787914],[114.2760606,22.3788877],[114.2749752,22.3777831],[114.2750846,22.3777721],[114.2761809,22.3787914]],[[114.3220804,22.3710582],[114.3220364,22.3711491],[114.3220292,22.3711491],[114.3220804,22.3710582]],[[114.3299815,22.4774938],[114.3300506,22.4772793],[114.3302647,22.477224],[114.3302722,22.4774052],[114.3299815,22.4774938]],[[114.3312806,22.474708],[114.3321585,22.4747231],[114.3320165,22.4755716],[114.3313976,22.4755809],[114.3311884,22.4751678],[114.3312806,22.474708]],[[114.3281911,22.4723132],[114.3282191,22.4721069],[114.3283026,22.4720712],[114.3283246,22.4722172],[114.3281911,22.4723132]],[[114.3317663,22.4701132],[114.3316194,22.470094],[114.331668,22.4700451],[114.3317663,22.4701132]],[[114.328814,22.4657242],[114.3286997,22.4657034],[114.3287516,22.4656668],[114.328814,22.4657242]],[[114.2941276,22.5544313],[114.2942369,22.5544462],[114.2942619,22.5545043],[114.2941276,22.5544313]],[[114.2934669,22.5538089],[114.2937483,22.5538187],[114.2937675,22.5538537],[114.2934669,22.5538089]],[[114.2680335,22.553881],[114.2678054,22.5537816],[114.2679667,22.5537205],[114.2680335,22.553881]],[[114.265577,22.5530863],[114.26545,22.553111],[114.2654719,22.5530627],[114.265577,22.5530863]],[[114.2674541,22.5506215],[114.2673842,22.550519],[114.2675223,22.5505034],[114.2674541,22.5506215]],[[114.2640113,22.5484354],[114.2638561,22.5484137],[114.2639682,22.5483488],[114.2640113,22.5484354]],[[114.300367,22.5147842],[114.3003241,22.5144196],[114.300597,22.5142563],[114.3007086,22.5146408],[114.300367,22.5147842]],[[114.3040962,22.5135291],[114.3040692,22.5135631],[114.3040608,22.5135204],[114.3040962,22.5135291]],[[114.3042964,22.5135173],[114.3042998,22.5134727],[114.3043554,22.5134946],[114.3042964,22.5135173]],[[114.3043749,22.5134033],[114.3044567,22.5131888],[114.3046276,22.5130865],[114.3045385,22.5133603],[114.3043749,22.5134033]],[[114.3031476,22.505143],[114.3032697,22.5053377],[114.3031011,22.5052871],[114.3031476,22.505143]],[[114.3041819,22.5008958],[114.3047571,22.5011413],[114.3051969,22.5017091],[114.3045231,22.5016463],[114.3037071,22.5010612],[114.3041819,22.5008958]],[[114.2793711,22.515093],[114.2795155,22.5151385],[114.2793516,22.5151339],[114.2793711,22.515093]],[[114.2947121,22.5142954],[114.2944741,22.514487],[114.2946094,22.5141482],[114.2947121,22.5142954]],[[114.2905401,22.5097972],[114.2907562,22.5098958],[114.2907563,22.5099879],[114.2905401,22.5097972]],[[114.3028102,22.5442715],[114.3029552,22.5443574],[114.3028058,22.5443046],[114.3028102,22.5442715]],[[114.3028918,22.5440902],[114.3030479,22.5441851],[114.3028998,22.5441672],[114.3028918,22.5440902]],[[114.3115861,22.5422238],[114.3113534,22.5419018],[114.3117652,22.5417212],[114.3119939,22.5420555],[114.3115861,22.5422238]],[[114.3010419,22.5377754],[114.3010663,22.5377854],[114.3010338,22.5378024],[114.3010419,22.5377754]],[[114.2973591,22.5421746],[114.2973808,22.5421993],[114.2973537,22.5421951],[114.2973591,22.5421746]],[[114.2974908,22.5419162],[114.2975483,22.5419376],[114.2974914,22.5419735],[114.2974908,22.5419162]],[[114.2722407,22.5356865],[114.2723447,22.5358812],[114.2722258,22.5359714],[114.2722407,22.5356865]],[[114.2927403,22.534114],[114.2927661,22.5341761],[114.2927346,22.5341768],[114.2927403,22.534114]],[[114.2936256,22.5331207],[114.293656,22.533083],[114.2936587,22.5331177],[114.2936256,22.5331207]],[[114.2728347,22.5324229],[114.2728618,22.5333796],[114.2725242,22.5333179],[114.2723818,22.5325887],[114.2728347,22.5324229]],[[114.2733995,22.5269401],[114.2734421,22.5271803],[114.273097,22.5273258],[114.2730998,22.5271782],[114.2733995,22.5269401]],[[114.2879216,22.5264906],[114.2875604,22.5263262],[114.2875587,22.5261769],[114.2879835,22.5262268],[114.2879216,22.5264906]],[[114.2900691,22.5183042],[114.2902548,22.5182524],[114.2901146,22.5183413],[114.2900691,22.5183042]],[[114.3154421,22.5499152],[114.3167069,22.5497691],[114.3171603,22.5499335],[114.3170508,22.5501277],[114.3164895,22.5502545],[114.3158888,22.5507007],[114.3142768,22.5503038],[114.3135402,22.5498104],[114.3112562,22.5510127],[114.309916,22.5507342],[114.3092769,22.5503609],[114.3086909,22.5505781],[114.3080749,22.5503783],[114.30769,22.5506381],[114.3073964,22.5505179],[114.3061966,22.5508103],[114.3054166,22.55145],[114.3050729,22.5513843],[114.304717,22.5505326],[114.3036667,22.550147],[114.3025357,22.5506788],[114.3019331,22.5503539],[114.3008745,22.550598],[114.2988131,22.5506027],[114.297683,22.5512736],[114.2966263,22.5507847],[114.2953349,22.5512429],[114.2937183,22.5510755],[114.2930149,22.5517614],[114.2927198,22.5526643],[114.2935787,22.5543996],[114.2932892,22.5544023],[114.2929858,22.5548969],[114.2924196,22.5548891],[114.2915629,22.555331],[114.2903523,22.5550284],[114.2900525,22.5544253],[114.2887175,22.55363],[114.2883231,22.5530366],[114.2885543,22.5528739],[114.2884852,22.5521433],[114.2887225,22.5516296],[114.2894082,22.5514179],[114.2902664,22.5505256],[114.289906,22.550095],[114.2902487,22.5504321],[114.2904807,22.5503579],[114.2918143,22.5494758],[114.2914487,22.5483162],[114.291128,22.5482568],[114.2912777,22.5481183],[114.2910226,22.547066],[114.2905398,22.546544],[114.2906305,22.5460151],[114.2899625,22.5454781],[114.2896206,22.5455022],[114.2893641,22.5458344],[114.2894487,22.547414],[114.2900617,22.5476243],[114.2902101,22.5479133],[114.2900587,22.5480372],[114.2894127,22.5481667],[114.2886027,22.5477078],[114.2878167,22.5479],[114.2871997,22.547547],[114.2865787,22.5476811],[114.2863515,22.5470456],[114.2875963,22.5465657],[114.2888032,22.5449011],[114.2895384,22.5448963],[114.2901354,22.5444689],[114.2911426,22.5430069],[114.292504,22.5426158],[114.293279,22.5408192],[114.2944625,22.539566],[114.2948033,22.5388413],[114.2947266,22.5386],[114.2943812,22.5388567],[114.2918903,22.5383309],[114.2916585,22.5389587],[114.2920992,22.5398902],[114.2919031,22.5403301],[114.2915085,22.5401182],[114.2913865,22.5394743],[114.2904771,22.5386972],[114.2895081,22.5385463],[114.2887521,22.5388278],[114.2875753,22.5384591],[114.28784,22.5368395],[114.2858569,22.5341833],[114.2862716,22.5325877],[114.2866998,22.5331332],[114.2885629,22.5343584],[114.2903097,22.5336751],[114.2910031,22.5343366],[114.2919733,22.5342658],[114.2921446,22.5344428],[114.292717,22.5342536],[114.2935455,22.5350124],[114.2939681,22.5350009],[114.2944052,22.5347816],[114.2939819,22.5340897],[114.2941099,22.5337636],[114.2951569,22.5345104],[114.2957856,22.5345236],[114.296037,22.5357542],[114.2965352,22.5353143],[114.2978331,22.5354145],[114.2983918,22.535712],[114.2982365,22.5360921],[114.2988015,22.5364819],[114.2987062,22.5370903],[114.2990134,22.5374189],[114.2992144,22.5371175],[114.3007015,22.536376],[114.3000393,22.5354997],[114.3001857,22.5351955],[114.3019704,22.5350872],[114.3022895,22.5346956],[114.3022689,22.5341165],[114.3014613,22.5336996],[114.3009674,22.5345663],[114.300068,22.5342905],[114.2993619,22.5331152],[114.2995762,22.5326187],[114.2999899,22.5323438],[114.3007989,22.5327423],[114.3019622,22.5328655],[114.3032086,22.5325667],[114.3043333,22.531906],[114.3046465,22.5322221],[114.3045553,22.5334203],[114.3052209,22.5341321],[114.3056736,22.5352724],[114.3053068,22.5365428],[114.3047307,22.5368333],[114.3044973,22.5364928],[114.3039092,22.5365954],[114.3035294,22.5356334],[114.3024377,22.535868],[114.3021192,22.5361403],[114.3021782,22.5364823],[114.3005872,22.5377054],[114.3005474,22.538165],[114.2995986,22.5383867],[114.2988083,22.5388851],[114.2986536,22.5396023],[114.2983193,22.5395741],[114.2974337,22.5401801],[114.2975696,22.5416105],[114.2972769,22.542083],[114.2973714,22.5428597],[114.2971683,22.5432241],[114.2964959,22.5434979],[114.2954012,22.5432303],[114.2944123,22.5435686],[114.2940037,22.544056],[114.2935494,22.5437034],[114.2934474,22.5448627],[114.2938359,22.5463603],[114.2936486,22.5466222],[114.2941544,22.5470778],[114.2940793,22.5468854],[114.2943516,22.5467388],[114.2940622,22.5463757],[114.2943606,22.5461137],[114.2942548,22.5463738],[114.2948455,22.5477836],[114.2955323,22.5486773],[114.2957531,22.5484128],[114.2971719,22.548268],[114.2981865,22.5488812],[114.2988074,22.5486962],[114.2994373,22.5478203],[114.3006487,22.5469344],[114.3018868,22.5463733],[114.3024339,22.5457237],[114.3026268,22.5448737],[114.3030764,22.5447279],[114.305084,22.545332],[114.3050014,22.5455735],[114.3055007,22.5461472],[114.3054885,22.5469429],[114.3057343,22.5472278],[114.3082419,22.547281],[114.3079088,22.5483208],[114.3082464,22.5487756],[114.3096442,22.5484717],[114.3103764,22.5480227],[114.310672,22.5473467],[114.3109633,22.5474345],[114.3115068,22.547141],[114.3112621,22.547491],[114.3115769,22.547451],[114.3119048,22.5480209],[114.3120419,22.5480957],[114.3127582,22.548059],[114.3130865,22.5484952],[114.313324,22.5482847],[114.3142404,22.5485003],[114.3141226,22.548958],[114.3144796,22.5488666],[114.3147037,22.5495278],[114.3154421,22.5499152]],[[114.2092623,22.5279976],[114.2092283,22.527834],[114.209331,22.5279072],[114.2092623,22.5279976]],[[114.3119073,22.5479893],[114.3120533,22.5479903],[114.311915,22.5480246],[114.3119073,22.5479893]],[[114.3166126,22.5502614],[114.3166548,22.5502908],[114.3166011,22.5502916],[114.3166126,22.5502614]],[[114.2809697,22.5325479],[114.2804914,22.532965],[114.2799161,22.5327952],[114.2800514,22.5322766],[114.2808079,22.5322887],[114.2809697,22.5325479]],[[114.2670599,22.5388429],[114.2673673,22.5380762],[114.2676406,22.5380704],[114.2677346,22.5383118],[114.2673831,22.5387349],[114.2670599,22.5388429]],[[114.2657789,22.5416912],[114.2660342,22.5418415],[114.2659466,22.5424539],[114.2650441,22.5423399],[114.2657789,22.5416912]],[[114.3098725,22.5407974],[114.3089447,22.5416723],[114.3083158,22.5419726],[114.3073093,22.5419943],[114.3060379,22.5412638],[114.3053792,22.5406019],[114.3051768,22.5392905],[114.3054817,22.5380265],[114.3053283,22.5373343],[114.3057666,22.5371902],[114.3060097,22.5375617],[114.3067789,22.5377155],[114.3078501,22.5384277],[114.3077462,22.5385406],[114.3085188,22.5392333],[114.3094085,22.5397653],[114.3093999,22.5402243],[114.3098725,22.5407974]],[[114.2953324,22.5464452],[114.2957198,22.5460699],[114.2954308,22.5465612],[114.2953324,22.5464452]],[[114.2651593,22.552469],[114.2649509,22.5526958],[114.2646029,22.552448],[114.2650405,22.5523116],[114.2651593,22.552469]],[[114.2427075,22.5501805],[114.2426016,22.5497902],[114.2428078,22.5491513],[114.2429519,22.5498593],[114.2427075,22.5501805]],[[114.2625913,22.5513994],[114.2621199,22.5519364],[114.2605273,22.5516205],[114.260771,22.5513181],[114.2618566,22.5515831],[114.2625913,22.5513994]],[[114.3131442,22.5045469],[114.3131048,22.504637],[114.3130752,22.5045644],[114.3131442,22.5045469]],[[114.3318011,22.4703478],[114.331766,22.4703302],[114.3317981,22.4703151],[114.3318011,22.4703478]],[[114.2991776,22.5031192],[114.2992201,22.5031603],[114.2991696,22.5031401],[114.2991776,22.5031192]],[[114.2995574,22.5027233],[114.2995744,22.5026867],[114.2996195,22.5027363],[114.2995574,22.5027233]],[[114.3120174,22.5478383],[114.3120101,22.547818],[114.3120258,22.547831],[114.3120174,22.5478383]],[[114.3019054,22.5055636],[114.3020293,22.5055916],[114.3018603,22.5055853],[114.3019054,22.5055636]],[[114.2224386,22.4634667],[114.2213117,22.4621785],[114.2203709,22.4623044],[114.220239,22.460773],[114.2208852,22.4606465],[114.221153,22.4603504],[114.2225081,22.4603855],[114.2224432,22.4607707],[114.2227899,22.4611053],[114.2228027,22.4614805],[114.2225522,22.4622358],[114.2227427,22.4632559],[114.2224386,22.4634667]],[[114.3338153,22.4804916],[114.3333628,22.4803676],[114.3332219,22.4800003],[114.333942,22.4792996],[114.3343243,22.4798285],[114.3338153,22.4804916]],[[114.3310944,22.4806988],[114.3307167,22.4804713],[114.3305556,22.4788197],[114.330705,22.4771581],[114.3311098,22.4767552],[114.3313868,22.4768432],[114.3317001,22.4775424],[114.3318938,22.4794697],[114.3318031,22.4800861],[114.3310944,22.4806988]],[[114.2628012,22.548271],[114.2627016,22.5484458],[114.2624209,22.5482462],[114.2628012,22.548271]],[[114.2887508,22.5329652],[114.2881498,22.5329214],[114.2880409,22.5327458],[114.2885397,22.5326952],[114.2887508,22.5329652]],[[114.2114034,22.5273552],[114.2114039,22.5276813],[114.210903,22.5282852],[114.2102837,22.5279627],[114.2104566,22.5273307],[114.2114034,22.5273552]],[[114.2874,22.5202697],[114.2864302,22.52035],[114.2859948,22.5208358],[114.2860134,22.5213111],[114.2849738,22.5208457],[114.2854345,22.5197317],[114.2860836,22.5191696],[114.2889113,22.5195051],[114.2889783,22.5199496],[114.2884431,22.5204743],[114.2875109,22.5205381],[114.2874,22.5202697]],[[114.3290958,22.54176],[114.3310649,22.5396409],[114.3311876,22.5397626],[114.3314166,22.5414364],[114.3309702,22.5422989],[114.3301214,22.5425025],[114.3290958,22.54176]],[[114.3216005,22.5338847],[114.3209658,22.5355461],[114.3206978,22.5351635],[114.3202178,22.5352532],[114.3200939,22.5365366],[114.3202595,22.5367342],[114.3199042,22.5377305],[114.3182854,22.5371054],[114.3180382,22.5344999],[114.318473,22.5335068],[114.3183979,22.5331568],[114.3190771,22.5325183],[114.319001,22.5320242],[114.3186778,22.5313886],[114.3183212,22.5312172],[114.3181275,22.5305036],[114.3169757,22.5292737],[114.316114,22.5291689],[114.3156437,22.5285789],[114.3150547,22.5285293],[114.314095,22.5289079],[114.3139964,22.530301],[114.313678,22.5305769],[114.3133825,22.5315584],[114.3126634,22.5317958],[114.3127013,22.5321092],[114.3120216,22.5329012],[114.3119399,22.5339458],[114.310536,22.5345251],[114.3100517,22.5351834],[114.3095,22.5351184],[114.3079841,22.5333197],[114.307822,22.5328479],[114.3079991,22.5300273],[114.3082453,22.5294298],[114.3080885,22.5290235],[114.3110118,22.5278795],[114.3114361,22.5279518],[114.3142872,22.5257456],[114.3149824,22.5254425],[114.3153066,22.5249544],[114.3161666,22.5247652],[114.3162238,22.5245313],[114.3178002,22.5248325],[114.3183093,22.5243349],[114.3185659,22.5233359],[114.3189869,22.5230149],[114.319237,22.5231061],[114.3198044,22.5236149],[114.3201779,22.5235963],[114.320134,22.5240939],[114.3206923,22.5247063],[114.3206251,22.5261213],[114.3200529,22.5269181],[114.3199033,22.5276403],[114.320183,22.5277626],[114.3201415,22.5288018],[114.3196577,22.5311058],[114.3199022,22.5311021],[114.3198628,22.5317036],[114.3201087,22.5316025],[114.3200748,22.531845],[114.3206055,22.532059],[114.320644,22.532303],[114.3211205,22.5322053],[114.3214688,22.5327681],[114.3216005,22.5338847]],[[114.2763768,22.5334096],[114.2753168,22.5338039],[114.2751021,22.5340527],[114.2752463,22.534656],[114.2745917,22.5348913],[114.2750193,22.5341766],[114.2751664,22.5320397],[114.2759805,22.5320465],[114.2772452,22.5334762],[114.2767633,22.5337082],[114.2763768,22.5334096]],[[114.2710867,22.5507383],[114.2709452,22.5511087],[114.2689089,22.5527637],[114.2682332,22.5536123],[114.2676536,22.5534896],[114.2681828,22.5530725],[114.2686054,22.5515446],[114.2702514,22.5509079],[114.2701337,22.550429],[114.2697743,22.5505167],[114.2697567,22.5503602],[114.270094,22.5504013],[114.2702809,22.5497477],[114.2707704,22.5498919],[114.270757,22.5503516],[114.2708668,22.5502321],[114.2710867,22.5507383]],[[114.2227064,22.4393347],[114.2226281,22.4409154],[114.2223289,22.4411683],[114.2218796,22.4405923],[114.2214997,22.4388047],[114.2211699,22.4385144],[114.2211601,22.43754],[114.2217038,22.4376756],[114.2219884,22.4383027],[114.2227358,22.4388185],[114.2229277,22.4391325],[114.2227064,22.4393347]],[[114.2271466,22.5314062],[114.2276267,22.5323052],[114.2274263,22.5323952],[114.2268593,22.5315246],[114.2271466,22.5314062]],[[114.2621943,22.5459167],[114.2619776,22.5466991],[114.2611857,22.5467108],[114.260387,22.5461889],[114.2600495,22.5452855],[114.2593046,22.545111],[114.2596919,22.5456253],[114.2594761,22.5459351],[114.2590247,22.5458022],[114.2585722,22.5451279],[114.2594432,22.544675],[114.260177,22.5449802],[114.2608029,22.5449377],[114.2613903,22.5451666],[114.2621943,22.5459167]],[[114.334005,22.4805357],[114.3339335,22.4804935],[114.3340133,22.4805097],[114.334005,22.4805357]],[[114.2423289,22.449876],[114.2422684,22.4495503],[114.2424106,22.4498323],[114.2423289,22.449876]],[[114.2244293,22.5435613],[114.223935,22.5442404],[114.2238237,22.5442786],[114.2243365,22.5434803],[114.224658,22.5436268],[114.2244293,22.5435613]],[[114.3335447,22.4631123],[114.3335107,22.4634691],[114.3333056,22.4634376],[114.3333683,22.4630851],[114.3335447,22.4631123]],[[114.2192685,22.5411179],[114.2200606,22.5417347],[114.2201803,22.5421111],[114.2201604,22.5422307],[114.2194574,22.5412878],[114.2190341,22.5411861],[114.2192685,22.5411179]],[[114.2230235,22.5439932],[114.2229036,22.5435548],[114.2216054,22.5431382],[114.2219379,22.5429256],[114.2229362,22.5434755],[114.2230235,22.5439932]],[[114.2873142,22.4591195],[114.287694,22.4591166],[114.2873144,22.4593739],[114.2873142,22.4591195]],[[114.290945,22.4632803],[114.2908738,22.4634598],[114.2908033,22.4633209],[114.290945,22.4632803]],[[114.29049,22.4638612],[114.2907172,22.4639948],[114.2904882,22.4638908],[114.29049,22.4638612]],[[114.2577162,22.4466929],[114.257935,22.4459708],[114.2579241,22.4467874],[114.257667,22.4469708],[114.2574099,22.4466519],[114.2577162,22.4466929]],[[114.2727568,22.5303657],[114.2729642,22.5305591],[114.2728111,22.5305256],[114.2727568,22.5303657]],[[114.3273929,22.3228991],[114.3269,22.3232203],[114.3268262,22.323],[114.3273929,22.3228991]],[[114.3181756,22.3123989],[114.3181481,22.3123652],[114.3181978,22.3123541],[114.3181756,22.3123989]],[[114.3101703,22.3092895],[114.309972,22.309465],[114.3100319,22.3092038],[114.3101703,22.3092895]],[[114.3095806,22.3076596],[114.3098265,22.3075731],[114.3097656,22.307729],[114.3095806,22.3076596]],[[114.3092622,22.3074819],[114.3093517,22.3076521],[114.3092916,22.3077357],[114.3091882,22.3076326],[114.3092622,22.3074819]],[[114.3100983,22.3068522],[114.3100416,22.3070556],[114.3098386,22.3072282],[114.3097644,22.3070914],[114.3100983,22.3068522]],[[114.3088656,22.3046669],[114.3085724,22.3046505],[114.3087415,22.3045377],[114.3088656,22.3046669]],[[114.316709,22.3039252],[114.3166216,22.303717],[114.3168813,22.3034071],[114.31695,22.3038392],[114.316709,22.3039252]],[[114.3171183,22.3037992],[114.3172272,22.3033741],[114.317352,22.3032491],[114.3172785,22.3038823],[114.3171183,22.3037992]],[[114.3115812,22.3037464],[114.3110826,22.30455],[114.310704,22.3044046],[114.3108837,22.3035799],[114.3107261,22.3034874],[114.3110846,22.303087],[114.3113487,22.3030621],[114.3115812,22.3037464]],[[114.3119728,22.3021833],[114.3113359,22.3023878],[114.3115171,22.3025535],[114.3113233,22.3025416],[114.3112985,22.3027943],[114.3108828,22.3023817],[114.3112533,22.3022083],[114.3112094,22.3017903],[114.3113695,22.3019705],[114.3117767,22.3014908],[114.3121557,22.3019057],[114.3119728,22.3021833]],[[114.3119005,22.3015081],[114.3119835,22.3014855],[114.3120022,22.3015831],[114.3119005,22.3015081]],[[114.3123978,22.3008351],[114.312329,22.3011749],[114.3120999,22.3008524],[114.3123978,22.3008351]],[[114.3189444,22.3006674],[114.3190725,22.3005064],[114.3191741,22.3005505],[114.3191614,22.3005986],[114.3189444,22.3006674]],[[114.3189564,22.3005473],[114.3188915,22.3004881],[114.319029,22.3005052],[114.3189564,22.3005473]],[[114.3096968,22.2970331],[114.3097878,22.2972237],[114.3094085,22.2972199],[114.3096968,22.2970331]],[[114.3537728,22.3224972],[114.3537936,22.3224351],[114.3538365,22.3224633],[114.3537728,22.3224972]],[[114.348058,22.3224765],[114.3480284,22.3224844],[114.3480012,22.3224331],[114.348058,22.3224765]],[[114.3537541,22.3224113],[114.3538938,22.3223391],[114.3539281,22.3223846],[114.3537541,22.3224113]],[[114.3481672,22.3217168],[114.3480523,22.32168],[114.3481648,22.3216756],[114.3481672,22.3217168]],[[114.3654419,22.3214119],[114.3656052,22.321333],[114.365605,22.3214265],[114.3654419,22.3214119]],[[114.3652265,22.3204223],[114.3653274,22.3203928],[114.3652477,22.3204693],[114.3652265,22.3204223]],[[114.3667179,22.3192147],[114.3670107,22.3193018],[114.3666686,22.319243],[114.3667179,22.3192147]],[[114.3466641,22.3187763],[114.3467367,22.3187177],[114.3467482,22.3188037],[114.3466641,22.3187763]],[[114.3466802,22.3186637],[114.3465074,22.3187489],[114.3466128,22.3186087],[114.3466802,22.3186637]],[[114.3526164,22.3171749],[114.3526391,22.3171236],[114.352641,22.3171738],[114.3526164,22.3171749]],[[114.3688348,22.3165003],[114.3689379,22.316407],[114.3689616,22.3164702],[114.3688348,22.3165003]],[[114.3685933,22.3164642],[114.3685977,22.3163531],[114.3687329,22.3163406],[114.3685933,22.3164642]],[[114.3693894,22.3156879],[114.3695236,22.315395],[114.3696037,22.3153992],[114.3693894,22.3156879]],[[114.3686077,22.3147676],[114.3687447,22.314778],[114.3686124,22.3148496],[114.3686077,22.3147676]],[[114.3465779,22.3147852],[114.3466435,22.3143959],[114.3468615,22.3148743],[114.3465779,22.3147852]],[[114.3685814,22.3143018],[114.3685682,22.3140124],[114.3685872,22.3139977],[114.3685814,22.3143018]],[[114.3686235,22.3140185],[114.3687792,22.3139447],[114.3689492,22.3140945],[114.3688156,22.3142067],[114.3686235,22.3140185]],[[114.3693025,22.3133747],[114.3693259,22.3134125],[114.3692914,22.3134008],[114.3693025,22.3133747]],[[114.3689751,22.3132126],[114.3690247,22.3132025],[114.3690052,22.3132372],[114.3689751,22.3132126]],[[114.3692052,22.3132685],[114.3694442,22.3131307],[114.3696392,22.3132906],[114.3692052,22.3132685]],[[114.3689974,22.313138],[114.3690986,22.3129911],[114.3692646,22.31307],[114.3689974,22.313138]],[[114.3698357,22.312394],[114.3695934,22.3123551],[114.3698019,22.3122593],[114.3698357,22.312394]],[[114.3701018,22.312341],[114.3701305,22.3122829],[114.3701579,22.3123402],[114.3701018,22.312341]],[[114.3700957,22.3118038],[114.3700248,22.3117525],[114.3701095,22.3117576],[114.3700957,22.3118038]],[[114.3702833,22.3092451],[114.3703396,22.3092432],[114.3702839,22.3092633],[114.3702833,22.3092451]],[[114.3699157,22.3092215],[114.3699383,22.3092381],[114.3698875,22.3092442],[114.3699157,22.3092215]],[[114.3703512,22.3091913],[114.3703663,22.3092029],[114.3703428,22.3091964],[114.3703512,22.3091913]],[[114.3702704,22.3091648],[114.3703304,22.3091743],[114.3702692,22.3091773],[114.3702704,22.3091648]],[[114.3645223,22.3075052],[114.3649978,22.3075248],[114.3646895,22.3080932],[114.3645223,22.3075052]],[[114.366693,22.3067754],[114.3667424,22.3067795],[114.3666811,22.3067913],[114.366693,22.3067754]],[[114.3685536,22.3066183],[114.3683988,22.3071105],[114.3680172,22.3072101],[114.3680933,22.3068914],[114.3685536,22.3066183]],[[114.3668216,22.3067529],[114.3672303,22.3065391],[114.3670989,22.3066588],[114.3668216,22.3067529]],[[114.3719761,22.3115626],[114.371884,22.3123259],[114.3711432,22.3122881],[114.3719761,22.3115626]],[[114.3727779,22.3114578],[114.3724656,22.3117333],[114.3724864,22.3114571],[114.3727779,22.3114578]],[[114.3591429,22.2761515],[114.3593336,22.2760526],[114.3592849,22.2762252],[114.3591429,22.2761515]],[[114.367308,22.2670849],[114.3666176,22.2671471],[114.366515,22.2666698],[114.3670677,22.2663338],[114.3673787,22.2667583],[114.367308,22.2670849]],[[114.3701797,22.2658969],[114.3699282,22.2662263],[114.3697607,22.2662137],[114.3701797,22.2658969]],[[114.3675658,22.2647644],[114.3676998,22.2644048],[114.3679257,22.2643187],[114.3675658,22.2647644]],[[114.3515215,22.2609541],[114.3510927,22.2607299],[114.3515259,22.2605808],[114.3515215,22.2609541]],[[114.3524035,22.2606882],[114.3523083,22.2608087],[114.3518455,22.2608386],[114.3520791,22.2605434],[114.3524035,22.2606882]],[[114.3518606,22.2605048],[114.3516773,22.2606053],[114.3518376,22.2604674],[114.3518606,22.2605048]],[[114.3522073,22.2589118],[114.3521009,22.2590709],[114.3521915,22.258843],[114.3522073,22.2589118]],[[114.3529591,22.2573945],[114.3532807,22.2574541],[114.3532217,22.2577758],[114.3529993,22.2580733],[114.3525899,22.258012],[114.3529591,22.2573945]],[[114.3021537,22.3219124],[114.3014049,22.3226478],[114.3013106,22.3224229],[114.3011953,22.3226572],[114.3010336,22.3224537],[114.3010311,22.322169],[114.3013761,22.3219522],[114.3013268,22.3223265],[114.3014144,22.3223433],[114.301962,22.3216163],[114.3021537,22.3219124]],[[114.3267487,22.3227035],[114.3270742,22.3227428],[114.3271879,22.3225363],[114.3274516,22.3228364],[114.3267487,22.3227035]],[[114.3712742,22.3114558],[114.3710588,22.3117288],[114.3703392,22.3117031],[114.3706925,22.311469],[114.3712742,22.3114558]],[[114.3710848,22.3117715],[114.3706114,22.3123909],[114.3700698,22.3121883],[114.3702869,22.3117699],[114.3710848,22.3117715]],[[114.3513726,22.2711839],[114.3512796,22.2715304],[114.3506349,22.271772],[114.3508554,22.2720411],[114.3503307,22.2720944],[114.3503984,22.2713671],[114.3511413,22.2709717],[114.3513726,22.2711839]],[[114.31009,22.3047879],[114.3102979,22.3048558],[114.3101382,22.3049613],[114.31009,22.3047879]],[[114.3182519,22.3003072],[114.3178238,22.2998635],[114.3181792,22.2996468],[114.3179565,22.2999013],[114.3182592,22.2998336],[114.3183742,22.3001183],[114.3187795,22.3002455],[114.3182519,22.3003072]],[[114.3157252,22.2746519],[114.3154861,22.2771304],[114.3146372,22.2778658],[114.3141059,22.2777906],[114.3141574,22.277538],[114.313684,22.2775489],[114.3121232,22.2759814],[114.3125784,22.2753559],[114.312774,22.2756636],[114.3130238,22.2755801],[114.3131156,22.2749447],[114.313425,22.2750931],[114.3136296,22.2744467],[114.3137848,22.2748512],[114.3139773,22.2746042],[114.3142875,22.2747275],[114.3141592,22.2745771],[114.3144421,22.2739518],[114.3147315,22.2744645],[114.3150779,22.2741345],[114.3157252,22.2746519]],[[114.3212407,22.3005112],[114.3202603,22.3016307],[114.319437,22.3014306],[114.3191329,22.3009591],[114.3199522,22.300529],[114.3212407,22.3005112]],[[114.3666483,22.3218059],[114.3660243,22.3224695],[114.365572,22.3225039],[114.3656849,22.3218704],[114.3666483,22.3218059]],[[114.3188729,22.3109693],[114.3191671,22.3111002],[114.3190368,22.3121969],[114.3183224,22.3127754],[114.3182308,22.3116727],[114.3188729,22.3109693]],[[114.3454237,22.2631589],[114.3448335,22.2630325],[114.3450262,22.2625419],[114.345489,22.2625546],[114.3454237,22.2631589]],[[114.3693467,22.3102737],[114.3689264,22.3105652],[114.3687076,22.3106797],[114.3690468,22.3101924],[114.3693467,22.3102737]],[[114.3495391,22.2658002],[114.349402,22.2659744],[114.3493132,22.2659147],[114.3495391,22.2658002]],[[114.3016556,22.3230167],[114.3015239,22.3228523],[114.3018158,22.3228133],[114.3018092,22.3228528],[114.3016556,22.3230167]],[[114.3709872,22.3108854],[114.3696205,22.3116232],[114.3698787,22.3119832],[114.369374,22.3124408],[114.3693508,22.3127939],[114.3688325,22.3128975],[114.3683632,22.3134842],[114.3684903,22.3140624],[114.3683148,22.3146362],[114.368679,22.314929],[114.3692295,22.3146116],[114.3695053,22.3151316],[114.3689851,22.3157628],[114.3690676,22.315939],[114.3687636,22.3158234],[114.3687394,22.3161598],[114.368467,22.3163217],[114.3680678,22.3173258],[114.3681442,22.3182444],[114.3675596,22.3185048],[114.3674907,22.3187384],[114.367816,22.318582],[114.3673308,22.3190794],[114.3665824,22.3191293],[114.3665636,22.3194295],[114.3659366,22.3199816],[114.3652327,22.3200142],[114.3651758,22.320597],[114.3657652,22.3204487],[114.3653382,22.3206721],[114.3657657,22.3208045],[114.3663385,22.3204065],[114.3660439,22.3208046],[114.3664096,22.3210154],[114.3656114,22.3211871],[114.3639948,22.3205693],[114.3631661,22.3208182],[114.3629115,22.3207122],[114.3629465,22.3204901],[114.3624156,22.3206959],[114.362039,22.3205609],[114.3620232,22.3201601],[114.3611509,22.3199942],[114.3608825,22.3192428],[114.3610843,22.3187058],[114.3609176,22.3189192],[114.3607964,22.3186766],[114.3614034,22.3166236],[114.3609436,22.3165566],[114.3609561,22.3158728],[114.361359,22.3157545],[114.3613575,22.3154354],[114.3623008,22.3147251],[114.3618745,22.3142195],[114.3626834,22.3127667],[114.3642614,22.3117614],[114.3652484,22.3119077],[114.3647822,22.3110584],[114.3651065,22.3108795],[114.3654136,22.3110653],[114.3654956,22.310868],[114.3651043,22.3105648],[114.3654807,22.3105279],[114.3653179,22.3101735],[114.3656031,22.3103314],[114.3653125,22.3096814],[114.3655469,22.3093127],[114.3652853,22.3092789],[114.3651553,22.3089448],[114.3656217,22.3085608],[114.364903,22.30835],[114.3653212,22.3076607],[114.3665976,22.3068707],[114.3676653,22.3067997],[114.3676819,22.3079297],[114.3666058,22.3086542],[114.3668426,22.3088075],[114.3674546,22.3086383],[114.3675973,22.3088561],[114.3675847,22.3094647],[114.3670981,22.3101341],[114.3675503,22.3103375],[114.3679185,22.3098946],[114.367857,22.3103377],[114.3680942,22.3105423],[114.3684967,22.3104232],[114.3685371,22.3109771],[114.3695922,22.3105529],[114.3692035,22.3110183],[114.3697881,22.3108744],[114.370012,22.3111451],[114.3702144,22.3107873],[114.3709872,22.3108854]],[[114.351407,22.2698234],[114.3504121,22.2709961],[114.3494894,22.2710606],[114.3492911,22.2708372],[114.3489979,22.2710456],[114.3486605,22.2704917],[114.3488947,22.2692718],[114.3470224,22.2679866],[114.3463299,22.2678661],[114.3463958,22.2675153],[114.3460784,22.2673801],[114.3464841,22.2666363],[114.3465116,22.2660321],[114.3460583,22.2655409],[114.3464181,22.2652553],[114.3459664,22.2650473],[114.346158,22.2642328],[114.3456455,22.2639388],[114.3461674,22.2630827],[114.3476577,22.2628882],[114.3476072,22.2634341],[114.3480156,22.2631698],[114.348717,22.2637038],[114.349257,22.2649053],[114.3484633,22.2655729],[114.3484835,22.265782],[114.3492656,22.2660835],[114.3487303,22.2662371],[114.3493521,22.2662937],[114.3491418,22.2667319],[114.3492859,22.2668074],[114.3489776,22.2669152],[114.3496545,22.2672809],[114.3502758,22.2672056],[114.3504175,22.2675269],[114.3499792,22.2675554],[114.3500096,22.2678239],[114.3503195,22.2680626],[114.3507701,22.2679438],[114.34947,22.26926],[114.3503515,22.2690395],[114.3509273,22.2692415],[114.351407,22.2698234]],[[114.3527861,22.2597887],[114.3529924,22.2594688],[114.3532424,22.2595038],[114.3531239,22.2597975],[114.3527861,22.2597887]],[[114.3522512,22.2615719],[114.3518614,22.261683],[114.3517113,22.261383],[114.3521983,22.2613702],[114.3522512,22.2615719]],[[114.3186382,22.5149111],[114.3187061,22.5148919],[114.3186844,22.5149534],[114.3186382,22.5149111]],[[114.3186134,22.514096],[114.3186075,22.5141964],[114.3185636,22.5141264],[114.3186134,22.514096]],[[114.3191051,22.518588],[114.3192031,22.5186375],[114.3190852,22.5186264],[114.3191051,22.518588]],[[114.3192165,22.5184886],[114.3192733,22.5185374],[114.319181,22.5185329],[114.3192165,22.5184886]],[[114.3186071,22.5147699],[114.3186423,22.5147326],[114.318649,22.514775],[114.3186071,22.5147699]],[[114.3208114,22.5168505],[114.320114,22.5177026],[114.3203142,22.5178455],[114.3196339,22.5179965],[114.3191288,22.5184295],[114.318902,22.5189326],[114.3182621,22.5183848],[114.317688,22.5184736],[114.3170723,22.5175503],[114.3163301,22.5178245],[114.3161373,22.5173497],[114.3158811,22.5175956],[114.3162554,22.5178623],[114.3157784,22.5175879],[114.3159854,22.5177898],[114.3167995,22.5181286],[114.3174374,22.518169],[114.3166662,22.5188995],[114.3163951,22.5196647],[114.3165491,22.5200229],[114.3174297,22.5204735],[114.3162812,22.5213396],[114.3163622,22.521701],[114.3154825,22.5231072],[114.3146696,22.5237742],[114.3140708,22.5238613],[114.3140744,22.5243287],[114.313307,22.5243357],[114.3129519,22.524719],[114.3125653,22.524503],[114.3120605,22.5246184],[114.3119196,22.5250165],[114.3111196,22.5250996],[114.3109807,22.5256598],[114.3106062,22.5256825],[114.3104326,22.5260556],[114.3098087,22.5259044],[114.3091445,22.5262404],[114.3088071,22.5255589],[114.3083014,22.5251572],[114.3086444,22.5245643],[114.309414,22.5244996],[114.3103399,22.5239199],[114.3094407,22.5231182],[114.3095088,22.5226207],[114.3090971,22.5214449],[114.309443,22.5208398],[114.3095081,22.5200697],[114.3103192,22.5195909],[114.3102748,22.5187906],[114.3092877,22.5177125],[114.3091995,22.517176],[114.309517,22.5166279],[114.3078603,22.5162582],[114.3077279,22.5154799],[114.3079933,22.5147121],[114.3071661,22.5143002],[114.306335,22.5146199],[114.3057984,22.514456],[114.3056414,22.5138546],[114.3058077,22.5136347],[114.3066171,22.5135169],[114.3074643,22.5138224],[114.3070558,22.5130872],[114.3060702,22.5130549],[114.3061754,22.5121708],[114.3057703,22.5121026],[114.3052678,22.5126651],[114.3045785,22.512921],[114.3038138,22.5124844],[114.3040003,22.5120769],[114.3047451,22.5119285],[114.3058769,22.5109055],[114.3046886,22.5108246],[114.3039912,22.5097628],[114.3036402,22.5105204],[114.3029121,22.5101699],[114.3023245,22.5106928],[114.3024754,22.5125662],[114.3022471,22.5125949],[114.3019759,22.5118325],[114.3008011,22.5122447],[114.3016703,22.5128893],[114.3017884,22.5131961],[114.3015719,22.5134604],[114.301298,22.513477],[114.3009492,22.513014],[114.3000732,22.5133705],[114.3000075,22.5130028],[114.2996048,22.5127121],[114.3001417,22.5111688],[114.2981073,22.5122783],[114.2978011,22.5127025],[114.2978759,22.5131577],[114.2972079,22.5131454],[114.2970192,22.5125286],[114.2964079,22.5119555],[114.2951377,22.5124337],[114.295101,22.5131775],[114.2945808,22.5134484],[114.2945599,22.5123837],[114.2951444,22.5117413],[114.2950123,22.5110333],[114.2954353,22.5108265],[114.2958014,22.5111186],[114.2962521,22.5110009],[114.2974813,22.5101004],[114.2979997,22.5092365],[114.2979987,22.5086538],[114.2976198,22.5083338],[114.2966019,22.5085519],[114.2972646,22.5076942],[114.2968164,22.5071697],[114.2961743,22.5071662],[114.2960833,22.5068606],[114.2964478,22.506448],[114.2981529,22.506851],[114.2973096,22.5055004],[114.2979609,22.5051151],[114.2979845,22.5047654],[114.2986491,22.5046667],[114.2989385,22.5043716],[114.3000661,22.5048224],[114.3005005,22.5054643],[114.3011362,22.5054433],[114.3028919,22.5060651],[114.3036475,22.5072991],[114.3045184,22.5078526],[114.3042235,22.508532],[114.3044743,22.5091894],[114.3057847,22.5099178],[114.3073272,22.5095343],[114.3076469,22.5091655],[114.3075535,22.5089957],[114.307661,22.5091588],[114.3081141,22.5089302],[114.3084221,22.5087038],[114.3082362,22.5085247],[114.3084448,22.5086889],[114.3091219,22.508153],[114.3103376,22.5080375],[114.3109449,22.5086493],[114.3117256,22.5108344],[114.3121401,22.5110653],[114.31336,22.5110045],[114.3161683,22.5119327],[114.3171694,22.5131748],[114.3183839,22.5138988],[114.3187765,22.515533],[114.3196887,22.5160508],[114.3212894,22.516409],[114.3212871,22.5169403],[114.3208114,22.5168505]],[[114.2723675,22.4155473],[114.2723156,22.415774],[114.2718515,22.4157732],[114.2719667,22.4153359],[114.273979,22.4153637],[114.2723675,22.4155473]],[[114.2981813,22.5023889],[114.297301,22.5024469],[114.2981812,22.5023519],[114.2981813,22.5023889]],[[114.2725176,22.4331561],[114.272424,22.4329154],[114.272653,22.4330683],[114.2725176,22.4331561]],[[114.273621,22.4259345],[114.2731973,22.4265393],[114.2725607,22.4261046],[114.272386,22.4253727],[114.2729723,22.4245344],[114.2735647,22.4251349],[114.273621,22.4259345]],[[114.2188369,22.4556903],[114.2198001,22.4559117],[114.2200292,22.4562829],[114.2194663,22.4567289],[114.2174276,22.4569153],[114.2167906,22.4573849],[114.2164347,22.4573575],[114.2164644,22.4568453],[114.2172746,22.4560509],[114.2169063,22.455411],[114.2173288,22.4559154],[114.2179267,22.4561642],[114.2188369,22.4556903]],[[114.2717785,22.4321833],[114.2722272,22.4329631],[114.2714491,22.4320903],[114.2717785,22.4321833]],[[114.3637368,22.3502027],[114.3636918,22.3503036],[114.3636505,22.3503096],[114.3637368,22.3502027]],[[114.3655457,22.3496863],[114.3656119,22.3497028],[114.3655416,22.3497215],[114.3655457,22.3496863]],[[114.3657434,22.3492787],[114.365761,22.3494639],[114.3655364,22.3495894],[114.3655797,22.3494077],[114.3657434,22.3492787]],[[114.3651338,22.3489325],[114.3656354,22.3489077],[114.36511,22.3490328],[114.3651338,22.3489325]],[[114.3597877,22.3446958],[114.3598479,22.3447259],[114.3597821,22.3447196],[114.3597877,22.3446958]],[[114.3641659,22.3493963],[114.3642362,22.3494087],[114.3641586,22.3494257],[114.3641659,22.3493963]],[[114.3501642,22.3537174],[114.3504676,22.3529711],[114.3513143,22.3528374],[114.3505782,22.3540147],[114.3502753,22.3539857],[114.3501642,22.3537174]],[[114.3515786,22.3482848],[114.3517323,22.3483045],[114.3517354,22.3483273],[114.3515786,22.3482848]],[[114.3539885,22.3480132],[114.3540107,22.3480326],[114.3539787,22.3480341],[114.3539885,22.3480132]],[[114.3537013,22.342075],[114.3536022,22.342162],[114.3535494,22.3421741],[114.3537013,22.342075]],[[114.353766,22.341843],[114.3537358,22.3417621],[114.3537857,22.3418504],[114.353766,22.341843]],[[114.3482391,22.349406],[114.3485739,22.3499732],[114.3488351,22.349966],[114.3484502,22.3504543],[114.3482391,22.349406]],[[114.2622719,22.3646329],[114.2608703,22.3644977],[114.261083,22.3648865],[114.2611496,22.3650893],[114.2622816,22.3649381],[114.2622868,22.3652127],[114.2612602,22.3652089],[114.2611377,22.3651209],[114.2608468,22.364503],[114.2605439,22.3649917],[114.2608558,22.3644719],[114.2622718,22.3644521],[114.2622719,22.3646329]],[[114.2549963,22.358827],[114.2541612,22.359461],[114.2539924,22.3594973],[114.2542077,22.3594152],[114.2546014,22.3590326],[114.2549919,22.3588068],[114.2553015,22.3587407],[114.2557506,22.3587589],[114.2549963,22.358827]],[[114.2533137,22.3590366],[114.2533115,22.3585224],[114.253328,22.358523],[114.2533137,22.3590366]],[[114.2543432,22.3588892],[114.2534746,22.3584222],[114.2543513,22.3588737],[114.2543432,22.3588892]],[[114.2525891,22.3579112],[114.2525874,22.3575439],[114.252679,22.3571675],[114.2526071,22.3575413],[114.2525891,22.3579112]],[[114.2559529,22.3585665],[114.2560617,22.3585872],[114.2559523,22.3585856],[114.2559529,22.3585665]],[[114.2557596,22.3585836],[114.2553588,22.358581],[114.2557598,22.3585682],[114.2557596,22.3585836]],[[114.2561741,22.358235],[114.2562073,22.3584407],[114.2561542,22.3582397],[114.2561741,22.358235]],[[114.2578349,22.3587931],[114.257858,22.3584888],[114.2573948,22.3581432],[114.2578413,22.3584411],[114.2579273,22.3586419],[114.2578521,22.3588047],[114.2573151,22.3593404],[114.2571877,22.3593672],[114.2570618,22.3593421],[114.2563515,22.3588975],[114.2559062,22.3587789],[114.256363,22.3588806],[114.2571719,22.3593479],[114.2578349,22.3587931]],[[114.2554679,22.357899],[114.2551391,22.3584463],[114.2551252,22.3584391],[114.2554679,22.357899]],[[114.2541582,22.359242],[114.2542788,22.3591041],[114.2542914,22.3591156],[114.2541582,22.359242]],[[114.2543062,22.356838],[114.2551545,22.3572008],[114.2558198,22.357382],[114.2551483,22.3572154],[114.2543062,22.356838]],[[114.2647179,22.3525904],[114.2645808,22.3529299],[114.2646294,22.3525574],[114.2647179,22.3525904]],[[114.2640554,22.3712031],[114.2641124,22.3715079],[114.2636383,22.3715594],[114.2636598,22.3714257],[114.2640554,22.3712031]],[[114.2666559,22.3700593],[114.2667125,22.3701042],[114.2666459,22.3700912],[114.2666559,22.3700593]]]},"properties":{"GmlID":"BrightLightFishing.11","OBJNAM":"Mirs Bay, Tolo Harbour and Port Shelter","OBJECTID":11}},{"type":"Feature","geometry":{"type":"Polygon","coordinates":[[[114.2645393,22.2756503],[114.2646511,22.2760329],[114.2649624,22.275967],[114.2646707,22.276404],[114.2649513,22.2773979],[114.2646685,22.277616],[114.2650127,22.2774432],[114.2649602,22.2780997],[114.2653429,22.2780843],[114.2652973,22.278429],[114.2659486,22.2788968],[114.2662195,22.2794706],[114.2667559,22.2794544],[114.2673856,22.280689],[114.2673976,22.2814122],[114.2676237,22.2817187],[114.2663357,22.2824698],[114.2667901,22.2831873],[114.2666388,22.2832753],[114.2670036,22.283854],[114.2671533,22.2837673],[114.2675592,22.2844002],[114.2674216,22.2844764],[114.2708829,22.2896257],[114.2710274,22.2911547],[114.2710295,22.2918849],[114.2667102,22.291888],[114.2666053,22.2958556],[114.2651112,22.2965078],[114.2640537,22.2976549],[114.2638717,22.3003332],[114.2657626,22.3036901],[114.2661399,22.3044617],[114.2660025,22.3045292],[114.2668513,22.3057025],[114.265988,22.3060305],[114.2661606,22.3071239],[114.2658155,22.3080591],[114.2650634,22.3084978],[114.264804,22.3090604],[114.2644334,22.3086238],[114.2643467,22.308059],[114.265464,22.3050283],[114.2631843,22.301376],[114.260964,22.3012043],[114.2604373,22.3013488],[114.2602964,22.3017397],[114.259921,22.3018438],[114.2595848,22.3013371],[114.2572256,22.301319],[114.2560559,22.3007156],[114.2561211,22.2988078],[114.2645393,22.2756503]],[[114.2648303,22.2771985],[114.2648031,22.2772317],[114.26483,22.2772296],[114.2648303,22.2771985]],[[114.2671475,22.2811911],[114.2671107,22.2810732],[114.2670826,22.2811899],[114.2671475,22.2811911]],[[114.26731,22.2809962],[114.2672692,22.2810248],[114.2672805,22.2810371],[114.26731,22.2809962]]]},"properties":{"GmlID":"BrightLightFishing.12","OBJNAM":"Tseung Kwan O or Junk Bay","OBJECTID":12}},{"type":"Feature","geometry":{"type":"Polygon","coordinates":[[[114.0444234,22.346674],[114.0348742,22.3369974],[114.0383688,22.3388752],[114.0388946,22.3399009],[114.0391749,22.3397041],[114.039564,22.3401896],[114.0393374,22.3405133],[114.0400194,22.3406073],[114.0400653,22.3412316],[114.0417403,22.3409484],[114.0420628,22.3423525],[114.04329,22.3427845],[114.0430316,22.3434193],[114.0433927,22.342917],[114.0435553,22.3429752],[114.0433317,22.3435261],[114.0434205,22.3435551],[114.0436401,22.3429078],[114.0446845,22.3433897],[114.044513,22.3436295],[114.0446107,22.3442701],[114.0442776,22.3446406],[114.044166,22.345253],[114.044588,22.3460866],[114.0444234,22.346674]]]},"properties":{"GmlID":"BrightLightFishing.13","OBJNAM":"North Lantau","OBJECTID":13}},{"type":"Feature","geometry":{"type":"Polygon","coordinates":[[[114.1496616,22.1817047],[114.1491454,22.181181],[114.1480078,22.1812418],[114.1478685,22.1815432],[114.1482167,22.1824474],[114.1477832,22.1830056],[114.1463711,22.1833377],[114.146525,22.1834506],[114.146091,22.1836244],[114.1454493,22.183333],[114.1449748,22.1835931],[114.1444111,22.1834936],[114.1434182,22.1843056],[114.1431991,22.1854812],[114.1426421,22.1859998],[114.1408405,22.1870458],[114.1401113,22.187894],[114.1393051,22.1879383],[114.1386474,22.1884642],[114.138128,22.1884962],[114.138221,22.1892757],[114.1377647,22.1892554],[114.1372052,22.1896029],[114.1374795,22.1904557],[114.1373133,22.1912448],[114.1359301,22.1916864],[114.13444,22.1908115],[114.1345206,22.18908],[114.1342468,22.1885618],[114.1344658,22.1879229],[114.1340993,22.1872235],[114.1343201,22.186851],[114.1354699,22.1864778],[114.136097,22.185182],[114.1358413,22.1850589],[114.136131,22.1848806],[114.1370406,22.1828777],[114.1373025,22.1827524],[114.1373986,22.1815328],[114.1377953,22.1809762],[114.1377924,22.18],[114.1375295,22.1795263],[114.1376302,22.1792718],[114.1373474,22.1793381],[114.1376263,22.1784511],[114.1372393,22.1777201],[114.1366326,22.1778909],[114.1357571,22.1788108],[114.1341552,22.1796885],[114.1340653,22.1803466],[114.1334141,22.1811795],[114.1329293,22.1826891],[114.1324437,22.183324],[114.1320231,22.1833775],[114.1317027,22.182844],[114.1301194,22.1822779],[114.1303122,22.1819732],[114.1293338,22.1809152],[114.1291475,22.1801797],[114.1282051,22.18],[114.128297,22.1792493],[114.1278432,22.1786243],[114.1258392,22.1784527],[114.1256086,22.1781864],[114.1252477,22.1786409],[114.1255237,22.1794623],[114.1248991,22.1795758],[114.1243053,22.1800065],[114.1234304,22.1812186],[114.1225564,22.1811985],[114.1217662,22.179781],[114.1213593,22.1799857],[114.1203445,22.1797533],[114.1195161,22.1798377],[114.1187159,22.1801778],[114.1182802,22.1799832],[114.1173543,22.181213],[114.1159204,22.1813919],[114.1152069,22.1817912],[114.1146926,22.1827815],[114.1147044,22.1832212],[114.1143124,22.1831223],[114.1141376,22.183856],[114.1139048,22.1838441],[114.1139324,22.185609],[114.1141857,22.1857146],[114.114441,22.1865574],[114.1143021,22.1867949],[114.1145695,22.1868007],[114.114926,22.1876899],[114.1152975,22.1877623],[114.1155397,22.1881749],[114.1176136,22.1885059],[114.118229,22.1890948],[114.1187764,22.1902414],[114.1203894,22.1907323],[114.1206498,22.1912937],[114.1201103,22.1916642],[114.1204538,22.1919494],[114.1203875,22.1923422],[114.1200827,22.1925402],[114.1204948,22.1925043],[114.1208807,22.1935013],[114.1207864,22.1961231],[114.1210023,22.1971147],[114.1215085,22.1977921],[114.1215174,22.2008276],[114.1217362,22.2007972],[114.1220762,22.2013529],[114.1220759,22.2020758],[114.1217504,22.2024507],[114.1221833,22.2026726],[114.1222568,22.203066],[114.1219243,22.2031182],[114.1219814,22.2034556],[114.1216744,22.2035009],[114.1224841,22.2036783],[114.1226827,22.204254],[114.1223485,22.2050734],[114.1204648,22.2058782],[114.119708,22.2067212],[114.1198553,22.2069052],[114.1196422,22.2074294],[114.1199858,22.2077886],[114.1212312,22.2081221],[114.121445,22.2087227],[114.1208201,22.2098626],[114.1208939,22.2101228],[114.1216827,22.2102262],[114.1219035,22.2109054],[114.1215163,22.2119625],[114.1207226,22.2126451],[114.1205399,22.2130853],[114.1212622,22.2137674],[114.121305,22.2143273],[114.1208159,22.2149225],[114.1205209,22.2164283],[114.1202413,22.2167144],[114.1204099,22.2169902],[114.1198199,22.2184329],[114.119487,22.2186778],[114.1190943,22.2185189],[114.119279,22.2187849],[114.1190141,22.2188628],[114.1182188,22.2184121],[114.117525,22.2194711],[114.1163318,22.220004],[114.1141239,22.2202244],[114.1134812,22.2200351],[114.1134544,22.2146206],[114.1125499,22.2139168],[114.1113914,22.2135976],[114.1106331,22.2136181],[114.1100073,22.2140631],[114.1098722,22.2163033],[114.1034553,22.2163105],[114.1031968,22.2165768],[114.1031904,22.2170966],[114.1030498,22.2169735],[114.1031911,22.2171401],[114.1030123,22.2171389],[114.1031529,22.2181425],[114.1024418,22.2187019],[114.1026545,22.2192456],[114.1031257,22.2190849],[114.1030019,22.2194224],[114.1034134,22.2196755],[114.1032191,22.2200237],[114.1033573,22.2202506],[114.1031156,22.2208957],[114.1031191,22.2211175],[114.1034146,22.2217357],[114.103657,22.2219926],[114.1031787,22.2208156],[114.103583,22.2198596],[114.1045077,22.2193554],[114.1046626,22.2198443],[114.1044651,22.2207304],[114.1046543,22.2206977],[114.1049026,22.2211968],[114.103921,22.2215294],[114.1050541,22.2212448],[114.1057301,22.2221172],[114.1055829,22.2224769],[114.1058889,22.2227961],[114.1061336,22.2226835],[114.1061274,22.2230793],[114.106785,22.2230619],[114.107274,22.2235589],[114.1074688,22.2242509],[114.1078242,22.2241246],[114.1090472,22.2247907],[114.1086764,22.2247904],[114.1086662,22.2249921],[114.1103729,22.2247573],[114.1105759,22.2250357],[114.1103758,22.2252433],[114.1107456,22.2250183],[114.1113039,22.22511],[114.1113321,22.2257049],[114.1106992,22.2258665],[114.1113757,22.2257512],[114.1112856,22.2268447],[114.1100184,22.2269624],[114.1084549,22.2260213],[114.1083595,22.226176],[114.109666,22.2268417],[114.1092257,22.2276574],[114.109297,22.2279954],[114.1089516,22.2279034],[114.1091603,22.2274778],[114.1086875,22.2274325],[114.1082756,22.2281456],[114.1088702,22.2281578],[114.1091232,22.2290808],[114.1098966,22.2292781],[114.1097582,22.2296241],[114.1102747,22.2297395],[114.1102086,22.2310663],[114.1098609,22.2314529],[114.1079007,22.2318747],[114.107556,22.2325197],[114.1070549,22.232279],[114.1062227,22.2328267],[114.1057951,22.2333063],[114.1058067,22.2341291],[114.1071529,22.2348545],[114.1071939,22.2353133],[114.1075067,22.2352583],[114.1079122,22.2356298],[114.1077624,22.2356951],[114.1082226,22.2357027],[114.1084149,22.2352835],[114.1090313,22.2354417],[114.1093803,22.2360735],[114.1098937,22.2362543],[114.1099098,22.236599],[114.1095571,22.2365259],[114.1094898,22.2368839],[114.1100182,22.2365722],[114.1120279,22.2371561],[114.1126233,22.2371145],[114.1135092,22.2379858],[114.1145956,22.2379043],[114.1149296,22.2382212],[114.1160918,22.2382693],[114.1159748,22.2384141],[114.116428,22.2386634],[114.1169562,22.2385869],[114.1174597,22.2392739],[114.1168775,22.2397776],[114.1176321,22.2403029],[114.1174614,22.2407158],[114.1176919,22.2406804],[114.118044,22.2411783],[114.0343963,22.2233791],[114.0355629,22.222459],[114.0356992,22.2214217],[114.0350459,22.2201703],[114.0344585,22.2201033],[114.0335381,22.2192448],[114.0323912,22.2190008],[114.0321698,22.2186772],[114.0322545,22.2182647],[114.0324635,22.2177936],[114.0328301,22.2178915],[114.0334664,22.2175229],[114.0338741,22.2178479],[114.0343434,22.217732],[114.0344183,22.2179359],[114.0348632,22.2179832],[114.0356596,22.2175295],[114.0358716,22.2171503],[114.0345873,22.2168608],[114.0337058,22.2169717],[114.0337003,22.2164554],[114.0330486,22.2159016],[114.0319684,22.2159818],[114.0306103,22.2155613],[114.0294291,22.2142981],[114.0290456,22.2134585],[114.0290187,22.2126406],[114.029227,22.2116706],[114.0298981,22.2104137],[114.0311939,22.2088559],[114.0322647,22.2079939],[114.0334183,22.2079239],[114.0335684,22.2081092],[114.0336879,22.2079202],[114.0334864,22.2076485],[114.0336946,22.2074223],[114.0353516,22.2069334],[114.0360622,22.2074178],[114.0360218,22.2076863],[114.0366505,22.2082254],[114.0382133,22.2086472],[114.0384712,22.208394],[114.0382774,22.2082172],[114.0396196,22.2080005],[114.0393813,22.2074173],[114.0395523,22.2068699],[114.0412465,22.2057223],[114.0408042,22.2053029],[114.040083,22.2053477],[114.0397238,22.205095],[114.0393982,22.2044834],[114.0396735,22.2044634],[114.0391913,22.2041824],[114.0392534,22.2038178],[114.0397069,22.2038025],[114.0392554,22.2037168],[114.039245,22.2031258],[114.0385405,22.2027341],[114.0369283,22.2026875],[114.0367236,22.2025067],[114.0368071,22.2020237],[114.0363553,22.2011529],[114.0367743,22.2008976],[114.0365615,22.20036],[114.0356354,22.200287],[114.0351816,22.2008279],[114.0349889,22.2018098],[114.0346486,22.2021583],[114.0341043,22.2022317],[114.0338484,22.2034484],[114.0331445,22.2030854],[114.0329085,22.2033341],[114.0325936,22.2030674],[114.0322444,22.2031524],[114.0321028,22.2028186],[114.0324495,22.2022704],[114.0322117,22.2019529],[114.0311619,22.2024594],[114.0307741,22.202345],[114.0305833,22.2028426],[114.0303395,22.2023976],[114.0298352,22.2024282],[114.0298017,22.2019501],[114.0291563,22.2012847],[114.0291725,22.2009229],[114.0283641,22.2008781],[114.0280249,22.2005657],[114.028324,22.2003463],[114.0285454,22.1995608],[114.0275311,22.1993133],[114.0273071,22.1995721],[114.0266222,22.1995399],[114.0261597,22.1990992],[114.026478,22.1990272],[114.0267096,22.198383],[114.0264538,22.1983765],[114.0263226,22.198649],[114.0258872,22.19835],[114.0254428,22.1984517],[114.0256817,22.197844],[114.0247318,22.1969373],[114.0241928,22.1969678],[114.0238253,22.1966039],[114.0230208,22.1968132],[114.0228022,22.1966306],[114.0229254,22.1964931],[114.0226446,22.1966638],[114.0222961,22.1960624],[114.0217574,22.1960257],[114.0216432,22.1957399],[113.9901948,22.188363],[113.9892642,22.1883591],[113.989631,22.1879074],[113.9885639,22.1871731],[113.9836092,22.1875826],[113.9817416,22.1883276],[113.9066934,22.1880064],[113.9082632,22.1876431],[113.9091082,22.1866326],[113.9103719,22.1860313],[113.9112569,22.1847503],[113.9115214,22.1838207],[113.9118386,22.1835535],[113.9120175,22.1837144],[113.9122636,22.183238],[113.913572,22.1830098],[113.9141848,22.1839772],[113.915802,22.1837529],[113.916589,22.1832014],[113.916812,22.1826404],[113.9174804,22.1820058],[113.9185325,22.1821652],[113.9195661,22.1817832],[113.9194437,22.1814971],[113.9201498,22.1810147],[113.9197039,22.1807529],[113.9193256,22.180039],[113.9194597,22.1798016],[113.9207494,22.180044],[113.9209317,22.1796854],[113.9206781,22.1795257],[113.920706,22.1797397],[113.9202055,22.1792541],[113.9198038,22.1793595],[113.9195222,22.1792702],[113.9195685,22.1789219],[113.9189916,22.1787444],[113.9193272,22.1797845],[113.9180117,22.1806668],[113.917251,22.1806456],[113.9164502,22.1797924],[113.9171553,22.1795568],[113.917123,22.1794578],[113.9162729,22.1796391],[113.9165729,22.1792713],[113.9165743,22.1786525],[113.9171726,22.1778987],[113.9167433,22.1778795],[113.9168048,22.1776038],[113.916211,22.1774862],[113.9155205,22.1780645],[113.9155805,22.1788336],[113.9152001,22.1796287],[113.9147047,22.179536],[113.9147358,22.1792234],[113.9143648,22.1791839],[113.914471,22.1788819],[113.9141168,22.1791704],[113.914179,22.1787585],[113.913718,22.1788742],[113.9138041,22.1786376],[113.913183,22.1786785],[113.913313,22.178836],[113.9129265,22.1791675],[113.9128891,22.1795991],[113.9134915,22.1802291],[113.9132835,22.1811637],[113.9130893,22.1809995],[113.9128947,22.1810199],[113.9132791,22.1812679],[113.9126563,22.1817545],[113.911365,22.1819917],[113.9103094,22.1818203],[113.9091815,22.1812506],[113.9088805,22.1809247],[113.9089272,22.1801666],[113.9086495,22.1796287],[113.9083329,22.1797544],[113.9077226,22.179549],[113.9073129,22.1790369],[113.9059726,22.1794838],[113.9057069,22.1793682],[113.905908,22.1790263],[113.905715,22.1788984],[113.9053835,22.1792377],[113.9052688,22.1803554],[113.9060661,22.1818848],[113.9059376,22.1824683],[113.9063033,22.1828021],[113.9058733,22.1843581],[113.9055872,22.1846306],[113.9062107,22.1854108],[113.9062896,22.187747],[113.9001575,22.1724171],[113.9003935,22.1725429],[113.9007722,22.1722506],[113.9016511,22.1736366],[113.9024007,22.1730604],[113.9023784,22.1726941],[113.9029067,22.1724722],[113.9028094,22.1722902],[113.902182,22.1724167],[113.9017624,22.1712713],[113.9012949,22.1714805],[113.9012565,22.1718942],[113.9007972,22.1721964],[113.8999151,22.1714328],[113.8994284,22.1612368],[113.9021471,22.1633501],[113.904468,22.1635982],[113.9057888,22.1623937],[113.906875,22.1626348],[113.9072869,22.1639529],[113.9086947,22.1638023],[113.9098075,22.1649651],[113.9098444,22.1653354],[113.9105465,22.1654421],[113.910615,22.1657295],[113.9084804,22.1675186],[113.9084803,22.167881],[113.9091846,22.1680803],[113.9091957,22.1692017],[113.9099496,22.1698284],[113.9101589,22.1696967],[113.9104868,22.1700031],[113.9115719,22.1701178],[113.9126414,22.1694874],[113.9132049,22.1695583],[113.9136469,22.1690997],[113.9149572,22.1696311],[113.9155663,22.1692952],[113.9157548,22.1689027],[113.9165703,22.1686597],[113.9166113,22.1684092],[113.9168929,22.1685518],[113.9170756,22.1680893],[113.9172885,22.1682764],[113.9175474,22.1675498],[113.9174809,22.1674194],[113.9167449,22.1669841],[113.9167864,22.1671829],[113.9162695,22.1671341],[113.9158038,22.1666852],[113.9151956,22.1669173],[113.9150697,22.1665067],[113.9135617,22.1667724],[113.9130809,22.1662275],[113.9129324,22.1639788],[113.9131136,22.1637401],[113.9127432,22.1634455],[113.913388,22.162776],[113.9139202,22.1632758],[113.914128,22.1630414],[113.9144372,22.1632118],[113.9148336,22.1628314],[113.9147805,22.1620739],[113.9153615,22.1611825],[113.9153019,22.1606507],[113.9156031,22.1602651],[113.9154589,22.1596576],[113.9150062,22.1596998],[113.9147633,22.1599873],[113.9133179,22.1601023],[113.9130059,22.1603506],[113.9126748,22.159885],[113.9122812,22.1597563],[113.9120907,22.1592305],[113.9109964,22.1586202],[113.9097211,22.1591391],[113.90769,22.158819],[113.906861,22.1591912],[113.9060073,22.1591517],[113.9055729,22.1585056],[113.9055638,22.1578034],[113.9050655,22.1570926],[113.9047065,22.1569599],[113.9046851,22.1566624],[113.9032227,22.1562891],[113.9027088,22.156637],[113.9028678,22.1571057],[113.9014769,22.1576091],[113.8997803,22.1587853],[113.8993416,22.1594167],[113.8988202,22.1484807],[114.14995,22.1484678],[114.1496616,22.1817047]],[[113.9237838,22.1803551],[113.9237267,22.1802132],[113.9237049,22.1802289],[113.9237838,22.1803551]],[[113.9089668,22.1802358],[113.9090395,22.1802037],[113.9090529,22.180171],[113.9089668,22.1802358]],[[113.9237183,22.1802953],[113.9236983,22.1803308],[113.9237292,22.1803291],[113.9237183,22.1802953]],[[113.9093952,22.1802393],[113.9092083,22.1800099],[113.9093019,22.1802448],[113.9093952,22.1802393]],[[113.9241836,22.1553516],[113.9241828,22.1548165],[113.923757,22.1547396],[113.9235605,22.1551485],[113.9233371,22.154394],[113.9228212,22.1538587],[113.9224779,22.1537758],[113.9219794,22.1542779],[113.9221454,22.1546772],[113.9218761,22.154828],[113.9221951,22.1550075],[113.9219936,22.1551623],[113.9224163,22.1554325],[113.9224875,22.1557535],[113.9229505,22.155739],[113.9236652,22.1562018],[113.9241836,22.1553516]],[[113.9223012,22.1536074],[113.9222345,22.1536479],[113.9223077,22.1536676],[113.9223012,22.1536074]],[[113.922525,22.1534987],[113.9222093,22.1535152],[113.9224921,22.1536105],[113.922525,22.1534987]],[[113.9050098,22.1747887],[113.9059506,22.1736457],[113.9057812,22.1732164],[113.9053724,22.1730995],[113.9053518,22.1727539],[113.905059,22.1731486],[113.9039328,22.1736338],[113.9042677,22.1746502],[113.9050098,22.1747887]],[[113.9069208,22.1736563],[113.9076398,22.1734955],[113.9076827,22.1732783],[113.9074734,22.1731058],[113.9069396,22.1733566],[113.9067654,22.1735075],[113.9069208,22.1736563]],[[113.9267368,22.1795643],[113.9265637,22.1796746],[113.9268242,22.1799256],[113.9267368,22.1795643]],[[113.9104245,22.1777167],[113.9101247,22.1784069],[113.9104145,22.1781609],[113.9110331,22.1780026],[113.9104245,22.1777167]],[[113.9261051,22.1781353],[113.9254918,22.1775173],[113.9251431,22.177586],[113.9261051,22.1781353]],[[113.924506,22.1768553],[113.9244958,22.1772043],[113.9248487,22.1770231],[113.924506,22.1768553]],[[113.9250729,22.1763986],[113.9245834,22.1766796],[113.924759,22.176883],[113.9250143,22.1767207],[113.9250729,22.1763986]],[[113.9253826,22.1762975],[113.9256196,22.1763827],[113.9258099,22.176015],[113.9253978,22.1760141],[113.9253826,22.1762975]],[[113.9241841,22.1554198],[113.9241647,22.1554649],[113.9242119,22.1554593],[113.9241841,22.1554198]],[[113.9241309,22.1556856],[113.9241157,22.1557363],[113.9241411,22.155733],[113.9241309,22.1556856]],[[113.9240464,22.1558362],[113.9240726,22.1557678],[113.9240307,22.1558022],[113.9240464,22.1558362]],[[113.9239444,22.1559608],[113.9239038,22.1559707],[113.9239274,22.1559821],[113.9239444,22.1559608]],[[113.9170406,22.1721965],[113.9170448,22.1722157],[113.9170556,22.1722196],[113.9170406,22.1721965]],[[113.9171509,22.1722198],[113.9172028,22.172273],[113.9172156,22.172274],[113.9171509,22.1722198]],[[113.9170757,22.1722541],[113.9170872,22.172245],[113.9170757,22.1722394],[113.9170757,22.1722541]],[[113.905527,22.1727542],[113.905485,22.172862],[113.9055523,22.1728272],[113.905527,22.1727542]],[[113.9074783,22.1730346],[113.9075,22.1731002],[113.9075838,22.1730501],[113.9074783,22.1730346]],[[113.9067277,22.1735922],[113.90675,22.1736187],[113.9067767,22.1736126],[113.9067277,22.1735922]],[[113.905548,22.1744492],[113.9056273,22.1745233],[113.9056685,22.174441],[113.905548,22.1744492]],[[113.9054342,22.174668],[113.9054812,22.1748087],[113.9055293,22.1746834],[113.9054342,22.174668]],[[113.9109592,22.1777777],[113.9108097,22.1776594],[113.9108652,22.1777984],[113.9109592,22.1777777]],[[113.9108216,22.1777858],[113.9107113,22.1777975],[113.9108162,22.1778096],[113.9108216,22.1777858]],[[113.9108731,22.1781015],[113.9108488,22.1780929],[113.9108385,22.1781534],[113.9108731,22.1781015]],[[113.9105625,22.1782392],[113.9106111,22.1782258],[113.910573,22.1782053],[113.9105625,22.1782392]],[[113.9106427,22.1782173],[113.910685,22.1782547],[113.9106772,22.1782275],[113.9106427,22.1782173]],[[113.9200215,22.1783997],[113.9200157,22.1785707],[113.9202188,22.1785293],[113.9202098,22.1784948],[113.9200215,22.1783997]],[[113.9196094,22.1790419],[113.9197011,22.1789721],[113.9196205,22.1789765],[113.9196094,22.1790419]],[[113.9197469,22.1790856],[113.9196723,22.1791035],[113.9196693,22.1791154],[113.9197469,22.1790856]],[[113.9196978,22.1791363],[113.9196322,22.1791926],[113.9197007,22.1791454],[113.9196978,22.1791363]],[[113.920034,22.1791492],[113.9200625,22.1791826],[113.9200911,22.1791427],[113.920034,22.1791492]],[[113.9200066,22.1792384],[113.9199643,22.1792446],[113.9199744,22.1792818],[113.9200066,22.1792384]],[[113.9184164,22.1799302],[113.9183999,22.1798827],[113.9183709,22.1799069],[113.9184164,22.1799302]],[[113.9094197,22.180039],[113.9094611,22.1799843],[113.9093939,22.1799678],[113.9094197,22.180039]],[[113.9253503,22.1759721],[113.9254109,22.1759784],[113.9253934,22.175944],[113.9253503,22.1759721]],[[113.9251646,22.1775138],[113.9251319,22.1774557],[113.9251233,22.1775121],[113.9251646,22.1775138]],[[113.9266595,22.179915],[113.9265728,22.1798826],[113.92664,22.1799483],[113.9266595,22.179915]],[[113.9172142,22.1629606],[113.9170789,22.1620195],[113.9164247,22.1618983],[113.9161182,22.1628369],[113.9166274,22.1633966],[113.9172142,22.1629606]],[[113.9096232,22.1782992],[113.9096397,22.1782027],[113.9096246,22.1782084],[113.9096232,22.1782992]],[[113.9636228,22.1538928],[113.9635492,22.1536886],[113.9634972,22.1538603],[113.9636228,22.1538928]],[[113.9637152,22.1543202],[113.9632148,22.1541944],[113.9629137,22.1552354],[113.9634141,22.155361],[113.9637152,22.1543202]],[[113.9630386,22.1559114],[113.9629589,22.1557241],[113.9629126,22.1558796],[113.9630386,22.1559114]],[[113.9637281,22.1535772],[113.9636256,22.1534166],[113.963588,22.153541],[113.9637281,22.1535772]],[[113.9628528,22.1565596],[113.9627764,22.1563276],[113.9627168,22.1565255],[113.9628528,22.1565596]],[[113.9629727,22.1561952],[113.9628481,22.1560517],[113.9628173,22.156155],[113.9629727,22.1561952]],[[113.9636842,22.1532613],[113.9638466,22.1531474],[113.9637288,22.1531169],[113.9636842,22.1532613]],[[114.1042203,22.2351376],[114.1043131,22.2349869],[114.1041882,22.2350021],[114.1042203,22.2351376]],[[113.924467,22.18],[113.9242151,22.1799109],[113.9246093,22.1796705],[113.9245194,22.179512],[113.9249998,22.1796705],[113.925839,22.1794027],[113.9262001,22.1789078],[113.9257335,22.1785686],[113.9260079,22.1784295],[113.9257449,22.1781426],[113.9249491,22.1776039],[113.9243777,22.1780327],[113.924598,22.1782188],[113.9243487,22.1782135],[113.9245036,22.1787506],[113.9240296,22.1786343],[113.9237317,22.1793318],[113.9234992,22.1793136],[113.9238694,22.180357],[113.9241652,22.1803659],[113.924467,22.18]],[[114.1103524,22.2258077],[114.1103834,22.2256508],[114.1102475,22.2257986],[114.1103524,22.2258077]],[[114.1019181,22.2128736],[114.1007606,22.218739],[114.1010098,22.2187758],[114.1017257,22.2152057],[114.1019181,22.2128736]],[[114.1418171,22.1862553],[114.1416922,22.1863055],[114.141828,22.1863225],[114.1418171,22.1862553]],[[114.103248,22.2157712],[114.1050321,22.2159144],[114.1051559,22.2150431],[114.1069449,22.2150194],[114.1076177,22.2146605],[114.1079381,22.2139694],[114.1079137,22.2115009],[114.1071644,22.2112411],[114.1038366,22.2112444],[114.1033449,22.2114319],[114.1031939,22.2153377],[114.103248,22.2157712]],[[114.0369627,22.2088114],[114.0370162,22.2087004],[114.0368797,22.2086788],[114.0369627,22.2088114]],[[114.0414669,22.2052576],[114.041548,22.205192],[114.0414778,22.2051568],[114.0414669,22.2052576]],[[114.1084474,22.2357136],[114.1083985,22.2356551],[114.1083697,22.2356926],[114.1084474,22.2357136]],[[113.9057851,22.1824514],[113.9059208,22.1824465],[113.9058997,22.182411],[113.9057851,22.1824514]],[[113.9059528,22.1825234],[113.9059884,22.1825918],[113.9059988,22.1825369],[113.9059528,22.1825234]],[[113.9058938,22.182635],[113.905863,22.1825289],[113.905832,22.182579],[113.9058938,22.182635]]]},"properties":{"GmlID":"BrightLightFishing.14","OBJNAM":"The Soko Islands and West Lamma Channel","OBJECTID":14}},{"type":"Feature","geometry":{"type":"Polygon","coordinates":[[[114.2519975,22.1620376],[114.2522122,22.1623121],[114.2519826,22.162521],[114.2521307,22.1628085],[114.252447,22.1628801],[114.2523597,22.162668],[114.2530157,22.1625039],[114.2536683,22.1633182],[114.2529078,22.1633551],[114.2537689,22.1634315],[114.2538298,22.1640721],[114.2543684,22.1646937],[114.2537039,22.1653681],[114.253447,22.1654156],[114.2527279,22.1648216],[114.2522625,22.1648257],[114.2511271,22.1639543],[114.2519975,22.1620376]]]},"properties":{"GmlID":"BrightLightFishing.15","OBJNAM":"Hong Kong Island (South)","OBJECTID":15}},{"type":"Feature","geometry":{"type":"Polygon","coordinates":[[[114.2549494,22.1554636],[114.2560367,22.1563861],[114.2556912,22.1567088],[114.2569516,22.1583678],[114.2572958,22.1583806],[114.2575282,22.1592016],[114.2584001,22.1597003],[114.2577166,22.1599573],[114.2573516,22.1606185],[114.2563314,22.1609163],[114.2550169,22.1608228],[114.2543295,22.1613006],[114.254309,22.1615399],[114.2538342,22.1609796],[114.253159,22.1616178],[114.2532239,22.1617899],[114.2527955,22.1617494],[114.2527604,22.1614294],[114.252213,22.161541],[114.2549494,22.1554636]]]},"properties":{"GmlID":"BrightLightFishing.16","OBJNAM":"Hong Kong Island (South)","OBJECTID":16}}]}