{"type":"FeatureCollection","features":[{"type":"Feature","geometry":{"type":"MultiPolygon","coordinates":[[[[114.3610843,22.3387716],[114.3615144,22.3412041],[114.3615018,22.3411886],[114.3614626,22.3411688],[114.3614222,22.3411365],[114.3613932,22.3411223],[114.3613173,22.3410988],[114.3612913,22.3410968],[114.3612338,22.3410821],[114.36118,22.3410899],[114.3611421,22.341083],[114.3610855,22.3411178],[114.3609713,22.3411546],[114.3609277,22.341196],[114.3608995,22.3412606],[114.360853,22.3413169],[114.3607734,22.3413855],[114.360764,22.3413894],[114.3607556,22.3413774],[114.3607544,22.3413558],[114.3607642,22.3413123],[114.3607607,22.3413041],[114.36075,22.3413101],[114.3607424,22.3413245],[114.3607354,22.341357],[114.3607243,22.3413702],[114.3607083,22.3413769],[114.3606846,22.3413737],[114.3606825,22.341311],[114.3607167,22.3412602],[114.3607113,22.341242],[114.3606698,22.3412355],[114.3606515,22.3412444],[114.3606178,22.3412714],[114.3605779,22.341324],[114.3605725,22.3413245],[114.3605677,22.3413152],[114.3605618,22.3413135],[114.360553,22.3413157],[114.3605465,22.3413246],[114.360546,22.3413499],[114.3605318,22.3413709],[114.3605338,22.3414287],[114.3605244,22.3414404],[114.3603855,22.3414826],[114.3603589,22.3414844],[114.3603465,22.3414784],[114.3603416,22.3414625],[114.3603456,22.3414051],[114.3603432,22.3412411],[114.3603383,22.341224],[114.3603211,22.3411966],[114.360318,22.3411728],[114.3603204,22.3411562],[114.3603351,22.3411579],[114.3603399,22.3411546],[114.3603414,22.3411381],[114.3603416,22.3411359],[114.3603219,22.3411007],[114.3603082,22.3410881],[114.3603029,22.3410914],[114.3603018,22.3411162],[114.3602977,22.3411212],[114.3602603,22.3410789],[114.3602542,22.3410701],[114.3602494,22.3410337],[114.3602422,22.3410227],[114.3602067,22.3409931],[114.3601869,22.3409354],[114.3601768,22.3409189],[114.3601482,22.3408915],[114.3601079,22.3408673],[114.3600799,22.3408179],[114.3600294,22.340785],[114.3599903,22.3407472],[114.3599488,22.340744],[114.3599345,22.3407385],[114.3598449,22.3406623],[114.3598449,22.3406475],[114.3598685,22.340644],[114.359897,22.3406461],[114.3599218,22.3406543],[114.3599329,22.34064],[114.3599601,22.3406256],[114.3599595,22.3406157],[114.3599471,22.3406057],[114.3599205,22.3406262],[114.3599062,22.3406053],[114.3598837,22.3405873],[114.3598399,22.3405819],[114.3598357,22.3405698],[114.3598463,22.3405449],[114.3598444,22.3405284],[114.3597982,22.3405093],[114.3597607,22.3404765],[114.3597547,22.3404649],[114.3597583,22.3404583],[114.3597682,22.340456],[114.3597832,22.3404565],[114.3598205,22.3404734],[114.3598377,22.3404856],[114.3598751,22.3405283],[114.3598918,22.3405409],[114.359913,22.340542],[114.3599272,22.3405342],[114.3599331,22.3405243],[114.3599318,22.340488],[114.3599144,22.3404495],[114.3598599,22.3404078],[114.3597753,22.3403297],[114.3597381,22.3403003],[114.3597057,22.3402668],[114.3596656,22.3402491],[114.3596506,22.3402349],[114.3596399,22.3402315],[114.3596306,22.3402148],[114.3595861,22.3401984],[114.3595814,22.3402024],[114.3595817,22.3402183],[114.359571,22.3402257],[114.3595398,22.3402043],[114.3595055,22.3401879],[114.3594257,22.340185],[114.3593973,22.3401719],[114.3593969,22.3401616],[114.3594116,22.3401394],[114.3593983,22.3400926],[114.3594025,22.340078],[114.3594165,22.3400599],[114.3594154,22.3400466],[114.3594015,22.3400314],[114.3593754,22.3400191],[114.3593679,22.3400105],[114.3593732,22.3400041],[114.359397,22.3399986],[114.3593979,22.33999],[114.3593912,22.3399793],[114.3593512,22.3399525],[114.3592952,22.3399394],[114.3592543,22.3398936],[114.3592436,22.3398471],[114.359217,22.3398298],[114.3591812,22.3397935],[114.3591631,22.3397871],[114.3591167,22.3397918],[114.3590839,22.3397777],[114.3590751,22.3397652],[114.3590722,22.3397332],[114.3590452,22.3396969],[114.3590166,22.3396688],[114.3589472,22.3396191],[114.3589131,22.3395782],[114.35889,22.3395586],[114.3587389,22.3395011],[114.3586983,22.3394834],[114.3586809,22.3394699],[114.3586815,22.3394575],[114.3586882,22.3394524],[114.3586994,22.3394538],[114.3587675,22.3394804],[114.3588413,22.3394923],[114.3588877,22.3394899],[114.3589426,22.3394751],[114.3589621,22.3394598],[114.3589632,22.3394415],[114.3589169,22.3393782],[114.358915,22.3393633],[114.3589227,22.3393619],[114.3589436,22.3393827],[114.3589703,22.3393997],[114.3589989,22.3394391],[114.3590148,22.3394428],[114.3590253,22.3394399],[114.3591088,22.3393794],[114.3591354,22.3393788],[114.3591402,22.3393749],[114.3592277,22.3392555],[114.3592317,22.3392408],[114.3592241,22.3392243],[114.3592233,22.3391856],[114.3592145,22.3391597],[114.3592166,22.3391103],[114.3592269,22.3390926],[114.3592419,22.3390891],[114.3592366,22.3391137],[114.3592476,22.3391368],[114.3592505,22.3391696],[114.3592644,22.339205],[114.3593053,22.3391496],[114.3593061,22.339139],[114.3593096,22.3390952],[114.3593279,22.3390419],[114.3593305,22.3390341],[114.3593243,22.3390254],[114.3593008,22.3390244],[114.3592984,22.3390166],[114.3593354,22.3389663],[114.359375,22.3388445],[114.3593798,22.3387746],[114.3593626,22.3387427],[114.3593826,22.338748],[114.3593917,22.3387451],[114.3593995,22.3387318],[114.3594044,22.3387027],[114.3593942,22.3386496],[114.3593708,22.3386188],[114.3593686,22.3385389],[114.3593517,22.3384453],[114.3593504,22.3383993],[114.3593564,22.3383798],[114.3593668,22.3383919],[114.3593811,22.3384391],[114.3594062,22.338496],[114.3594125,22.3385683],[114.35943,22.3385889],[114.3594434,22.3385881],[114.3594569,22.3385712],[114.3594783,22.3384739],[114.3594779,22.3384449],[114.3594603,22.3383962],[114.3594704,22.3383577],[114.3594607,22.3383197],[114.3594415,22.3382816],[114.3594315,22.3382418],[114.3594122,22.3382139],[114.3593977,22.3381442],[114.3593873,22.3381305],[114.359386,22.3381293],[114.3593796,22.3381231],[114.3593674,22.3381186],[114.3593512,22.3381227],[114.3593372,22.3381384],[114.3593315,22.3381387],[114.3593061,22.3381253],[114.3593006,22.3381158],[114.3593057,22.3380659],[114.3593123,22.338059],[114.3593158,22.3380598],[114.3593191,22.3380646],[114.3593281,22.3380854],[114.3593338,22.3380924],[114.3593387,22.3380937],[114.3593442,22.3380933],[114.3593537,22.3380902],[114.3593642,22.3380833],[114.3593727,22.3380745],[114.3593895,22.3380496],[114.3593932,22.3380336],[114.359394,22.3380176],[114.359392,22.3380083],[114.359384,22.3379885],[114.3593701,22.3379641],[114.359366,22.3379381],[114.3593634,22.337931],[114.3593446,22.3379105],[114.3593416,22.3379043],[114.3593411,22.3378939],[114.3593416,22.3378865],[114.3593486,22.337877],[114.3593566,22.3378734],[114.3593609,22.3378753],[114.3593681,22.3378833],[114.3593764,22.3378891],[114.3593828,22.3378891],[114.359389,22.3378871],[114.3593952,22.3378787],[114.3593952,22.3378643],[114.3593937,22.3378554],[114.3593854,22.3378344],[114.3593793,22.3378243],[114.3593596,22.3378025],[114.35935,22.3377822],[114.3593455,22.3377803],[114.3593427,22.3377812],[114.3593398,22.3377848],[114.3593366,22.3377993],[114.3593229,22.3378166],[114.3593189,22.3378242],[114.3593182,22.3378425],[114.3593163,22.3378523],[114.3593052,22.3378699],[114.3593042,22.3378739],[114.359303,22.3378826],[114.3593038,22.3378916],[114.3593061,22.3378996],[114.3593119,22.3379098],[114.3593139,22.3379161],[114.359313,22.3379207],[114.3593016,22.3379287],[114.3592948,22.3379365],[114.3592861,22.3379244],[114.3592654,22.3378142],[114.3592807,22.3377699],[114.3592829,22.3377409],[114.3592779,22.3376022],[114.3592704,22.3375456],[114.3592799,22.3374975],[114.3592783,22.3374529],[114.3592664,22.3373415],[114.3592497,22.3372982],[114.3591606,22.3372278],[114.3591875,22.337229],[114.3592054,22.3372174],[114.3592246,22.3371925],[114.3592305,22.337168],[114.3592263,22.3371611],[114.3592088,22.3371571],[114.3591027,22.3371576],[114.3590901,22.3371544],[114.359085,22.3371436],[114.3591327,22.3371355],[114.3591765,22.3371197],[114.3592186,22.3371175],[114.3592312,22.3371039],[114.3592292,22.3370779],[114.3592338,22.337062],[114.3592242,22.3370421],[114.3592317,22.3370158],[114.3592253,22.3369851],[114.359238,22.3369631],[114.3592383,22.3369531],[114.3592261,22.3369054],[114.3592087,22.3368634],[114.3592227,22.3367976],[114.3592153,22.3367278],[114.3592026,22.3366892],[114.3592096,22.3366242],[114.3591978,22.3365112],[114.3591849,22.3364801],[114.359166,22.3364549],[114.3591458,22.3364383],[114.359086,22.3364081],[114.3589847,22.3363358],[114.3589517,22.3363245],[114.3588592,22.3363112],[114.3588325,22.3362956],[114.3588193,22.3362955],[114.3587852,22.3363079],[114.3587558,22.3363241],[114.3587477,22.3363334],[114.3587628,22.3363675],[114.3587648,22.3363925],[114.3587383,22.336463],[114.3587115,22.3364938],[114.3586919,22.3364987],[114.3586498,22.3364996],[114.3586419,22.3364959],[114.3586347,22.3364734],[114.3586213,22.3364625],[114.3585831,22.336456],[114.358559,22.336458],[114.35854,22.3364676],[114.3584755,22.3365246],[114.3584407,22.3365417],[114.3584063,22.3365503],[114.3583986,22.3365475],[114.3583897,22.3365272],[114.3583998,22.3365085],[114.3584235,22.3364898],[114.3584406,22.3364838],[114.3584645,22.3364749],[114.3584949,22.3364545],[114.3585465,22.3363857],[114.3585516,22.3363663],[114.3585437,22.3363179],[114.3585344,22.3363032],[114.3585164,22.3362962],[114.3584404,22.3362942],[114.3584271,22.3362903],[114.3584272,22.3362556],[114.3584189,22.3362413],[114.3584036,22.3362258],[114.3583753,22.336212],[114.3583267,22.3362158],[114.3583013,22.3362318],[114.3582894,22.3362323],[114.3582403,22.3362195],[114.3582155,22.3362294],[114.358209,22.3362416],[114.3582107,22.3362559],[114.3582202,22.3362675],[114.3582587,22.336289],[114.3582851,22.3363117],[114.3582858,22.3363447],[114.358323,22.3364043],[114.35832,22.3364263],[114.3582957,22.3364516],[114.3582862,22.3364499],[114.3582709,22.3364329],[114.3582142,22.3363964],[114.358165,22.3363936],[114.3581579,22.3363892],[114.3581562,22.3363743],[114.358174,22.3363468],[114.3581722,22.3363308],[114.3581528,22.3363032],[114.3581007,22.3362812],[114.3580434,22.3362376],[114.3580073,22.3362254],[114.3579842,22.3362199],[114.3578806,22.3362186],[114.357847,22.3362351],[114.3578328,22.3362522],[114.3578292,22.3362704],[114.3578457,22.3362891],[114.3578694,22.3363035],[114.3578693,22.3363096],[114.3578635,22.3363151],[114.3578386,22.3363221],[114.3578149,22.3363475],[114.3578043,22.3363514],[114.3577795,22.3363309],[114.3577428,22.3362796],[114.3576672,22.3362933],[114.3576578,22.3362893],[114.3576482,22.3362449],[114.3576158,22.3361952],[114.3576359,22.3361688],[114.3576376,22.3361445],[114.3576216,22.3361208],[114.357578,22.3361142],[114.3575803,22.3361015],[114.3575643,22.3360838],[114.3575708,22.3360701],[114.3575887,22.3360585],[114.3575904,22.3360426],[114.3575839,22.3360387],[114.3575615,22.3360459],[114.357549,22.3360553],[114.3575431,22.3360668],[114.3575472,22.3361092],[114.3575258,22.3361307],[114.3575033,22.3361681],[114.3574909,22.3361747],[114.357456,22.3361819],[114.3574424,22.336178],[114.3574371,22.3361714],[114.357446,22.3361592],[114.3574815,22.3361372],[114.3574963,22.3361141],[114.3574957,22.3360491],[114.35752,22.3360188],[114.357523,22.3360046],[114.3575195,22.3359682],[114.3575101,22.3359455],[114.3575107,22.3359113],[114.3575226,22.3358844],[114.3575084,22.335837],[114.3574771,22.3357791],[114.3574748,22.3357499],[114.3574677,22.335735],[114.3574039,22.335638],[114.3573915,22.3356286],[114.3573572,22.3356236],[114.3573394,22.3356137],[114.3573052,22.3355619],[114.357288,22.3355531],[114.3572602,22.3355508],[114.3572354,22.3355579],[114.3571762,22.335592],[114.3571229,22.3356316],[114.357053,22.3357214],[114.3570169,22.3357759],[114.3570039,22.3357803],[114.357,22.3357778],[114.3569844,22.3357676],[114.3569767,22.3357417],[114.3569785,22.3357103],[114.357,22.3356485],[114.3570034,22.3356388],[114.3570336,22.3356101],[114.3570507,22.3355721],[114.3570887,22.335544],[114.357103,22.3355248],[114.3570964,22.3354736],[114.3570711,22.3354289],[114.357067,22.3354156],[114.3570669,22.3353754],[114.3570528,22.3353501],[114.3570506,22.3353492],[114.360335,22.3311811],[114.3603342,22.3311858],[114.3603442,22.3311916],[114.3604282,22.331187],[114.3604427,22.3311894],[114.3604511,22.3311973],[114.3604481,22.3312071],[114.3604375,22.3312123],[114.3604014,22.3312173],[114.3603675,22.3312288],[114.360352,22.331239],[114.3603462,22.3312525],[114.3603564,22.3312584],[114.360375,22.3312574],[114.360447,22.3312421],[114.3605469,22.3312367],[114.3605816,22.3312405],[114.3605889,22.3312474],[114.3605922,22.3313307],[114.3605836,22.3314155],[114.3605737,22.3314531],[114.3605511,22.331506],[114.3605496,22.3315166],[114.3605547,22.33153],[114.3605714,22.3315394],[114.3606437,22.3315373],[114.3607471,22.3315174],[114.36079,22.3315208],[114.3608004,22.3315297],[114.3608265,22.3316242],[114.3608302,22.3316603],[114.3608219,22.3316858],[114.3606789,22.3317338],[114.3606618,22.3317491],[114.3606592,22.3317624],[114.360665,22.3317718],[114.3607851,22.3317823],[114.3607961,22.3317872],[114.3608124,22.3318073],[114.3608235,22.3318098],[114.3608805,22.3317865],[114.3609094,22.33179],[114.3609333,22.3318051],[114.3609386,22.3318185],[114.360935,22.3318326],[114.3609122,22.3318621],[114.3609036,22.3318872],[114.3609076,22.3319181],[114.3609184,22.3319293],[114.360964,22.3319531],[114.360968,22.3319659],[114.3609558,22.3319893],[114.3609545,22.3320047],[114.3609741,22.33202],[114.3609696,22.3320321],[114.3610174,22.3320328],[114.3610322,22.3320376],[114.3610482,22.3320532],[114.3610259,22.3320497],[114.3609824,22.332058],[114.3609715,22.3320843],[114.3609384,22.3320941],[114.3608524,22.3321091],[114.3608343,22.3321179],[114.3608202,22.3321286],[114.3608112,22.3321457],[114.3608128,22.3321785],[114.3608349,22.3322045],[114.3608734,22.3322219],[114.3609104,22.3322293],[114.3609493,22.3322252],[114.3609651,22.3322189],[114.3609763,22.3322075],[114.3609781,22.3321944],[114.360968,22.332162],[114.3609695,22.3321486],[114.3609789,22.3321428],[114.3610099,22.3321369],[114.3610492,22.3321169],[114.3610544,22.332125],[114.3610529,22.33214],[114.3610361,22.3321726],[114.3610323,22.3321922],[114.3610373,22.3322272],[114.3610556,22.3322344],[114.3610937,22.3322279],[114.3611565,22.3322348],[114.361216,22.3322217],[114.3613082,22.3322473],[114.3613315,22.3322771],[114.361359,22.3323283],[114.3613965,22.3323746],[114.3614187,22.3324203],[114.3614468,22.3325412],[114.361463,22.3325882],[114.3614818,22.3326947],[114.3614874,22.3327546],[114.3614829,22.332819],[114.3614894,22.332852],[114.3614808,22.3329269],[114.3614799,22.332996],[114.3614546,22.3330378],[114.3614538,22.3330583],[114.3614697,22.3331042],[114.3614679,22.3331333],[114.3614388,22.3332207],[114.3614264,22.3332328],[114.3613818,22.3332108],[114.3613691,22.3332111],[114.3613425,22.3332223],[114.3613088,22.3332491],[114.3612866,22.3332425],[114.361276,22.3332446],[114.3612587,22.3332634],[114.361235,22.3332791],[114.3612213,22.3333125],[114.3612059,22.3333324],[114.3611949,22.3333365],[114.3611761,22.3333428],[114.3611617,22.3333511],[114.3611446,22.3333554],[114.3610982,22.3333564],[114.3610891,22.3333637],[114.3610853,22.333372],[114.3610836,22.3333979],[114.3610702,22.3334118],[114.3610449,22.3334308],[114.3610381,22.3334412],[114.3610364,22.3334491],[114.3607772,22.3333179],[114.3607281,22.3334026],[114.3608921,22.333487],[114.3608805,22.333485],[114.3608611,22.3335003],[114.3608193,22.3335644],[114.3608137,22.3335928],[114.3607871,22.333645],[114.3606883,22.3337509],[114.3606376,22.3338211],[114.360611,22.3338669],[114.3605812,22.3338945],[114.360579,22.3339095],[114.3605809,22.3339172],[114.3606063,22.3339514],[114.3606075,22.3339573],[114.3606018,22.3339726],[114.3606063,22.3339833],[114.3606273,22.3339983],[114.3606507,22.3340039],[114.3607296,22.333999],[114.3607408,22.3339954],[114.3607599,22.3339841],[114.3607622,22.3339793],[114.3607592,22.3339599],[114.3607625,22.3339545],[114.3607698,22.3339488],[114.3608222,22.333931],[114.3608445,22.3339314],[114.3608931,22.3339547],[114.3609109,22.3339548],[114.3609407,22.3339453],[114.3610131,22.333914],[114.3610616,22.3339159],[114.3610869,22.3339289],[114.3610954,22.3339363],[114.3611069,22.3339601],[114.3611092,22.3339793],[114.3611055,22.3339895],[114.361088,22.3340118],[114.3610449,22.3340453],[114.3609888,22.334102],[114.3609668,22.3341428],[114.36095,22.334156],[114.3609227,22.3341699],[114.3609161,22.334177],[114.3609133,22.3341899],[114.3609161,22.3341997],[114.3609268,22.3342037],[114.3609409,22.3342055],[114.3609409,22.3342168],[114.3609145,22.3342648],[114.3609137,22.3342868],[114.3609027,22.3343029],[114.3608876,22.3343183],[114.3608685,22.3343324],[114.3608565,22.3343337],[114.3608516,22.3343252],[114.360854,22.3343114],[114.3608512,22.334297],[114.3608407,22.3342853],[114.3608225,22.3342792],[114.3608074,22.3342887],[114.3607804,22.3343206],[114.3607488,22.3343413],[114.3607494,22.3343531],[114.3607567,22.3343676],[114.3607514,22.3343771],[114.3607319,22.3343903],[114.3607237,22.3344031],[114.3607274,22.3344111],[114.3607351,22.3344163],[114.3607535,22.3344183],[114.3607846,22.3343997],[114.3608116,22.3343932],[114.3608699,22.334374],[114.3608798,22.3343721],[114.3608872,22.334373],[114.36089,22.3343756],[114.3608876,22.3343864],[114.3608716,22.3344097],[114.3608618,22.3344354],[114.3608705,22.3345025],[114.3608597,22.3345108],[114.3608248,22.3345168],[114.3607906,22.334536],[114.3607845,22.3345341],[114.3607823,22.3345297],[114.3607804,22.334508],[114.3607752,22.3345006],[114.3607685,22.3344959],[114.3607617,22.334495],[114.3607235,22.3345017],[114.3606994,22.3344989],[114.3606798,22.3344936],[114.3606597,22.3344992],[114.3606,22.334536],[114.3605839,22.3345506],[114.3605806,22.3345586],[114.3605763,22.3345881],[114.3605712,22.3346446],[114.3605663,22.3346578],[114.3605544,22.3346804],[114.3605136,22.3347125],[114.3605037,22.3347272],[114.3604985,22.3347421],[114.360496,22.3347791],[114.3604978,22.3348069],[114.3605019,22.3348174],[114.3605144,22.334829],[114.3605332,22.3348306],[114.3605722,22.3348189],[114.3605814,22.3348181],[114.3605873,22.3348199],[114.3605903,22.3348261],[114.3605889,22.3348332],[114.3605772,22.3348513],[114.3605115,22.3348979],[114.3604771,22.3349186],[114.3604659,22.3349335],[114.3604637,22.3349511],[114.360482,22.3349897],[114.3604891,22.3350128],[114.3604941,22.3350379],[114.3604937,22.3350547],[114.3604799,22.3350819],[114.3604418,22.3351136],[114.3604368,22.3351265],[114.3604341,22.335153],[114.3603797,22.3352421],[114.3603769,22.3352493],[114.3603759,22.3352646],[114.36038,22.3352798],[114.3603718,22.3353058],[114.3603717,22.3353151],[114.3603753,22.3353291],[114.3603792,22.3353367],[114.3603859,22.3353428],[114.3603998,22.3353446],[114.3604109,22.3353431],[114.3604398,22.3353322],[114.3604608,22.3353342],[114.3604704,22.3353379],[114.3604914,22.3353607],[114.3604962,22.3353796],[114.3604885,22.3354226],[114.3604971,22.3354562],[114.3605059,22.3354735],[114.3605061,22.3354823],[114.3605043,22.3354897],[114.3604825,22.3355171],[114.360486,22.3355338],[114.3604911,22.3355416],[114.3604965,22.3355461],[114.36051,22.3355498],[114.3605302,22.335548],[114.3605463,22.3355399],[114.3605491,22.3355439],[114.3605485,22.3355496],[114.3605406,22.3355749],[114.3605471,22.3355839],[114.3605655,22.3355908],[114.3605703,22.3355904],[114.3605914,22.3355793],[114.3606031,22.3355804],[114.3606087,22.3355819],[114.3606249,22.3355982],[114.3606441,22.3356497],[114.3606442,22.3356699],[114.3606266,22.3357212],[114.3606143,22.3357352],[114.3606005,22.3357443],[114.3605996,22.3357519],[114.3606131,22.3357592],[114.3606336,22.3357651],[114.3606513,22.3357645],[114.3606667,22.3357609],[114.3606721,22.3357637],[114.3606823,22.335821],[114.3606851,22.3358245],[114.3606939,22.3358232],[114.3607128,22.3358137],[114.3607246,22.3358188],[114.3607269,22.3358274],[114.3607191,22.3358399],[114.3607173,22.3358471],[114.3607188,22.3358507],[114.3607248,22.3358516],[114.3607362,22.3358472],[114.3607971,22.335816],[114.3608087,22.3358122],[114.3608185,22.3358133],[114.3608224,22.3358175],[114.3608226,22.3358227],[114.3608146,22.3358331],[114.3608057,22.33584],[114.3607962,22.3358555],[114.3607994,22.3358852],[114.3608051,22.3358994],[114.3608099,22.3359028],[114.3608147,22.3359035],[114.3608511,22.335884],[114.3608785,22.3358864],[114.3609359,22.3359311],[114.3610079,22.3360264],[114.3610573,22.3361243],[114.3611193,22.3363425],[114.3611251,22.3363983],[114.3611172,22.3364769],[114.3611048,22.3365347],[114.3610472,22.3366512],[114.3610621,22.3367412],[114.3610489,22.3367715],[114.361047,22.3367882],[114.3610511,22.3368033],[114.3610632,22.3368484],[114.3610524,22.3369534],[114.3610213,22.3371525],[114.3610146,22.3371634],[114.36098,22.3371825],[114.3609689,22.3371951],[114.3609633,22.3372126],[114.3609642,22.337236],[114.3609405,22.3372599],[114.3609263,22.3372921],[114.3609265,22.3373183],[114.3609393,22.3373395],[114.3609536,22.3373556],[114.3609993,22.3373897],[114.3610066,22.3374002],[114.3609977,22.3374823],[114.3609999,22.3375449],[114.3609883,22.3375769],[114.3609769,22.3376423],[114.360956,22.3376752],[114.3609449,22.3377272],[114.3609164,22.3377779],[114.3609032,22.3378155],[114.360878,22.3379119],[114.3608759,22.3379456],[114.3609116,22.3380052],[114.3609096,22.3380659],[114.360921,22.3381108],[114.3609243,22.3381705],[114.3609369,22.3381732],[114.3609639,22.338146],[114.3609744,22.338145],[114.3609755,22.3381542],[114.360957,22.3382046],[114.3609553,22.338222],[114.3609879,22.3382714],[114.3609945,22.3383149],[114.3610404,22.3383491],[114.3610555,22.3383506],[114.3610813,22.3383434],[114.3610807,22.3383661],[114.3611527,22.3384151],[114.3611507,22.3384333],[114.3611363,22.3384465],[114.3611171,22.3384422],[114.3610729,22.338417],[114.3610665,22.3384017],[114.3608672,22.3383159],[114.3608646,22.3383265],[114.3608581,22.3383247],[114.360853,22.3383432],[114.3608716,22.3383482],[114.360876,22.3383317],[114.3610543,22.3384078],[114.3610534,22.3384092],[114.3610493,22.3384112],[114.3610384,22.3384321],[114.3610389,22.3384412],[114.3610568,22.3384621],[114.3610271,22.3385118],[114.3610254,22.3385391],[114.3610112,22.3385683],[114.3610079,22.3385951],[114.361024,22.3386257],[114.3610292,22.3386552],[114.3610471,22.3386862],[114.3610513,22.338745],[114.3610595,22.3387588],[114.3610765,22.3387701],[114.3610843,22.3387716]],[[114.3604127,22.3314665],[114.3604561,22.3314679],[114.3604962,22.331462],[114.3605225,22.3314461],[114.3605463,22.3314259],[114.3605733,22.3313746],[114.3605815,22.331344],[114.3605754,22.3313057],[114.3605411,22.3312744],[114.3605114,22.331267],[114.3604758,22.3312762],[114.3604234,22.3313086],[114.3603919,22.3313425],[114.360381,22.3313932],[114.3603937,22.3314528],[114.3604127,22.3314665]]]]},"properties":{"GmlID":"SRZ.1","OBJNAM":"K9 Sor Sze Mun","INFORM":"The speed limit is 5 knots in this area between 8am and 12 midnight on any Saturday or public holiday or on any day during the period from 1 July to 15 September (both dates inclusive) in any year.","OBJECTID":1}},{"type":"Feature","geometry":{"type":"MultiPolygon","coordinates":[[[[114.2893874,22.2856493],[114.2894511,22.2856411],[114.289624,22.285642],[114.289697,22.2856645],[114.2898765,22.2857624],[114.2899337,22.2857769],[114.2899589,22.2857747],[114.2900761,22.285661],[114.2901593,22.28566],[114.2902164,22.2856504],[114.2902371,22.2856277],[114.2902519,22.2855885],[114.2902942,22.2855608],[114.2903344,22.285545],[114.2903315,22.2855266],[114.2903393,22.2855203],[114.2903142,22.2854857],[114.2903241,22.2854803],[114.2903221,22.2854711],[114.2903778,22.285439],[114.2903798,22.2854302],[114.2904134,22.2854256],[114.2904193,22.2854201],[114.2904085,22.2854035],[114.2904528,22.2854472],[114.290459,22.2854401],[114.2944235,22.2884217],[114.2944162,22.2884296],[114.2944092,22.2884222],[114.2943807,22.2884433],[114.2943365,22.288494],[114.2943441,22.2885054],[114.2943196,22.2885276],[114.294328,22.2885387],[114.2943106,22.2885554],[114.2943165,22.2885641],[114.2942941,22.288584],[114.2942479,22.2886171],[114.2942349,22.2886048],[114.2942192,22.2886153],[114.2942123,22.2886083],[114.294147,22.28865],[114.2941516,22.2886599],[114.294134,22.2886652],[114.2940861,22.288719],[114.2940997,22.2887525],[114.2940792,22.288856],[114.2940229,22.2889697],[114.2939952,22.2889952],[114.2940051,22.289001],[114.2940034,22.2890224],[114.2939607,22.2890831],[114.2939434,22.2891558],[114.2939564,22.2892889],[114.2939986,22.2894286],[114.2939808,22.2894437],[114.2940121,22.2895289],[114.294051,22.2895718],[114.2940591,22.2895676],[114.294198,22.2896913],[114.2943518,22.289801],[114.2943683,22.289821],[114.2943778,22.2898589],[114.2943932,22.2898746],[114.2945007,22.2899375],[114.2945322,22.2899644],[114.2945585,22.2900086],[114.2945613,22.2900761],[114.2945455,22.2901089],[114.2944746,22.2901911],[114.2944607,22.2902194],[114.2944446,22.2903004],[114.2944578,22.290342],[114.2944344,22.2903772],[114.2944107,22.2903838],[114.294383,22.2904231],[114.2942985,22.2906138],[114.2941944,22.2907786],[114.2941471,22.2908384],[114.2940785,22.2908966],[114.293982,22.2909021],[114.2939735,22.2908959],[114.2939459,22.2908963],[114.2938973,22.2908971],[114.2938984,22.2909072],[114.2938707,22.2909093],[114.2938709,22.2909226],[114.2938328,22.2909243],[114.2938318,22.290933],[114.2937615,22.2909237],[114.2937577,22.2909333],[114.293684,22.2909307],[114.2936841,22.2909413],[114.2936579,22.2909448],[114.2936582,22.2909333],[114.2936324,22.2909266],[114.2935757,22.2909331],[114.2934991,22.2908952],[114.2934909,22.2908715],[114.2934142,22.2908773],[114.2934168,22.290885],[114.293399,22.2908885],[114.2933984,22.2908807],[114.2933729,22.2908919],[114.2933759,22.2909019],[114.293326,22.2908965],[114.2933266,22.2909071],[114.2933102,22.2909067],[114.2932542,22.290893],[114.2932533,22.2909054],[114.2932315,22.2909066],[114.2931823,22.2908845],[114.2931747,22.2908603],[114.2931493,22.2908459],[114.2930722,22.2908507],[114.2930481,22.2908693],[114.2929878,22.2908652],[114.2929908,22.2908749],[114.2929591,22.290871],[114.2929453,22.2908757],[114.2929465,22.2908863],[114.292879,22.290874],[114.29285,22.2908895],[114.2928156,22.2908691],[114.2927805,22.2908658],[114.2927623,22.2908686],[114.2926495,22.2908859],[114.2925748,22.2909153],[114.2924551,22.2910176],[114.292438,22.2910092],[114.2924298,22.2909624],[114.2923979,22.2909548],[114.2923279,22.2909714],[114.2922777,22.2910087],[114.2922705,22.2910156],[114.2922157,22.2911254],[114.2921923,22.2911424],[114.2920454,22.2911962],[114.2920389,22.2911848],[114.2920208,22.291192],[114.2920016,22.2911659],[114.291958,22.291147],[114.2919456,22.2911472],[114.2918887,22.2911643],[114.2918576,22.2911641],[114.2918417,22.2911683],[114.29181,22.291182],[114.2917861,22.2912],[114.2917461,22.2912081],[114.291739,22.2912189],[114.291736,22.2912402],[114.2917079,22.2912768],[114.2917038,22.291276],[114.2916897,22.2912942],[114.2916707,22.2913079],[114.2916475,22.291315],[114.2916219,22.2913153],[114.2915586,22.2912894],[114.2914595,22.2912368],[114.2913563,22.2911971],[114.2913147,22.2911883],[114.2912749,22.2911873],[114.2912381,22.2911765],[114.2912168,22.2911653],[114.2911993,22.2911419],[114.2911391,22.2911005],[114.2910259,22.2910448],[114.2909687,22.2910222],[114.2908425,22.2909923],[114.2907866,22.2909872],[114.2907077,22.290989],[114.290662,22.2909724],[114.2906355,22.2907331],[114.2906222,22.2906773],[114.2906079,22.2906676],[114.2905838,22.2906653],[114.2905724,22.290672],[114.2905445,22.2907283],[114.2905389,22.2907325],[114.290509,22.2907258],[114.2904099,22.2906587],[114.2903124,22.2905718],[114.290314,22.2905518],[114.2903497,22.2904788],[114.2903595,22.2904424],[114.2903558,22.2903698],[114.2903474,22.2903327],[114.2903316,22.290287],[114.2903118,22.2902545],[114.2902887,22.2902355],[114.2902725,22.2902222],[114.2901956,22.2900928],[114.2901084,22.2900229],[114.290057,22.2899996],[114.2899459,22.2899034],[114.2898958,22.2898909],[114.2898642,22.2898959],[114.2898445,22.2898851],[114.2897866,22.2897454],[114.2897257,22.2896751],[114.289666,22.28963],[114.2896487,22.289586],[114.289625,22.2895619],[114.2895945,22.2895409],[114.2895665,22.2895314],[114.2894145,22.2895316],[114.2893427,22.2895208],[114.289295,22.2895041],[114.2892536,22.2894784],[114.2892449,22.2894802],[114.2892285,22.2895245],[114.2892081,22.2895271],[114.2891906,22.2895127],[114.2891799,22.2894829],[114.2892032,22.2894017],[114.2891905,22.289352],[114.289141,22.2892933],[114.2890506,22.2892428],[114.2890195,22.289139],[114.2889933,22.2891019],[114.2889506,22.2890803],[114.2889079,22.2890803],[114.2888652,22.2890903],[114.2888245,22.2890822],[114.2887894,22.2890425],[114.2887458,22.2890082],[114.2887138,22.2889549],[114.2886943,22.2889433],[114.2886167,22.2889568],[114.2886028,22.2889534],[114.2884993,22.288928],[114.2884381,22.288882],[114.2883672,22.288789],[114.2883331,22.2887556],[114.2882963,22.2887385],[114.2882312,22.2886825],[114.288167,22.2886707],[114.2881409,22.2886618],[114.2881264,22.2886447],[114.2881311,22.2885881],[114.2881494,22.2884579],[114.2881473,22.2884324],[114.2881417,22.288416],[114.2881248,22.2883911],[114.2881036,22.2883755],[114.2880389,22.2883493],[114.2880087,22.288327],[114.2879995,22.2883135],[114.2879845,22.2882565],[114.2879028,22.2880895],[114.2878901,22.2879964],[114.2878891,22.2878745],[114.2878695,22.2877887],[114.2878443,22.2877219],[114.2878433,22.2876452],[114.2878722,22.2875339],[114.2878804,22.2871997],[114.2878862,22.2871672],[114.2878951,22.2871424],[114.2879109,22.2871084],[114.2879187,22.2870768],[114.2879158,22.2870516],[114.2879036,22.2870107],[114.2878986,22.2869804],[114.2878957,22.2869407],[114.2878961,22.2869253],[114.2878981,22.2869047],[114.2879336,22.2869095],[114.2879363,22.2868977],[114.2878989,22.2868925],[114.2879057,22.2868039],[114.2879547,22.2866646],[114.2879928,22.286595],[114.2880125,22.2865047],[114.2880723,22.2863912],[114.2880821,22.2863571],[114.2880985,22.2863336],[114.2881461,22.2862982],[114.2882598,22.2862585],[114.2882709,22.2862575],[114.2883132,22.2862536],[114.2883651,22.286262],[114.2883929,22.2862532],[114.2884111,22.2862236],[114.2883946,22.286162],[114.2884099,22.286114],[114.2886605,22.2858763],[114.28871,22.285849],[114.2887714,22.2858351],[114.288835,22.2858347],[114.2888634,22.2858471],[114.2889042,22.2858846],[114.2889429,22.285941],[114.288966,22.2859403],[114.2890132,22.2859188],[114.289045,22.2858949],[114.2890562,22.2858265],[114.2890591,22.2858231],[114.2890728,22.2858184],[114.289111,22.2857925],[114.2891181,22.2857757],[114.2891398,22.2857542],[114.2893874,22.2856493]]]]},"properties":{"GmlID":"SRZ.2","OBJNAM":"K8 Clear Water Bay","INFORM":"The speed limit is 5 knots in this area between 8am and 12 midnight on any Saturday or public holiday or on any day during the period from 1 July to 15 September (both dates inclusive) in any year.","OBJECTID":2}},{"type":"Feature","geometry":{"type":"MultiPolygon","coordinates":[[[[114.0358804,22.2171743],[114.0358716,22.2171503],[114.0358309,22.2171204],[114.035748,22.2171006],[114.0356806,22.2170921],[114.0355697,22.2170446],[114.0353624,22.2170161],[114.0351448,22.2169933],[114.0350072,22.2169741],[114.0348666,22.2169108],[114.0346807,22.2168693],[114.0345873,22.2168608],[114.0344509,22.2168528],[114.0343564,22.216869],[114.0342672,22.2168944],[114.0342089,22.2169423],[114.0341779,22.2170389],[114.0341064,22.2170467],[114.0340047,22.2169416],[114.0339453,22.2168867],[114.0339285,22.2168794],[114.0337998,22.2168861],[114.0337677,22.2168917],[114.0337471,22.2169306],[114.0337198,22.2169656],[114.0337058,22.2169717],[114.0336938,22.2169542],[114.0337332,22.2168939],[114.0337314,22.2168194],[114.0337363,22.2167189],[114.0337353,22.216575],[114.0337003,22.2164554],[114.033578,22.2163299],[114.033495,22.2162757],[114.0334265,22.2162367],[114.033292,22.2161649],[114.0331776,22.2160383],[114.0330935,22.215953],[114.0330486,22.2159016],[114.0328674,22.2158958],[114.032708,22.2158754],[114.0326176,22.2158594],[114.0325087,22.2158498],[114.0323092,22.2158326],[114.0322364,22.2158371],[114.0320424,22.2159081],[114.0319684,22.2159818],[114.0319326,22.2159728],[114.0319047,22.2159428],[114.03186,22.2158447],[114.0317964,22.2158141],[114.0317527,22.2158226],[114.0316811,22.2158806],[114.0315423,22.2158918],[114.0314386,22.2158742],[114.0312126,22.21583],[114.0309769,22.2157145],[114.0308333,22.2156225],[114.0306103,22.2155613],[114.0304178,22.2153545],[114.0303598,22.2151976],[114.0302648,22.2150518],[114.0300831,22.2149219],[114.0298844,22.2148495],[114.0297529,22.2146975],[114.0297543,22.2146394],[114.029758,22.2145801],[114.0297451,22.214553],[114.0297121,22.2145363],[114.0296695,22.2145309],[114.0295501,22.2144699],[114.0294291,22.2142981],[114.0294116,22.2141768],[114.0293602,22.2140842],[114.0293094,22.2139961],[114.0292701,22.2139288],[114.0292519,22.2138888],[114.029264,22.2138475],[114.029272,22.2138256],[114.0292628,22.2138086],[114.0292284,22.2137928],[114.0291762,22.213791],[114.0291212,22.21369],[114.0291007,22.2136222],[114.0290841,22.213551],[114.0290456,22.2134585],[114.02905,22.2133518],[114.0290344,22.2132061],[114.0290266,22.2130589],[114.0290111,22.2129048],[114.0290187,22.2126406],[114.0290485,22.212513],[114.0290608,22.2122675],[114.0291188,22.2120069],[114.029227,22.2116706],[114.0293315,22.2114331],[114.0294688,22.2112018],[114.0295897,22.2109535],[114.029668,22.210803],[114.0297949,22.2105795],[114.0298981,22.2104137],[114.0300966,22.2101582],[114.0304043,22.209808],[114.0305749,22.2096021],[114.030851,22.2092672],[114.0311939,22.2088559],[114.0318334,22.2083412],[114.0322647,22.2079939],[114.0323434,22.2079497],[114.0325502,22.2079614],[114.0325914,22.2079965],[114.032729,22.2080136],[114.032772,22.208004],[114.0327451,22.207944],[114.0334183,22.2079239],[114.0334079,22.2079713],[114.0334152,22.2080142],[114.0334279,22.208043],[114.033492,22.2080995],[114.0335684,22.2081092],[114.033646,22.2080787],[114.0336848,22.2080336],[114.0336982,22.2079902],[114.0336879,22.2079202],[114.0336553,22.2078789],[114.0336243,22.2078259],[114.03357,22.2077773],[114.0334882,22.2076812],[114.0334864,22.2076485],[114.0335261,22.2075891],[114.0335975,22.2075047],[114.0336466,22.2074601],[114.0336946,22.2074223],[114.0337668,22.207406],[114.0338322,22.2073762],[114.0338698,22.2073858],[114.0339044,22.2073938],[114.0339522,22.207361],[114.0339777,22.2073114],[114.0341104,22.2072867],[114.0341742,22.2072609],[114.0342209,22.2072225],[114.034675,22.2070574],[114.0349491,22.2069934],[114.0352376,22.2069395],[114.0353516,22.2069334],[114.0354997,22.2070701],[114.0355715,22.2071226],[114.0356424,22.2071448],[114.0357769,22.2072008],[114.0358932,22.2072692],[114.0359422,22.2073171],[114.0360283,22.2073872],[114.0360622,22.2074178],[114.0361148,22.2075036],[114.0361583,22.2075787],[114.036151,22.2076379],[114.0361219,22.2076503],[114.0361019,22.2076469],[114.036068,22.2076311],[114.0360425,22.2076457],[114.0360225,22.207666],[114.0360218,22.2076863],[114.0360383,22.2077055],[114.0360928,22.2077056],[114.0361534,22.2076797],[114.0361838,22.2076819],[114.0361891,22.2077125],[114.0362109,22.2077486],[114.0362376,22.2077633],[114.0362758,22.2077797],[114.0362836,22.2078317],[114.0362974,22.2079056],[114.0363387,22.2079095],[114.0363926,22.2079638],[114.0364404,22.207996],[114.0364883,22.2080604],[114.0365087,22.2081202],[114.0366009,22.2081937],[114.0366505,22.2082254],[114.0366929,22.2082503],[114.0367698,22.2082814],[114.0368651,22.208265],[114.0369111,22.2082956],[114.0370166,22.2083052],[114.0370643,22.2083578],[114.0372578,22.2083569],[114.0373541,22.2084128],[114.0373775,22.2084867],[114.0374631,22.2084846],[114.0375303,22.2085202],[114.0375672,22.2085824],[114.0376387,22.2086253],[114.0377091,22.2086305],[114.0377702,22.208635],[114.0378381,22.208626],[114.0378873,22.2085882],[114.0379219,22.2085516],[114.0379552,22.2085404],[114.0379892,22.2085195],[114.038011,22.2085438],[114.0379897,22.2085579],[114.0379843,22.2085747],[114.0379739,22.2086052],[114.0379345,22.2086278],[114.0379285,22.20866],[114.0379424,22.2086702],[114.0379805,22.2086849],[114.037995,22.2086803],[114.0380271,22.2086673],[114.0380351,22.2086522],[114.0380303,22.2086398],[114.0380406,22.2086166],[114.0380624,22.2086257],[114.0380915,22.2085957],[114.0381091,22.2085653],[114.0381243,22.2085297],[114.0381425,22.2084999],[114.0381619,22.2085004],[114.0381759,22.2085185],[114.0381934,22.2085236],[114.0382449,22.2085332],[114.0382455,22.2085461],[114.0382389,22.208553],[114.0382298,22.2085586],[114.0382274,22.2085682],[114.038234,22.2085716],[114.0382577,22.2085772],[114.0382551,22.2085913],[114.0382309,22.2085959],[114.0382073,22.2086055],[114.0381995,22.2086105],[114.0381939,22.2086364],[114.0381969,22.2086461],[114.0382133,22.2086472],[114.0382461,22.2086365],[114.0382594,22.2086253],[114.0382995,22.2086004],[114.0383025,22.2085852],[114.0383273,22.2085796],[114.038348,22.2085977],[114.0383758,22.2085927],[114.0383813,22.2085689],[114.038365,22.2085525],[114.0383886,22.2085368],[114.0384062,22.2085198],[114.0384135,22.2084995],[114.0383995,22.208469],[114.0384178,22.2084634],[114.0384409,22.2084347],[114.0384645,22.2084109],[114.0384712,22.208394],[114.0384512,22.2083703],[114.0384197,22.2083545],[114.0383979,22.2083534],[114.0383348,22.2083646],[114.0382821,22.2083628],[114.0382373,22.2083334],[114.0382446,22.2082905],[114.0382428,22.2082707],[114.0382544,22.2082369],[114.0382774,22.2082172],[114.0383265,22.2082121],[114.0384083,22.2082241],[114.0384647,22.2082354],[114.0385331,22.2082366],[114.0385927,22.2082231],[114.0386429,22.208204],[114.0387072,22.2081651],[114.0387502,22.2081572],[114.0388054,22.2081302],[114.0388697,22.2081207],[114.0389139,22.2081167],[114.0390055,22.2081134],[114.0390605,22.2081315],[114.039097,22.2081683],[114.0391327,22.2081778],[114.0391661,22.2081757],[114.0391891,22.2081695],[114.0392157,22.2081531],[114.0392625,22.208125],[114.0392849,22.2081216],[114.0393577,22.2081166],[114.0394309,22.2081279],[114.0394764,22.2081338],[114.0358804,22.2171743]],[[114.0319696,22.21593],[114.0319774,22.2159412],[114.0319902,22.2159345],[114.0319945,22.2159317],[114.0319963,22.2159266],[114.0319914,22.215917],[114.0319987,22.2159148],[114.032003,22.2159153],[114.0320109,22.2159063],[114.0319963,22.2158894],[114.031986,22.2158837],[114.0319812,22.215887],[114.0319642,22.2158764],[114.0319515,22.2158825],[114.031943,22.2158927],[114.0319484,22.2159034],[114.0319696,22.21593]],[[114.0389085,22.2081455],[114.0388818,22.2081488],[114.0388806,22.2081596],[114.0388902,22.2081704],[114.038909,22.2081827],[114.0389363,22.2081879],[114.0389757,22.208189],[114.0389842,22.2081597],[114.0389527,22.2081501],[114.0389085,22.2081455]],[[114.0388345,22.2081528],[114.0388132,22.2081646],[114.0387994,22.2081944],[114.0387914,22.208234],[114.0387968,22.2082447],[114.0388526,22.2082493],[114.0388594,22.2082115],[114.038866,22.208168],[114.0388545,22.2081578],[114.0388345,22.2081528]],[[114.0368797,22.2086788],[114.0368942,22.2086946],[114.0368961,22.2087002],[114.0368918,22.2087059],[114.0368869,22.208724],[114.0368742,22.2087448],[114.0368748,22.2087476],[114.0368936,22.2087652],[114.0369033,22.2087702],[114.0369124,22.2087692],[114.0369336,22.2087889],[114.0369427,22.2087883],[114.0369627,22.2088114],[114.0369941,22.2088144],[114.0370033,22.2088132],[114.0370112,22.2088082],[114.0370202,22.2087923],[114.037024,22.2087805],[114.0370258,22.2087652],[114.0370185,22.2087495],[114.0370216,22.208728],[114.0370215,22.2087257],[114.0370203,22.2087088],[114.0370162,22.2087004],[114.0369925,22.208701],[114.0369858,22.2087066],[114.0369791,22.2086975],[114.0369615,22.208693],[114.0369422,22.2086919],[114.0369247,22.2086788],[114.0368889,22.2086748],[114.036881,22.2086754],[114.0368797,22.2086788]]]]},"properties":{"GmlID":"SRZ.3","OBJNAM":"A9 Tung Wan","INFORM":"The speed limit is 5 knots in this area between 8am and 12 midnight on any Saturday or public holiday or on any day during the period from 1 April to 31 October (both dates inclusive) in any year.","OBJECTID":3}},{"type":"Feature","geometry":{"type":"MultiPolygon","coordinates":[[[[114.2166217,22.4552473],[114.2165427,22.4552031],[114.2164949,22.4551653],[114.2163565,22.4549485],[114.2162223,22.4548014],[114.2160655,22.4546838],[114.2158371,22.4545466],[114.2157313,22.4544615],[114.2156846,22.4543906],[114.2156335,22.4542123],[114.2155988,22.454141],[114.2155348,22.4540725],[114.2152919,22.4538881],[114.2152311,22.4538137],[114.2151331,22.453651],[114.2151325,22.4535841],[114.2152795,22.4530543],[114.2153747,22.452814],[114.21547,22.4526356],[114.215543,22.4525564],[114.2156517,22.452465],[114.2158224,22.4523537],[114.2158619,22.4523326],[114.2160033,22.452286],[114.2160856,22.4522506],[114.2160909,22.4522489],[114.216315,22.4521794],[114.2164161,22.4521522],[114.2166861,22.4520515],[114.2170411,22.4520134],[114.2172042,22.4519775],[114.2174004,22.451959],[114.2176125,22.4519158],[114.2179998,22.45192],[114.2180882,22.4518903],[114.2181831,22.451878],[114.2182764,22.451811],[114.2183519,22.4517801],[114.2185981,22.4517478],[114.2188187,22.4516516],[114.2189016,22.4516259],[114.2191855,22.4516143],[114.219233,22.4515871],[114.2193255,22.4514791],[114.2194132,22.4514148],[114.2195783,22.4513479],[114.2198638,22.4512627],[114.2201097,22.4512405],[114.220304,22.4512095],[114.2204296,22.4512171],[114.2204635,22.4511946],[114.2204929,22.4511475],[114.2205952,22.4508826],[114.2206124,22.4508037],[114.220698,22.4506019],[114.2208832,22.450356],[114.2209644,22.4502903],[114.2210635,22.4502323],[114.2212278,22.4502485],[114.2213845,22.4502128],[114.221486,22.4502201],[114.2215478,22.4501548],[114.2216599,22.4500718],[114.2217222,22.4500376],[114.2217631,22.4500243],[114.2218097,22.4500219],[114.2218901,22.450063],[114.2219457,22.4501154],[114.2220733,22.4501696],[114.2221216,22.4502074],[114.2223086,22.4502766],[114.2224502,22.4502885],[114.2225171,22.4503083],[114.2228407,22.4503354],[114.2228797,22.4503239],[114.222943,22.4502919],[114.2231211,22.4503445],[114.2231888,22.4503841],[114.2232533,22.4504701],[114.2232919,22.4505016],[114.2235192,22.450563],[114.2236889,22.4506746],[114.2238546,22.4507509],[114.2239654,22.450822],[114.2240641,22.4508648],[114.2241878,22.4508994],[114.2243307,22.4510064],[114.224468,22.4511602],[114.2246558,22.4512918],[114.2247947,22.4514461],[114.224874,22.4516047],[114.2250121,22.4516642],[114.2251357,22.4517467],[114.2252757,22.4518839],[114.225467,22.4519774],[114.2257065,22.4521373],[114.2257689,22.452227],[114.2258455,22.4523045],[114.2258414,22.4523125],[114.2259675,22.4523776],[114.2260534,22.4524024],[114.2260507,22.4524096],[114.2262343,22.4524188],[114.2263333,22.4524422],[114.2264323,22.4524884],[114.2265827,22.4525345],[114.2267181,22.4525896],[114.2267728,22.4526192],[114.2268279,22.4526816],[114.2268455,22.4527758],[114.2268111,22.4529485],[114.2268488,22.4530658],[114.2268606,22.4533168],[114.2268053,22.4535783],[114.2268163,22.4537194],[114.2268298,22.4537862],[114.2268494,22.453851],[114.2268685,22.4538924],[114.2269929,22.4540327],[114.2271078,22.454184],[114.2271648,22.4542736],[114.2271654,22.4542749],[114.2271964,22.4543313],[114.2272323,22.4544386],[114.2273347,22.454662],[114.2273649,22.4546964],[114.2275601,22.4548701],[114.2275701,22.4549009],[114.2275685,22.4549324],[114.2275189,22.4550265],[114.2275125,22.4550277],[114.2275097,22.455036],[114.2275078,22.4550641],[114.2275018,22.4550644],[114.2275015,22.4551116],[114.2274888,22.4551433],[114.2274891,22.4551979],[114.2275151,22.455262],[114.2275131,22.4553374],[114.2274709,22.4554321],[114.2274873,22.455513],[114.227469,22.4555994],[114.2274851,22.45564],[114.2275339,22.4556566],[114.2275803,22.4557319],[114.2277124,22.4558665],[114.2277727,22.4559138],[114.2278533,22.4559491],[114.2279557,22.4560365],[114.2280244,22.4561602],[114.2280175,22.4561961],[114.2280342,22.4562145],[114.2280094,22.4562338],[114.2280108,22.456249],[114.2281496,22.4563745],[114.2281412,22.456386],[114.2282172,22.456452],[114.2282292,22.4564439],[114.2282338,22.4564632],[114.2282816,22.4565042],[114.2282748,22.4565154],[114.2284253,22.4566278],[114.2284998,22.4567092],[114.2287391,22.4568779],[114.2287671,22.4569181],[114.2288507,22.4569836],[114.2289265,22.4570636],[114.2289387,22.457077],[114.2289275,22.4570863],[114.2289821,22.4571388],[114.2289767,22.4571461],[114.2291406,22.4573168],[114.229172,22.4573296],[114.2292999,22.4574882],[114.2293343,22.4575147],[114.2293532,22.4575723],[114.2293329,22.4575644],[114.2293245,22.4575753],[114.2293405,22.4576188],[114.2293775,22.4576395],[114.2293944,22.4576158],[114.2294641,22.4576379],[114.2294694,22.457631],[114.2295964,22.4577224],[114.2297139,22.4578331],[114.2297512,22.4578491],[114.2298922,22.4580049],[114.2300133,22.4580657],[114.230346,22.4581912],[114.2304969,22.4582981],[114.2305082,22.4582898],[114.2306466,22.4583908],[114.2307764,22.4584569],[114.2308399,22.4584754],[114.2310354,22.4585894],[114.2313289,22.4586894],[114.2315489,22.4587089],[114.2315892,22.4587293],[114.2316881,22.4587435],[114.2318979,22.4588092],[114.2319054,22.4588014],[114.232012,22.4588154],[114.2321698,22.4588066],[114.2323978,22.4587201],[114.232508,22.458639],[114.2326654,22.4584755],[114.2327825,22.4584171],[114.2329621,22.4582109],[114.2331254,22.4581654],[114.2333045,22.4580646],[114.233495,22.4579291],[114.233564,22.4578713],[114.2336068,22.4578171],[114.2337757,22.4577312],[114.2338739,22.4577059],[114.2339283,22.4577122],[114.2340731,22.4576797],[114.2340866,22.4576869],[114.2341479,22.4576742],[114.2342401,22.4576137],[114.2343033,22.4575902],[114.2343654,22.4575297],[114.2344073,22.4574393],[114.240361,22.4623425],[114.2401553,22.4625459],[114.2398531,22.4628446],[114.239207,22.4634809],[114.2371283,22.4655295],[114.2362084,22.4664362],[114.2348569,22.4677682],[114.2347211,22.4678648],[114.2344863,22.4679376],[114.2343775,22.467934],[114.2342039,22.4678754],[114.2340684,22.4677699],[114.2338393,22.4676495],[114.2330733,22.4677021],[114.2329223,22.4677762],[114.2328604,22.4678785],[114.232856,22.4679081],[114.2327713,22.4678984],[114.2327689,22.4678982],[114.2327724,22.4678809],[114.2326549,22.4678604],[114.2326476,22.4678969],[114.2327651,22.4679174],[114.2327677,22.4679046],[114.232855,22.4679149],[114.2328431,22.4679954],[114.2324725,22.4679404],[114.2324688,22.4679587],[114.232841,22.4680092],[114.2328341,22.4680562],[114.2329105,22.4680702],[114.2329074,22.4682981],[114.232807,22.4683278],[114.2327558,22.4683321],[114.2325022,22.4683534],[114.2324038,22.4683432],[114.2321896,22.468321],[114.2320213,22.4683188],[114.2320113,22.4683192],[114.2317687,22.4683266],[114.2317037,22.4683493],[114.2316979,22.4683514],[114.2316536,22.468388],[114.231639,22.4684194],[114.2316246,22.4686084],[114.2316505,22.4686704],[114.2317212,22.4687799],[114.2317327,22.4688218],[114.2317672,22.4690502],[114.2317767,22.4690813],[114.2318118,22.4691272],[114.2318643,22.4691474],[114.2318753,22.469144],[114.2318921,22.4691391],[114.2319427,22.4690817],[114.2320018,22.4688679],[114.2320212,22.468845],[114.2320512,22.4688291],[114.2322204,22.4687977],[114.232545,22.4687976],[114.2327329,22.4688237],[114.232783,22.4688421],[114.2328315,22.4688772],[114.2328942,22.468952],[114.2329144,22.4689676],[114.2329563,22.469],[114.2329972,22.469023],[114.2329972,22.4690832],[114.2330661,22.4690855],[114.2330671,22.4690565],[114.2331699,22.4690958],[114.2331673,22.4691018],[114.2331951,22.4691117],[114.2331992,22.4691058],[114.2332331,22.4691168],[114.2332858,22.4691459],[114.233311,22.4691777],[114.2332809,22.4694203],[114.2331776,22.4695294],[114.2330514,22.4697224],[114.2328399,22.4703577],[114.23278,22.4703782],[114.2327506,22.4704751],[114.2324425,22.4704198],[114.2324357,22.4704537],[114.2328382,22.4705273],[114.2328138,22.4707412],[114.2327875,22.4708393],[114.23274,22.4709528],[114.2327051,22.4710204],[114.2323278,22.4708682],[114.2323085,22.4709018],[114.2326027,22.4710172],[114.232528,22.4711008],[114.2325548,22.4711453],[114.2321621,22.4715151],[114.2321865,22.471553],[114.2321273,22.4715949],[114.2320914,22.4715638],[114.2318681,22.4716962],[114.2318309,22.4716816],[114.2317819,22.4716802],[114.2317045,22.4717366],[114.231711,22.4718192],[114.2317445,22.4718575],[114.2315665,22.472163],[114.2312981,22.4723079],[114.2310278,22.4722865],[114.2307444,22.4722254],[114.2298131,22.472115],[114.2296091,22.4720708],[114.2295403,22.4720599],[114.2295565,22.4719821],[114.2286227,22.4718094],[114.2285525,22.4717187],[114.2287904,22.4714123],[114.228891,22.4713414],[114.228947,22.4712519],[114.229074,22.4710492],[114.2289916,22.4710039],[114.2288376,22.4712021],[114.2287537,22.4713103],[114.2271605,22.4705252],[114.2271941,22.4704711],[114.2273405,22.4702359],[114.227255,22.470199],[114.2270807,22.4704413],[114.2269653,22.4706018],[114.2269012,22.4706387],[114.2266633,22.4709366],[114.2266236,22.4709196],[114.2265976,22.4708735],[114.2266352,22.4708059],[114.2266142,22.4707788],[114.2265456,22.4707935],[114.2263953,22.4708713],[114.2262609,22.47097],[114.226219,22.4710287],[114.226153,22.4710748],[114.2258843,22.4711618],[114.225717,22.4711981],[114.2256896,22.4711917],[114.2256347,22.4711426],[114.2255317,22.4710042],[114.2253796,22.4707586],[114.2253136,22.470533],[114.2251948,22.4704436],[114.225142,22.4703763],[114.2249939,22.4701294],[114.2249589,22.4700124],[114.2249028,22.4699086],[114.2248857,22.4698769],[114.2248134,22.4698123],[114.2246259,22.4697025],[114.224554,22.469628],[114.224498,22.4695115],[114.2244485,22.4694421],[114.2243987,22.4693277],[114.2243712,22.4692284],[114.2243327,22.4691694],[114.2242931,22.4691489],[114.2241209,22.46913],[114.223958,22.4690304],[114.2236314,22.4689273],[114.223593,22.468904],[114.2235769,22.4688699],[114.2235812,22.4687991],[114.2235899,22.4687859],[114.2236481,22.4687694],[114.2236566,22.4687293],[114.2236388,22.468656],[114.2236108,22.4686035],[114.2235222,22.4685352],[114.2234839,22.4684809],[114.2234836,22.4684307],[114.2235138,22.4683648],[114.2235041,22.4683472],[114.2232018,22.4683466],[114.2231078,22.4683816],[114.2230996,22.4684211],[114.22306,22.4684368],[114.2229556,22.4683315],[114.2228857,22.4683794],[114.2228409,22.4683868],[114.2228243,22.4684027],[114.2228205,22.4684322],[114.2228393,22.4685281],[114.222841,22.4686121],[114.222831,22.4686392],[114.2228106,22.4686396],[114.2227174,22.4685497],[114.222696,22.4685468],[114.222672,22.4685938],[114.2227754,22.468756],[114.222777,22.4687827],[114.2227587,22.4688253],[114.2227204,22.4688543],[114.2226391,22.4688823],[114.2226116,22.4689316],[114.2225832,22.4689568],[114.2225631,22.4689597],[114.222479,22.4689437],[114.2222152,22.4688451],[114.2220438,22.468821],[114.2218258,22.4687422],[114.2217315,22.4686898],[114.2215069,22.4685163],[114.2213136,22.4682853],[114.2212602,22.4681922],[114.2211707,22.4681269],[114.2210664,22.4681094],[114.2209842,22.4681622],[114.2209467,22.468232],[114.2208773,22.4682607],[114.2207933,22.46826],[114.2207081,22.4682384],[114.2203349,22.4680439],[114.2200559,22.4679283],[114.2200118,22.4678946],[114.2199454,22.4678174],[114.2199122,22.4677992],[114.2197395,22.4677961],[114.2196567,22.4678177],[114.2195048,22.4679296],[114.2193809,22.4680826],[114.2193404,22.4680994],[114.2191927,22.4681199],[114.2191488,22.468112],[114.2189763,22.4680396],[114.2189414,22.4680384],[114.2188999,22.4680602],[114.2187706,22.4679972],[114.2187364,22.4679974],[114.2186255,22.4680275],[114.2185578,22.4680232],[114.2183832,22.4679471],[114.2183375,22.4679162],[114.2180977,22.4678857],[114.2180753,22.4678921],[114.218038,22.4681656],[114.218006,22.4682426],[114.2178158,22.4685409],[114.217734,22.4686115],[114.2176905,22.468668],[114.2176982,22.4687679],[114.217677,22.4688538],[114.2176693,22.4689729],[114.2176985,22.4690668],[114.2176916,22.4691437],[114.2175995,22.4693232],[114.2174868,22.4694725],[114.2174709,22.4695139],[114.2174569,22.4696382],[114.2174958,22.4698842],[114.2175503,22.4700288],[114.2176119,22.4700987],[114.2177941,22.4702563],[114.2178884,22.4703102],[114.2180063,22.4703418],[114.2180377,22.470396],[114.2181095,22.4704737],[114.2181164,22.4705101],[114.2180561,22.4705805],[114.2178543,22.4706346],[114.2176409,22.4707356],[114.2174103,22.4709019],[114.2172205,22.4710072],[114.2170989,22.4710891],[114.2169277,22.4711551],[114.2167925,22.4712564],[114.21664,22.4713491],[114.2165596,22.4714517],[114.2164447,22.4717469],[114.2162939,22.4719502],[114.2162327,22.4719983],[114.2160939,22.4720331],[114.2160039,22.4721224],[114.2159956,22.4721425],[114.216004,22.4721728],[114.2160556,22.4722684],[114.2158396,22.4725301],[114.2158095,22.472523],[114.2157842,22.4725262],[114.2156633,22.4725903],[114.2155201,22.4726173],[114.2154561,22.4726652],[114.2154175,22.4727241],[114.2152185,22.472825],[114.2150304,22.4730281],[114.2149978,22.4731485],[114.2149969,22.4732418],[114.2148168,22.4733538],[114.2145476,22.4734976],[114.2142982,22.4736002],[114.2143426,22.4735337],[114.214348,22.4734871],[114.2143271,22.4733566],[114.2143263,22.4732189],[114.2142898,22.4730824],[114.214259,22.4730575],[114.2141899,22.4730319],[114.2140365,22.4730338],[114.2140194,22.4729938],[114.2139958,22.4729726],[114.2138754,22.4729301],[114.2137846,22.472927],[114.2136968,22.4730148],[114.2136596,22.4730829],[114.2136377,22.473167],[114.2135544,22.4733325],[114.2135015,22.4734067],[114.213476,22.4734309],[114.2127975,22.4725734],[114.2128427,22.4725201],[114.2129458,22.4724707],[114.2130109,22.4723852],[114.2131422,22.4722676],[114.2131512,22.472232],[114.2131374,22.4721169],[114.2131389,22.4719744],[114.2132028,22.4718157],[114.2132144,22.4717766],[114.2132131,22.4717509],[114.2132012,22.4717201],[114.2130947,22.4715303],[114.2129457,22.4713792],[114.2128793,22.4713651],[114.2128141,22.4713928],[114.2127161,22.4714123],[114.212679,22.4714037],[114.212628,22.4713561],[114.2126197,22.4712966],[114.2126374,22.47122],[114.2126913,22.4711083],[114.2126583,22.471009],[114.2126259,22.4709871],[114.2126218,22.4709361],[114.2126349,22.4708622],[114.2126306,22.4708346],[114.2126002,22.4708032],[114.212525,22.4707765],[114.2122635,22.4707685],[114.2122142,22.4707972],[114.2121847,22.470841],[114.2121885,22.4708964],[114.2121491,22.4708958],[114.212121,22.4708323],[114.2120844,22.4706737],[114.2120609,22.4706188],[114.2120284,22.4706076],[114.2119007,22.4706027],[114.2117937,22.4705592],[114.2117008,22.4704663],[114.2116741,22.4703696],[114.2115839,22.4702537],[114.2114829,22.4701963],[114.2113177,22.4701438],[114.2112797,22.4700866],[114.2112476,22.4699856],[114.2112155,22.4699398],[114.2111692,22.469894],[114.2111258,22.4698723],[114.2110873,22.4698635],[114.2110944,22.4698546],[114.2111625,22.4697705],[114.2111837,22.4697317],[114.2111957,22.469664],[114.2111926,22.4694999],[114.2112042,22.4694999],[114.2112043,22.4694838],[114.2111622,22.4694841],[114.2111622,22.4695],[114.2111719,22.4695],[114.2111719,22.4697014],[114.2111488,22.4697672],[114.2111341,22.4697888],[114.2110879,22.4698464],[114.2110398,22.4698443],[114.2109921,22.4698361],[114.2108322,22.4697765],[114.2107647,22.4696572],[114.2106252,22.4695494],[114.210418,22.4692849],[114.2103447,22.4692152],[114.2102701,22.4691911],[114.2100756,22.4692133],[114.2100354,22.469136],[114.2100282,22.4690794],[114.2100654,22.4689394],[114.2100623,22.4688024],[114.2101014,22.468721],[114.210075,22.4686798],[114.2100223,22.4686713],[114.2100198,22.4686624],[114.2100275,22.468624],[114.2100619,22.4686042],[114.2100709,22.4685674],[114.2100126,22.4685376],[114.2098894,22.46852],[114.2098273,22.4684946],[114.2098007,22.468466],[114.209729,22.4684662],[114.2098332,22.4683034],[114.2098344,22.4682825],[114.2097756,22.4682131],[114.2097631,22.4681805],[114.2097783,22.4679934],[114.2097654,22.4678833],[114.2096948,22.4676284],[114.2096409,22.4673453],[114.2095716,22.4671468],[114.2095128,22.4670787],[114.2094028,22.4670197],[114.2092671,22.4669784],[114.2090753,22.4669448],[114.2087645,22.4651517],[114.2087642,22.4651059],[114.2087753,22.4650786],[114.208818,22.4650961],[114.2088693,22.4650966],[114.2088706,22.4650823],[114.2089095,22.4650812],[114.2089119,22.4650647],[114.2089386,22.4650649],[114.2089401,22.4650505],[114.2088973,22.4650419],[114.208889,22.4650103],[114.2088635,22.465005],[114.208859,22.4649933],[114.2087913,22.464991],[114.2087926,22.4649989],[114.2087394,22.4650036],[114.2087357,22.4650194],[114.2087253,22.4649508],[114.2088011,22.4649404],[114.2088,22.4649522],[114.2090025,22.4649911],[114.2090579,22.4649785],[114.2091316,22.4649151],[114.2091698,22.4648509],[114.2091748,22.4648425],[114.2092464,22.4647596],[114.2092905,22.464728],[114.2093224,22.4647311],[114.2093272,22.4647139],[114.2093618,22.464714],[114.2093682,22.4646969],[114.2093861,22.464696],[114.2093947,22.4646756],[114.2094148,22.4646699],[114.2094236,22.464643],[114.2094246,22.4646541],[114.2094461,22.4646585],[114.209455,22.4646305],[114.2094785,22.4646338],[114.2094871,22.4645383],[114.2094757,22.4645332],[114.209489,22.464424],[114.2095245,22.4643676],[114.2095383,22.4642975],[114.2095625,22.4642922],[114.2095898,22.4642314],[114.209575,22.4640607],[114.2095338,22.4640326],[114.209528,22.4639963],[114.2095085,22.4639687],[114.2094929,22.4639765],[114.2094879,22.4639637],[114.2094672,22.4639586],[114.2094634,22.4639366],[114.2094435,22.4639384],[114.2094339,22.4639153],[114.2094134,22.4639149],[114.2094045,22.4638819],[114.2093759,22.4638811],[114.2093713,22.4638607],[114.2093567,22.463862],[114.2093518,22.4638336],[114.2093333,22.4638285],[114.2093071,22.4636215],[114.2092983,22.463621],[114.2092865,22.4635475],[114.2092971,22.4634889],[114.2092769,22.4634007],[114.2092843,22.4633938],[114.2092361,22.4633242],[114.2091805,22.4632732],[114.2091743,22.4632304],[114.2091491,22.4631817],[114.2091387,22.4631869],[114.2091231,22.4631619],[114.209105,22.463171],[114.209094,22.4631452],[114.2090838,22.4631517],[114.2089982,22.4630693],[114.2089626,22.4629747],[114.2089651,22.4628845],[114.2089301,22.4627073],[114.2089015,22.4626487],[114.2088626,22.4626047],[114.2088335,22.4625616],[114.2088006,22.462513],[114.2087818,22.4625002],[114.2085954,22.4624239],[114.2084052,22.4623177],[114.2083912,22.4623078],[114.2083823,22.4622971],[114.2083556,22.4622564],[114.2083299,22.4622154],[114.2083606,22.4621979],[114.208401,22.4621823],[114.2085533,22.462128],[114.2086003,22.4621132],[114.2086513,22.4620936],[114.2088864,22.4619935],[114.2088829,22.4619846],[114.2085971,22.4621048],[114.2085499,22.4621195],[114.2083974,22.4621739],[114.2083274,22.4622062],[114.2083202,22.4621775],[114.2083154,22.4621488],[114.2083095,22.4621042],[114.2083255,22.4621023],[114.208315,22.4620255],[114.2082919,22.4619381],[114.2082724,22.4619425],[114.2082627,22.4619063],[114.208281,22.4619029],[114.2082736,22.4618709],[114.2082572,22.4618726],[114.2082981,22.4616786],[114.2083244,22.461681],[114.2083386,22.4615412],[114.2083834,22.4615358],[114.2084017,22.4615298],[114.2084058,22.4615225],[114.2084051,22.4615002],[114.2085078,22.4614805],[114.208789,22.4614387],[114.2087861,22.461429],[114.2085068,22.4614727],[114.208392,22.4614953],[114.2083756,22.4614567],[114.2083574,22.4614448],[114.2083057,22.4614563],[114.2082553,22.4612953],[114.2082096,22.4611894],[114.2081935,22.4611668],[114.2081264,22.4611083],[114.2081082,22.4610869],[114.2081119,22.4610833],[114.2081224,22.461076],[114.2081017,22.4610498],[114.2081134,22.4610413],[114.2081295,22.4610276],[114.2081341,22.4610225],[114.2081473,22.4610061],[114.208148,22.4610055],[114.2081922,22.4609745],[114.208214,22.4609553],[114.2082447,22.4609215],[114.2082762,22.4608728],[114.208291,22.4608394],[114.2083024,22.4608014],[114.2083494,22.4605373],[114.2084872,22.460054],[114.2085197,22.4598944],[114.2086165,22.4596048],[114.2088035,22.4591886],[114.2088372,22.4591375],[114.2089644,22.4590256],[114.2090485,22.4589768],[114.2093527,22.4588695],[114.2094762,22.4587951],[114.2096045,22.4587719],[114.2096501,22.458788],[114.2096945,22.4587215],[114.2100597,22.4585921],[114.2102118,22.458617],[114.2103197,22.4585649],[114.2103359,22.4585102],[114.2104372,22.4584779],[114.2109466,22.4584527],[114.2111664,22.4583259],[114.2113519,22.4582736],[114.2114255,22.4582716],[114.2114305,22.4583111],[114.2114752,22.4583276],[114.2115224,22.4582869],[114.2115378,22.4582232],[114.2115182,22.4582081],[114.211563,22.458136],[114.2116267,22.4580894],[114.2116654,22.4581022],[114.2117202,22.4580441],[114.21172,22.457971],[114.2116846,22.4579541],[114.2118081,22.4577382],[114.2119815,22.4575098],[114.2120235,22.4575007],[114.2120899,22.4574673],[114.2132417,22.4572267],[114.2133147,22.4572416],[114.2133793,22.4572764],[114.2134294,22.4573279],[114.2134601,22.4573912],[114.2132446,22.4575865],[114.2132526,22.4575938],[114.2134707,22.4573991],[114.2135003,22.4574062],[114.2137613,22.4575767],[114.2137907,22.4575901],[114.2136593,22.4578451],[114.2136681,22.4578489],[114.2137994,22.4575941],[114.2138955,22.4576256],[114.2139872,22.4576338],[114.2140983,22.4576437],[114.2142074,22.4576253],[114.2142468,22.4576061],[114.2143278,22.4576706],[114.2143388,22.4576699],[114.2144105,22.4577263],[114.2144395,22.4576895],[114.2143624,22.4576361],[114.2145011,22.4574111],[114.2146089,22.4572149],[114.2146485,22.457231],[114.2147555,22.4570736],[114.2147517,22.4570631],[114.214632,22.4570178],[114.2146322,22.456988],[114.2146221,22.4569289],[114.2145808,22.4567915],[114.2145783,22.4567497],[114.2145881,22.4566854],[114.2146419,22.4565397],[114.2146744,22.456485],[114.2147239,22.4564362],[114.2148379,22.4563539],[114.2149632,22.4562997],[114.215047,22.4562833],[114.2151798,22.4562836],[114.2152946,22.4562711],[114.2154679,22.4562756],[114.2155214,22.4562583],[114.2156137,22.4562075],[114.2157063,22.4561021],[114.2157278,22.4559311],[114.2160874,22.4555266],[114.2161463,22.4554915],[114.216271,22.4554647],[114.2163944,22.4554722],[114.2164469,22.4554867],[114.2164834,22.4555472],[114.2165004,22.4556654],[114.2165861,22.4557722],[114.2166303,22.4559161],[114.2166815,22.4559853],[114.2167343,22.4561083],[114.216752,22.4561158],[114.2167454,22.4560525],[114.2165746,22.4556764],[114.2165165,22.4554975],[114.2165257,22.4553991],[114.2165617,22.4553476],[114.2165975,22.4553286],[114.2166918,22.4553297],[114.2167329,22.4553163],[114.2167198,22.4552908],[114.2166514,22.4552569],[114.2166966,22.4552266],[114.21668,22.4552076],[114.2166217,22.4552473]],[[114.2187933,22.455722],[114.2187892,22.455725],[114.2187669,22.4557486],[114.2187372,22.455764],[114.2186981,22.4557637],[114.2186009,22.4557358],[114.2185718,22.4557407],[114.218453,22.455912],[114.2184009,22.4559573],[114.2182957,22.4559599],[114.2182432,22.4559732],[114.2181929,22.456013],[114.2181722,22.4560559],[114.2181233,22.4561024],[114.2179904,22.4561587],[114.2179267,22.4561642],[114.2178322,22.4561451],[114.2175766,22.4560042],[114.217385,22.4559442],[114.2173288,22.4559154],[114.2171603,22.4557483],[114.2169271,22.4554188],[114.2169063,22.455411],[114.2171151,22.4558337],[114.21726,22.4560071],[114.2172746,22.4560509],[114.2172448,22.4560974],[114.216977,22.4562992],[114.2168446,22.4564606],[114.2166907,22.4565652],[114.2166395,22.4566518],[114.2165574,22.4567254],[114.2164644,22.4568453],[114.2164242,22.4569087],[114.216399,22.456974],[114.2163895,22.4570301],[114.2163938,22.4571583],[114.2164191,22.4573214],[114.2164347,22.4573575],[114.2164849,22.4574027],[114.2165338,22.4574226],[114.21667,22.4574245],[114.2167906,22.4573849],[114.2170404,22.4572283],[114.217149,22.4571391],[114.2172477,22.4570296],[114.217339,22.4569559],[114.2174276,22.4569153],[114.2176267,22.4569134],[114.2177397,22.4568962],[114.2179165,22.4568246],[114.2181589,22.4567848],[114.218345,22.4567976],[114.2186073,22.4567977],[114.2187908,22.4567746],[114.2189393,22.4567882],[114.2190915,22.4567793],[114.2192228,22.4567897],[114.2192917,22.4567778],[114.219382,22.456736],[114.2194663,22.4567289],[114.2195881,22.4565906],[114.2198102,22.4564757],[114.219964,22.4563788],[114.2200292,22.4562829],[114.2200578,22.4562072],[114.2200314,22.4561817],[114.2199523,22.4561488],[114.2198589,22.4560697],[114.2198422,22.4560359],[114.2198331,22.4559521],[114.2198001,22.4559117],[114.2196279,22.4558738],[114.2194681,22.4558029],[114.2193297,22.4557897],[114.2192947,22.4557717],[114.2192089,22.4556642],[114.2191196,22.4556509],[114.2190379,22.455625],[114.2189404,22.4556445],[114.2188369,22.4556903],[114.2187933,22.455722]],[[114.2221198,22.4632485],[114.2221485,22.4633045],[114.2221757,22.4633325],[114.2223484,22.4634391],[114.2224013,22.4634612],[114.2224386,22.4634667],[114.2224976,22.4634654],[114.2225365,22.4634645],[114.2226272,22.4634324],[114.2226639,22.4634023],[114.2227055,22.4633407],[114.2227427,22.4632559],[114.222753,22.4631915],[114.2227639,22.4629527],[114.2227274,22.4627527],[114.2227345,22.4626274],[114.2227136,22.4625833],[114.2225847,22.4624461],[114.2225663,22.4624124],[114.2225517,22.4623583],[114.2225522,22.4622358],[114.2225681,22.4621624],[114.2226394,22.4620845],[114.2226523,22.4620555],[114.2226678,22.4619478],[114.2226713,22.4617883],[114.2226879,22.4617551],[114.2227525,22.4616936],[114.2227826,22.4616186],[114.2228027,22.4614805],[114.2228031,22.4613873],[114.2227414,22.4611789],[114.2227499,22.4611613],[114.2227892,22.461149],[114.2227984,22.4611268],[114.2227899,22.4611053],[114.2227375,22.4610632],[114.2226928,22.4610601],[114.2226587,22.4610426],[114.2226259,22.4609976],[114.2225828,22.4608824],[114.2225567,22.4608571],[114.2224775,22.460814],[114.2224432,22.4607707],[114.2224469,22.4606934],[114.2224671,22.4606477],[114.2224769,22.4605559],[114.2225154,22.460421],[114.2225081,22.4603855],[114.2224862,22.4603604],[114.2224152,22.4603354],[114.2222816,22.4603245],[114.2221296,22.460368],[114.2220948,22.4603884],[114.2220441,22.4604627],[114.2219784,22.4604684],[114.2216743,22.4604306],[114.2215571,22.4604394],[114.2213568,22.4603969],[114.2212888,22.4603625],[114.2212146,22.4603491],[114.221153,22.4603504],[114.2211026,22.4603767],[114.22104,22.4604428],[114.2210307,22.460466],[114.2210394,22.4605275],[114.2210117,22.4605742],[114.220978,22.4605933],[114.2209378,22.4605984],[114.2208852,22.4606465],[114.2207319,22.4606522],[114.2206358,22.4605964],[114.2206165,22.4606001],[114.2206028,22.4606182],[114.2205957,22.4606848],[114.220564,22.4607127],[114.2204696,22.4607416],[114.2203662,22.4607219],[114.2203238,22.4607255],[114.220239,22.460773],[114.2201824,22.4608206],[114.2201536,22.4608676],[114.220148,22.4609004],[114.2201633,22.4609541],[114.2202632,22.46097],[114.2202874,22.46099],[114.220297,22.4611697],[114.2203302,22.4612966],[114.2203225,22.4613495],[114.2202889,22.4614611],[114.2202768,22.4614865],[114.2201603,22.4615678],[114.2201748,22.4615936],[114.2202425,22.4616281],[114.2202526,22.4616438],[114.2202091,22.4618078],[114.2201949,22.4619431],[114.2202733,22.4620644],[114.220313,22.4622133],[114.2203311,22.4622556],[114.2203709,22.4623044],[114.2204262,22.4623364],[114.2205302,22.4623664],[114.2206048,22.4623191],[114.2206556,22.4622869],[114.2207277,22.4622261],[114.2208594,22.4621711],[114.2211628,22.4621519],[114.2213117,22.4621785],[114.2214414,22.462264],[114.2214603,22.4623078],[114.2214634,22.4624124],[114.2214954,22.4624609],[114.2215462,22.4624808],[114.2216452,22.4624802],[114.2216797,22.4624938],[114.2217491,22.4625835],[114.2218705,22.4626838],[114.2219181,22.4628155],[114.2219347,22.4629587],[114.2219777,22.4631353],[114.2221047,22.4632299],[114.2221198,22.4632485]]]]},"properties":{"GmlID":"SRZ.4","OBJNAM":"T1 Plover Cove","INFORM":"The speed limit is 5 knots in this area between 8am and 12 midnight on any Saturday or public holiday or on any day during the period from 1 July to 15 September (both dates inclusive) in any year.","OBJECTID":4}},{"type":"Feature","geometry":{"type":"MultiPolygon","coordinates":[[[[114.2151113,22.4237093],[114.2151172,22.4232943],[114.2150972,22.4230331],[114.2150947,22.4230007],[114.2149968,22.4225261],[114.2148943,22.4221887],[114.2149471,22.4221691],[114.2148005,22.4218283],[114.2147431,22.4218501],[114.214641,22.4216534],[114.2145074,22.4214304],[114.2145157,22.4212729],[114.2145308,22.4209884],[114.2145687,22.4201417],[114.2146052,22.4193923],[114.2146397,22.4186559],[114.214641,22.4186342],[114.2146416,22.4186217],[114.2146433,22.4185937],[114.2146547,22.4184666],[114.2146031,22.418467],[114.2146054,22.4184277],[114.2146555,22.4184283],[114.2146555,22.4183956],[114.2146358,22.4183679],[114.2146043,22.4183593],[114.2145928,22.4183334],[114.2146277,22.4182739],[114.2146286,22.4182018],[114.2146125,22.418202],[114.2146028,22.4181754],[114.2145246,22.4179107],[114.2145011,22.4178588],[114.2144647,22.4177931],[114.2144235,22.4177108],[114.2144104,22.4176831],[114.2144051,22.4176678],[114.2143901,22.4176327],[114.2143773,22.4175906],[114.214318,22.4174364],[114.2142683,22.4173262],[114.2142556,22.4172916],[114.214247,22.4172648],[114.2142452,22.4172575],[114.2143739,22.417222],[114.2147171,22.4171275],[114.214697,22.4170645],[114.2142359,22.4171923],[114.2142355,22.4170274],[114.2142343,22.4170112],[114.2142323,22.4169851],[114.2142209,22.4169454],[114.2141375,22.416766],[114.2141188,22.4167015],[114.2141152,22.4166615],[114.2141162,22.4166386],[114.2141294,22.4165827],[114.2141468,22.416546],[114.2141669,22.4165171],[114.2142095,22.4164757],[114.2142298,22.4164617],[114.214282,22.4164322],[114.2144729,22.416321],[114.2145143,22.4162786],[114.2145468,22.4162169],[114.2145742,22.4160942],[114.2146812,22.4156133],[114.2146806,22.4155974],[114.2146713,22.4155791],[114.2146429,22.4155628],[114.2147828,22.4149285],[114.2143034,22.4135524],[114.2142214,22.4133171],[114.2142391,22.4133076],[114.2142506,22.4132931],[114.214255,22.4132756],[114.2142517,22.4132578],[114.214125,22.4129551],[114.2138417,22.4122782],[114.2137725,22.4121128],[114.213749,22.4120841],[114.2137198,22.4120678],[114.2136407,22.4120593],[114.2136863,22.4113627],[114.2137025,22.411113],[114.2137155,22.4109787],[114.2138615,22.4108591],[114.2139824,22.4107601],[114.2139924,22.4107518],[114.2141617,22.4106131],[114.2144485,22.410378],[114.2143307,22.4102517],[114.2143804,22.410209],[114.2145056,22.4103363],[114.2154573,22.4095595],[114.2155091,22.4096178],[114.2155074,22.4096852],[114.2154559,22.4097267],[114.2155335,22.409807],[114.2161997,22.4092649],[114.2161225,22.4091838],[114.2156415,22.4095793],[114.2155767,22.4095762],[114.2155119,22.4095074],[114.2157608,22.4093048],[114.2165774,22.4086375],[114.2170816,22.4082256],[114.2173506,22.4080059],[114.2166122,22.4072252],[114.2172789,22.4066987],[114.2173462,22.4066481],[114.2181337,22.4060557],[114.2183907,22.4063226],[114.2184506,22.4063798],[114.2186217,22.4064934],[114.2187792,22.4065305],[114.2189342,22.4065233],[114.2191142,22.4064635],[114.2192279,22.4063876],[114.2194245,22.4065908],[114.2193337,22.4066722],[114.2192621,22.4067543],[114.2191841,22.4069082],[114.2191766,22.4070192],[114.2191475,22.4070209],[114.2191502,22.4072076],[114.2192438,22.4073189],[114.2192598,22.4073071],[114.2192944,22.4073497],[114.2192784,22.4073612],[114.219318,22.4074083],[114.2196867,22.4078889],[114.2198436,22.408091],[114.2201925,22.4086181],[114.2205853,22.4093037],[114.2207768,22.4097024],[114.2209055,22.4099706],[114.2210529,22.4103312],[114.2212024,22.4106974],[114.2213981,22.4112797],[114.2214041,22.4113001],[114.2215041,22.4116468],[114.2215699,22.4119039],[114.2216353,22.4121607],[114.2216903,22.4123824],[114.2217482,22.4126158],[114.2218372,22.4129743],[114.2220198,22.4137101],[114.2228328,22.4169715],[114.222966,22.417496],[114.2230866,22.4179751],[114.2236636,22.420269],[114.2239148,22.4211131],[114.224017,22.4213999],[114.2151113,22.4237093]]]]},"properties":{"GmlID":"SRZ.5","OBJNAM":"T2 Sha Tin Hoi","INFORM":"The speed limit is 5 knots in this area between 8am and 12 midnight on any Saturday or public holiday or on any day during the period from 1 July to 15 September (both dates inclusive) in any year.","OBJECTID":5}},{"type":"Feature","geometry":{"type":"MultiPolygon","coordinates":[[[[114.2750193,22.415162],[114.2750384,22.4152595],[114.2750853,22.4153072],[114.275199,22.4154814],[114.2752325,22.4157099],[114.2753128,22.4158531],[114.2753479,22.4159641],[114.2753653,22.4160361],[114.275368,22.4160438],[114.2753969,22.4161245],[114.275431,22.4161973],[114.2754857,22.4162836],[114.2754947,22.4163224],[114.2755059,22.4163223],[114.2755165,22.4163323],[114.2755576,22.416395],[114.2755595,22.4164323],[114.2755465,22.4164437],[114.2756445,22.4165716],[114.2756581,22.4165675],[114.275675,22.4165902],[114.275707,22.4165872],[114.2757156,22.4165729],[114.2757299,22.4165799],[114.2757343,22.4166119],[114.2757059,22.4167026],[114.2756953,22.4167685],[114.2756683,22.4168435],[114.2756609,22.4168476],[114.2756624,22.4168659],[114.2756532,22.4168722],[114.2756641,22.4169102],[114.2756576,22.4169136],[114.2756594,22.4169349],[114.2756826,22.4170201],[114.2756957,22.4170152],[114.2757076,22.4170357],[114.2757289,22.4170362],[114.2757377,22.4170662],[114.2757117,22.417127],[114.2757076,22.4171737],[114.2757413,22.41727],[114.2757739,22.4173265],[114.2757641,22.4173679],[114.2757672,22.4174184],[114.2758161,22.4174802],[114.2758326,22.4175196],[114.2758425,22.4175743],[114.2758364,22.417595],[114.2758128,22.4176179],[114.2758092,22.4176709],[114.2757974,22.4176915],[114.2757698,22.4177072],[114.2757531,22.4177042],[114.2757218,22.4177123],[114.2757705,22.417815],[114.2757869,22.4178745],[114.2757895,22.4179188],[114.2758128,22.4179708],[114.2758159,22.4180131],[114.2758024,22.4180403],[114.2757889,22.4180385],[114.2757814,22.4180263],[114.2757718,22.4180284],[114.2757668,22.4180138],[114.2757515,22.4180272],[114.2757531,22.4180363],[114.2757393,22.4180438],[114.2757588,22.4180834],[114.2757505,22.4180877],[114.2757681,22.4181379],[114.2757753,22.418138],[114.2757919,22.4181756],[114.275802,22.4181727],[114.275835,22.4182381],[114.2758425,22.4182384],[114.2758655,22.418277],[114.2758799,22.4183571],[114.2759039,22.4184347],[114.2758947,22.418463],[114.2758532,22.4185067],[114.2758284,22.4185025],[114.2757609,22.4185119],[114.2757546,22.4185671],[114.2757475,22.4185629],[114.2757356,22.4185841],[114.275734,22.4186142],[114.2757537,22.4186396],[114.2757475,22.4186497],[114.2757848,22.4186962],[114.2757923,22.4186872],[114.2758244,22.4186952],[114.2758411,22.4186873],[114.2759037,22.4187856],[114.2759231,22.4187873],[114.2759392,22.4188066],[114.2759585,22.418813],[114.275964,22.4187972],[114.275976,22.4188051],[114.2759765,22.4187919],[114.2760357,22.4187815],[114.2760791,22.4187943],[114.2761552,22.4189106],[114.2761799,22.4190188],[114.2761926,22.4190382],[114.2762116,22.4190493],[114.2762269,22.4190483],[114.2762579,22.4190286],[114.2763454,22.4190212],[114.2763836,22.4190412],[114.27645,22.4190908],[114.2764974,22.4191263],[114.2766468,22.4191943],[114.2767195,22.4192049],[114.2768296,22.4192511],[114.2771829,22.4193519],[114.2777942,22.4194856],[114.2781094,22.4195871],[114.2780955,22.4195849],[114.278095,22.4195941],[114.2781833,22.4196093],[114.2783806,22.4196939],[114.2784978,22.419835],[114.2786453,22.4199342],[114.278731,22.4199521],[114.2788348,22.419956],[114.2788929,22.4199855],[114.2789278,22.4200345],[114.2789662,22.4201709],[114.2790482,22.420241],[114.2791798,22.420427],[114.2792565,22.4204878],[114.2793223,22.4205735],[114.2793666,22.42061],[114.279441,22.4206493],[114.279556,22.4206811],[114.2796267,22.4206851],[114.2796881,22.4206729],[114.2796639,22.4207463],[114.2797234,22.4208016],[114.2798848,22.4208592],[114.2800056,22.4209868],[114.2801191,22.4210213],[114.2803888,22.421157],[114.2804708,22.4212519],[114.2806531,22.4213504],[114.2807221,22.4214026],[114.2808074,22.421513],[114.2809437,22.4215353],[114.2810882,22.4216065],[114.2811601,22.4216665],[114.2813204,22.4217043],[114.2813732,22.4217271],[114.2814127,22.4217305],[114.2814381,22.4217182],[114.2815179,22.4217484],[114.2816645,22.4217812],[114.2817498,22.4218306],[114.2820477,22.4219527],[114.282651,22.4222536],[114.2829326,22.4224788],[114.2830062,22.4225741],[114.2831555,22.4226702],[114.2833373,22.4228486],[114.2833486,22.4228734],[114.2833469,22.4229116],[114.2833338,22.4229322],[114.2832605,22.4229731],[114.2832251,22.4230285],[114.2832293,22.4230845],[114.2832892,22.4231521],[114.2835001,22.423272],[114.2836651,22.423341],[114.2837806,22.4234431],[114.2838818,22.4234438],[114.2839496,22.4233726],[114.2839893,22.4233561],[114.2840403,22.4233529],[114.2840653,22.4233688],[114.2840914,22.4234278],[114.2841192,22.4234538],[114.2842763,22.4234729],[114.2843754,22.4235337],[114.2844768,22.4236917],[114.2845039,22.4239076],[114.2845278,22.4240051],[114.2845782,22.4241341],[114.2846532,22.4242693],[114.2847463,22.4243833],[114.284927,22.4245347],[114.285003,22.4245778],[114.2851184,22.4246075],[114.2851806,22.4246499],[114.2852605,22.4247568],[114.2853595,22.424952],[114.2854416,22.4250303],[114.2855426,22.4250613],[114.2856095,22.4250557],[114.285705,22.4250121],[114.2859456,22.4250345],[114.2859674,22.4250287],[114.2859794,22.4250124],[114.2859787,22.4249589],[114.286029,22.4249571],[114.286034,22.4250094],[114.2860487,22.4250242],[114.28615,22.4250217],[114.2862117,22.4250324],[114.2864409,22.4251748],[114.2865345,22.4252021],[114.2868905,22.4252536],[114.2869366,22.4252487],[114.2870334,22.4252144],[114.28712,22.4252117],[114.2872877,22.4252494],[114.2874754,22.4252706],[114.2875162,22.4252908],[114.2876086,22.4253966],[114.287646,22.4254395],[114.2877293,22.4255006],[114.2877419,22.4255259],[114.2875239,22.4255029],[114.2874694,22.4255284],[114.2873165,22.4257938],[114.287294,22.4258592],[114.2872836,22.4259884],[114.2873043,22.4261348],[114.2873643,22.4262901],[114.2874033,22.4263534],[114.2874409,22.4263897],[114.2877772,22.4265106],[114.2878262,22.4264972],[114.2879073,22.4264455],[114.2879692,22.4263774],[114.2879864,22.426384],[114.2880002,22.4264096],[114.2878799,22.4265899],[114.2878542,22.426733],[114.2878197,22.42681],[114.287786,22.4268518],[114.2876945,22.4268946],[114.28766,22.4270188],[114.2876599,22.427058],[114.2876733,22.4270792],[114.2876981,22.4270862],[114.287723,22.4270793],[114.2878544,22.4269694],[114.2878852,22.4269571],[114.2879331,22.4269903],[114.2879823,22.4270769],[114.2880044,22.427077],[114.2880397,22.427009],[114.2880764,22.4268356],[114.2881761,22.4264947],[114.2882416,22.4263377],[114.2883293,22.4262085],[114.2885205,22.4259967],[114.2885644,22.4259739],[114.2887956,22.4259104],[114.2893548,22.4258581],[114.2895325,22.4258185],[114.2895683,22.4258404],[114.2895693,22.4259295],[114.2895567,22.4259345],[114.2894988,22.4259418],[114.289404,22.425929],[114.289154,22.4259269],[114.2890063,22.4259366],[114.2888252,22.425963],[114.2886465,22.4260066],[114.2885912,22.4260404],[114.2884402,22.4261796],[114.2883931,22.4262548],[114.2883702,22.4263666],[114.2883013,22.4264719],[114.288289,22.4265087],[114.2882896,22.426586],[114.2883655,22.4267839],[114.2884511,22.4269047],[114.2885622,22.4271378],[114.2885916,22.4272406],[114.2886279,22.4273073],[114.2886161,22.4273978],[114.2885675,22.4274765],[114.2885311,22.4275037],[114.2884258,22.4275297],[114.2884058,22.4275438],[114.288365,22.4277398],[114.2883743,22.4277738],[114.2884232,22.4278074],[114.2885373,22.4278353],[114.2886169,22.4280238],[114.2886335,22.4280402],[114.2887014,22.4279522],[114.2887669,22.4279257],[114.2888128,22.4279279],[114.2888498,22.4279485],[114.2888846,22.4279958],[114.2889782,22.4280782],[114.2890472,22.42812],[114.2891722,22.428166],[114.2893337,22.4283347],[114.2893644,22.428502],[114.2893791,22.4285549],[114.2893975,22.4285707],[114.2894943,22.428604],[114.2895623,22.4285741],[114.2896636,22.4284866],[114.2897984,22.4284094],[114.2898363,22.4284056],[114.2898302,22.428455],[114.2897955,22.428502],[114.2896359,22.4285726],[114.2894963,22.428699],[114.28943,22.4287772],[114.2892937,22.4287693],[114.2892201,22.428786],[114.2890892,22.4288501],[114.2888512,22.4289977],[114.2887009,22.429073],[114.2886582,22.42912],[114.2886257,22.4292254],[114.2886047,22.429263],[114.2885875,22.4292939],[114.2885509,22.42933],[114.288444,22.4293562],[114.2883548,22.4293539],[114.2880067,22.429229],[114.2879133,22.4291682],[114.2878658,22.4291604],[114.2877325,22.4291852],[114.2875816,22.4291806],[114.2875225,22.4291894],[114.2874236,22.4292315],[114.2872652,22.4293248],[114.2871034,22.4293689],[114.2868384,22.4294098],[114.2867885,22.4294441],[114.2867337,22.4295153],[114.286675,22.429567],[114.2865749,22.4295986],[114.2865243,22.429584],[114.2864188,22.4295061],[114.2863596,22.4294884],[114.2861545,22.4294757],[114.286086,22.4294408],[114.2859782,22.4294183],[114.2858735,22.429423],[114.2858111,22.429439],[114.2857351,22.429489],[114.2856637,22.429593],[114.2855961,22.4297427],[114.2855436,22.4298175],[114.2854922,22.4298621],[114.2854766,22.4299445],[114.2854252,22.4300313],[114.2854486,22.4301573],[114.2854484,22.4303316],[114.2854298,22.4304818],[114.2854528,22.4305411],[114.2854571,22.4305943],[114.2854353,22.4306582],[114.2854242,22.4306699],[114.2853842,22.4306667],[114.2853764,22.430642],[114.2853395,22.4306203],[114.2852779,22.4306237],[114.2852335,22.4306484],[114.285197,22.4306851],[114.2851302,22.4307892],[114.2851034,22.4309709],[114.2850838,22.4310214],[114.2850489,22.4310689],[114.2849976,22.431114],[114.284909,22.431172],[114.2848513,22.4312537],[114.284673,22.431392],[114.2843986,22.4315692],[114.2842936,22.4316654],[114.2840772,22.4317976],[114.2840304,22.4318366],[114.2839589,22.4319315],[114.2839066,22.4320704],[114.2838244,22.4321861],[114.2837845,22.432272],[114.2837022,22.4323396],[114.2836286,22.4325595],[114.2835646,22.4326426],[114.2835151,22.4327725],[114.2834975,22.4328976],[114.2834581,22.4329593],[114.28341,22.4330017],[114.2833976,22.4331143],[114.283423,22.4331718],[114.2834312,22.4332252],[114.2834075,22.4332973],[114.2833829,22.4335407],[114.2833949,22.433671],[114.2833886,22.4339095],[114.2833988,22.434055],[114.2834437,22.434284],[114.2834427,22.4345597],[114.2834732,22.4346311],[114.2834929,22.434786],[114.2835269,22.4348738],[114.2835413,22.4349898],[114.2835451,22.4352586],[114.2835668,22.4353113],[114.2834814,22.4353683],[114.2833954,22.4355102],[114.2832959,22.4355641],[114.2831243,22.4357366],[114.2829665,22.4358403],[114.2828392,22.4358679],[114.2827471,22.4358644],[114.2826139,22.4359265],[114.2825328,22.4359481],[114.2824964,22.4359686],[114.2824635,22.4360135],[114.27305,22.4265667],[114.2708251,22.4265667],[114.2708077,22.4263414],[114.2707788,22.426246],[114.270692,22.4261047],[114.2706647,22.4260347],[114.2706375,22.4258437],[114.2706742,22.4257454],[114.270916,22.4256208],[114.2709938,22.4255585],[114.2710207,22.42551],[114.2710324,22.4254545],[114.2710227,22.4252992],[114.270992,22.4252233],[114.2709421,22.425164],[114.2706042,22.4249376],[114.2705519,22.4249122],[114.2704902,22.4248625],[114.2704022,22.4247186],[114.2703354,22.4244325],[114.2703819,22.4242655],[114.27047,22.4241282],[114.2705495,22.4240683],[114.2707011,22.4239872],[114.2707625,22.4238899],[114.2707679,22.4238385],[114.2707497,22.4237892],[114.2707123,22.4237358],[114.2706302,22.4236684],[114.2706109,22.4236389],[114.2707069,22.4233426],[114.2707222,22.4231611],[114.2707099,22.4230732],[114.2706099,22.4227995],[114.2705985,22.4226933],[114.2704059,22.4223555],[114.2703032,22.4222581],[114.2702568,22.4222515],[114.2701333,22.4222621],[114.2700516,22.4222434],[114.2699681,22.4222449],[114.269835,22.422193],[114.2697201,22.4221248],[114.2697023,22.4221017],[114.2697107,22.4220672],[114.2697018,22.4220439],[114.2695625,22.421978],[114.2694871,22.4218777],[114.2693664,22.4218015],[114.2692614,22.4217101],[114.269201,22.4216342],[114.26917,22.4215523],[114.2690868,22.4214675],[114.2690215,22.4214347],[114.2689914,22.4214396],[114.2689705,22.4214583],[114.2689735,22.421453],[114.2690213,22.4213761],[114.2692317,22.4211555],[114.2693586,22.4210225],[114.2693517,22.4210161],[114.2692217,22.4211519],[114.2690121,22.4213709],[114.2689651,22.4214485],[114.2689517,22.4214721],[114.2689351,22.4214763],[114.268857,22.4214141],[114.2687575,22.4213913],[114.2685984,22.4214333],[114.2685446,22.4214362],[114.268518,22.4214213],[114.2684768,22.4213638],[114.2684193,22.421331],[114.2683813,22.4213307],[114.2683402,22.4213581],[114.2682629,22.4214506],[114.2682065,22.4214789],[114.2681327,22.4214977],[114.2680212,22.4215669],[114.2680053,22.4215986],[114.2680533,22.4216492],[114.2680204,22.4216754],[114.2679758,22.4216839],[114.2678397,22.4216694],[114.2677981,22.4216533],[114.2677207,22.4216959],[114.267656,22.4216458],[114.2675378,22.4215966],[114.2674195,22.4214631],[114.2674026,22.4214159],[114.2674023,22.4213193],[114.2673644,22.421234],[114.2673562,22.421157],[114.2673064,22.4210873],[114.2673023,22.4210598],[114.2673156,22.4210274],[114.2674154,22.420939],[114.2674461,22.4208764],[114.2674952,22.4208216],[114.2676028,22.420766],[114.2676016,22.4207175],[114.2675315,22.4206598],[114.2675384,22.4206172],[114.2675973,22.4205574],[114.2676811,22.4204205],[114.2677392,22.4203772],[114.2677796,22.4203199],[114.2678483,22.4201864],[114.2678587,22.4200988],[114.2678952,22.4200413],[114.2679437,22.4199078],[114.2680441,22.4197102],[114.2681348,22.4196094],[114.2682094,22.4193273],[114.2682575,22.4190717],[114.2682962,22.4189658],[114.2683114,22.4188905],[114.2683157,22.4187644],[114.2683326,22.418724],[114.2683963,22.4186875],[114.268873,22.4185922],[114.2689663,22.4185505],[114.269003,22.4185136],[114.2690992,22.4185109],[114.2692143,22.4184893],[114.2692688,22.4184924],[114.2694045,22.4184029],[114.2694368,22.4184096],[114.2694575,22.418436],[114.2695006,22.4184463],[114.2696028,22.4184167],[114.2696384,22.4183897],[114.2696673,22.418336],[114.2696967,22.4182073],[114.2697265,22.4181458],[114.269752,22.4180506],[114.2698244,22.4179161],[114.2698251,22.4178803],[114.2697943,22.4177758],[114.2698053,22.4174706],[114.2698567,22.417329],[114.2699177,22.4171008],[114.2699934,22.4170024],[114.2700796,22.4168443],[114.2700562,22.4166763],[114.2700946,22.4165615],[114.2701544,22.4165081],[114.27029,22.4164318],[114.2703124,22.416412],[114.270361,22.4163632],[114.2704307,22.4163026],[114.2705015,22.4161899],[114.2705353,22.4161802],[114.270596,22.4161959],[114.270644,22.416176],[114.2707583,22.4160846],[114.2708693,22.4159622],[114.2709359,22.4159288],[114.2710698,22.4157554],[114.2711131,22.4156735],[114.2711662,22.4156048],[114.2711956,22.4155089],[114.271238,22.4154618],[114.2713115,22.4154168],[114.2714164,22.4153719],[114.2714993,22.415263],[114.2717864,22.415077],[114.2718672,22.4150271],[114.2719272,22.4150291],[114.2719948,22.4149919],[114.2720213,22.414923],[114.2720544,22.4148875],[114.2720433,22.4148404],[114.2721682,22.4147163],[114.2723274,22.4145845],[114.2724372,22.4144593],[114.2725518,22.414387],[114.2725693,22.414335],[114.2726586,22.4142053],[114.2727796,22.4140909],[114.2728757,22.4139471],[114.2729927,22.4138506],[114.2730286,22.4137915],[114.2730813,22.4136511],[114.2731766,22.4135326],[114.2733875,22.4133736],[114.2734913,22.413328],[114.2735511,22.4132494],[114.2736668,22.4131971],[114.2736959,22.4131965],[114.2738396,22.4131401],[114.2739152,22.41309],[114.2739277,22.4130584],[114.2739588,22.4130334],[114.2739527,22.4131129],[114.2739686,22.4131238],[114.2740422,22.4130917],[114.2741304,22.4130957],[114.274212,22.4130383],[114.2742128,22.4130168],[114.2741797,22.4129454],[114.2741096,22.4128961],[114.2741002,22.4128775],[114.2741071,22.4127643],[114.2740967,22.4126794],[114.274156,22.4125654],[114.2741598,22.4125393],[114.2741474,22.4124666],[114.2741529,22.4123898],[114.2741355,22.4123423],[114.2741385,22.4122887],[114.2741042,22.4121696],[114.2741045,22.4120707],[114.2741553,22.4119256],[114.2742127,22.4118284],[114.2742644,22.4116916],[114.274338,22.4116219],[114.2743634,22.4115466],[114.2746117,22.4111958],[114.2746536,22.4112138],[114.2746948,22.4111487],[114.2747452,22.4111578],[114.274776,22.4110751],[114.2747558,22.411065],[114.274756,22.4110421],[114.2747621,22.4110278],[114.2749475,22.4107635],[114.2750044,22.4107311],[114.2751465,22.4105331],[114.2752368,22.4104417],[114.2753677,22.4101608],[114.2754718,22.4099696],[114.2755212,22.4099122],[114.2755937,22.4097967],[114.2757319,22.4094985],[114.2757713,22.40938],[114.2758099,22.4093226],[114.2759125,22.4092225],[114.2760933,22.4091072],[114.276182,22.4090189],[114.2762118,22.409017],[114.2762313,22.4090485],[114.276238,22.4091],[114.2761914,22.4092805],[114.2761928,22.4093293],[114.2762037,22.4093514],[114.2763312,22.4094421],[114.2763589,22.4095419],[114.2763999,22.409605],[114.2763873,22.4097184],[114.2763671,22.4098261],[114.2763359,22.4099052],[114.2763131,22.4101279],[114.2762445,22.4102793],[114.2762065,22.410325],[114.2762079,22.4104101],[114.2761355,22.4105417],[114.2760661,22.4108357],[114.2760335,22.4108907],[114.2760454,22.4110371],[114.2760161,22.411071],[114.2760068,22.4111615],[114.275958,22.4112538],[114.2758941,22.4112942],[114.2758772,22.4113214],[114.2758805,22.4113553],[114.2759572,22.4115101],[114.2759579,22.411566],[114.2759091,22.4116691],[114.2758042,22.4117442],[114.2757967,22.4118467],[114.2757528,22.4119508],[114.2757404,22.4120096],[114.2757669,22.4122331],[114.2758045,22.4123269],[114.275896,22.4124583],[114.2759456,22.4126072],[114.2759452,22.4126654],[114.2759704,22.4127419],[114.2759715,22.4127815],[114.2760221,22.4128519],[114.2760267,22.4130033],[114.2759886,22.413134],[114.2759724,22.4132465],[114.2758962,22.4133404],[114.2757342,22.4136045],[114.2756736,22.4137931],[114.2756566,22.4139105],[114.2755657,22.4140186],[114.2755167,22.4141109],[114.27547,22.4141506],[114.2753699,22.4142008],[114.2752937,22.4142853],[114.2751846,22.4145623],[114.2751073,22.4146756],[114.2750537,22.4148358],[114.2750368,22.4149212],[114.2750295,22.4150947],[114.2743178,22.4152828],[114.2742991,22.4153166],[114.2743489,22.4153387],[114.2750193,22.415162]],[[114.2759744,22.4189529],[114.2759438,22.4189514],[114.2759365,22.4189756],[114.2759577,22.4190043],[114.2759517,22.4190155],[114.2759894,22.4190328],[114.2759833,22.4190474],[114.2760933,22.4190887],[114.2760963,22.4191061],[114.2761696,22.4191571],[114.2762247,22.4191272],[114.2762198,22.4190986],[114.2761368,22.4190567],[114.2760601,22.4189936],[114.2759744,22.4189529]],[[114.2723827,22.4155331],[114.2739432,22.415402],[114.273979,22.4153637],[114.2739459,22.4153399],[114.2723679,22.4154751],[114.2723595,22.4154746],[114.2723539,22.4154682],[114.2722955,22.4153794],[114.2721887,22.4152964],[114.2721624,22.4153272],[114.2721335,22.415338],[114.2719667,22.4153359],[114.2719561,22.4153454],[114.2719583,22.4153834],[114.2719112,22.4154636],[114.2718634,22.4155147],[114.2718588,22.4155392],[114.2718604,22.415545],[114.2718821,22.4156181],[114.2718836,22.4156794],[114.2718515,22.4157732],[114.2718709,22.4157951],[114.2719474,22.4158024],[114.2719909,22.4158496],[114.2720203,22.415859],[114.2721643,22.415839],[114.2723156,22.415774],[114.272373,22.4156999],[114.2723776,22.4156766],[114.2723572,22.4156288],[114.2723554,22.4155818],[114.2723675,22.4155473],[114.2723765,22.4155388],[114.2723827,22.4155331]],[[114.2736209,22.4259338],[114.2736185,22.4258912],[114.2735983,22.4258209],[114.2736436,22.4257405],[114.2736337,22.425643],[114.2736589,22.4255049],[114.2736567,22.4254471],[114.2736304,22.4252784],[114.2735647,22.4251349],[114.273445,22.4249676],[114.2732747,22.4248148],[114.2732,22.4246439],[114.2730732,22.4245588],[114.2730108,22.4245343],[114.2729723,22.4245344],[114.2729301,22.4245696],[114.2728611,22.4246941],[114.2727711,22.4247765],[114.2726446,22.4248362],[114.2725853,22.4250199],[114.2725513,22.4250691],[114.2725199,22.4251537],[114.2724366,22.4252758],[114.272386,22.4253727],[114.2724105,22.425431],[114.2724278,22.4255339],[114.2724623,22.4255744],[114.2724807,22.4256213],[114.2724996,22.4258208],[114.2725607,22.4261046],[114.2725784,22.4261243],[114.272735,22.4262222],[114.2727723,22.4262525],[114.2727737,22.4262536],[114.2728009,22.4262881],[114.2728432,22.4263716],[114.2728865,22.4264082],[114.2729377,22.4264925],[114.2729951,22.4265473],[114.2730454,22.4265625],[114.2731973,22.4265393],[114.273288,22.426478],[114.2733583,22.4263994],[114.2733885,22.4263125],[114.2734196,22.4262626],[114.273527,22.4261479],[114.2735511,22.4261022],[114.2735831,22.4260146],[114.273621,22.4259345],[114.2736209,22.4259338]]]]},"properties":{"GmlID":"SRZ.6","OBJNAM":"T4 Three Fathoms Cove","INFORM":"The speed limit is 5 knots in this area between 8am and 12 midnight on any Saturday or public holiday or on any day during the period from 1 July to 15 September (both dates inclusive) in any year.","OBJECTID":6}},{"type":"Feature","geometry":{"type":"MultiPolygon","coordinates":[[[[114.2282604,22.4278198],[114.2289799,22.4279228],[114.2313054,22.4282563],[114.2325503,22.4276542],[114.2336286,22.4271407],[114.2336605,22.4271313],[114.2336939,22.4271308],[114.2338019,22.4271547],[114.2338602,22.427221],[114.2338254,22.4272461],[114.2337999,22.4272555],[114.233737,22.4272969],[114.2336892,22.4273603],[114.2335902,22.4274191],[114.2335423,22.4274233],[114.2335034,22.4274514],[114.2334649,22.4275391],[114.2334948,22.4275914],[114.2335402,22.4276209],[114.2337288,22.427685],[114.2341299,22.4278002],[114.2342516,22.4278631],[114.234493,22.4280575],[114.2348078,22.428287],[114.2349845,22.4284394],[114.2350157,22.4284684],[114.2350209,22.4284849],[114.2342921,22.4292166],[114.2342565,22.4292523],[114.2342332,22.4292759],[114.2342295,22.429288],[114.2342289,22.4292997],[114.2342309,22.4293113],[114.2342359,22.429323],[114.2342462,22.429336],[114.2342505,22.4293397],[114.234252,22.4293404],[114.2340979,22.429491],[114.2340201,22.4294223],[114.2339849,22.4294567],[114.2340868,22.4295458],[114.2342743,22.4293624],[114.2342838,22.4293673],[114.2343062,22.4293729],[114.2343207,22.4293728],[114.2343274,22.4293718],[114.2343359,22.4293696],[114.2343399,22.4293682],[114.2343637,22.4293457],[114.2344337,22.4292769],[114.2351096,22.4286005],[114.2351463,22.4286237],[114.2352013,22.4286594],[114.2352674,22.4287176],[114.2353162,22.4287637],[114.2353619,22.4288258],[114.2353769,22.4288761],[114.2354081,22.4289166],[114.2354186,22.4289588],[114.2354493,22.4290305],[114.2355111,22.429115],[114.2355329,22.4291763],[114.2355385,22.4292451],[114.2355796,22.4292956],[114.2356458,22.4293451],[114.2356779,22.429362],[114.2356847,22.4293752],[114.2356883,22.4293966],[114.23568,22.4294371],[114.2356807,22.4294587],[114.235686,22.4294658],[114.2357073,22.4294789],[114.2357296,22.4294906],[114.2357539,22.4295014],[114.2357587,22.4295032],[114.2358226,22.429538],[114.2358846,22.4295917],[114.2360335,22.4296905],[114.2361001,22.4297457],[114.2361871,22.4297898],[114.2364251,22.4298617],[114.2365807,22.4299721],[114.2366486,22.4300276],[114.2369193,22.4302843],[114.237296,22.430686],[114.2373298,22.4307079],[114.237513,22.4307927],[114.2376997,22.4308459],[114.2375173,22.4310798],[114.2374029,22.4312013],[114.237407,22.4312044],[114.2375448,22.4310603],[114.2377112,22.43085],[114.2378488,22.4308619],[114.2380582,22.4309351],[114.2381543,22.430958],[114.2382329,22.4309672],[114.2382537,22.4309676],[114.2382923,22.4309715],[114.2383275,22.4309807],[114.2383803,22.4309964],[114.2384873,22.4310494],[114.2385083,22.4310866],[114.2385493,22.4312386],[114.238586,22.431308],[114.2388586,22.4317163],[114.2389622,22.4319589],[114.2390289,22.4321867],[114.2390893,22.4326909],[114.2390952,22.4328343],[114.2390869,22.4330137],[114.2390996,22.433234],[114.2390408,22.433324],[114.2389356,22.4337914],[114.2387971,22.4342237],[114.2387855,22.4342356],[114.2387448,22.4343081],[114.2387181,22.4343941],[114.238681,22.4344464],[114.2386136,22.4344999],[114.2384795,22.4345442],[114.2383941,22.4345826],[114.2382438,22.4346298],[114.2381666,22.4346446],[114.2380864,22.4346721],[114.2380013,22.4346918],[114.2378593,22.4347525],[114.2378289,22.4347571],[114.2378203,22.4347599],[114.2378163,22.4347618],[114.2378106,22.4347645],[114.2377946,22.4347753],[114.2376966,22.4348691],[114.2376763,22.4349022],[114.2376147,22.4349558],[114.2375961,22.4349581],[114.2375717,22.4349706],[114.2375148,22.4350351],[114.2374624,22.4350823],[114.2373992,22.4351598],[114.23724,22.4353222],[114.2372041,22.4353589],[114.2371456,22.4354312],[114.2370854,22.4355415],[114.2370789,22.435547],[114.2370408,22.4355479],[114.2370145,22.4355381],[114.2369819,22.4355161],[114.236954,22.4355239],[114.2369481,22.4355375],[114.2369896,22.4355561],[114.236999,22.4355868],[114.2370004,22.4357084],[114.2369926,22.4357561],[114.2369933,22.4357912],[114.2370297,22.4359277],[114.2370199,22.435959],[114.2369992,22.4359964],[114.2369964,22.4360426],[114.2370042,22.4360682],[114.237043,22.4361224],[114.2370532,22.4361494],[114.2282604,22.4278198]]]]},"properties":{"GmlID":"SRZ.7","OBJNAM":"T5 Wu Kai Sha","INFORM":"The speed limit is 5 knots in this area between 8am and 12 midnight on any Saturday or public holiday or on any day during the period from 1 July to 15 September (both dates inclusive) in any year.","OBJECTID":7}},{"type":"Feature","geometry":{"type":"MultiPolygon","coordinates":[[[[114.1993437,22.4578533],[114.1993897,22.4578711],[114.1994208,22.457868],[114.1994475,22.4578415],[114.1994647,22.4577926],[114.1995326,22.4578105],[114.1995515,22.4577889],[114.1995324,22.4577538],[114.199468,22.4577122],[114.1994652,22.4576663],[114.199441,22.4576314],[114.1993357,22.4575528],[114.1993316,22.4575324],[114.1993718,22.4574942],[114.1993613,22.4574722],[114.1993276,22.4574571],[114.1992588,22.4574753],[114.1991819,22.4575103],[114.1991685,22.4575314],[114.1989486,22.4574012],[114.198795,22.4573659],[114.1987213,22.4573242],[114.1985631,22.4573017],[114.1985079,22.4572791],[114.1984118,22.4572857],[114.1983244,22.457261],[114.1983084,22.4572412],[114.1983085,22.4572386],[114.2096806,22.449835],[114.2096831,22.4498429],[114.2097283,22.4498838],[114.2097797,22.4498891],[114.2097937,22.4498999],[114.209809,22.4499283],[114.2098142,22.4499865],[114.2098729,22.4500291],[114.2099026,22.4500653],[114.2099346,22.4500766],[114.2099892,22.4500616],[114.2101141,22.4500655],[114.2102627,22.4501279],[114.2103279,22.4501859],[114.2104011,22.4502828],[114.2105314,22.450537],[114.2105588,22.4505684],[114.210724,22.450619],[114.2108616,22.4506798],[114.2110324,22.4508003],[114.2111783,22.4508184],[114.2112164,22.4508386],[114.2113288,22.4510356],[114.2113639,22.4511513],[114.2114903,22.4513984],[114.2115376,22.4515547],[114.2115485,22.4516406],[114.2115963,22.4517559],[114.2116151,22.4517876],[114.2116499,22.451826],[114.2117496,22.4519698],[114.2117735,22.4520626],[114.2118361,22.4521372],[114.2118608,22.4522191],[114.2119498,22.4523139],[114.2120445,22.4524147],[114.21216,22.4525048],[114.2121822,22.4525181],[114.2121822,22.4525181],[114.2115372,22.4533617],[114.211535,22.4533608],[114.2115013,22.4533576],[114.211441,22.4533755],[114.2114215,22.4533923],[114.2107323,22.4543176],[114.2107035,22.4543564],[114.2095773,22.4558547],[114.2092651,22.4562702],[114.2089827,22.456646],[114.2088211,22.4566789],[114.2086118,22.4566496],[114.208451,22.4566086],[114.2082849,22.4565662],[114.2082446,22.4565659],[114.2080954,22.4565885],[114.2080258,22.4565932],[114.2079733,22.4565883],[114.2079104,22.4565719],[114.2078055,22.4565642],[114.2076373,22.4566386],[114.2074566,22.456791],[114.2072123,22.4570474],[114.2071177,22.4571262],[114.2069815,22.4571871],[114.2067273,22.4573703],[114.2065925,22.4574362],[114.2064533,22.4574217],[114.2063447,22.4574401],[114.2062425,22.4574858],[114.2062188,22.457504],[114.2061999,22.4575269],[114.2060881,22.4574982],[114.2059756,22.4574574],[114.2059235,22.4574327],[114.2059,22.457422],[114.2057558,22.4573542],[114.2056351,22.4572988],[114.2054763,22.4572279],[114.2050231,22.4580703],[114.2049563,22.4582057],[114.204819,22.4584511],[114.2048088,22.4584699],[114.2047259,22.4584946],[114.2047102,22.4585175],[114.2045295,22.4584324],[114.2045198,22.4584501],[114.2046986,22.4585342],[114.2046585,22.4585928],[114.2044228,22.4584799],[114.2044116,22.4584999],[114.2046455,22.4586118],[114.2046285,22.4586367],[114.2046579,22.4586491],[114.2046157,22.4587271],[114.2045853,22.4587138],[114.2045737,22.458709],[114.2045742,22.4587079],[114.2045211,22.4586847],[114.2045206,22.4586855],[114.2044799,22.4586681],[114.2044845,22.4586586],[114.2043476,22.4586007],[114.2043352,22.458626],[114.2044717,22.4586845],[114.2044757,22.4586763],[114.2045166,22.4586938],[114.2045076,22.4587121],[114.2045016,22.4587127],[114.2044931,22.4587238],[114.2044797,22.4587354],[114.2044623,22.458767],[114.2045019,22.4587857],[114.2045598,22.4588152],[114.2045858,22.4588274],[114.2045752,22.458847],[114.2043523,22.4587443],[114.2043421,22.4587658],[114.2045638,22.4588681],[114.2045324,22.4589262],[114.2044532,22.4588893],[114.2043948,22.4588624],[114.2041738,22.4592709],[114.203818,22.4591382],[114.2034176,22.4589817],[114.2030656,22.4588447],[114.2031061,22.4592411],[114.2031471,22.4596321],[114.2031536,22.4596941],[114.203119,22.4597262],[114.2031132,22.4597375],[114.2031203,22.4598468],[114.2031064,22.4598644],[114.2026335,22.4597628],[114.2025862,22.4597359],[114.2025479,22.4597797],[114.2025148,22.4597913],[114.2023965,22.4597885],[114.2023145,22.4598095],[114.2021086,22.4597964],[114.2017778,22.4597341],[114.2015819,22.459666],[114.2013599,22.4596101],[114.2011717,22.4595268],[114.2009179,22.4594772],[114.2008401,22.4594438],[114.2007485,22.4593965],[114.2006652,22.4593469],[114.2006594,22.4593241],[114.1997035,22.458765],[114.1994462,22.4585087],[114.1991565,22.4580678],[114.1990929,22.4580541],[114.1991105,22.4579825],[114.1993437,22.4578533]],[[114.2046142,22.4586307],[114.2046162,22.4586253],[114.2045983,22.4586195],[114.2045164,22.4585911],[114.2045145,22.458596],[114.2045965,22.4586242],[114.2046142,22.4586307]],[[114.210458,22.4506428],[114.2104641,22.4506496],[114.210472,22.4506508],[114.2104793,22.4506502],[114.2104927,22.4506434],[114.2105103,22.4506298],[114.2105259,22.4506141],[114.210529,22.4506078],[114.2105296,22.4506005],[114.2105278,22.4505972],[114.2104823,22.4505988],[114.2104714,22.4506085],[114.2104622,22.4506203],[114.2104555,22.4506373],[114.210458,22.4506428]]]]},"properties":{"GmlID":"SRZ.8","OBJNAM":"T6 Sam Mun Tsai","INFORM":"The speed limit is 5 knots in this area between 8am and 12 midnight on any Saturday or public holiday or on any day during the period from 1 July to 15 September (both dates inclusive) in any year.","OBJECTID":8}},{"type":"Feature","geometry":{"type":"MultiPolygon","coordinates":[[[[114.3362092,22.3587949],[114.3361941,22.3588112],[114.3361847,22.3588444],[114.3361708,22.3588071],[114.336146,22.3588052],[114.3361365,22.3588193],[114.3361416,22.358847],[114.3361236,22.3588552],[114.3360827,22.3588996],[114.336061,22.358905],[114.3360201,22.3589011],[114.3360357,22.3589638],[114.3360285,22.3589779],[114.3360129,22.3589758],[114.336005,22.3589062],[114.3359853,22.3588957],[114.3359762,22.3589039],[114.3359913,22.358964],[114.3359707,22.3589675],[114.3359673,22.3589277],[114.335951,22.3589208],[114.3359383,22.3589369],[114.3359418,22.3589746],[114.3359346,22.358987],[114.3359246,22.3589837],[114.3359125,22.3589404],[114.3358994,22.3589262],[114.335886,22.3589276],[114.3380153,22.3543554],[114.3380259,22.3543907],[114.3380204,22.3544183],[114.3380151,22.3544313],[114.3380115,22.3544677],[114.3380133,22.354471],[114.3380175,22.3544719],[114.3380227,22.3544653],[114.3380237,22.3544459],[114.338028,22.3544269],[114.3380318,22.3544218],[114.3380347,22.3544231],[114.338038,22.3544305],[114.3380385,22.3544384],[114.3380296,22.3544849],[114.3380307,22.3544901],[114.3380367,22.3544958],[114.3380432,22.3544947],[114.338047,22.3544914],[114.3380517,22.3544837],[114.3380764,22.3544787],[114.3380955,22.3544791],[114.3380983,22.3544815],[114.3380862,22.3545032],[114.3380844,22.3545122],[114.3380894,22.3545251],[114.338097,22.3545311],[114.3381261,22.3545442],[114.3381294,22.3545479],[114.3381304,22.3545549],[114.3381271,22.3545618],[114.3381175,22.3545731],[114.338115,22.3545807],[114.3381178,22.3545903],[114.3381349,22.3546051],[114.3381362,22.3546166],[114.3381143,22.3546488],[114.3381144,22.3546548],[114.3381204,22.3546648],[114.3381272,22.3546716],[114.3381336,22.3546736],[114.3381388,22.3546721],[114.338151,22.3546386],[114.3381777,22.3546521],[114.3381944,22.3546396],[114.3382115,22.354631],[114.3382487,22.3546337],[114.338278,22.3546451],[114.3382971,22.3546645],[114.3383141,22.3546916],[114.3383447,22.3547133],[114.3383607,22.3547184],[114.3383756,22.354718],[114.3384025,22.3547084],[114.3384262,22.3547114],[114.3384371,22.3547088],[114.3384464,22.3546993],[114.3384516,22.3546868],[114.3384521,22.3546644],[114.3384583,22.3546359],[114.3384718,22.354614],[114.3384909,22.3545906],[114.3385374,22.354543],[114.338542,22.3545383],[114.3385821,22.3545144],[114.3387305,22.3545179],[114.3387971,22.3545011],[114.3388291,22.3545025],[114.3388909,22.3545228],[114.3389441,22.3545508],[114.3390494,22.3545949],[114.3390748,22.3546002],[114.3391017,22.3546192],[114.3391311,22.3546487],[114.3391606,22.3546638],[114.3391659,22.3546754],[114.3391776,22.3546861],[114.3392254,22.3547036],[114.339233,22.3547014],[114.3392571,22.3546801],[114.3392664,22.3546764],[114.3392784,22.3546783],[114.3392989,22.3546892],[114.3393126,22.3546899],[114.3393812,22.3546789],[114.3394844,22.3546778],[114.3395165,22.3546836],[114.3395618,22.3547084],[114.3395885,22.3547131],[114.3396033,22.3547106],[114.3396543,22.3546882],[114.3396724,22.3546867],[114.3397489,22.3546991],[114.3399294,22.3547513],[114.3400002,22.3547527],[114.3400171,22.3547654],[114.3400381,22.3548145],[114.3400619,22.3548249],[114.3400795,22.35482],[114.3401,22.3547988],[114.3401208,22.3547364],[114.3401444,22.3546889],[114.3401584,22.3546805],[114.3402702,22.3547064],[114.3403206,22.3547337],[114.3403858,22.3547432],[114.3404324,22.3547432],[114.3404778,22.3547391],[114.3405123,22.3547347],[114.34055,22.3547262],[114.3406204,22.3546976],[114.3406587,22.3546732],[114.3407372,22.3545971],[114.3407592,22.3545296],[114.3408066,22.3545353],[114.3408595,22.3545264],[114.3409068,22.3545067],[114.3410105,22.3544217],[114.34111,22.3543747],[114.3411482,22.3543297],[114.3411841,22.3543019],[114.3412499,22.3542684],[114.341328,22.3542442],[114.341396,22.3542052],[114.3414306,22.3541981],[114.3415161,22.3542],[114.341616,22.3541675],[114.3417629,22.3541482],[114.342033,22.354021],[114.3420397,22.3540266],[114.3419574,22.3541214],[114.3419648,22.354157],[114.3420255,22.354208],[114.3420357,22.3542271],[114.3420301,22.3542851],[114.3420342,22.3543805],[114.3420205,22.3544789],[114.3420242,22.3545431],[114.3420479,22.3546995],[114.3420929,22.354803],[114.3421006,22.3548367],[114.3421138,22.3548839],[114.34184,22.3552762],[114.3417974,22.3553275],[114.3417177,22.3554237],[114.3417024,22.3554141],[114.3415802,22.355587],[114.3413238,22.3554628],[114.3412918,22.3555189],[114.341319,22.3555324],[114.3413372,22.3555019],[114.3415622,22.3556128],[114.3415337,22.3556527],[114.3416788,22.355738],[114.3415421,22.355957],[114.3414426,22.3560226],[114.3413859,22.3559611],[114.3413731,22.355971],[114.341433,22.3560361],[114.3413486,22.3561123],[114.3412153,22.3561676],[114.3412075,22.3561629],[114.3411962,22.3561263],[114.3411911,22.3561216],[114.3411841,22.3561225],[114.3411785,22.356136],[114.3411815,22.3561655],[114.3412005,22.3561954],[114.3411925,22.3562188],[114.3411544,22.3562748],[114.3411126,22.3563128],[114.3410701,22.3563421],[114.3410531,22.356366],[114.3410464,22.3563934],[114.3410541,22.3564605],[114.3410523,22.3564765],[114.3410215,22.3565561],[114.3409748,22.3566498],[114.340973,22.3566656],[114.3409789,22.3567042],[114.3409759,22.3567128],[114.3409418,22.356765],[114.3409031,22.3567685],[114.3408662,22.3567907],[114.3408604,22.3568145],[114.3408383,22.3568338],[114.340829,22.3568511],[114.3408144,22.356851],[114.3407737,22.3568706],[114.3407628,22.3568555],[114.3407567,22.3568182],[114.3407483,22.3568127],[114.340695,22.3568295],[114.3406658,22.3568339],[114.3405765,22.3568363],[114.3405165,22.3568706],[114.340503,22.3568829],[114.3404982,22.3569016],[114.3405068,22.3569107],[114.3405178,22.3569148],[114.340546,22.3569147],[114.3405734,22.3569072],[114.3406418,22.3569162],[114.340645,22.3569226],[114.3406402,22.3569285],[114.3406247,22.3569355],[114.3405329,22.356937],[114.3404021,22.3569477],[114.3403196,22.3569624],[114.3402645,22.3570189],[114.34026,22.3570494],[114.3402563,22.3570534],[114.3402044,22.3570531],[114.3401538,22.3570699],[114.3401268,22.3570739],[114.340103,22.3570865],[114.3400898,22.3571108],[114.3400828,22.3571471],[114.3400764,22.3571533],[114.3400491,22.3571624],[114.340023,22.3571924],[114.3399277,22.357204],[114.3399218,22.3572195],[114.3399149,22.3572241],[114.3398779,22.3572125],[114.3398596,22.3572146],[114.3398134,22.3572386],[114.3398012,22.3572487],[114.3397944,22.3572767],[114.3397878,22.357284],[114.3397694,22.357294],[114.3397466,22.3572987],[114.3397338,22.3573081],[114.3397238,22.357331],[114.3397029,22.3573456],[114.3396908,22.3573796],[114.339682,22.3573814],[114.3396673,22.3573756],[114.3396631,22.3573772],[114.3396648,22.357387],[114.3396606,22.3573925],[114.3396407,22.3573919],[114.3396307,22.3573975],[114.3396301,22.3574066],[114.3396366,22.357416],[114.3396195,22.3574239],[114.339617,22.3574291],[114.3396352,22.3574403],[114.3396368,22.3574473],[114.3395544,22.3574966],[114.3395208,22.3575042],[114.3394921,22.3575042],[114.3394414,22.3575366],[114.3393948,22.3575498],[114.3393547,22.3575671],[114.339295,22.3575789],[114.3392417,22.3575828],[114.3392291,22.3575798],[114.3392252,22.3575054],[114.3392053,22.3574973],[114.3392188,22.3574685],[114.3392078,22.357445],[114.3391724,22.3574323],[114.3391069,22.357432],[114.3390767,22.3574146],[114.3390654,22.3573868],[114.3390504,22.3573885],[114.3390278,22.3574132],[114.339043,22.3574321],[114.3390745,22.3574415],[114.3390617,22.3574547],[114.3390227,22.3574583],[114.3390198,22.3574281],[114.3390076,22.3574237],[114.3389546,22.3574334],[114.338878,22.3574751],[114.338869,22.357474],[114.3388574,22.3574505],[114.3388279,22.3574507],[114.3388172,22.3574681],[114.3388286,22.3575086],[114.338796,22.3575724],[114.338779,22.3576609],[114.3387443,22.3576969],[114.3387239,22.3577074],[114.3386952,22.3576999],[114.3386882,22.3577327],[114.3386596,22.3577396],[114.3386489,22.3577337],[114.338656,22.3577045],[114.3386229,22.3576936],[114.3386094,22.3576649],[114.3385827,22.3576562],[114.3385658,22.3576603],[114.3385812,22.3577528],[114.3385645,22.3577595],[114.3385235,22.3577461],[114.3385129,22.3577526],[114.3385174,22.3577807],[114.3384883,22.3578703],[114.3384748,22.3578554],[114.3384884,22.3577869],[114.3384775,22.3577796],[114.3384438,22.3577866],[114.3384204,22.357782],[114.3384025,22.3578105],[114.3383756,22.3578313],[114.3383602,22.3578644],[114.3383599,22.3578735],[114.3383785,22.3578778],[114.3383847,22.3578886],[114.3383423,22.3579622],[114.3383192,22.3579617],[114.3383168,22.3579896],[114.3382894,22.3579893],[114.3382397,22.3580063],[114.3382362,22.3580406],[114.3382488,22.3580602],[114.3383047,22.3580718],[114.3383323,22.3581034],[114.338297,22.3581011],[114.3382877,22.3581181],[114.3382988,22.3582018],[114.3383167,22.3582156],[114.3383491,22.3582095],[114.3383643,22.3582182],[114.3383636,22.3582355],[114.338344,22.3582738],[114.3383351,22.3583272],[114.3383188,22.3583494],[114.3382793,22.3583711],[114.338253,22.3583538],[114.3382429,22.3583553],[114.3382149,22.3583967],[114.3382165,22.358409],[114.3382319,22.35842],[114.3382247,22.3584368],[114.3381802,22.3584508],[114.3381668,22.3584658],[114.338162,22.3585003],[114.33814,22.3585331],[114.3381506,22.3585668],[114.3381248,22.358613],[114.3381414,22.3586792],[114.3381108,22.3587216],[114.3381058,22.3588027],[114.3380828,22.3588006],[114.3380727,22.3588145],[114.3380611,22.3589063],[114.3380355,22.3589804],[114.3380367,22.3589977],[114.3380515,22.3590078],[114.3380423,22.3590309],[114.338026,22.3590156],[114.3380123,22.3590264],[114.3379977,22.3590794],[114.3379735,22.3591213],[114.3379626,22.3591594],[114.3379163,22.359134],[114.3379046,22.3591342],[114.3378995,22.3591395],[114.337873,22.3592193],[114.3378188,22.3592886],[114.3378063,22.3593143],[114.3377928,22.3593676],[114.3377822,22.3593802],[114.3377327,22.3594098],[114.3377082,22.3594025],[114.3376823,22.3593747],[114.3376741,22.3593812],[114.3376723,22.3593979],[114.3376649,22.3594077],[114.3375987,22.3594253],[114.3375602,22.359446],[114.3375388,22.3594514],[114.337524,22.3594632],[114.3375052,22.3594893],[114.3374819,22.3595077],[114.3374381,22.3595652],[114.337436,22.3595786],[114.3374529,22.3596139],[114.3374508,22.3596366],[114.3374446,22.3596453],[114.3374013,22.3596737],[114.3373897,22.3596779],[114.3373064,22.3596815],[114.3372834,22.3596585],[114.3372497,22.359634],[114.3372309,22.3596065],[114.3372125,22.3595915],[114.3371954,22.3595952],[114.3371359,22.3596274],[114.3370095,22.3597082],[114.3369872,22.3597421],[114.3369544,22.3597582],[114.3369374,22.3597835],[114.3369212,22.3597979],[114.336913,22.3597952],[114.3368751,22.3597384],[114.3368678,22.3597342],[114.3368439,22.3597386],[114.3368149,22.3597563],[114.3367756,22.3597609],[114.3367355,22.3597826],[114.3366964,22.3597898],[114.3366624,22.3597749],[114.336626,22.3597418],[114.3365949,22.3597421],[114.3365879,22.3597336],[114.3365803,22.3596923],[114.3365779,22.3596178],[114.3365654,22.3595729],[114.3365401,22.3595181],[114.3364924,22.3594409],[114.3364564,22.3593535],[114.3364456,22.3593374],[114.3364459,22.3593297],[114.3364474,22.3592865],[114.336437,22.3592226],[114.3364008,22.35914],[114.3364109,22.3591098],[114.3363885,22.3590726],[114.3363477,22.3590644],[114.3363622,22.3590449],[114.3363409,22.3590176],[114.3363501,22.3589793],[114.3363278,22.3589658],[114.3363034,22.3589307],[114.336317,22.3589044],[114.3363139,22.3588761],[114.336252,22.3588357],[114.3362092,22.3587949]],[[114.3380631,22.3545845],[114.3380848,22.3545985],[114.3380931,22.3545971],[114.3380921,22.3545766],[114.3380823,22.3545638],[114.338072,22.3545632],[114.3380567,22.3545707],[114.3380631,22.3545845]],[[114.3380112,22.3545089],[114.3380096,22.3544815],[114.3380084,22.354478],[114.338004,22.354477],[114.3379962,22.3544815],[114.3379911,22.3544884],[114.337989,22.354499],[114.3379895,22.3545095],[114.3379972,22.3545281],[114.3380025,22.3545303],[114.3380074,22.3545278],[114.3380116,22.3545172],[114.3380112,22.3545089]],[[114.3381445,22.3547201],[114.3381413,22.3547076],[114.3381385,22.3547042],[114.3381341,22.3547017],[114.3381257,22.3547014],[114.3381128,22.3547039],[114.3381064,22.3547073],[114.3381008,22.3547139],[114.3380996,22.3547205],[114.3381024,22.3547315],[114.3381076,22.3547362],[114.3381164,22.3547388],[114.3381321,22.3547388],[114.3381425,22.3547347],[114.3381462,22.3547288],[114.3381445,22.3547201]],[[114.3410003,22.3563323],[114.3409708,22.3563152],[114.340957,22.3563184],[114.3409606,22.3563585],[114.3409715,22.3563758],[114.341002,22.3563733],[114.3410152,22.3563611],[114.3410131,22.3563462],[114.3410003,22.3563323]]]]},"properties":{"GmlID":"SRZ.9","OBJNAM":"K1 Tai She Wan","INFORM":"The speed limit is 5 knots in this area between 8am and 12 midnight on any Saturday or public holiday or on any day during the period from 1 July to 15 September (both dates inclusive) in any year.","OBJECTID":9}},{"type":"Feature","geometry":{"type":"MultiPolygon","coordinates":[[[[114.3146268,22.3837549],[114.3145361,22.3837948],[114.3144623,22.3838436],[114.3144025,22.3839221],[114.3143347,22.3840546],[114.3142779,22.3841175],[114.3142677,22.38414],[114.314259,22.3843242],[114.3142627,22.3843945],[114.3142781,22.3844799],[114.3143312,22.3845763],[114.3143633,22.3846984],[114.3143764,22.3847234],[114.3144293,22.3847876],[114.3144647,22.3848143],[114.3144855,22.3848162],[114.3145238,22.3848023],[114.3145606,22.3847678],[114.3146687,22.384616],[114.3146996,22.3845597],[114.3147391,22.3844437],[114.3147485,22.3843188],[114.3147802,22.3842178],[114.31481,22.3840802],[114.3148481,22.3840028],[114.3148432,22.3839456],[114.314865,22.3838991],[114.3148448,22.3838816],[114.314739,22.3838367],[114.3147077,22.3838105],[114.3146901,22.3837606],[114.3146666,22.3837475],[114.3180361,22.382858],[114.3180409,22.3828793],[114.3180149,22.382948],[114.3180334,22.38303],[114.3180377,22.3831326],[114.3180107,22.3834411],[114.3180435,22.38348],[114.3180526,22.3835518],[114.3180499,22.3836564],[114.3180673,22.3837776],[114.3180843,22.3838361],[114.318157,22.3839436],[114.3182459,22.3840464],[114.3183911,22.3841479],[114.318474,22.3842619],[114.3185217,22.3843972],[114.3186,22.3845597],[114.318683,22.3847832],[114.3186923,22.3848679],[114.3187345,22.3849527],[114.3187547,22.3850907],[114.3187548,22.3852107],[114.3187703,22.3852785],[114.3187978,22.3853162],[114.3189316,22.3854448],[114.3188423,22.3855047],[114.3188642,22.3855383],[114.3189625,22.3854698],[114.3190397,22.3855292],[114.3190671,22.3855561],[114.3191118,22.3856196],[114.3191395,22.3857371],[114.3191452,22.385848],[114.3191666,22.3859311],[114.3191263,22.3860723],[114.3191086,22.3862467],[114.3190841,22.3863909],[114.3191096,22.3866999],[114.3191788,22.3868217],[114.3191884,22.3868633],[114.3191769,22.3869139],[114.3191433,22.3869783],[114.3191378,22.3870031],[114.3191509,22.3870192],[114.319194,22.3870451],[114.3192264,22.3871068],[114.31925,22.3871299],[114.3193408,22.3871669],[114.3193851,22.3872164],[114.3194697,22.3872691],[114.3195774,22.387302],[114.3197313,22.3873023],[114.3197937,22.3873373],[114.319947,22.3873966],[114.3199933,22.387449],[114.320021,22.3875361],[114.320057,22.3875604],[114.3200691,22.3877488],[114.3200601,22.3878117],[114.3200561,22.3879884],[114.3200256,22.388126],[114.3200377,22.3882293],[114.3200311,22.3883123],[114.3200084,22.3883459],[114.3198177,22.3882241],[114.3197964,22.3882557],[114.31999,22.3883826],[114.3200021,22.3884517],[114.3200172,22.3884848],[114.320067,22.3885427],[114.3201178,22.3885626],[114.3201473,22.3885934],[114.32017,22.388604],[114.3202089,22.3886124],[114.3202554,22.3886082],[114.3202777,22.3886338],[114.320293,22.3886566],[114.3202898,22.3886759],[114.3202477,22.3887209],[114.3201855,22.3887271],[114.3200108,22.3886716],[114.3199356,22.3886259],[114.3198958,22.3886128],[114.319827,22.3886137],[114.3197929,22.3886291],[114.3197607,22.3886667],[114.3197501,22.3887147],[114.3197159,22.388762],[114.319725,22.3887964],[114.3197224,22.3888157],[114.3196857,22.388829],[114.319667,22.388828],[114.319589,22.388695],[114.3195824,22.3886679],[114.319607,22.3886216],[114.3196048,22.3886103],[114.3195244,22.3884192],[114.3194547,22.3883182],[114.3193799,22.3882809],[114.3193148,22.3882647],[114.3191999,22.3882619],[114.3191421,22.3882748],[114.31902,22.3883265],[114.3189672,22.3883362],[114.3188867,22.3883661],[114.3188627,22.3883632],[114.3188456,22.3883404],[114.3188259,22.38833],[114.3187941,22.3883366],[114.3187528,22.3883613],[114.3187187,22.3884093],[114.3187162,22.3884137],[114.3186244,22.3883579],[114.3186011,22.388395],[114.3186262,22.3884087],[114.3186418,22.3883835],[114.3187087,22.3884226],[114.3187061,22.3884272],[114.3186969,22.3884401],[114.3186781,22.388452],[114.3186646,22.3884873],[114.3185656,22.38852],[114.3183938,22.3885299],[114.3180103,22.3885725],[114.3179582,22.3885813],[114.3178622,22.388633],[114.3178087,22.3886975],[114.3177571,22.3887909],[114.3177351,22.3888607],[114.3177336,22.3889928],[114.3177747,22.3892133],[114.3177734,22.3892383],[114.3177601,22.389277],[114.3177015,22.3893744],[114.3176834,22.3894875],[114.3176309,22.389572],[114.3176192,22.3896572],[114.3175709,22.3898378],[114.317566,22.3898916],[114.3176388,22.3900187],[114.3177673,22.3901014],[114.3178057,22.3901081],[114.3178549,22.3900915],[114.3178809,22.3900666],[114.3179073,22.3900092],[114.317928,22.389999],[114.3179868,22.3900007],[114.318095,22.3900172],[114.3181902,22.3900357],[114.3182417,22.390056],[114.3182527,22.3900724],[114.318272,22.3901797],[114.318338,22.3902949],[114.3183455,22.3903338],[114.3182647,22.3905529],[114.318216,22.3905647],[114.3181481,22.3905624],[114.3180026,22.3906177],[114.3177384,22.3906795],[114.3176862,22.390681],[114.3176586,22.3906695],[114.3176067,22.3906278],[114.3175934,22.390609],[114.3175806,22.3905786],[114.3175639,22.3904511],[114.3175426,22.3904177],[114.3174926,22.3904137],[114.3174733,22.3904166],[114.317461,22.3904226],[114.3174419,22.3904418],[114.3174207,22.3904738],[114.3173979,22.3905385],[114.3174126,22.3906343],[114.3174056,22.390679],[114.3173824,22.3907147],[114.3173326,22.3907535],[114.3173209,22.3907888],[114.3171462,22.3907769],[114.3171007,22.3907737],[114.3170989,22.3908038],[114.3171538,22.3908078],[114.3173255,22.3908204],[114.3173397,22.3909268],[114.3173356,22.3909767],[114.3173293,22.3909889],[114.3172788,22.3910231],[114.3172224,22.3910861],[114.3172071,22.3911237],[114.3171997,22.3911703],[114.3171826,22.3912233],[114.3171852,22.3913473],[114.3171922,22.3913803],[114.3172072,22.391413],[114.3172327,22.3914501],[114.3172751,22.3914868],[114.3172836,22.3914996],[114.3173085,22.3915554],[114.3173397,22.3916036],[114.3173458,22.3916286],[114.3173598,22.3916584],[114.3173803,22.3916862],[114.3174734,22.3917621],[114.3175423,22.3918015],[114.3176366,22.3918237],[114.3177645,22.3918236],[114.3178308,22.3918486],[114.3179656,22.3919552],[114.3181047,22.3920984],[114.3181687,22.3921423],[114.318296,22.3921965],[114.3184245,22.3921824],[114.3184581,22.392189],[114.318538,22.3922411],[114.3186663,22.3922959],[114.3188154,22.3923872],[114.3189385,22.392434],[114.3189929,22.3924846],[114.3190551,22.3925769],[114.3190741,22.3926972],[114.3190926,22.3927618],[114.3191155,22.3928094],[114.3191356,22.3928261],[114.3191675,22.3928311],[114.3191844,22.3928257],[114.3192512,22.3927652],[114.3192804,22.3927546],[114.3193434,22.3927522],[114.3193779,22.3927728],[114.3194018,22.3928002],[114.319435,22.3928235],[114.3194654,22.392815],[114.3195095,22.3927864],[114.3196107,22.3927721],[114.3196861,22.3927371],[114.3197195,22.3927316],[114.3198554,22.3927442],[114.3198939,22.3927354],[114.3200284,22.39264],[114.3201419,22.3925201],[114.3202312,22.3924752],[114.3202717,22.3924435],[114.3203473,22.3923701],[114.3203833,22.3922972],[114.3204628,22.3922154],[114.3205023,22.3921618],[114.3205362,22.3920658],[114.3205466,22.3919584],[114.3206078,22.3918052],[114.3206324,22.3917139],[114.3206754,22.3916579],[114.3206873,22.3915707],[114.3207035,22.3915725],[114.3207307,22.3915991],[114.3207761,22.391612],[114.320793,22.3916281],[114.3207929,22.391644],[114.3207811,22.3916588],[114.3207356,22.3916983],[114.3207307,22.391735],[114.3207421,22.3917611],[114.3207836,22.3917969],[114.3208439,22.3918318],[114.3209209,22.3919029],[114.3209387,22.3919694],[114.3209644,22.3920253],[114.3209673,22.3921062],[114.3209383,22.3921667],[114.3209581,22.3922493],[114.3209838,22.3922852],[114.3210222,22.3923117],[114.3211167,22.3924015],[114.3209314,22.3925269],[114.3209468,22.3925467],[114.32112,22.3924256],[114.3211246,22.3924567],[114.3211695,22.392548],[114.3212229,22.3927839],[114.3212224,22.3930017],[114.3212319,22.3931335],[114.3212469,22.3931897],[114.32129,22.3932759],[114.3213176,22.3935282],[114.321322,22.3935686],[114.3213587,22.3936974],[114.3213692,22.3938272],[114.3214199,22.3941075],[114.3214939,22.3943121],[114.3215232,22.394428],[114.3215295,22.3945781],[114.3215551,22.394684],[114.3215635,22.3947681],[114.3215882,22.3952737],[114.3216034,22.3953753],[114.321649,22.3955478],[114.3216648,22.3957819],[114.3217127,22.3960377],[114.3217275,22.3960829],[114.3217635,22.3961444],[114.321854,22.3962596],[114.3219633,22.3963755],[114.3219925,22.3964296],[114.3219946,22.3964663],[114.3219806,22.3965116],[114.3219405,22.3965667],[114.3218817,22.3966227],[114.3218552,22.3967484],[114.3218512,22.3968008],[114.3218571,22.3968544],[114.3218861,22.3969306],[114.3220957,22.3973219],[114.3221365,22.3974204],[114.3221604,22.3975137],[114.322161,22.3975504],[114.3221517,22.3975872],[114.3220167,22.3977839],[114.3219338,22.3979622],[114.3218967,22.3981],[114.3218933,22.3982712],[114.3218173,22.398415],[114.3218175,22.3984335],[114.3218385,22.3984842],[114.3218715,22.3985186],[114.3221084,22.398679],[114.3219297,22.3988671],[114.3218446,22.3988559],[114.3217483,22.3988247],[114.3216911,22.3987879],[114.3216276,22.3987362],[114.321528,22.3986293],[114.3215158,22.3985998],[114.3215837,22.3984746],[114.3215888,22.3984674],[114.321636,22.3984004],[114.3216552,22.3982533],[114.321718,22.3980013],[114.3217386,22.397849],[114.3217529,22.3978166],[114.3218188,22.3977473],[114.3218556,22.3976687],[114.3218885,22.3974639],[114.3218935,22.3972743],[114.3218825,22.3972079],[114.3218641,22.3971719],[114.3217696,22.3971072],[114.3217239,22.3970647],[114.3216588,22.3969656],[114.3216245,22.3968937],[114.3215862,22.396768],[114.3214618,22.3965758],[114.3214065,22.3964687],[114.3213787,22.396381],[114.321365,22.3963004],[114.3213539,22.3960913],[114.3213916,22.3959563],[114.3213971,22.3958772],[114.3213717,22.3957306],[114.321384,22.3955976],[114.3213389,22.3954229],[114.3213665,22.3953023],[114.321368,22.3952496],[114.3213109,22.3950846],[114.3212656,22.3948126],[114.3212649,22.3945926],[114.3210922,22.3938295],[114.3210602,22.3937755],[114.3210349,22.3937499],[114.3209911,22.3937224],[114.3209379,22.3937041],[114.3200203,22.3935773],[114.3199949,22.3936382],[114.3199727,22.3936365],[114.3199658,22.3936855],[114.3199017,22.393656],[114.3198429,22.3936386],[114.3197371,22.3936175],[114.3196605,22.3936223],[114.3195929,22.3936466],[114.3195083,22.3936995],[114.3193623,22.3937476],[114.3193038,22.3937826],[114.3191915,22.3938058],[114.3191324,22.3938077],[114.3190179,22.3937919],[114.3189462,22.3937678],[114.3188493,22.393679],[114.3186967,22.393586],[114.3186368,22.3935587],[114.3185238,22.3935305],[114.3184611,22.3935239],[114.3183863,22.3935327],[114.3183088,22.3935678],[114.3182689,22.3935744],[114.3181796,22.3935987],[114.3181375,22.3936045],[114.3181146,22.3935708],[114.3180174,22.3936342],[114.3179798,22.3935909],[114.3179716,22.3935974],[114.3180109,22.3936418],[114.3179768,22.3936413],[114.3179419,22.393651],[114.3179216,22.3936612],[114.3178849,22.3936844],[114.3178376,22.3937299],[114.3178299,22.3937368],[114.3177924,22.3937677],[114.3178081,22.3937853],[114.3176773,22.3938958],[114.3176499,22.3938751],[114.3176405,22.3938868],[114.3176675,22.393909],[114.3176595,22.3939184],[114.3176098,22.3939427],[114.3175534,22.3940237],[114.3175224,22.3940468],[114.3174722,22.3939609],[114.3173435,22.3940278],[114.3172255,22.3940692],[114.3171113,22.3938875],[114.3170973,22.393845],[114.3170695,22.3938534],[114.3172135,22.3940796],[114.3172028,22.3940916],[114.3171775,22.3941639],[114.3171365,22.394348],[114.3171137,22.3943848],[114.3170208,22.3944424],[114.316895,22.3944453],[114.3167091,22.3943658],[114.3166687,22.3943004],[114.3165501,22.3941759],[114.316514,22.3941471],[114.3164766,22.3941341],[114.316361,22.3941236],[114.3162936,22.3941009],[114.3161963,22.3939558],[114.3161054,22.3938535],[114.3160508,22.3938198],[114.3159983,22.3937743],[114.3158891,22.3937396],[114.3158203,22.3936944],[114.3157708,22.3936291],[114.3156735,22.3935298],[114.315673,22.3934944],[114.3157353,22.3933807],[114.3157337,22.3933596],[114.3156964,22.3933301],[114.315654,22.3933099],[114.3156126,22.3933069],[114.3155248,22.3933622],[114.3153899,22.393467],[114.3153349,22.3934943],[114.3152724,22.3934911],[114.3151427,22.3934333],[114.3150515,22.3934124],[114.315003,22.3933826],[114.3149617,22.3933207],[114.3149389,22.393205],[114.3149238,22.3931675],[114.3148905,22.3931227],[114.3148524,22.3930949],[114.3148041,22.3930811],[114.3147555,22.3930817],[114.314637,22.3931094],[114.3145945,22.3931079],[114.3145582,22.3930762],[114.314505,22.3930591],[114.3144713,22.3930035],[114.3144131,22.3929792],[114.3143526,22.3929672],[114.3142663,22.3929672],[114.314235,22.3929506],[114.3141998,22.392923],[114.3143026,22.392773],[114.3142781,22.3927604],[114.3141755,22.3929101],[114.3140911,22.3928862],[114.3140404,22.3928775],[114.3139589,22.3928507],[114.3138798,22.3928448],[114.3137843,22.3928524],[114.313708,22.392876],[114.3136715,22.3928986],[114.313635,22.3929369],[114.3136294,22.3929681],[114.3136032,22.3930095],[114.3135622,22.3930405],[114.3135104,22.3930685],[114.3133621,22.3931206],[114.3132971,22.3931257],[114.3132103,22.3931114],[114.3130141,22.3931354],[114.3129468,22.3931535],[114.3127847,22.3931637],[114.3126568,22.3931558],[114.3124895,22.393168],[114.3123708,22.393158],[114.3122831,22.3931157],[114.3122724,22.3931002],[114.3122629,22.3930421],[114.3122351,22.3930067],[114.3120984,22.3929313],[114.3120553,22.3928993],[114.3120128,22.3928753],[114.3118938,22.3928359],[114.3117969,22.3928247],[114.3117093,22.3928239],[114.3116629,22.3927995],[114.3115249,22.3927858],[114.311427,22.3927632],[114.311327,22.3927158],[114.3112402,22.3926313],[114.3113258,22.3925372],[114.3113043,22.3925186],[114.3112167,22.3926135],[114.3111514,22.3925817],[114.3111297,22.3925659],[114.311086,22.3924894],[114.3110733,22.3924806],[114.3110561,22.3924867],[114.3110354,22.3925157],[114.3109754,22.3925682],[114.3107737,22.392607],[114.3107394,22.3926059],[114.310691,22.3925961],[114.3106588,22.3925978],[114.3105977,22.3926265],[114.3104926,22.3926415],[114.310462,22.3926393],[114.3103541,22.3926086],[114.3102675,22.3926102],[114.3102237,22.3926032],[114.3101776,22.3925773],[114.3101042,22.392496],[114.3100925,22.3924581],[114.3100885,22.3923834],[114.3100372,22.3922987],[114.3099904,22.3922758],[114.3099191,22.392277],[114.3099042,22.3922669],[114.3099042,22.3920446],[114.3098082,22.391117],[114.3097984,22.3908919],[114.3098104,22.3908281],[114.3098124,22.3907525],[114.3097886,22.390594],[114.309802,22.3905466],[114.3099331,22.3904367],[114.3100244,22.3903288],[114.3100365,22.3903078],[114.3100974,22.3900891],[114.3101005,22.389997],[114.3100846,22.3899545],[114.3100111,22.3899202],[114.3099691,22.3898954],[114.3099061,22.3898583],[114.3098513,22.3898022],[114.3098089,22.3897782],[114.3096935,22.3897455],[114.3096224,22.3897082],[114.3095513,22.3896906],[114.3094625,22.389687],[114.3094011,22.3896694],[114.3093719,22.3896506],[114.3093492,22.3896197],[114.3093357,22.3895787],[114.3093401,22.3895067],[114.3093221,22.3894388],[114.3093387,22.3893957],[114.3093175,22.3893133],[114.3093213,22.3892587],[114.3093125,22.3892524],[114.3092961,22.3892698],[114.3092736,22.389342],[114.3092244,22.3894028],[114.3091309,22.3894642],[114.3090975,22.389504],[114.3089865,22.3895416],[114.3089427,22.3895875],[114.3088758,22.3896314],[114.308849,22.3896854],[114.308824,22.3897114],[114.3086933,22.3897267],[114.3086582,22.3897445],[114.3086388,22.389767],[114.3086349,22.3898119],[114.3086007,22.3897564],[114.3085785,22.3897698],[114.3086155,22.3898269],[114.3085904,22.3898284],[114.3085534,22.3898399],[114.3085207,22.3898604],[114.3084814,22.3898952],[114.3084588,22.389902],[114.3084387,22.3898946],[114.3084196,22.3898812],[114.3083764,22.3898175],[114.3083276,22.3897812],[114.3083126,22.3897647],[114.3083162,22.3897409],[114.3083632,22.3896525],[114.3083752,22.3896041],[114.3084134,22.3894962],[114.308435,22.3893907],[114.3084506,22.3893648],[114.3084811,22.3893359],[114.3084927,22.3893089],[114.3084937,22.3892761],[114.3084884,22.3892492],[114.3084909,22.3892089],[114.3084718,22.3890639],[114.3084599,22.3889188],[114.3084479,22.3888764],[114.30841,22.3888214],[114.3083637,22.3887198],[114.3083297,22.3886719],[114.3082897,22.3886359],[114.3082307,22.3886054],[114.3081713,22.3885656],[114.3081415,22.3885163],[114.3080874,22.3884585],[114.308062,22.3884104],[114.3080656,22.3883819],[114.3080768,22.3883597],[114.3081077,22.3883403],[114.3081825,22.3883392],[114.3083269,22.3883647],[114.3083874,22.3883833],[114.3085023,22.3884269],[114.3085351,22.3884473],[114.3085928,22.388498],[114.3086815,22.3885334],[114.3087099,22.3885507],[114.3087137,22.3885696],[114.3086886,22.3886199],[114.3086948,22.3886336],[114.3086896,22.3886504],[114.3086965,22.388697],[114.3087031,22.3887063],[114.3087198,22.3887066],[114.3087319,22.3886993],[114.3087648,22.3886582],[114.3087826,22.3886562],[114.3087865,22.3886528],[114.3087936,22.3886331],[114.308793,22.3886193],[114.3088443,22.3885742],[114.3088517,22.388543],[114.3088359,22.3885031],[114.3088336,22.3884501],[114.3088243,22.3884381],[114.308811,22.3884403],[114.3087561,22.3882785],[114.3087166,22.3881074],[114.3087165,22.3879883],[114.3087231,22.3879474],[114.3087409,22.3878934],[114.3087411,22.3878086],[114.3087539,22.3877183],[114.3087287,22.3875606],[114.3087115,22.3875315],[114.3086796,22.3875122],[114.3085473,22.3874828],[114.3084208,22.3873865],[114.3084001,22.3873593],[114.3083902,22.3873228],[114.3083911,22.3872855],[114.3083981,22.3872519],[114.3084038,22.38724],[114.3084242,22.3872237],[114.3084484,22.3872155],[114.3085027,22.3872134],[114.3085652,22.387231],[114.3085944,22.3872333],[114.3086372,22.3872231],[114.3086489,22.3872134],[114.3086576,22.3871981],[114.308659,22.3871619],[114.3086336,22.3871154],[114.3085991,22.3869538],[114.3085748,22.386883],[114.3085689,22.3868509],[114.308572,22.3868243],[114.308581,22.386798],[114.3086243,22.3867286],[114.3086608,22.3866882],[114.3086999,22.3866611],[114.3087255,22.3866498],[114.30876,22.3866456],[114.3089093,22.386651],[114.3089996,22.386682],[114.3090338,22.3866875],[114.309107,22.3866916],[114.3091534,22.3866859],[114.3091949,22.3866908],[114.3091985,22.3866991],[114.3092172,22.3867007],[114.3092538,22.3866929],[114.3092752,22.386677],[114.3092767,22.3866816],[114.3092636,22.3866933],[114.3092623,22.3867033],[114.3092682,22.3867069],[114.3092731,22.3867058],[114.3092819,22.3866952],[114.3093021,22.3866931],[114.3093428,22.3866715],[114.3093646,22.3866749],[114.3093937,22.3866681],[114.3094054,22.3866607],[114.3094087,22.3866514],[114.3094201,22.3866457],[114.3094193,22.386637],[114.3094267,22.386635],[114.3094335,22.3866258],[114.3094349,22.3866203],[114.309432,22.3866203],[114.3094407,22.3866129],[114.3094626,22.3866195],[114.3094719,22.3866129],[114.3094713,22.3866093],[114.3095119,22.386593],[114.3095285,22.3865805],[114.3095299,22.3865745],[114.3095438,22.3865762],[114.3095689,22.3865672],[114.3095859,22.3865468],[114.309653,22.3865311],[114.3096699,22.386547],[114.3096881,22.3865454],[114.3097051,22.3865535],[114.3097105,22.3865526],[114.3097134,22.3865953],[114.3097184,22.3866048],[114.3097243,22.3866048],[114.309731,22.3866153],[114.3097756,22.3865924],[114.309805,22.3865729],[114.3098065,22.3865646],[114.3097989,22.3865559],[114.3098112,22.3865452],[114.3098128,22.386554],[114.3098217,22.3865553],[114.3098328,22.3865377],[114.3098431,22.3865303],[114.3098485,22.3865178],[114.3098443,22.3865],[114.3098507,22.3864963],[114.3098603,22.3864714],[114.3098615,22.3864434],[114.3098742,22.3864328],[114.3098815,22.3864208],[114.309873,22.3864015],[114.309848,22.3863765],[114.3098497,22.3863573],[114.3098828,22.3863038],[114.3099164,22.3862663],[114.3099533,22.3862439],[114.310002,22.3862261],[114.3100906,22.3862066],[114.3100962,22.3862123],[114.3101076,22.3862149],[114.3101392,22.3862151],[114.3101475,22.3862064],[114.3101544,22.3862146],[114.3101599,22.3862145],[114.3101957,22.3861912],[114.3101961,22.3861825],[114.3102081,22.3861856],[114.3102316,22.3861716],[114.3102463,22.386155],[114.3102506,22.3861439],[114.3102649,22.3861461],[114.3102708,22.3861438],[114.3102775,22.3861267],[114.3102861,22.3861354],[114.3102979,22.3861344],[114.3103003,22.3861324],[114.3102957,22.386122],[114.3103126,22.3861255],[114.3103337,22.386111],[114.3103427,22.386121],[114.310358,22.3861223],[114.3103884,22.3861065],[114.3104012,22.3860907],[114.3104252,22.3860707],[114.3104381,22.3860398],[114.3104532,22.3860195],[114.3104556,22.3860049],[114.3104668,22.3859924],[114.3104672,22.3859809],[114.3104636,22.3859754],[114.3104704,22.3859557],[114.3104676,22.3859364],[114.3104799,22.3859211],[114.3104822,22.3859074],[114.3104891,22.3859064],[114.3104888,22.3858748],[114.3104792,22.3858643],[114.3104889,22.385833],[114.3104831,22.3858083],[114.3104901,22.3857682],[114.3104852,22.3857665],[114.3104904,22.3857449],[114.3104794,22.3857344],[114.3104886,22.3857174],[114.3104899,22.3857032],[114.3104839,22.3856954],[114.3104922,22.3856816],[114.3104915,22.3856618],[114.3104973,22.3856512],[114.3104956,22.385588],[114.3105094,22.3855833],[114.3105072,22.3855676],[114.3105162,22.3855635],[114.3105055,22.3855479],[114.3105241,22.385523],[114.3105305,22.3855229],[114.3105373,22.3855077],[114.3105347,22.3855009],[114.3105313,22.3854968],[114.3104985,22.3854897],[114.3105093,22.38548],[114.3105117,22.3854726],[114.3105091,22.3854667],[114.3104853,22.3854582],[114.310467,22.3854579],[114.3104572,22.3854621],[114.310464,22.3854491],[114.3104575,22.3854438],[114.3104343,22.3854426],[114.3104027,22.3854506],[114.3103206,22.3854391],[114.3102625,22.3854124],[114.3102162,22.3853703],[114.3101672,22.3853134],[114.3101394,22.3852544],[114.3101346,22.3852274],[114.3101603,22.3850844],[114.3101676,22.3850775],[114.3101621,22.3850702],[114.3101724,22.3850592],[114.3101765,22.3850394],[114.310172,22.385028],[114.3101808,22.3850136],[114.3101758,22.3850017],[114.3101773,22.3849596],[114.3101713,22.3849549],[114.310174,22.3849404],[114.3101635,22.3849114],[114.3101489,22.384905],[114.3101334,22.384881],[114.3101152,22.3848752],[114.3100988,22.3848782],[114.310089,22.3848731],[114.3100799,22.3848581],[114.3100585,22.3848524],[114.3146268,22.3837549]],[[114.3107571,22.3894623],[114.3107597,22.3894875],[114.3107681,22.3895022],[114.3107884,22.3895196],[114.3108076,22.3895269],[114.3108205,22.3895246],[114.3108303,22.3894965],[114.3108303,22.3894772],[114.3108095,22.3894632],[114.3108117,22.3894424],[114.3107969,22.3894204],[114.3107865,22.3894171],[114.3107805,22.3894191],[114.3107693,22.3894269],[114.3107663,22.3894347],[114.3107584,22.3894306],[114.310752,22.3894357],[114.3107456,22.389449],[114.3107477,22.3894578],[114.3107571,22.3894623]],[[114.3109429,22.3895466],[114.3109556,22.3895441],[114.3109632,22.3895361],[114.3109811,22.3895293],[114.3109846,22.3895227],[114.3109877,22.3894963],[114.3109984,22.3894784],[114.3110032,22.3894731],[114.3110086,22.3894712],[114.3110224,22.3894701],[114.3110281,22.3894621],[114.3110292,22.3894539],[114.311023,22.3894342],[114.3110204,22.3894147],[114.3110062,22.3893967],[114.3109966,22.3893897],[114.3109801,22.3893824],[114.310967,22.3893646],[114.3109561,22.3893613],[114.3109469,22.3893608],[114.3109401,22.3893632],[114.3109199,22.3893606],[114.3109154,22.3893629],[114.3108976,22.3893887],[114.3108998,22.3893989],[114.3108992,22.3894112],[114.3109031,22.3894234],[114.3109016,22.3894542],[114.3109089,22.3894762],[114.3109087,22.3895045],[114.3109183,22.3895149],[114.3109275,22.3895317],[114.3109429,22.3895466]],[[114.311115,22.389111],[114.3111273,22.3891141],[114.3111551,22.3891006],[114.3111618,22.3890946],[114.3111653,22.3890874],[114.3111763,22.3890774],[114.3111821,22.3890444],[114.3111853,22.3890403],[114.3111877,22.3890304],[114.311186,22.3890148],[114.3111829,22.3890074],[114.3111821,22.3889847],[114.3111794,22.3889804],[114.311181,22.3889656],[114.3111846,22.3889581],[114.3111986,22.3889451],[114.3112019,22.3889265],[114.3112001,22.3889147],[114.3112017,22.3888962],[114.311194,22.388864],[114.3111945,22.3888226],[114.3111664,22.3887926],[114.3111509,22.3887916],[114.3111279,22.3887832],[114.3111149,22.3887831],[114.3111059,22.3887861],[114.3110955,22.388791],[114.3110861,22.3888017],[114.3110743,22.3888254],[114.3110728,22.3888421],[114.311065,22.3888545],[114.3110614,22.3888643],[114.3110602,22.3888748],[114.3110742,22.388926],[114.3110882,22.3889607],[114.3110917,22.3889887],[114.3110946,22.3889979],[114.3110935,22.3890071],[114.311089,22.3890186],[114.3110903,22.3890248],[114.3110842,22.3890293],[114.311081,22.3890355],[114.3110774,22.3890504],[114.3110841,22.3890705],[114.3110852,22.3890899],[114.3110894,22.3890955],[114.3111005,22.3891001],[114.3111071,22.3891075],[114.311115,22.389111]],[[114.3160524,22.3888748],[114.3160494,22.3888365],[114.316022,22.388772],[114.3159912,22.3887483],[114.3159518,22.3887354],[114.3159076,22.3887544],[114.3158585,22.3887942],[114.3158313,22.3888288],[114.3158119,22.3888721],[114.3158177,22.3889099],[114.3158465,22.3889395],[114.3159083,22.3889478],[114.3159825,22.3889411],[114.3160037,22.3889332],[114.316042,22.3889029],[114.3160524,22.3888748]],[[114.3129674,22.38984],[114.3129631,22.3898613],[114.3129499,22.3898981],[114.3129782,22.3899882],[114.3129966,22.3900143],[114.3130263,22.3900377],[114.3131168,22.3900798],[114.3131512,22.3900912],[114.3132751,22.3900702],[114.3133027,22.3900786],[114.3133597,22.3901254],[114.3133828,22.3901329],[114.3134738,22.3901195],[114.3135357,22.3900643],[114.3135576,22.3900154],[114.3135764,22.389886],[114.3136094,22.3897854],[114.3136234,22.3897163],[114.313657,22.3896533],[114.3137943,22.3894585],[114.3138484,22.3893516],[114.3138511,22.3892717],[114.3139018,22.3890976],[114.3139036,22.3890537],[114.3138414,22.3889506],[114.3138189,22.3889305],[114.313784,22.3889159],[114.3137635,22.3889142],[114.3137419,22.3889236],[114.3136956,22.3889655],[114.3135778,22.3890414],[114.3135256,22.389085],[114.3134485,22.3891238],[114.3133344,22.3891999],[114.3132452,22.3892479],[114.3131611,22.389283],[114.3131395,22.3893969],[114.3131202,22.3894399],[114.3131235,22.3895031],[114.3130975,22.3895583],[114.313089,22.3895879],[114.3130751,22.3897091],[114.3130584,22.3897296],[114.3129961,22.3897697],[114.3129776,22.3897893],[114.3129674,22.38984]],[[114.3157741,22.384108],[114.3157334,22.38409],[114.315644,22.384067],[114.3154955,22.3840765],[114.3154417,22.3841023],[114.3154126,22.3841287],[114.3154032,22.3841445],[114.3153954,22.3841819],[114.3153993,22.3842569],[114.3153944,22.3844232],[114.315386,22.384482],[114.3153669,22.3845298],[114.3152812,22.3846744],[114.3152371,22.3848245],[114.3152214,22.3849425],[114.3152196,22.3850699],[114.3152039,22.385206],[114.3150923,22.3854647],[114.3150405,22.3855426],[114.3150346,22.3855907],[114.3150449,22.3856159],[114.3150992,22.3856834],[114.3151354,22.3857459],[114.3152434,22.3858539],[114.3153442,22.3859846],[114.3153848,22.3860492],[114.3155376,22.3862176],[114.3155457,22.3862691],[114.3155182,22.3865147],[114.3154826,22.3866199],[114.3154229,22.3867251],[114.3155167,22.3869334],[114.3155943,22.3870369],[114.3156588,22.3871427],[114.3157496,22.3872552],[114.3159134,22.3874123],[114.315989,22.3875326],[114.3160427,22.3876362],[114.3161129,22.3877089],[114.3161587,22.3877414],[114.3162001,22.3877924],[114.3162553,22.3878319],[114.3162944,22.3878512],[114.3163568,22.3878724],[114.3164346,22.3878861],[114.3167263,22.3879763],[114.3167772,22.3879847],[114.3168485,22.3879792],[114.3169094,22.387949],[114.3169718,22.3878834],[114.3169749,22.3878535],[114.3169661,22.3878439],[114.3168816,22.3878149],[114.3168513,22.3877845],[114.3167623,22.3877333],[114.3167,22.3876832],[114.3166636,22.3876235],[114.3166527,22.3875882],[114.3166506,22.3875453],[114.3166633,22.3874301],[114.3166827,22.3873865],[114.3167099,22.3873695],[114.316739,22.3873622],[114.3168453,22.3873467],[114.3168997,22.3873529],[114.3170727,22.387411],[114.3171057,22.3874327],[114.3171844,22.3875153],[114.3172203,22.3875228],[114.3172918,22.3875242],[114.3173621,22.3875507],[114.3174639,22.3876368],[114.3176003,22.3877021],[114.3176534,22.3877442],[114.3177266,22.3878241],[114.3177722,22.3878517],[114.31792,22.3879672],[114.3179373,22.3879902],[114.3179684,22.3880894],[114.3179886,22.3881162],[114.3180718,22.3881413],[114.3180881,22.3881324],[114.3180676,22.3880683],[114.3180759,22.3880263],[114.3180938,22.3880081],[114.3181551,22.3879822],[114.3182305,22.3879234],[114.3183134,22.3878348],[114.3183513,22.3877714],[114.3184434,22.387559],[114.3184473,22.3875321],[114.3184321,22.3874268],[114.3184601,22.3872855],[114.3184616,22.3872192],[114.3184406,22.3871464],[114.3183936,22.3870581],[114.3183729,22.3869686],[114.3183566,22.3869428],[114.318297,22.3868887],[114.3182707,22.386853],[114.3182281,22.3867416],[114.3181653,22.3866313],[114.3181319,22.3865877],[114.3181021,22.3865657],[114.3180495,22.3865482],[114.3179481,22.3865517],[114.3179058,22.3865449],[114.3178825,22.3865183],[114.3178555,22.3864523],[114.3178187,22.3864026],[114.3178198,22.3863636],[114.3178709,22.386264],[114.3178703,22.3861427],[114.3178785,22.386076],[114.3178694,22.3860294],[114.3178078,22.3859177],[114.3177605,22.385865],[114.3176337,22.3858068],[114.3175349,22.3857169],[114.3174881,22.3856136],[114.3174048,22.3854742],[114.317396,22.3853246],[114.317373,22.3852675],[114.3173166,22.385212],[114.3171312,22.385106],[114.3170509,22.3850415],[114.3169919,22.3849466],[114.3170005,22.3848237],[114.3169965,22.3847878],[114.3169806,22.3847456],[114.316863,22.3845768],[114.3168143,22.3845339],[114.3167358,22.3844291],[114.3166866,22.3844032],[114.3165897,22.3843814],[114.3164217,22.3843767],[114.316375,22.3843598],[114.3163062,22.384323],[114.3163676,22.3840489],[114.3163444,22.3840446],[114.3162793,22.3843333],[114.3161228,22.3843404],[114.3160995,22.3843429],[114.3159993,22.3843647],[114.315938,22.3843596],[114.315842,22.3843222],[114.3158213,22.3843021],[114.3158075,22.3842779],[114.3157886,22.3841294],[114.3157741,22.384108]]]]},"properties":{"GmlID":"SRZ.10","OBJNAM":"K2 Tsam Chuk Wan","INFORM":"The speed limit is 5 knots in this area between 8am and 12 midnight on any Saturday or public holiday or on any day during the period from 1 July to 15 September (both dates inclusive) in any year.","OBJECTID":10}},{"type":"Feature","geometry":{"type":"MultiPolygon","coordinates":[[[[114.2504965,22.3545244],[114.2505213,22.3544032],[114.2505522,22.3543276],[114.2505964,22.3541346],[114.250657,22.3539675],[114.2507116,22.3538546],[114.2507502,22.353779],[114.2507815,22.3537444],[114.2511976,22.353155],[114.2512455,22.3530797],[114.2514616,22.3528088],[114.2515633,22.3526829],[114.2515618,22.3526414],[114.251658,22.3525519],[114.2519955,22.3522341],[114.2520829,22.3521518],[114.2521547,22.3521379],[114.2521765,22.352175],[114.2522008,22.3522179],[114.2522286,22.352277],[114.252231,22.3522826],[114.2522842,22.3523934],[114.2523079,22.3524379],[114.252464,22.3525742],[114.2525168,22.3526113],[114.2524876,22.3526653],[114.2526588,22.3527417],[114.2526871,22.3526802],[114.252888,22.3527756],[114.2528837,22.3527842],[114.2529804,22.3528265],[114.2529846,22.3528322],[114.2529888,22.3528384],[114.2530079,22.3528622],[114.2530864,22.3529487],[114.2531004,22.3529663],[114.2531122,22.3529852],[114.2531276,22.3530196],[114.2531355,22.3530472],[114.2531428,22.3531146],[114.2531436,22.3531471],[114.2531048,22.353152],[114.2531064,22.3531662],[114.2531447,22.3531624],[114.2531425,22.3531702],[114.2531435,22.3531864],[114.2531433,22.3532068],[114.2531273,22.3532102],[114.25313,22.3532341],[114.2531423,22.3532314],[114.2531424,22.3532391],[114.2531467,22.3532882],[114.2531529,22.3533089],[114.25316,22.3533402],[114.2531706,22.3533717],[114.2531759,22.3533944],[114.2531778,22.3534097],[114.2531798,22.3534434],[114.253179,22.3534745],[114.253176,22.3535058],[114.2531765,22.3535143],[114.2531794,22.3535294],[114.253184,22.3535458],[114.2531886,22.3535511],[114.2532021,22.3535633],[114.2532193,22.3535826],[114.2532252,22.3535874],[114.2532454,22.3536097],[114.2532542,22.3536208],[114.2532628,22.3536343],[114.2532732,22.3536548],[114.2532752,22.3536626],[114.2532761,22.3536956],[114.2532748,22.353712],[114.2532733,22.3537203],[114.2532622,22.35376],[114.2532597,22.3537752],[114.2532597,22.3537834],[114.2532609,22.3537905],[114.2532697,22.3538087],[114.2532739,22.3538144],[114.2532805,22.3538202],[114.2533197,22.3538417],[114.2533372,22.3538488],[114.2533591,22.3538593],[114.2533678,22.3538617],[114.2533829,22.3538676],[114.2533984,22.3538749],[114.2534558,22.3538899],[114.2534708,22.3538917],[114.2535026,22.3538975],[114.2535293,22.3538996],[114.2535729,22.3539001],[114.2536065,22.3538981],[114.2536482,22.3538908],[114.2536812,22.3538826],[114.2536987,22.3538771],[114.2537158,22.3538705],[114.2537397,22.3538593],[114.2537621,22.3538508],[114.2537747,22.3538437],[114.2537898,22.3538358],[114.2538333,22.3539394],[114.253856,22.3539314],[114.253811,22.353825],[114.2538164,22.3538221],[114.2538377,22.3538091],[114.2538954,22.3537786],[114.2539018,22.3537749],[114.2539131,22.3537679],[114.2539144,22.3537702],[114.2539115,22.353788],[114.2539061,22.3537853],[114.2538999,22.3537961],[114.2539181,22.3538054],[114.2539415,22.3537968],[114.2540279,22.3537418],[114.2540392,22.3537474],[114.2540729,22.3537496],[114.2540999,22.3536793],[114.254114,22.3536662],[114.25414,22.3536265],[114.2541321,22.3536148],[114.2541295,22.3536081],[114.2541324,22.3536041],[114.2541433,22.3535918],[114.2541601,22.3535656],[114.2541707,22.3535452],[114.2541821,22.3535266],[114.2541907,22.3535142],[114.2542105,22.3534899],[114.2542171,22.3534841],[114.254251,22.353447],[114.2543091,22.3533917],[114.2543603,22.3533553],[114.2543695,22.3533499],[114.2543948,22.3533465],[114.2544195,22.353352],[114.2544485,22.3533668],[114.254468,22.3533894],[114.2544805,22.3534154],[114.2545133,22.3536142],[114.2545251,22.3536491],[114.2545471,22.3536896],[114.2546002,22.3537666],[114.2546361,22.3538077],[114.2546981,22.3538642],[114.2547457,22.3538935],[114.2547683,22.3539003],[114.2548024,22.3539044],[114.2548597,22.3538916],[114.2548801,22.3538807],[114.2549997,22.3538646],[114.2550317,22.3539589],[114.2550664,22.3540853],[114.2550924,22.3542379],[114.255116,22.3543371],[114.255186,22.3545371],[114.2552297,22.3546776],[114.2552422,22.3547429],[114.2552686,22.3548269],[114.2552996,22.3549456],[114.2553464,22.3550756],[114.2553743,22.355178],[114.2553789,22.3552331],[114.2553949,22.3553372],[114.2554225,22.3554419],[114.2554864,22.3556169],[114.2555405,22.3557319],[114.2555541,22.355748],[114.2555728,22.3557623],[114.2556174,22.3557884],[114.2556954,22.3558438],[114.2557259,22.3558556],[114.25576,22.3558614],[114.2560248,22.3558559],[114.2561324,22.3558605],[114.2563992,22.355862],[114.2565909,22.3558578],[114.2567778,22.3558347],[114.2568593,22.3558345],[114.2570402,22.3558251],[114.2570679,22.3558267],[114.2573458,22.3557966],[114.2575863,22.3557588],[114.2577146,22.3557209],[114.2577636,22.3557122],[114.2578887,22.3557014],[114.2580031,22.3556693],[114.2581977,22.3556329],[114.2583437,22.355597],[114.2585296,22.3555583],[114.2586515,22.3555263],[114.2587437,22.3555181],[114.2590078,22.3554367],[114.2592935,22.3553662],[114.2593544,22.3553543],[114.259668,22.3552684],[114.2597259,22.3552575],[114.2597763,22.3552547],[114.2598283,22.355246],[114.2598617,22.3552462],[114.2598831,22.3553363],[114.2598848,22.3553916],[114.2598762,22.3554312],[114.2598447,22.3554999],[114.2598427,22.3555206],[114.2598465,22.3555411],[114.2598565,22.3555588],[114.2598482,22.3556829],[114.2598473,22.3557707],[114.259828,22.3557778],[114.2598182,22.3557949],[114.259823,22.3558151],[114.2598313,22.3558231],[114.2597695,22.3560922],[114.2597727,22.3561835],[114.2597477,22.3562132],[114.2597358,22.3562585],[114.2597337,22.3563168],[114.2597502,22.3563519],[114.2597466,22.3564084],[114.2597598,22.356467],[114.2597748,22.3565005],[114.2598115,22.3565364],[114.2599116,22.3566032],[114.2599347,22.3566136],[114.2599641,22.356617],[114.2599815,22.356624],[114.2600057,22.3566416],[114.2600234,22.3566499],[114.2600464,22.3566607],[114.2600615,22.3566752],[114.2601197,22.3567599],[114.260144,22.3567726],[114.2601682,22.3567718],[114.2601896,22.3567638],[114.2602035,22.3567514],[114.2602095,22.3567382],[114.260224,22.3567301],[114.2602435,22.3567275],[114.2602772,22.3567315],[114.2603113,22.3567428],[114.2603413,22.3567591],[114.260369,22.3567902],[114.2603799,22.3568275],[114.2603844,22.3568431],[114.2603921,22.3568519],[114.2604064,22.3568576],[114.2605115,22.3568653],[114.2605425,22.3568611],[114.2606446,22.3568298],[114.2606812,22.3568008],[114.2606897,22.3567848],[114.2606987,22.356727],[114.2607058,22.3567096],[114.2607683,22.3566068],[114.2607751,22.356593],[114.260781,22.3565566],[114.260804,22.3565221],[114.2608052,22.3565065],[114.2607988,22.3564851],[114.2607935,22.3564431],[114.2607989,22.3563966],[114.26079,22.3563093],[114.26078,22.3562646],[114.2607606,22.3562061],[114.2606974,22.3561159],[114.2606796,22.3560904],[114.2606624,22.3560568],[114.2606508,22.3560476],[114.2606434,22.3560438],[114.2606355,22.3560417],[114.2606327,22.356041],[114.2605927,22.3560374],[114.2605568,22.3560229],[114.2605309,22.3560002],[114.2603993,22.3558198],[114.2603688,22.3557883],[114.2603028,22.3557448],[114.2602149,22.3556951],[114.2601581,22.3556454],[114.2601372,22.3556355],[114.2600924,22.3556259],[114.2600809,22.355612],[114.2600727,22.3555823],[114.2601333,22.3555817],[114.2601969,22.3555681],[114.2602451,22.3555393],[114.2602704,22.3555149],[114.2603067,22.3554657],[114.2605075,22.3551058],[114.2605324,22.3550678],[114.260561,22.3549758],[114.260612,22.3548821],[114.2606408,22.3548121],[114.2606721,22.3547228],[114.2606977,22.3546053],[114.2607097,22.3545728],[114.2607618,22.3545167],[114.2608209,22.3544616],[114.2609532,22.3543442],[114.2610052,22.3543038],[114.261087,22.354252],[114.261172,22.3542104],[114.2612593,22.3541821],[114.2613581,22.354166],[114.2614173,22.3541625],[114.2614743,22.3541685],[114.2615505,22.3541907],[114.261703,22.3542751],[114.261737,22.3542909],[114.2617912,22.3543162],[114.2618377,22.3543576],[114.2619263,22.3543926],[114.261994,22.3544078],[114.262001,22.3543949],[114.2620301,22.354398],[114.2620361,22.3543877],[114.2620793,22.3543907],[114.2621252,22.3543982],[114.2621265,22.3544089],[114.2622194,22.3544335],[114.2622507,22.3544379],[114.262258,22.3544267],[114.2623126,22.3544418],[114.2623404,22.3544603],[114.2623355,22.3544656],[114.2623579,22.3544932],[114.2623432,22.3545046],[114.2623572,22.3545285],[114.2623299,22.3545659],[114.2623461,22.3545856],[114.2623405,22.3545996],[114.2624517,22.3546863],[114.2625442,22.3547192],[114.262548,22.3547124],[114.2625796,22.3547171],[114.2625823,22.3547095],[114.2626456,22.3546871],[114.2627331,22.3546764],[114.262771,22.3546599],[114.2628056,22.3546449],[114.2628314,22.3546266],[114.262848,22.3546085],[114.2628918,22.3545472],[114.2629722,22.3544519],[114.2629924,22.354418],[114.2630009,22.3543864],[114.2629848,22.3542903],[114.2629768,22.3542085],[114.2629085,22.3541949],[114.2629021,22.3541793],[114.2629003,22.354155],[114.2629114,22.3541408],[114.2629612,22.354099],[114.2629989,22.3540551],[114.2630124,22.3540318],[114.2630527,22.3539817],[114.2630769,22.3539407],[114.2631081,22.3539075],[114.2631268,22.3538749],[114.2631609,22.35383],[114.2631894,22.3537774],[114.2632203,22.3536864],[114.2632424,22.353647],[114.2633059,22.3535808],[114.2633995,22.3535309],[114.2634565,22.3534942],[114.2634944,22.3534622],[114.2636355,22.353274],[114.2636732,22.353203],[114.2637022,22.3531343],[114.2637245,22.3531037],[114.2637427,22.3530625],[114.2637766,22.3530103],[114.2638742,22.3528813],[114.2639514,22.3528051],[114.2640121,22.3527598],[114.2640231,22.3527529],[114.2641463,22.3526748],[114.2642543,22.3526186],[114.2643946,22.3525872],[114.2644319,22.352587],[114.2645264,22.3526063],[114.2645425,22.3526027],[114.2645771,22.3525786],[114.2646063,22.3525657],[114.2646148,22.352559],[114.2646115,22.3525411],[114.264568,22.3525329],[114.2645511,22.352517],[114.2645118,22.352434],[114.2645093,22.35241],[114.2645321,22.3523669],[114.2645377,22.3523177],[114.2645741,22.352296],[114.2646714,22.352271],[114.2647755,22.3522681],[114.2648257,22.3522598],[114.2648385,22.3522255],[114.2648503,22.3521938],[114.2648279,22.3519416],[114.2647699,22.3519057],[114.2647443,22.3518441],[114.2647861,22.3518074],[114.2648078,22.3516888],[114.264785,22.3516379],[114.2646924,22.3516135],[114.2645846,22.3515377],[114.2645828,22.351477],[114.2646521,22.3514803],[114.2646494,22.3513808],[114.2646277,22.351382],[114.2646245,22.3513173],[114.2645984,22.35132],[114.2645958,22.3512432],[114.2645714,22.3512385],[114.2645684,22.3511951],[114.2645073,22.3511657],[114.264467,22.3510729],[114.2644487,22.3510724],[114.2644271,22.3509522],[114.264408,22.3509473],[114.2644145,22.3508156],[114.2644196,22.3507958],[114.2644483,22.3507979],[114.2644606,22.3506772],[114.2644181,22.3506263],[114.2644171,22.3505774],[114.2643933,22.3505724],[114.2643974,22.3505281],[114.2644575,22.3503597],[114.2644808,22.3503322],[114.2645027,22.3503384],[114.2645634,22.3502071],[114.264635,22.3501226],[114.2647063,22.3500489],[114.2647833,22.3499565],[114.264825,22.3498742],[114.2648487,22.3497959],[114.2648581,22.3497309],[114.2648538,22.349669],[114.2648717,22.3495167],[114.2648754,22.3493832],[114.264891,22.3493061],[114.2648811,22.3491263],[114.2648858,22.3490461],[114.2648677,22.3489828],[114.2648703,22.3489603],[114.2648986,22.3488686],[114.2649412,22.3487716],[114.2649947,22.3486896],[114.265122,22.3485234],[114.2651516,22.3484616],[114.265145,22.3483265],[114.265153,22.348285],[114.2651248,22.3482318],[114.2650864,22.3481932],[114.2651448,22.3482317],[114.2651835,22.348313],[114.2651813,22.3484887],[114.2651749,22.3485098],[114.265113,22.3486077],[114.2649615,22.3487848],[114.2649288,22.3488877],[114.2649241,22.3489742],[114.2649445,22.3491144],[114.2649423,22.3491984],[114.2649288,22.349298],[114.2649286,22.3494051],[114.2649574,22.3497028],[114.2649517,22.3497974],[114.264933,22.3499036],[114.2649012,22.3500204],[114.2648708,22.350092],[114.2648711,22.350125],[114.2648827,22.3501597],[114.2649268,22.3502432],[114.2649582,22.3502796],[114.2650213,22.3503879],[114.2650481,22.3504196],[114.265163,22.3505077],[114.26525,22.3505529],[114.2653705,22.3506787],[114.2654214,22.350721],[114.2655668,22.3507985],[114.2657152,22.3509],[114.2657634,22.3509416],[114.265786,22.3509611],[114.2658148,22.3509998],[114.2658045,22.3510198],[114.2658539,22.3510461],[114.2658784,22.3510342],[114.2658687,22.351061],[114.2659656,22.3511174],[114.2659796,22.3511025],[114.2660061,22.3511146],[114.2659945,22.3511372],[114.266011,22.351146],[114.2661011,22.351174],[114.2661089,22.3511441],[114.2661233,22.351147],[114.2661182,22.3511745],[114.2661519,22.3511778],[114.2661735,22.3511763],[114.2661778,22.3511553],[114.2662094,22.3511594],[114.2662135,22.3511385],[114.2662946,22.3511441],[114.2663134,22.3511208],[114.2663145,22.3511442],[114.2664288,22.351126],[114.2664249,22.351146],[114.2664921,22.3511523],[114.2664913,22.3511784],[114.2665764,22.3511801],[114.2665812,22.351153],[114.2666077,22.3511537],[114.2666083,22.3511797],[114.2667122,22.3511802],[114.2667665,22.3511736],[114.2667657,22.3511502],[114.2668261,22.3511506],[114.2669004,22.3511512],[114.2669015,22.3511245],[114.2669651,22.3511116],[114.2670157,22.3511576],[114.2672562,22.3511688],[114.26726,22.351185],[114.2673427,22.3511967],[114.2674268,22.3511961],[114.2674366,22.3511253],[114.2674556,22.3511232],[114.2674594,22.3511539],[114.2675322,22.3511526],[114.2675372,22.3511756],[114.2676646,22.3511719],[114.2676625,22.3511421],[114.2677116,22.3511312],[114.2677717,22.3511329],[114.2677694,22.351152],[114.2678375,22.3511559],[114.2678334,22.3511791],[114.2678981,22.3511849],[114.2680043,22.3511676],[114.2680226,22.3511864],[114.268081,22.3511544],[114.268102,22.3511733],[114.2681316,22.3511496],[114.268155,22.3511675],[114.2682515,22.3510842],[114.2682404,22.3510728],[114.2682731,22.3509961],[114.2682369,22.3509554],[114.2682462,22.3509209],[114.2683014,22.3509238],[114.2683348,22.3508732],[114.2682789,22.3508244],[114.268226,22.3508435],[114.2681386,22.3508183],[114.2681475,22.3507957],[114.2681813,22.3507937],[114.2682009,22.3507575],[114.2682146,22.3507901],[114.2683146,22.3507761],[114.2683928,22.3507077],[114.2683133,22.3506373],[114.2682581,22.3506102],[114.2682495,22.3506326],[114.2682256,22.3506197],[114.2682377,22.3505879],[114.2682866,22.350558],[114.268313,22.3505669],[114.2682962,22.3505934],[114.2683188,22.3506238],[114.2683881,22.3506202],[114.2684366,22.3505493],[114.268393,22.3504812],[114.2683383,22.3504889],[114.2683651,22.3504457],[114.2684077,22.3504441],[114.2684334,22.3503733],[114.2685379,22.3502729],[114.2686169,22.3502641],[114.2686351,22.3502333],[114.2686216,22.3502186],[114.2686586,22.3501365],[114.2686152,22.3500778],[114.2685731,22.3500591],[114.2685523,22.3501008],[114.2684964,22.3500943],[114.268456,22.3501665],[114.2684024,22.3501471],[114.2684291,22.3501026],[114.2684502,22.3501117],[114.2684659,22.3500692],[114.2684901,22.3500809],[114.2685734,22.3498802],[114.2685989,22.3498813],[114.2686198,22.3497981],[114.2686005,22.3497943],[114.2685929,22.3497602],[114.2685959,22.3496199],[114.2686094,22.3495747],[114.2686386,22.3495378],[114.2686479,22.3495075],[114.2686321,22.3494593],[114.2685929,22.349419],[114.2685479,22.3494035],[114.2684793,22.3493024],[114.2683367,22.3491742],[114.2682514,22.3490789],[114.2682049,22.3490388],[114.2680437,22.3489385],[114.2679781,22.3489056],[114.2679747,22.3488943],[114.2679486,22.3488807],[114.2677636,22.3487969],[114.2677037,22.3487745],[114.2676945,22.348787],[114.2676307,22.3487584],[114.2675801,22.348727],[114.2675874,22.3487142],[114.2676054,22.3487186],[114.2676215,22.3486858],[114.2675802,22.3486591],[114.2675745,22.3486649],[114.2675589,22.3486568],[114.2675303,22.348669],[114.2674951,22.3487091],[114.2674537,22.3486957],[114.2674305,22.3486771],[114.2674306,22.3486577],[114.2673916,22.3486439],[114.2673932,22.3486336],[114.2673594,22.3486176],[114.2673627,22.3486068],[114.2673393,22.3485927],[114.2673401,22.3485787],[114.2672727,22.3485325],[114.2671962,22.3484953],[114.2671579,22.3484684],[114.2671601,22.348459],[114.2671471,22.3484475],[114.2670051,22.3483582],[114.2670076,22.3483465],[114.2669489,22.3483094],[114.2668461,22.348215],[114.2668127,22.348155],[114.2668355,22.3481397],[114.2668253,22.3481186],[114.2668139,22.3481161],[114.2668355,22.3480922],[114.266838,22.3480748],[114.2668277,22.3480592],[114.2667807,22.3480765],[114.26677,22.3480904],[114.2667439,22.3480945],[114.266758,22.3480597],[114.2667419,22.3480307],[114.2667275,22.3480337],[114.2667229,22.3480245],[114.2667069,22.3480315],[114.266691,22.3480434],[114.2666947,22.3480622],[114.266682,22.3480686],[114.2666695,22.3480536],[114.26666,22.3480565],[114.2666316,22.3480138],[114.2666212,22.3479766],[114.2666207,22.3479546],[114.2666367,22.3479026],[114.2666361,22.3478721],[114.2665895,22.3478052],[114.266563,22.3477363],[114.2665539,22.3476906],[114.26656,22.3476438],[114.2665536,22.3475749],[114.2665815,22.3474917],[114.2665963,22.3474752],[114.2666208,22.3474684],[114.2666482,22.3474428],[114.2666554,22.3474433],[114.2666565,22.3474121],[114.2666572,22.3473924],[114.2666453,22.3473889],[114.2666429,22.3473726],[114.2666536,22.34737],[114.2666578,22.3472521],[114.2666619,22.3472371],[114.2666859,22.3472277],[114.2667067,22.3472018],[114.2667178,22.3471488],[114.2667085,22.3471371],[114.2667236,22.3471055],[114.266714,22.3470935],[114.266733,22.3470477],[114.2667809,22.3470199],[114.266795,22.3470261],[114.2668155,22.3470055],[114.2668262,22.3470117],[114.2668871,22.3469623],[114.2669651,22.347032],[114.2670118,22.3470008],[114.2670268,22.3470134],[114.2670149,22.3470252],[114.2670208,22.3470355],[114.2670699,22.3470796],[114.2670811,22.3470693],[114.2671154,22.3470913],[114.2671294,22.3470816],[114.2671423,22.3470905],[114.2671719,22.3470715],[114.2671907,22.3470765],[114.2672553,22.3470084],[114.2672579,22.3469725],[114.2672355,22.3469147],[114.2672499,22.3468828],[114.2672079,22.3468522],[114.2748156,22.3506327],[114.274808,22.3506322],[114.2748026,22.3506436],[114.2748033,22.3506579],[114.2748005,22.3506579],[114.274799,22.3506513],[114.2747815,22.3506516],[114.2747757,22.3506831],[114.2747709,22.3506841],[114.2747693,22.3506793],[114.2747511,22.3506803],[114.2747467,22.3507056],[114.2747508,22.3507087],[114.2747443,22.3507145],[114.2747436,22.3507508],[114.2747571,22.3507529],[114.2747633,22.3507487],[114.2747666,22.3507733],[114.2747809,22.3507725],[114.2747813,22.3507661],[114.2747856,22.3507678],[114.274788,22.3508331],[114.2748055,22.3508321],[114.2747944,22.3508635],[114.2747682,22.3508773],[114.2747079,22.3508948],[114.2746374,22.3508968],[114.274611,22.3509191],[114.2745814,22.3509526],[114.2745426,22.3510207],[114.2744829,22.3511048],[114.2744492,22.3511186],[114.2743921,22.3511321],[114.2743525,22.3511363],[114.2743076,22.3511527],[114.2742641,22.3511876],[114.2741884,22.3512707],[114.2741433,22.351305],[114.2741227,22.3513154],[114.2740609,22.3513305],[114.2740396,22.3513257],[114.2740281,22.3513181],[114.2740113,22.3512947],[114.2740022,22.3512559],[114.2739868,22.3512383],[114.2739677,22.3512279],[114.2739447,22.3512273],[114.2739055,22.3512382],[114.2738298,22.3512314],[114.2738139,22.3512407],[114.2738071,22.3512559],[114.2737986,22.3513143],[114.273787,22.3513271],[114.2737067,22.3513856],[114.2736766,22.3513953],[114.2736408,22.3513918],[114.273609,22.3513808],[114.2736004,22.3513523],[114.2736124,22.3513528],[114.2736351,22.3512174],[114.2736066,22.351215],[114.2736014,22.3512281],[114.273601,22.3512138],[114.2735741,22.3512118],[114.2735696,22.3512497],[114.2735408,22.3512405],[114.2735367,22.3512591],[114.2735292,22.3512445],[114.2735038,22.351248],[114.2734959,22.3512628],[114.2734975,22.3512491],[114.2734757,22.3512484],[114.2734698,22.3512814],[114.2734455,22.3512713],[114.2734302,22.3513692],[114.2734538,22.3513656],[114.273456,22.351382],[114.2734748,22.3513853],[114.2734833,22.3513751],[114.2734844,22.3514048],[114.2734964,22.351407],[114.2734822,22.3515023],[114.273504,22.3515107],[114.2735102,22.3515],[114.2735111,22.3515431],[114.2735391,22.3515343],[114.2735395,22.3515617],[114.2735657,22.3515643],[114.2735653,22.3515473],[114.2735713,22.3515646],[114.2735972,22.351563],[114.2735978,22.3515535],[114.273612,22.3515636],[114.2736201,22.3515823],[114.2735872,22.3516106],[114.2735832,22.3516367],[114.2736991,22.3517408],[114.2737227,22.3517721],[114.2737309,22.3517992],[114.273725,22.3518253],[114.2736813,22.3519101],[114.2736663,22.3519225],[114.2736218,22.3519286],[114.2736127,22.3519375],[114.2736503,22.3519888],[114.2736209,22.3520352],[114.2735537,22.3521043],[114.2735329,22.3521129],[114.2734974,22.3520976],[114.2734588,22.3521038],[114.2734365,22.3521306],[114.273403,22.3521556],[114.2733622,22.3522081],[114.273349,22.3522371],[114.2733564,22.3522852],[114.2733532,22.3523406],[114.2733259,22.352422],[114.2732711,22.3525042],[114.2732416,22.3525291],[114.2732069,22.3525445],[114.2731352,22.3525393],[114.2731351,22.3525316],[114.2731253,22.3525312],[114.2731219,22.3524892],[114.2731033,22.3524881],[114.2730989,22.3524948],[114.2730989,22.3524831],[114.2730857,22.3524835],[114.2730943,22.3526275],[114.273072,22.3526442],[114.2730341,22.352642],[114.2730231,22.3526509],[114.2730173,22.3526829],[114.2730155,22.3527622],[114.2730302,22.3528326],[114.2730252,22.3528565],[114.2728995,22.3530943],[114.2727764,22.353355],[114.272715,22.3534541],[114.2726912,22.3535448],[114.2726752,22.3535589],[114.2726468,22.353555],[114.27262,22.3535601],[114.2725751,22.3536019],[114.2725296,22.3535983],[114.272536,22.3535846],[114.2725498,22.3535863],[114.2725698,22.3535472],[114.2725851,22.3534773],[114.272569,22.3534677],[114.2725663,22.353479],[114.2725636,22.353458],[114.2725448,22.3534509],[114.2725177,22.3534869],[114.2724991,22.3535444],[114.2724708,22.3535277],[114.2724636,22.3535405],[114.2724672,22.3535215],[114.2724483,22.3535171],[114.2724437,22.3535497],[114.2724188,22.3535879],[114.2724064,22.3536738],[114.2724314,22.3536725],[114.2724297,22.353684],[114.2724436,22.3536879],[114.2724647,22.353728],[114.2724328,22.3538882],[114.2723848,22.3539727],[114.2724079,22.3540388],[114.2723371,22.3541627],[114.2723303,22.3541897],[114.2723356,22.3542215],[114.2723105,22.3542711],[114.2722858,22.3543001],[114.2722676,22.3543103],[114.2722163,22.3543172],[114.2722054,22.3543288],[114.272201,22.3543592],[114.272181,22.354407],[114.2721802,22.3544402],[114.2721906,22.3544823],[114.2721538,22.3544849],[114.2721126,22.3544756],[114.2720752,22.3544806],[114.272063,22.3544919],[114.2720551,22.3545135],[114.272038,22.3546017],[114.2720055,22.3546922],[114.2720011,22.3547258],[114.2719909,22.3547584],[114.2719703,22.3548072],[114.2719658,22.3548701],[114.2719013,22.3550012],[114.2718314,22.3550999],[114.271778,22.3551492],[114.271754,22.3551641],[114.2717121,22.3551684],[114.2717005,22.3551765],[114.2716937,22.3551907],[114.2716894,22.3552272],[114.2716951,22.3552582],[114.2716957,22.3552618],[114.2716879,22.3552713],[114.2716471,22.3552947],[114.2716138,22.355326],[114.2716065,22.3553277],[114.271591,22.3553211],[114.2715762,22.3552878],[114.27157,22.3552837],[114.2715604,22.3552909],[114.2715547,22.355309],[114.2715521,22.3553455],[114.2715551,22.3553741],[114.2715556,22.3553767],[114.2715589,22.3553954],[114.271563,22.3554089],[114.271568,22.3554163],[114.271582,22.355421],[114.2715931,22.355417],[114.2716044,22.3554222],[114.2716117,22.3554439],[114.2715968,22.3555303],[114.271576,22.355599],[114.2715942,22.3556481],[114.2715977,22.3556779],[114.2715965,22.355822],[114.2715703,22.3559516],[114.2715485,22.3560159],[114.2715368,22.3560428],[114.2715158,22.3560376],[114.2714856,22.3561395],[114.2712942,22.356089],[114.2712898,22.3561022],[114.2714855,22.3561541],[114.271432,22.3562411],[114.2713624,22.3562179],[114.2713543,22.3562389],[114.2714122,22.3562582],[114.2713831,22.356337],[114.2714272,22.3563518],[114.2713983,22.3564573],[114.2713729,22.3564589],[114.2713577,22.3565095],[114.2713574,22.3566486],[114.2713643,22.3566725],[114.2713377,22.3566843],[114.2711525,22.3567042],[114.2711536,22.3567147],[114.2712663,22.3567022],[114.2712683,22.3567194],[114.2713774,22.3567087],[114.2713771,22.3567406],[114.2713482,22.35675],[114.2713574,22.3567745],[114.2712971,22.3567968],[114.2713009,22.356811],[114.2713641,22.3567879],[114.2713813,22.356827],[114.2713133,22.3568546],[114.2713239,22.3568858],[114.2713928,22.3568581],[114.2714667,22.3570341],[114.2714468,22.3570399],[114.2714719,22.3571124],[114.271319,22.3572357],[114.2713392,22.3572564],[114.2714913,22.3571326],[114.2715725,22.3570664],[114.2715929,22.3570883],[114.2716116,22.3570736],[114.2716532,22.3570969],[114.2716772,22.3571165],[114.2717055,22.3571333],[114.2716973,22.35714],[114.2717254,22.3571576],[114.271762,22.3571889],[114.2717494,22.3572088],[114.2718372,22.357345],[114.2718747,22.3574102],[114.2718201,22.3574393],[114.2716841,22.3574888],[114.271692,22.3575102],[114.2718311,22.3574604],[114.2718358,22.3574579],[114.2719414,22.357561],[114.2720303,22.3575255],[114.2720592,22.3575846],[114.271893,22.3576386],[114.2718115,22.3576651],[114.2718168,22.3576809],[114.2718984,22.3576548],[114.2719043,22.3576728],[114.27195,22.3576529],[114.2719888,22.3577491],[114.272104,22.3577154],[114.272148,22.3578049],[114.2721675,22.3578681],[114.2722297,22.3580083],[114.2722749,22.3581531],[114.272274,22.358165],[114.2722499,22.3582083],[114.2722451,22.3582279],[114.2722481,22.3582401],[114.2722632,22.3582654],[114.2722919,22.3583442],[114.2723053,22.3583922],[114.2723094,22.3584215],[114.2723091,22.3584442],[114.2723088,22.3584678],[114.2722978,22.3585252],[114.2722898,22.3586039],[114.2722919,22.3586624],[114.2723015,22.3586903],[114.272316,22.3587162],[114.272344,22.3588036],[114.2723802,22.3588609],[114.2724105,22.3588935],[114.2724443,22.3589197],[114.2724532,22.3589313],[114.2724651,22.3589652],[114.2724678,22.3590162],[114.2724637,22.3590459],[114.2724137,22.3591239],[114.2723757,22.3591605],[114.2723611,22.3591793],[114.2723489,22.3592145],[114.272343,22.3592737],[114.2723407,22.3594056],[114.2723525,22.3594978],[114.2723457,22.3595588],[114.2723536,22.3595864],[114.2723883,22.3596475],[114.2724229,22.3597459],[114.2724946,22.3599004],[114.2725348,22.3599735],[114.2725226,22.3600563],[114.2725049,22.3600594],[114.2724826,22.35999],[114.2724704,22.359971],[114.2724596,22.3599656],[114.2724445,22.3599633],[114.2723984,22.35997],[114.2722666,22.35997],[114.2722273,22.3599646],[114.272168,22.3599473],[114.2721479,22.3599366],[114.2721387,22.3599286],[114.2721328,22.3599021],[114.2719988,22.3598035],[114.2719904,22.3597716],[114.2718876,22.3597048],[114.2718532,22.3596998],[114.2718457,22.3596838],[114.2718526,22.3596801],[114.2718732,22.3596547],[114.271862,22.3595124],[114.2718403,22.359369],[114.2718005,22.3592709],[114.2717616,22.3592293],[114.2717117,22.3591373],[114.2716941,22.359122],[114.2716291,22.3590454],[114.2715618,22.3589383],[114.2715277,22.3588944],[114.2715025,22.3588664],[114.2714524,22.3588319],[114.2714218,22.3587972],[114.2713396,22.358726],[114.2713194,22.3586968],[114.2712988,22.3586576],[114.2712835,22.3586406],[114.2712304,22.3585955],[114.2711979,22.3585482],[114.2711502,22.3585235],[114.271132,22.3585092],[114.2710849,22.3584488],[114.2710489,22.3584098],[114.2709668,22.3583399],[114.270844,22.3582168],[114.2707548,22.3581531],[114.2706577,22.3580394],[114.2706072,22.3579862],[114.2705712,22.3579549],[114.2705275,22.3579324],[114.2704045,22.3578516],[114.2703316,22.3578038],[114.2702803,22.3577672],[114.2702582,22.3577469],[114.2702369,22.357734],[114.2702115,22.3577237],[114.2701955,22.357711],[114.2701918,22.3577054],[114.2702001,22.3577087],[114.2702058,22.3577018],[114.2701749,22.3576745],[114.2701768,22.3576612],[114.2701604,22.3576536],[114.2701563,22.3576476],[114.2701092,22.3576275],[114.2700982,22.3576194],[114.2700412,22.3576021],[114.2700029,22.3575758],[114.2699941,22.3575805],[114.2699664,22.3575735],[114.2699256,22.3575505],[114.2698717,22.3575006],[114.2698719,22.3574803],[114.2698445,22.357455],[114.2698449,22.3574458],[114.2698317,22.3574156],[114.2698127,22.3573993],[114.2697557,22.3573802],[114.2696956,22.3573501],[114.2696815,22.3573648],[114.2696085,22.3573275],[114.2696024,22.3573144],[114.2696018,22.3573024],[114.2695912,22.3572915],[114.2695911,22.3572832],[114.2695686,22.3572536],[114.2695408,22.3572424],[114.2695402,22.3572305],[114.2695153,22.3572243],[114.2694902,22.3572238],[114.2694882,22.357215],[114.2694663,22.3572107],[114.2694397,22.3572109],[114.2694369,22.3572206],[114.2694078,22.3572218],[114.2694063,22.3572264],[114.2693299,22.3572378],[114.2693233,22.3572631],[114.269326,22.3572809],[114.2693004,22.3572927],[114.2692737,22.3572833],[114.2692125,22.357288],[114.2691741,22.3572973],[114.2691353,22.3573201],[114.2691249,22.357311],[114.269115,22.3573102],[114.2690916,22.3573334],[114.2690983,22.3573673],[114.2690802,22.3573785],[114.2690873,22.3573898],[114.2690716,22.3573973],[114.2690536,22.3573765],[114.2690535,22.3573678],[114.2690469,22.357359],[114.2690367,22.3573583],[114.2690066,22.3573829],[114.268693,22.3573672],[114.2686874,22.357472],[114.2686803,22.3576012],[114.268616,22.3576554],[114.2684958,22.3576491],[114.2684477,22.3576488],[114.2683827,22.3576444],[114.2681916,22.3576403],[114.2679754,22.3576453],[114.267614,22.3576409],[114.2675147,22.3576161],[114.2674868,22.3575931],[114.2674385,22.3575257],[114.2674412,22.3575193],[114.2675242,22.3575303],[114.2675246,22.3575023],[114.2675557,22.3575035],[114.2675578,22.3574677],[114.2675443,22.3574471],[114.2675013,22.3574212],[114.2674631,22.3574068],[114.2674673,22.3573834],[114.2673734,22.3573688],[114.2673345,22.3573774],[114.2672816,22.3574227],[114.2672521,22.3574357],[114.2672443,22.3574583],[114.2672226,22.3574771],[114.26722,22.3575135],[114.2672718,22.3575548],[114.2672388,22.3575807],[114.2672218,22.357589],[114.2671433,22.3576087],[114.267055,22.3576408],[114.2670089,22.3576489],[114.2669358,22.3576135],[114.2667669,22.3575435],[114.2667065,22.3575081],[114.2665817,22.3574616],[114.2664883,22.3573953],[114.2665149,22.357312],[114.2665115,22.3572672],[114.2664521,22.3571611],[114.2663323,22.3570678],[114.2663206,22.3570803],[114.2663161,22.3570766],[114.2662545,22.3571009],[114.2662124,22.357136],[114.2661922,22.357204],[114.2661731,22.3571945],[114.2660931,22.357138],[114.2659388,22.3570395],[114.2659149,22.3570228],[114.2659028,22.3570115],[114.265952,22.3569234],[114.2659565,22.3569252],[114.2659775,22.3568907],[114.2660162,22.3568445],[114.2660146,22.3568275],[114.2660365,22.3567902],[114.2659719,22.3567411],[114.2659481,22.3567275],[114.265915,22.3567828],[114.2658975,22.3569008],[114.2659085,22.3569076],[114.2658984,22.3569288],[114.2658856,22.3569408],[114.2658676,22.3569267],[114.2658398,22.3568907],[114.2658064,22.3568647],[114.2658026,22.356867],[114.2657817,22.3568493],[114.2658183,22.3567366],[114.2658312,22.3567356],[114.265838,22.3567121],[114.2658546,22.3566964],[114.2658691,22.3566495],[114.2659287,22.3565794],[114.2659291,22.356562],[114.265935,22.3565555],[114.2659253,22.3565152],[114.2659342,22.356511],[114.2659171,22.3564652],[114.2658742,22.3564077],[114.2658056,22.3564182],[114.2657645,22.3563991],[114.2657606,22.3564042],[114.2657029,22.3563647],[114.265723,22.3563302],[114.2658171,22.3563071],[114.265834,22.3563152],[114.2658661,22.3562595],[114.2658856,22.356214],[114.2658908,22.3561863],[114.2658779,22.3561213],[114.2658297,22.3560674],[114.265771,22.3560229],[114.2656798,22.3559666],[114.2656172,22.3559849],[114.2655489,22.3560436],[114.2655187,22.3560837],[114.265455,22.3562126],[114.2654478,22.3562384],[114.2654259,22.3562798],[114.2654296,22.3562812],[114.2654101,22.3563044],[114.265378,22.3563271],[114.2653471,22.3563567],[114.2653307,22.3563646],[114.2653129,22.35637],[114.2652487,22.3563564],[114.2652373,22.3563629],[114.265229,22.3563818],[114.2652113,22.3564011],[114.2651867,22.3564079],[114.2651703,22.3564052],[114.2651538,22.3563938],[114.265152,22.3563856],[114.2651677,22.3563318],[114.2651655,22.3563102],[114.2651589,22.3563016],[114.2651514,22.3562971],[114.2651391,22.3562971],[114.2651339,22.356303],[114.2651269,22.3563325],[114.2651193,22.3563389],[114.2651048,22.3563386],[114.2651032,22.3563154],[114.2651099,22.3562814],[114.265132,22.3562734],[114.2651305,22.3562556],[114.2651221,22.3562547],[114.265121,22.3562396],[114.2650936,22.3562283],[114.2650827,22.3562123],[114.2650525,22.3562019],[114.2649977,22.3561954],[114.2649962,22.3562018],[114.2649869,22.3562033],[114.2649849,22.3562116],[114.2649659,22.3562392],[114.264956,22.3562416],[114.2649561,22.3562521],[114.2649444,22.3562714],[114.2649893,22.3563304],[114.2650012,22.3563376],[114.2650137,22.3563386],[114.2650141,22.3563463],[114.2650097,22.3563614],[114.2649974,22.3563684],[114.2649657,22.3563722],[114.2649572,22.3563793],[114.2649532,22.3563925],[114.2649553,22.3564135],[114.2649652,22.3564278],[114.2649918,22.3564536],[114.2650377,22.3564841],[114.265066,22.3564937],[114.2650948,22.3564867],[114.2651097,22.3564884],[114.2651299,22.3565063],[114.2651477,22.3565062],[114.2651664,22.3565446],[114.2652007,22.3565851],[114.2652112,22.3566139],[114.2652133,22.3566355],[114.2652407,22.3566773],[114.2652459,22.3566915],[114.2652528,22.3568165],[114.2652747,22.3569244],[114.265307,22.3570171],[114.2653841,22.357197],[114.2653873,22.3572176],[114.2653808,22.3572376],[114.2653546,22.3572787],[114.2652538,22.3574007],[114.2652401,22.3574256],[114.2652336,22.3574536],[114.2652391,22.3575189],[114.2652535,22.3575908],[114.2652833,22.357776],[114.2652852,22.3577986],[114.2652864,22.357814],[114.2652918,22.3578437],[114.2652998,22.3578741],[114.2653068,22.3579456],[114.2653314,22.3580335],[114.2655125,22.3584668],[114.2655412,22.3585534],[114.2655648,22.3587022],[114.2655654,22.3588773],[114.2655588,22.3589035],[114.2655199,22.3589475],[114.2654179,22.3590348],[114.2654004,22.3590617],[114.2653932,22.3590825],[114.26523,22.3590437],[114.2651454,22.3590275],[114.2651487,22.3589953],[114.2651242,22.3589969],[114.2651142,22.3589976],[114.2651061,22.3590498],[114.2651335,22.3590558],[114.2654975,22.3591347],[114.2654045,22.3596237],[114.2654217,22.3596568],[114.2654528,22.3596807],[114.2655044,22.3597112],[114.2655781,22.3597336],[114.2655823,22.3597548],[114.2655928,22.3597725],[114.2656086,22.3597865],[114.2656283,22.3597953],[114.2656252,22.3598981],[114.265643,22.3598993],[114.2656474,22.3597978],[114.2657453,22.359796],[114.2658667,22.3597909],[114.2659259,22.3597961],[114.2660628,22.3598451],[114.2661217,22.3598805],[114.2661284,22.3599012],[114.2661582,22.3599294],[114.266233,22.3599565],[114.2662495,22.359956],[114.2662775,22.3599553],[114.2663475,22.3599365],[114.266374,22.359923],[114.2663895,22.3598971],[114.2664393,22.359923],[114.2668144,22.3600612],[114.2668683,22.3600809],[114.2671677,22.3601918],[114.2673444,22.3600248],[114.2673512,22.3600277],[114.2673635,22.3600261],[114.2674148,22.3600094],[114.2674485,22.3600104],[114.267477,22.3600193],[114.2674894,22.3600288],[114.267499,22.360043],[114.2675027,22.3600561],[114.2675019,22.3600852],[114.2675117,22.360105],[114.2675383,22.36012],[114.2675952,22.3601398],[114.2676395,22.3601694],[114.2676554,22.3602013],[114.2676732,22.3602258],[114.2676867,22.3602575],[114.2677093,22.3602794],[114.2677586,22.3603151],[114.2678071,22.3603635],[114.2678301,22.3603915],[114.2678598,22.3604551],[114.2678841,22.3605389],[114.2679305,22.3606016],[114.2679652,22.3606875],[114.2680158,22.3607612],[114.2680485,22.3607873],[114.2680845,22.3607991],[114.2681304,22.3608283],[114.2681915,22.3608585],[114.2682372,22.3608811],[114.2683273,22.3609155],[114.2684291,22.3609617],[114.2685812,22.3610529],[114.2687124,22.3610952],[114.2687689,22.3611191],[114.2687913,22.3611335],[114.2688552,22.3612037],[114.2689125,22.3612916],[114.2689507,22.3613958],[114.2689658,22.3614824],[114.2689807,22.3616341],[114.2689836,22.3617151],[114.2689656,22.3618558],[114.2689667,22.3618703],[114.2689776,22.3618957],[114.269068,22.3620045],[114.2691422,22.3620867],[114.2691879,22.3621222],[114.2692875,22.3621895],[114.269427,22.3622777],[114.2694868,22.3623296],[114.2695068,22.3623515],[114.2695307,22.3623849],[114.2695938,22.3624904],[114.2696241,22.3625139],[114.2696779,22.3625463],[114.269707,22.3625713],[114.2697923,22.3626783],[114.2697971,22.3626898],[114.2697962,22.3627212],[114.2698077,22.3627779],[114.2698428,22.3628955],[114.2698454,22.3629582],[114.2698605,22.3629929],[114.2698684,22.3630237],[114.2698908,22.3630465],[114.2699505,22.3630721],[114.2699952,22.3630975],[114.270015,22.3631137],[114.270027,22.3631424],[114.2700378,22.3632498],[114.270072,22.3633235],[114.2701315,22.3634279],[114.2701364,22.3634389],[114.2701471,22.3634686],[114.2701462,22.3634881],[114.270135,22.3635177],[114.2701111,22.3635377],[114.270104,22.3635613],[114.2700986,22.3636739],[114.2700943,22.363687],[114.2700629,22.3637337],[114.2700583,22.3637483],[114.2700587,22.3638061],[114.2700543,22.3638588],[114.2700256,22.3639859],[114.2700111,22.3640194],[114.2699811,22.3641399],[114.2699297,22.3642336],[114.2699228,22.3642412],[114.2698689,22.3642682],[114.2698584,22.3642806],[114.2698463,22.3643055],[114.2698525,22.3643474],[114.2698713,22.3643858],[114.2698738,22.3644008],[114.2698724,22.3644961],[114.2698596,22.3645222],[114.2698109,22.3645664],[114.2698052,22.3645929],[114.2698138,22.3646263],[114.2698112,22.3646378],[114.2697467,22.3648049],[114.2697391,22.3648444],[114.2697724,22.3649378],[114.2697826,22.3650109],[114.2697772,22.3650402],[114.2697465,22.365121],[114.2697431,22.365155],[114.2697491,22.365172],[114.2697752,22.3652048],[114.2698047,22.3652238],[114.2698136,22.3652333],[114.2698737,22.365311],[114.2699388,22.3653358],[114.2700729,22.3654337],[114.2700877,22.3654725],[114.2700955,22.3655123],[114.2700908,22.3655469],[114.2700858,22.3655605],[114.2700577,22.3656047],[114.2700541,22.3656198],[114.2700183,22.3656699],[114.2699823,22.3657373],[114.2699639,22.3658354],[114.2699254,22.3659791],[114.2699029,22.366104],[114.2698791,22.3661705],[114.2698777,22.3662067],[114.2698902,22.3663402],[114.2698893,22.3663758],[114.2698605,22.3664366],[114.2698542,22.3664844],[114.2698382,22.366532],[114.2697919,22.3665967],[114.269759,22.366628],[114.2697282,22.366682],[114.2697081,22.3667061],[114.2696688,22.3667337],[114.2694975,22.3668835],[114.269433,22.3669621],[114.2694069,22.3669858],[114.2693659,22.3670125],[114.2693392,22.367037],[114.2693202,22.3670584],[114.269292,22.3670984],[114.2692489,22.3670763],[114.2690179,22.3673457],[114.2689662,22.3674136],[114.268933,22.3673944],[114.2688993,22.367317],[114.2688364,22.3671435],[114.2689757,22.3668485],[114.268959,22.3668417],[114.2688278,22.3671197],[114.2687826,22.3669949],[114.2688529,22.3666825],[114.2688361,22.3666791],[114.2687648,22.3669959],[114.2688868,22.3673327],[114.2689201,22.3674162],[114.2687683,22.3676366],[114.2686895,22.3677584],[114.2686105,22.3676529],[114.2685756,22.3676062],[114.2686306,22.3675701],[114.2686293,22.3675628],[114.2685694,22.3675978],[114.2685096,22.3675182],[114.2685885,22.3674663],[114.2685871,22.3674594],[114.2685039,22.3675102],[114.2685012,22.3675066],[114.2684486,22.3674358],[114.2684705,22.3674208],[114.2685467,22.367372],[114.2685445,22.367365],[114.2684802,22.3674066],[114.2684424,22.3674281],[114.2683845,22.3673504],[114.2684825,22.3672864],[114.2684809,22.3672794],[114.2683784,22.3673421],[114.2683198,22.3672635],[114.2684182,22.3672005],[114.2684166,22.3671934],[114.2683139,22.3672559],[114.2682566,22.3671792],[114.2683548,22.3671152],[114.2683529,22.3671074],[114.2682503,22.3671714],[114.2681928,22.3670937],[114.2682838,22.3670309],[114.2682715,22.3670297],[114.268186,22.3670856],[114.2681256,22.3670046],[114.2682375,22.3669287],[114.2682261,22.3669246],[114.2681182,22.3669945],[114.2680545,22.3669091],[114.268167,22.366836],[114.2681635,22.3668262],[114.2680465,22.366899],[114.2679827,22.3668137],[114.2680968,22.3667368],[114.2680921,22.3667311],[114.268083,22.3667338],[114.2679753,22.3668034],[114.2679114,22.366718],[114.2680263,22.3666435],[114.2680198,22.3666334],[114.2679039,22.3667076],[114.2678581,22.3666459],[114.2678328,22.3666121],[114.268036,22.3664635],[114.268,22.3664216],[114.2676387,22.3666842],[114.2676692,22.366731],[114.2678131,22.3666266],[114.267837,22.3666583],[114.2678965,22.3667377],[114.267753,22.3668315],[114.2677422,22.366842],[114.2677496,22.366852],[114.2679072,22.366753],[114.2679768,22.3668468],[114.2678417,22.3669371],[114.2678536,22.366948],[114.2679881,22.3668614],[114.268057,22.3669531],[114.2679219,22.3670442],[114.2679337,22.3670536],[114.268068,22.366968],[114.2681361,22.367059],[114.2680092,22.3671413],[114.2680032,22.3671478],[114.2680111,22.3671587],[114.2681472,22.3670735],[114.268215,22.3671644],[114.2680883,22.3672467],[114.2680991,22.3672613],[114.2682256,22.3671789],[114.2682923,22.3672675],[114.2681867,22.367339],[114.2681912,22.3673449],[114.2682,22.3673423],[114.2683,22.3672779],[114.2683636,22.3673633],[114.2682582,22.3674351],[114.2682665,22.3674411],[114.2683713,22.3673735],[114.2684317,22.3674545],[114.2683457,22.3675135],[114.2683572,22.3675146],[114.2684379,22.3674627],[114.2684835,22.3675234],[114.2684959,22.36754],[114.2684167,22.3675944],[114.2684234,22.3675981],[114.2685018,22.3675483],[114.2685573,22.3676223],[114.2684892,22.3676668],[114.2684974,22.3676729],[114.2685633,22.3676305],[114.2685944,22.3676749],[114.2686718,22.3677856],[114.2687017,22.3678024],[114.2686882,22.3678253],[114.2686599,22.3678383],[114.2686471,22.3678449],[114.2686328,22.3678542],[114.2686151,22.3678683],[114.2685987,22.3678836],[114.2685818,22.3679022],[114.2685578,22.3679367],[114.2685441,22.3679596],[114.2685298,22.367989],[114.268445,22.3681806],[114.2684342,22.3682027],[114.2684322,22.3682219],[114.2684314,22.3682435],[114.2684323,22.3682543],[114.2684345,22.368265],[114.2684389,22.3682779],[114.2684475,22.3682951],[114.2684566,22.3683089],[114.2684693,22.3683238],[114.2684696,22.3683256],[114.2684581,22.368388],[114.2683949,22.3683004],[114.2683477,22.3682355],[114.2682667,22.3681245],[114.2680972,22.367986],[114.2681908,22.3678869],[114.268181,22.3678788],[114.2680873,22.3679779],[114.2680359,22.3679357],[114.2679948,22.3679021],[114.2680884,22.3678031],[114.2680785,22.3677951],[114.2679849,22.3678941],[114.2678997,22.3678244],[114.2679691,22.3677508],[114.2679932,22.3677253],[114.2679834,22.3677172],[114.2679385,22.3677647],[114.2678898,22.3678162],[114.2678711,22.3678009],[114.267799,22.367742],[114.2678926,22.367643],[114.2678828,22.367635],[114.2677891,22.3677339],[114.2676995,22.3676607],[114.2678085,22.3675453],[114.2677939,22.3675334],[114.2676849,22.3676487],[114.2675857,22.3675676],[114.2676947,22.3674523],[114.2676801,22.3674404],[114.2675712,22.3675556],[114.2674807,22.3674817],[114.2675897,22.3673664],[114.2675752,22.3673545],[114.2674661,22.3674698],[114.2673692,22.3673905],[114.2674891,22.3672637],[114.2674745,22.3672518],[114.2673546,22.3673785],[114.2672554,22.3672975],[114.2673753,22.3671706],[114.2673608,22.3671587],[114.2672408,22.3672855],[114.2671446,22.3672069],[114.2672646,22.36708],[114.2672499,22.3670681],[114.26713,22.3671949],[114.2670265,22.3671102],[114.2671637,22.366965],[114.2671491,22.3669531],[114.2670119,22.3670982],[114.2669084,22.3670136],[114.2670456,22.3668685],[114.267031,22.3668566],[114.2668937,22.3670017],[114.2668099,22.3669331],[114.2669471,22.3667879],[114.2669325,22.366776],[114.2667953,22.3669211],[114.2667003,22.3668434],[114.2669996,22.3666199],[114.2669643,22.3665788],[114.2655741,22.3676177],[114.2656087,22.3676579],[114.26668,22.3668586],[114.2667526,22.3669181],[114.2666052,22.3670735],[114.2666198,22.3670855],[114.2667671,22.3669301],[114.2668326,22.3669838],[114.2666854,22.3671392],[114.2666999,22.3671511],[114.2668472,22.3669957],[114.2669128,22.3670494],[114.2667656,22.3672048],[114.2667801,22.3672168],[114.2669274,22.3670614],[114.2669929,22.3671152],[114.2668456,22.3672706],[114.2668602,22.3672825],[114.2670075,22.3671271],[114.267073,22.3671809],[114.2669258,22.3673362],[114.2669403,22.3673482],[114.2670876,22.3671928],[114.2671532,22.3672465],[114.2670059,22.3674019],[114.2670205,22.3674139],[114.2671677,22.3672585],[114.2672697,22.3673421],[114.2671324,22.3674871],[114.2671469,22.367499],[114.2672843,22.367354],[114.2673877,22.3674388],[114.2672503,22.3675837],[114.2672649,22.3675957],[114.2674023,22.3674508],[114.2674992,22.3675301],[114.26739,22.3676453],[114.2674,22.3676534],[114.2675091,22.3675383],[114.2676082,22.3676195],[114.2674991,22.3677347],[114.2675089,22.3677427],[114.267618,22.3676275],[114.2677076,22.3677011],[114.2675985,22.3678162],[114.2676083,22.3678243],[114.2677174,22.3677091],[114.2678034,22.3677795],[114.2677097,22.3678784],[114.2677197,22.3678866],[114.2678134,22.3677877],[114.267848,22.3678161],[114.267895,22.3678546],[114.2678012,22.3679534],[114.2678112,22.3679616],[114.2679049,22.3678627],[114.2680116,22.3679502],[114.2679179,22.3680492],[114.2679278,22.3680572],[114.2680215,22.3679583],[114.2682458,22.3681422],[114.2683107,22.3682279],[114.2680702,22.3681838],[114.2680782,22.3682015],[114.2683253,22.3682471],[114.2683367,22.3682621],[114.2683513,22.3682815],[114.2684518,22.3684208],[114.2684254,22.3685573],[114.2683932,22.3687188],[114.2683034,22.3686822],[114.2681429,22.3686185],[114.2679421,22.368539],[114.2679992,22.3684144],[114.267987,22.3684096],[114.2679299,22.3685341],[114.2678129,22.3684878],[114.26787,22.3683631],[114.2678577,22.3683584],[114.2678007,22.3684829],[114.2676846,22.3684369],[114.2677417,22.3683123],[114.2677294,22.3683075],[114.2676723,22.368432],[114.2675687,22.368391],[114.2676258,22.3682664],[114.2676135,22.3682616],[114.2675565,22.3683862],[114.2674528,22.3683451],[114.2675343,22.3681673],[114.2675208,22.3681619],[114.2675164,22.3681602],[114.2675101,22.368174],[114.267435,22.368338],[114.2673635,22.3683097],[114.2673073,22.3682875],[114.2673887,22.3681096],[114.2673708,22.3681025],[114.2672894,22.3682803],[114.2671608,22.3682294],[114.2672422,22.3680516],[114.2672243,22.3680445],[114.2671429,22.3682222],[114.2670179,22.3681727],[114.2670993,22.3679949],[114.2670814,22.3679879],[114.267,22.3681657],[114.2668579,22.3681093],[114.2669549,22.3678976],[114.2669371,22.3678906],[114.2668401,22.3681023],[114.2667588,22.3680701],[114.2668558,22.3678584],[114.2668379,22.3678513],[114.2667409,22.368063],[114.2666596,22.3680308],[114.2667566,22.367819],[114.2667388,22.3678119],[114.2666418,22.3680238],[114.2665606,22.3679915],[114.2666575,22.3677798],[114.2666396,22.3677726],[114.2665426,22.3679844],[114.2664614,22.3679522],[114.2665584,22.3677404],[114.2665404,22.3677334],[114.2664435,22.3679451],[114.2663444,22.3679058],[114.2664414,22.3676941],[114.2664293,22.3676893],[114.2663335,22.3679015],[114.2663231,22.3679252],[114.2662827,22.3680104],[114.2662947,22.3680152],[114.2663339,22.3679295],[114.2664375,22.3679704],[114.2663984,22.3680561],[114.2664073,22.3680596],[114.2664465,22.3679739],[114.2665341,22.3680085],[114.2664949,22.3680942],[114.2665038,22.3680978],[114.266543,22.368012],[114.2666305,22.3680466],[114.2665914,22.3681323],[114.2666004,22.3681358],[114.2666395,22.3680502],[114.2667271,22.3680847],[114.266688,22.3681705],[114.2666968,22.368174],[114.2667361,22.3680883],[114.2668236,22.3681228],[114.2667844,22.3682086],[114.2667934,22.3682121],[114.2668326,22.3681264],[114.2669201,22.368161],[114.266881,22.3682467],[114.26689,22.3682502],[114.266929,22.3681645],[114.2670166,22.3681991],[114.2669775,22.3682849],[114.2669864,22.3682884],[114.2670256,22.3682026],[114.2671132,22.3682372],[114.267074,22.3683229],[114.2670829,22.3683264],[114.2671221,22.3682408],[114.2672097,22.3682753],[114.2671706,22.368361],[114.2671795,22.3683646],[114.2672186,22.3682788],[114.2673062,22.3683134],[114.267291,22.3683467],[114.2672671,22.3683992],[114.267276,22.3684027],[114.2673039,22.3683418],[114.2673152,22.368317],[114.2673381,22.368326],[114.2674028,22.3683516],[114.2673635,22.3684373],[114.2673725,22.3684408],[114.2674117,22.3683551],[114.2674992,22.3683897],[114.2674601,22.3684754],[114.2674691,22.368479],[114.2675081,22.3683932],[114.2675958,22.3684278],[114.2675567,22.3685135],[114.2675655,22.368517],[114.2676047,22.3684314],[114.2676923,22.3684659],[114.2676531,22.3685516],[114.267662,22.3685552],[114.2677013,22.3684694],[114.2677888,22.368504],[114.2677497,22.3685898],[114.2677586,22.3685933],[114.2677978,22.3685076],[114.2678853,22.3685421],[114.2678462,22.3686279],[114.2678551,22.3686314],[114.2678943,22.3685457],[114.2679819,22.3685803],[114.2679427,22.368666],[114.2679517,22.3686695],[114.2679908,22.3685838],[114.2681301,22.3686388],[114.2682918,22.3687027],[114.2683888,22.3687407],[114.2683286,22.3690427],[114.268183,22.368953],[114.2680714,22.3689086],[114.2680993,22.36885],[114.2680882,22.3688447],[114.2680604,22.3689043],[114.2680011,22.3688807],[114.2680286,22.368821],[114.2680195,22.3688174],[114.2679919,22.368877],[114.2679654,22.3688665],[114.2679312,22.3688529],[114.2679583,22.3687923],[114.2679477,22.3687889],[114.2679209,22.3688489],[114.2665459,22.368303],[114.2664538,22.3685128],[114.2664731,22.368519],[114.2665549,22.3683315],[114.2666311,22.3683617],[114.2665488,22.3685489],[114.2665675,22.3685556],[114.2666475,22.3683682],[114.2667555,22.3684111],[114.2666741,22.3685965],[114.2666903,22.3686014],[114.266771,22.3684172],[114.2668778,22.3684596],[114.2667972,22.3686433],[114.2668118,22.3686485],[114.2668921,22.3684653],[114.2670038,22.3685097],[114.2669473,22.3686392],[114.2669603,22.3686435],[114.2670163,22.3685146],[114.2671208,22.3685561],[114.2670643,22.3686856],[114.2670786,22.3686905],[114.267134,22.3685614],[114.2672389,22.368603],[114.2671822,22.3687324],[114.2671955,22.3687361],[114.2672524,22.3686084],[114.2673528,22.3686482],[114.2672962,22.3687776],[114.2673097,22.3687823],[114.2673652,22.3686532],[114.2674731,22.3686959],[114.2674165,22.3688254],[114.2674274,22.3688291],[114.2674826,22.3686997],[114.2675889,22.3687419],[114.2675323,22.3688714],[114.2675448,22.3688757],[114.2675992,22.368746],[114.2677005,22.3687863],[114.267644,22.3689157],[114.2676566,22.3689201],[114.2677121,22.3687908],[114.2678092,22.3688294],[114.2677526,22.3689588],[114.2677638,22.3689626],[114.2678196,22.3688335],[114.2679116,22.36887],[114.267854,22.3689991],[114.2678613,22.3690018],[114.267864,22.3690028],[114.2678688,22.368992],[114.2679217,22.368874],[114.2679502,22.3688852],[114.2679821,22.368898],[114.2679641,22.3689368],[114.2679735,22.3689406],[114.2679914,22.3689017],[114.2680507,22.3689252],[114.2680328,22.368964],[114.2680432,22.3689678],[114.2680614,22.3689295],[114.2681713,22.3689732],[114.2683238,22.369067],[114.2682947,22.3692127],[114.2682378,22.3691919],[114.2682246,22.3692318],[114.2682064,22.3692843],[114.2678794,22.3692442],[114.2678893,22.3691677],[114.2678748,22.3691675],[114.2678644,22.3692424],[114.2678023,22.3692349],[114.2678126,22.3691593],[114.2677994,22.3691585],[114.2677891,22.3692332],[114.2677256,22.3692255],[114.2677356,22.3691505],[114.2677237,22.3691494],[114.2677135,22.369224],[114.2676534,22.3692166],[114.2676596,22.3691714],[114.2676735,22.3690708],[114.2676596,22.3690708],[114.2676441,22.3691782],[114.2676388,22.3692148],[114.2675448,22.3692033],[114.2675391,22.3692026],[114.2675598,22.3690576],[114.2675441,22.3690564],[114.2675233,22.3692007],[114.2674216,22.3691882],[114.2674421,22.3690431],[114.2674288,22.3690422],[114.2674081,22.3691865],[114.2673023,22.3691736],[114.2673231,22.3690287],[114.2673103,22.3690277],[114.2672895,22.369172],[114.2671784,22.3691583],[114.2671983,22.3690137],[114.2671834,22.3690122],[114.2671625,22.3691564],[114.267051,22.3691427],[114.2670708,22.3689971],[114.2670592,22.3689971],[114.2670384,22.3691412],[114.2669261,22.3691275],[114.2669476,22.3689821],[114.2669344,22.3689817],[114.2669136,22.3691259],[114.266798,22.3691117],[114.2668162,22.3689661],[114.2668023,22.3689655],[114.2667839,22.3691101],[114.2666698,22.3690961],[114.2666882,22.3689504],[114.2666728,22.3689497],[114.2666546,22.3690942],[114.2665407,22.3690802],[114.2665683,22.3688734],[114.2665539,22.3688723],[114.266526,22.3690785],[114.2664047,22.3690635],[114.2664312,22.3688597],[114.2664171,22.3688563],[114.2663892,22.3690617],[114.2662493,22.3690445],[114.2662744,22.3688404],[114.2662571,22.3688376],[114.2662293,22.3690594],[114.26748,22.3692124],[114.2677111,22.3692407],[114.2676985,22.3693326],[114.2677119,22.3693342],[114.2677235,22.3692422],[114.2677867,22.3692499],[114.2677742,22.3693416],[114.2677895,22.3693428],[114.2678002,22.3692516],[114.2678621,22.3692592],[114.2678495,22.3693506],[114.2678642,22.3693518],[114.267877,22.369261],[114.2682007,22.3693006],[114.2681332,22.3694948],[114.2681336,22.3694949],[114.2680972,22.3695433],[114.2680873,22.3695568],[114.268034,22.3696664],[114.2679643,22.3697621],[114.267931,22.3698144],[114.2678977,22.3698887],[114.2678986,22.3699019],[114.2679016,22.3699147],[114.2679068,22.3699344],[114.2679054,22.3699424],[114.2679026,22.3699777],[114.2679037,22.3699883],[114.2679087,22.3700107],[114.2679203,22.3700409],[114.2679248,22.3700583],[114.267925,22.3700859],[114.2679256,22.3700983],[114.2679271,22.3701065],[114.267931,22.3701139],[114.2679464,22.3701243],[114.2679583,22.3701302],[114.2679623,22.3701357],[114.2679648,22.3701403],[114.2679703,22.3701595],[114.2679813,22.3701861],[114.2679843,22.3701958],[114.2679859,22.3702077],[114.2679855,22.3702168],[114.2679831,22.3702283],[114.2679787,22.3702407],[114.2679679,22.3702647],[114.2679635,22.3702766],[114.267941,22.3703051],[114.2679149,22.3703328],[114.2678667,22.3703757],[114.2678325,22.370397],[114.2678076,22.3704104],[114.2678049,22.3704116],[114.2677946,22.3704131],[114.2675837,22.3704405],[114.2675869,22.3704683],[114.267577,22.3704696],[114.2675733,22.3704429],[114.2675263,22.3704481],[114.2674389,22.3704445],[114.2673371,22.3704367],[114.2671979,22.370409],[114.2671349,22.3704004],[114.2670482,22.3703797],[114.2669651,22.3703418],[114.2669248,22.3703143],[114.2668825,22.3702713],[114.2668543,22.3702352],[114.2668139,22.370206],[114.2667925,22.3702005],[114.26673,22.3701947],[114.2666692,22.3701943],[114.2666344,22.3702057],[114.2665828,22.3702378],[114.2665632,22.3702145],[114.2665441,22.3702287],[114.2665642,22.3702529],[114.2664657,22.3703537],[114.2664074,22.3704405],[114.2663674,22.3704915],[114.2663246,22.3705334],[114.2662341,22.3706344],[114.2661889,22.3706796],[114.266157,22.3707051],[114.2661263,22.3707099],[114.2661049,22.3707194],[114.2660794,22.3707351],[114.266016,22.3707853],[114.2659931,22.3707858],[114.2659723,22.3707951],[114.265676,22.3710144],[114.2654254,22.370753],[114.2654143,22.3707619],[114.2656659,22.371022],[114.2654825,22.3711579],[114.2654588,22.3711725],[114.2654117,22.3711928],[114.2653845,22.3712003],[114.2653473,22.3712062],[114.2652518,22.3712102],[114.2651942,22.3712225],[114.2650829,22.3712362],[114.2650397,22.3712515],[114.2650015,22.3712768],[114.2649817,22.3712943],[114.2648866,22.3713874],[114.2648406,22.3714486],[114.2647537,22.3715409],[114.2645984,22.3716525],[114.2645168,22.3717231],[114.2644814,22.37177],[114.2643685,22.3719656],[114.2643171,22.3721123],[114.2643012,22.3721803],[114.2642907,22.3722053],[114.2642662,22.3722448],[114.2641607,22.3723538],[114.2641437,22.3723648],[114.2641386,22.3723682],[114.2641014,22.3723818],[114.2640847,22.3723818],[114.2640709,22.3723765],[114.263979,22.3722872],[114.2639464,22.3722648],[114.2639251,22.37227],[114.2638966,22.3722878],[114.2638036,22.3723598],[114.2637856,22.3723559],[114.2637563,22.3723313],[114.2637147,22.3723156],[114.2636633,22.3723123],[114.2636173,22.3723298],[114.2635604,22.3722692],[114.2635391,22.372259],[114.2634832,22.372243],[114.2632231,22.3719903],[114.2632048,22.372005],[114.2631929,22.3719732],[114.2631831,22.371961],[114.2631525,22.3719467],[114.2630704,22.3719469],[114.2630537,22.3719409],[114.2630218,22.3719154],[114.2630047,22.3718852],[114.2629957,22.3718466],[114.2629654,22.3717565],[114.2629524,22.3717258],[114.262923,22.3716746],[114.2629209,22.3716598],[114.2629218,22.3716465],[114.2629356,22.3716277],[114.2630204,22.3715795],[114.2630417,22.3715805],[114.2630616,22.371593],[114.2630882,22.3716252],[114.263127,22.3717066],[114.2631515,22.371727],[114.263178,22.3717296],[114.263191,22.3717255],[114.2632168,22.371705],[114.2632212,22.3716948],[114.2632249,22.3716584],[114.2632448,22.37164],[114.2633008,22.3716255],[114.2633322,22.371612],[114.2634055,22.3715752],[114.2634541,22.3715427],[114.2634757,22.3715192],[114.263512,22.3714555],[114.2635487,22.371422],[114.2635976,22.3713883],[114.2636847,22.3713104],[114.2637681,22.3712213],[114.2638299,22.3711667],[114.2638612,22.3711282],[114.2638742,22.3710886],[114.2638856,22.3710098],[114.2639146,22.3709645],[114.2638328,22.3708929],[114.2640811,22.3707061],[114.2640721,22.3706958],[114.2638224,22.3708842],[114.263815,22.3708767],[114.2638337,22.3708569],[114.2638299,22.3708392],[114.2638146,22.370808],[114.2638229,22.3707972],[114.2638198,22.370777],[114.2638223,22.3707745],[114.2637774,22.370717],[114.2637292,22.3706062],[114.2637199,22.3705763],[114.2637211,22.370568],[114.2637384,22.3705539],[114.2637947,22.3705294],[114.2638119,22.3705104],[114.2638709,22.3704693],[114.2639001,22.3704386],[114.2639218,22.3703923],[114.2639436,22.3703257],[114.2639498,22.370272],[114.2639451,22.3702398],[114.2639338,22.3702114],[114.2639266,22.3702034],[114.2639029,22.3701908],[114.2638141,22.370175],[114.2637723,22.3701611],[114.2637522,22.370147],[114.2637446,22.3701353],[114.2637441,22.3701261],[114.2637789,22.3700332],[114.2638141,22.3699195],[114.2638207,22.3699051],[114.2638321,22.3698938],[114.2638633,22.369891],[114.2639027,22.3698962],[114.2639456,22.3699103],[114.2639773,22.369932],[114.2640042,22.369945],[114.2640188,22.3699491],[114.2640423,22.3699495],[114.2640532,22.369947],[114.2640761,22.3699321],[114.2641118,22.369891],[114.2641311,22.3698743],[114.2641359,22.3698702],[114.264157,22.3697738],[114.2641681,22.369701],[114.2641965,22.3696229],[114.2641938,22.3695846],[114.2641922,22.3695621],[114.2641576,22.3694757],[114.2641353,22.3694374],[114.2640745,22.3693789],[114.2640288,22.3693273],[114.2640071,22.3693133],[114.2639548,22.3692929],[114.2639086,22.3692824],[114.2638635,22.369268],[114.2638282,22.3692568],[114.2637851,22.369252],[114.263716,22.3692508],[114.2636489,22.3692372],[114.2635217,22.3693079],[114.263519,22.3693057],[114.2635116,22.3693014],[114.2635064,22.3692989],[114.2634983,22.3692957],[114.2634872,22.3692924],[114.2634787,22.3692907],[114.2634701,22.3692897],[114.2634613,22.3692893],[114.2634591,22.3692894],[114.2634555,22.3692896],[114.2634468,22.3692904],[114.2634411,22.3692914],[114.2634354,22.3692926],[114.2634271,22.369295],[114.2634163,22.3692993],[114.2634106,22.369303],[114.2633974,22.3693097],[114.2633855,22.3693201],[114.2633547,22.3693541],[114.2633287,22.3693948],[114.2633218,22.369416],[114.2633213,22.3694247],[114.2633234,22.3694353],[114.2633316,22.3694593],[114.2633344,22.3694651],[114.2633313,22.3694677],[114.263327,22.3694756],[114.2633256,22.3694843],[114.2633275,22.369493],[114.2633496,22.3695313],[114.2633547,22.3695436],[114.2633617,22.3695526],[114.2633516,22.369568],[114.263259,22.3696591],[114.2632324,22.3696764],[114.2632148,22.3696816],[114.2631943,22.3696824],[114.2630458,22.3696708],[114.2629954,22.3696581],[114.2629563,22.3696359],[114.2628646,22.369571],[114.2628006,22.3695108],[114.262787,22.3695145],[114.2627758,22.3695279],[114.2627551,22.3695834],[114.2627399,22.369612],[114.2627256,22.3696203],[114.262709,22.3696198],[114.2626499,22.3695268],[114.2626357,22.3694972],[114.2626213,22.3694546],[114.2626142,22.3693942],[114.2626279,22.3693403],[114.262651,22.3693044],[114.2626688,22.3692873],[114.262717,22.3692549],[114.2627662,22.3692279],[114.2628869,22.3691879],[114.2629074,22.3691671],[114.2629177,22.3691426],[114.2629221,22.36912],[114.2629277,22.3690096],[114.262947,22.3688691],[114.2629436,22.3688143],[114.2629208,22.368765],[114.2629207,22.3687581],[114.2629532,22.36868],[114.2629594,22.3686423],[114.2629556,22.3686118],[114.2629335,22.3685304],[114.2629242,22.3684964],[114.2628659,22.3684257],[114.2628752,22.36841],[114.2630047,22.3684076],[114.2630637,22.3683875],[114.2630967,22.368336],[114.2631017,22.3682662],[114.2630553,22.3682144],[114.2629097,22.3681309],[114.2628911,22.3681],[114.2628792,22.3680804],[114.2628853,22.3680542],[114.2629545,22.3679019],[114.2629718,22.3678128],[114.2629443,22.3676926],[114.2628917,22.3675519],[114.2628413,22.3674918],[114.2628241,22.3674887],[114.2626866,22.3674788],[114.2625989,22.3675039],[114.2624948,22.3676235],[114.2624633,22.3676661],[114.2624339,22.3676873],[114.2623549,22.3677082],[114.262263,22.3677119],[114.262226,22.3677266],[114.2621627,22.3677395],[114.26208,22.3677789],[114.2620304,22.3677931],[114.2619823,22.3677987],[114.2618204,22.3678067],[114.2617149,22.3678077],[114.2616079,22.3677976],[114.261433,22.3677679],[114.2614241,22.3677717],[114.2614209,22.367768],[114.2614133,22.3677666],[114.2613824,22.3677644],[114.261375,22.3677658],[114.26136,22.3677638],[114.2613523,22.3677638],[114.2613444,22.3677652],[114.2613363,22.3677649],[114.2613287,22.3677617],[114.261321,22.3677598],[114.2613117,22.3677607],[114.2613059,22.3677613],[114.2612901,22.3677658],[114.2612746,22.3677644],[114.2612598,22.367765],[114.261241,22.3677719],[114.2612106,22.3677874],[114.2611955,22.3677974],[114.2611823,22.3678123],[114.2611525,22.3678342],[114.2610887,22.3678963],[114.2610728,22.3679131],[114.2610514,22.3679383],[114.2610367,22.3679657],[114.2610277,22.3680035],[114.2610232,22.3680487],[114.2610256,22.3680865],[114.2610199,22.3681285],[114.2610063,22.3681528],[114.2609986,22.3681565],[114.260979,22.3681785],[114.2609716,22.3681842],[114.2609641,22.368187],[114.2609416,22.3682054],[114.2609304,22.3682194],[114.2609148,22.3682305],[114.2608928,22.3682509],[114.2608789,22.3682657],[114.2608766,22.368273],[114.2608692,22.3682792],[114.2608613,22.3682818],[114.2608551,22.3682886],[114.2608493,22.3683024],[114.2608443,22.3683113],[114.2608346,22.3683406],[114.26083,22.3683626],[114.2608315,22.36837],[114.2608305,22.3683769],[114.2608265,22.3683842],[114.2608161,22.3683982],[114.2608084,22.3684048],[114.2608009,22.368419],[114.2607863,22.3684405],[114.2607786,22.3684469],[114.2607704,22.368451],[114.2607628,22.3684569],[114.2607573,22.3684654],[114.2607551,22.3684725],[114.2607624,22.3684781],[114.26077,22.3684852],[114.2607775,22.3684877],[114.2607851,22.3684884],[114.2607927,22.3684884],[114.2607965,22.3684876],[114.2607952,22.3684947],[114.2607913,22.3685015],[114.2607841,22.3685083],[114.2607382,22.3685243],[114.2607147,22.3685314],[114.2606762,22.3685546],[114.2605825,22.3686292],[114.2604988,22.3686896],[114.260477,22.3687107],[114.260454,22.3687474],[114.2604212,22.3687577],[114.2603894,22.3687627],[114.2603669,22.3687634],[114.2603538,22.3687515],[114.2603383,22.3687462],[114.2602948,22.3687444],[114.2602541,22.3687365],[114.2601673,22.368727],[114.2601118,22.3687163],[114.2600724,22.3687049],[114.2600569,22.3686984],[114.2600241,22.3686825],[114.2600258,22.368691],[114.2600256,22.3686996],[114.2600235,22.3687081],[114.2600154,22.3687226],[114.2599985,22.3687418],[114.2599432,22.3687173],[114.2599435,22.3687035],[114.2599913,22.3686736],[114.2600881,22.3682167],[114.2600493,22.3681688],[114.2600723,22.3680507],[114.2601378,22.3680139],[114.2601572,22.3680025],[114.2601648,22.3679996],[114.2601732,22.3680013],[114.2601885,22.3680064],[114.2601969,22.3680077],[114.2602119,22.368006],[114.2602196,22.3680069],[114.2602273,22.3680093],[114.2602341,22.3680164],[114.2602667,22.3680248],[114.2602743,22.3680248],[114.2602817,22.3680228],[114.2603051,22.368022],[114.2603126,22.3680204],[114.2603193,22.3680135],[114.2603238,22.3680062],[114.2603305,22.3679991],[114.2603378,22.3679934],[114.2603517,22.3679787],[114.2603673,22.3679646],[114.2603716,22.3679577],[114.2603778,22.3679426],[114.2603851,22.3679284],[114.2604003,22.3678915],[114.2604016,22.3678771],[114.2604161,22.3678254],[114.260417,22.3678108],[114.2604261,22.3677275],[114.260439,22.3676846],[114.2604533,22.3676438],[114.2604685,22.3676054],[114.2605208,22.367578],[114.2605474,22.367553],[114.2605723,22.3675089],[114.2605882,22.3674524],[114.2606451,22.367084],[114.2606793,22.3665065],[114.260684,22.3664672],[114.2606874,22.3664438],[114.2606946,22.3664169],[114.2607236,22.3663698],[114.260738,22.3663378],[114.2607464,22.3663024],[114.2607459,22.3662747],[114.2607386,22.3662222],[114.2607312,22.3661953],[114.2606548,22.3659959],[114.2607601,22.3659378],[114.2607606,22.3659372],[114.2607609,22.3659372],[114.2607626,22.3659354],[114.2607651,22.3659312],[114.2607652,22.3659304],[114.2607654,22.3659302],[114.2607657,22.3659285],[114.2607657,22.3659253],[114.260765,22.3659222],[114.2607604,22.3659134],[114.2607535,22.3658996],[114.2608697,22.3658549],[114.2608894,22.3658931],[114.2611435,22.3657943],[114.2611199,22.3657368],[114.2607436,22.3658809],[114.2607302,22.3658557],[114.2606933,22.3658685],[114.260604,22.3657201],[114.260365,22.3658095],[114.2603657,22.3658075],[114.2603308,22.3657223],[114.2602268,22.365745],[114.2602212,22.3657174],[114.2603055,22.365701],[114.2602914,22.36566],[114.2605766,22.3655532],[114.2605667,22.3655282],[114.2602827,22.3656344],[114.2602467,22.3655297],[114.260245,22.365523],[114.2606372,22.3653585],[114.2607143,22.3653256],[114.2609384,22.3652374],[114.2610559,22.3651912],[114.2610764,22.365169],[114.2610837,22.3651507],[114.2611341,22.3651301],[114.2608411,22.3645165],[114.2606066,22.3646712],[114.2605784,22.3649893],[114.2605686,22.3649919],[114.2604862,22.3650025],[114.2604641,22.364873],[114.2604481,22.364876],[114.2604692,22.3650048],[114.2603776,22.3650166],[114.2603355,22.3647415],[114.260313,22.3647449],[114.2603537,22.3650197],[114.2603507,22.3650201],[114.2602959,22.3650263],[114.2602967,22.3650351],[114.2602843,22.3650377],[114.2602656,22.3650577],[114.2602545,22.365073],[114.260201,22.3650418],[114.2601724,22.3650846],[114.2599689,22.3650447],[114.2599785,22.3649981],[114.2601169,22.365024],[114.2601193,22.3650136],[114.2599953,22.3649905],[114.2600162,22.3648883],[114.260141,22.3649115],[114.2601434,22.3649005],[114.2600185,22.3648773],[114.2600373,22.3647852],[114.2601901,22.3648141],[114.2601927,22.3648023],[114.2600399,22.3647727],[114.2600592,22.3646811],[114.2602243,22.3647077],[114.2602273,22.364695],[114.260051,22.3646673],[114.2600468,22.3646667],[114.2600727,22.3645355],[114.2601637,22.3645392],[114.2602354,22.3645423],[114.2602364,22.3645193],[114.2601803,22.3645165],[114.2600736,22.3645115],[114.2600051,22.3645088],[114.2599996,22.3645166],[114.2598095,22.3645076],[114.2598148,22.3644295],[114.2599275,22.3644401],[114.2599324,22.3644259],[114.2599475,22.3643192],[114.2602761,22.3643558],[114.2603491,22.364364],[114.2603502,22.364355],[114.2602802,22.3643474],[114.2599486,22.3643114],[114.2598417,22.3642988],[114.260021,22.3643029],[114.2600186,22.3642482],[114.2600124,22.3641751],[114.2599368,22.3641822],[114.2599333,22.3641507],[114.2599617,22.3641477],[114.2599564,22.3640945],[114.2598405,22.3641211],[114.259925,22.3640828],[114.2598374,22.3639278],[114.2598669,22.3639112],[114.2598557,22.3638949],[114.2599506,22.3638437],[114.2599369,22.363824],[114.259843,22.3638704],[114.2598218,22.3638809],[114.2597882,22.363825],[114.2598447,22.363792],[114.2598306,22.3637728],[114.2601058,22.3636006],[114.2600943,22.3635859],[114.2598188,22.3637567],[114.2598089,22.3637427],[114.2598625,22.3637036],[114.2598539,22.3636922],[114.2598007,22.3637311],[114.2597889,22.3637145],[114.2597613,22.3636808],[114.2597646,22.3636777],[114.2593913,22.3633747],[114.2598306,22.362738],[114.2599425,22.3625758],[114.2598565,22.3625245],[114.2599415,22.3624008],[114.259965,22.3623664],[114.2601217,22.3621381],[114.2601191,22.3621299],[114.2599293,22.362017],[114.2599188,22.3620184],[114.2598858,22.3620658],[114.2598877,22.3620759],[114.2600179,22.3621579],[114.2598653,22.3623796],[114.2596785,22.362651],[114.2596527,22.3626886],[114.2591489,22.3634233],[114.259067,22.3633684],[114.259094,22.3633327],[114.2590975,22.3633347],[114.2592239,22.3631683],[114.2592095,22.3631597],[114.2590836,22.3633262],[114.2590148,22.3634178],[114.2589745,22.3633916],[114.2589553,22.3634319],[114.2589471,22.3634299],[114.2589498,22.3634234],[114.2590275,22.3632389],[114.2590575,22.3631208],[114.2590484,22.3631198],[114.2590168,22.3632385],[114.2589415,22.3634209],[114.2588771,22.3633982],[114.2588139,22.3633612],[114.258764,22.3633261],[114.2587129,22.3633028],[114.2587057,22.3633014],[114.258765,22.3632244],[114.2588713,22.3630752],[114.2588173,22.3630375],[114.2588789,22.3629488],[114.2588633,22.3629385],[114.2587978,22.3630243],[114.258685,22.3631722],[114.2587004,22.3631852],[114.2586822,22.3632078],[114.2586196,22.363167],[114.2587217,22.3630517],[114.2587083,22.3630421],[114.2586052,22.3631576],[114.258579,22.3631405],[114.2586884,22.3630245],[114.2586753,22.3630132],[114.2585645,22.363131],[114.2585417,22.3631145],[114.2585689,22.3630865],[114.2587604,22.3628895],[114.2588011,22.3628253],[114.2588622,22.3627406],[114.258965,22.3626189],[114.2590207,22.3625218],[114.2590077,22.3625181],[114.258948,22.362624],[114.2587848,22.3628178],[114.2587475,22.3628784],[114.2585534,22.363076],[114.2585264,22.3630581],[114.2586078,22.3629713],[114.2585911,22.362963],[114.2585113,22.3630481],[114.2584923,22.3630354],[114.2585763,22.3629455],[114.258563,22.3629341],[114.2584767,22.3630251],[114.2584558,22.3630113],[114.2585432,22.3629176],[114.2585283,22.3629075],[114.2584393,22.3630003],[114.2584237,22.3629899],[114.258513,22.3628965],[114.2584982,22.362887],[114.2584086,22.3629799],[114.2583997,22.3629741],[114.2584462,22.3629141],[114.2584414,22.3629113],[114.2584817,22.3628684],[114.2584686,22.3628595],[114.2584278,22.3629032],[114.2583753,22.3628719],[114.2583813,22.3628629],[114.2584774,22.3627203],[114.2584573,22.3627064],[114.2583626,22.3628508],[114.258347,22.3628411],[114.2582481,22.3629725],[114.2581336,22.3628789],[114.2581037,22.3629058],[114.2580834,22.3628904],[114.2580988,22.3628755],[114.2580647,22.3628423],[114.2580427,22.362862],[114.2578484,22.3626893],[114.2579131,22.3626334],[114.2578069,22.3624065],[114.2577596,22.3622902],[114.257841,22.3622485],[114.2578074,22.3621882],[114.2578406,22.3621729],[114.2578229,22.3621428],[114.2577311,22.3621852],[114.2576493,22.3619667],[114.2578277,22.3618847],[114.2580777,22.3617627],[114.2580694,22.3617512],[114.2578669,22.361852],[114.2578191,22.3618683],[114.25764,22.36195],[114.2576266,22.3619562],[114.2576195,22.3619313],[114.2575577,22.3618505],[114.2575384,22.3618645],[114.2574869,22.361803],[114.2574323,22.3618443],[114.2574177,22.3618279],[114.2574741,22.3617858],[114.257381,22.3616945],[114.2574131,22.3616718],[114.2574024,22.3616624],[114.257371,22.3616846],[114.2572854,22.3616009],[114.2571252,22.3613886],[114.2571831,22.3613591],[114.2571555,22.3612958],[114.2571809,22.3612881],[114.2571758,22.3612744],[114.2571355,22.3612876],[114.2571261,22.3612581],[114.2570364,22.3612826],[114.2570388,22.3613023],[114.2570234,22.3613027],[114.2570038,22.3612208],[114.2572254,22.3611695],[114.2572695,22.3611414],[114.2572569,22.3610911],[114.2576286,22.3610082],[114.2576255,22.3609941],[114.2572535,22.3610773],[114.2571556,22.3610993],[114.2571487,22.3610595],[114.2572018,22.3610461],[114.2571907,22.3609898],[114.2571383,22.3608845],[114.2571339,22.3607071],[114.2572658,22.360708],[114.2572901,22.3606696],[114.2573526,22.3603216],[114.2575872,22.3600661],[114.2590755,22.3584459],[114.2591119,22.3583909],[114.2591404,22.3582872],[114.2591427,22.3582085],[114.2591294,22.3581308],[114.2590893,22.3580505],[114.2590391,22.3579986],[114.2589942,22.3579688],[114.2586643,22.3578109],[114.2582343,22.3576051],[114.2581915,22.3575831],[114.2581693,22.3575736],[114.2580918,22.35755],[114.2579948,22.3575381],[114.256862,22.3576183],[114.2568185,22.3576308],[114.2567736,22.3576602],[114.2567449,22.3576988],[114.2567361,22.3577329],[114.256747,22.3577627],[114.2567763,22.3577874],[114.2568054,22.3577943],[114.2568311,22.3577884],[114.2568449,22.3577786],[114.2571152,22.3579533],[114.2570246,22.3580744],[114.2567414,22.3578936],[114.2567274,22.3579132],[114.257103,22.3581528],[114.2569825,22.3583167],[114.2566453,22.3581044],[114.2566334,22.358121],[114.2569705,22.358333],[114.2568579,22.358486],[114.2566184,22.3583332],[114.2566158,22.3583314],[114.2566035,22.3583478],[114.2568459,22.3585024],[114.2567587,22.3586211],[114.2565467,22.3584865],[114.2565346,22.3585028],[114.2567675,22.3586507],[114.2571239,22.3581661],[114.2576824,22.3585224],[114.2575743,22.358668],[114.2573305,22.3585138],[114.2573184,22.3585302],[114.2575622,22.3586844],[114.2574493,22.3588364],[114.257205,22.3586817],[114.257193,22.3586981],[114.2574371,22.3588528],[114.2573347,22.3589907],[114.2570924,22.3588334],[114.2570801,22.3588498],[114.2573432,22.3590204],[114.2577177,22.3585164],[114.2570422,22.3580856],[114.2571328,22.3579647],[114.2577765,22.3583811],[114.2577902,22.3583882],[114.2578078,22.3583986],[114.2578365,22.3584196],[114.257848,22.3584296],[114.2578623,22.3584437],[114.2578905,22.3584785],[114.257901,22.3584953],[114.2579081,22.3585083],[114.2579164,22.3585261],[114.2579233,22.3585444],[114.2579311,22.3585726],[114.257937,22.3586256],[114.257932,22.3586787],[114.257918,22.3587254],[114.2578928,22.3587733],[114.2578618,22.3588123],[114.2578511,22.3588229],[114.257836,22.3588363],[114.2574197,22.3592769],[114.2573733,22.3593155],[114.2573477,22.3593321],[114.2573294,22.3593418],[114.257285,22.3593592],[114.2572317,22.3593722],[114.2571769,22.3593764],[114.2571403,22.3593737],[114.2571043,22.3593659],[114.2570889,22.3593609],[114.2570648,22.3593513],[114.2570469,22.3593435],[114.2570068,22.3593233],[114.2564497,22.3589671],[114.2564226,22.3589472],[114.2563549,22.3589101],[114.2563273,22.3588964],[114.2562952,22.3588826],[114.2562354,22.3588616],[114.2561771,22.3588433],[114.2561371,22.3588333],[114.2560833,22.3588213],[114.2559573,22.3587977],[114.2559143,22.3587885],[114.2558886,22.3587845],[114.2558922,22.3585566],[114.2561134,22.3585607],[114.2561312,22.3585584],[114.2561496,22.3585525],[114.256174,22.3585373],[114.2561869,22.3585236],[114.2561994,22.3585007],[114.256204,22.3584665],[114.2561582,22.3583051],[114.256146,22.3582173],[114.2561444,22.3581886],[114.2562517,22.3581842],[114.2562508,22.3581644],[114.2561439,22.3581688],[114.2561443,22.3581315],[114.2561471,22.3580888],[114.2561525,22.3580462],[114.2561576,22.3580223],[114.2562646,22.3580478],[114.256269,22.3580329],[114.2561876,22.3580138],[114.2562111,22.3579344],[114.2562149,22.3579089],[114.2562089,22.357866],[114.2561885,22.3578358],[114.2561768,22.3578259],[114.2561476,22.3578089],[114.2561048,22.3577974],[114.2559783,22.3577988],[114.2559746,22.3577225],[114.2559561,22.3577231],[114.2559612,22.357827],[114.2558704,22.3578304],[114.2558652,22.3577263],[114.2558494,22.3577271],[114.2558536,22.357831],[114.2557466,22.357835],[114.2557428,22.3577306],[114.2557245,22.3577314],[114.2557276,22.3578357],[114.2556264,22.3578395],[114.2556201,22.357735],[114.2556035,22.3577366],[114.2556091,22.3578401],[114.2555793,22.3578412],[114.2555557,22.3578468],[114.2555346,22.3578582],[114.2555111,22.3578841],[114.2551712,22.3584158],[114.2551573,22.3584492],[114.2551564,22.3584742],[114.2551688,22.3585096],[114.2551956,22.3585374],[114.2552289,22.358552],[114.2552556,22.3585546],[114.2557684,22.3585561],[114.2557666,22.3587876],[114.255442,22.3587671],[114.2553379,22.3587686],[114.2552226,22.3587796],[114.2551545,22.3587914],[114.2550597,22.3588154],[114.254998,22.358836],[114.2549083,22.3588736],[114.2548477,22.3589046],[114.2546834,22.3590088],[114.2545516,22.3591141],[114.2544658,22.3591951],[114.2543726,22.3593001],[114.2543572,22.3593182],[114.2543428,22.359334],[114.2543253,22.3593521],[114.254308,22.3593687],[114.2542908,22.359384],[114.2542743,22.359398],[114.2542399,22.3594246],[114.2542022,22.3594473],[114.2541677,22.359466],[114.254153,22.3594733],[114.2541362,22.3594802],[114.254119,22.3594859],[114.2541013,22.3594902],[114.2540771,22.3594969],[114.2540367,22.3595041],[114.2539831,22.3595057],[114.253983,22.3592939],[114.2540419,22.3592808],[114.2541012,22.3592501],[114.2541164,22.3592393],[114.2541308,22.3592276],[114.2541552,22.3592069],[114.2542361,22.3591275],[114.2542577,22.359101],[114.254279,22.3590721],[114.2542985,22.3590291],[114.2543055,22.3589633],[114.2542924,22.3589141],[114.2542481,22.3588579],[114.2541869,22.3588131],[114.2541694,22.3588033],[114.2541502,22.3587939],[114.2534871,22.358438],[114.253478,22.3584333],[114.2534607,22.3584268],[114.2534389,22.3584229],[114.2534163,22.358424],[114.2533909,22.3584314],[114.2533781,22.3584383],[114.2533665,22.3584469],[114.2533497,22.3584661],[114.2533405,22.3584849],[114.2533363,22.3585078],[114.2533357,22.3585203],[114.2533382,22.3590892],[114.2533478,22.3591332],[114.2533756,22.359187],[114.2533866,22.3592021],[114.2533987,22.3592163],[114.2534125,22.3592304],[114.2534424,22.359254],[114.2534578,22.3592631],[114.2534741,22.3592707],[114.2535115,22.3592834],[114.2535774,22.3592919],[114.2538641,22.3592955],[114.2538642,22.3593042],[114.2535765,22.3593032],[114.2535132,22.359295],[114.2534399,22.3592648],[114.2533833,22.3592209],[114.253372,22.3592345],[114.2534307,22.3592802],[114.2535057,22.3593115],[114.2535797,22.3593215],[114.2538644,22.3593214],[114.2538665,22.3594823],[114.2535004,22.3594811],[114.2534565,22.3594756],[114.2534004,22.3594562],[114.2533315,22.3594114],[114.2532199,22.3592606],[114.2531623,22.359158],[114.2531286,22.3590411],[114.2531027,22.3588673],[114.2530764,22.3586456],[114.2530049,22.3583457],[114.25289,22.3580379],[114.2526671,22.3579256],[114.252658,22.3579407],[114.2528739,22.3580499],[114.2529913,22.3583677],[114.2530604,22.3586642],[114.2530911,22.3589174],[114.2531108,22.3590419],[114.2531462,22.3591637],[114.2532024,22.3592658],[114.2533192,22.3594232],[114.2533337,22.359434],[114.25339,22.3594695],[114.2534379,22.3594855],[114.2534513,22.3594908],[114.2534614,22.3594924],[114.2535384,22.3594988],[114.2538667,22.3595014],[114.2538668,22.3595073],[114.2534775,22.3595032],[114.2534472,22.359497],[114.2534266,22.3594916],[114.253389,22.3594766],[114.2533524,22.3594551],[114.2533337,22.3594414],[114.2533152,22.3594259],[114.2532996,22.3594108],[114.2532743,22.3593839],[114.2532499,22.3593549],[114.2532193,22.35931],[114.2531921,22.3592689],[114.2531509,22.3591955],[114.25314,22.359173],[114.2531282,22.3591455],[114.2531168,22.3591152],[114.2530985,22.3590534],[114.2530825,22.358978],[114.2530788,22.3589545],[114.2530663,22.3588455],[114.2530591,22.3587856],[114.2530454,22.3586887],[114.2530372,22.3586442],[114.2530108,22.3585207],[114.2529875,22.3584316],[114.2529657,22.3583534],[114.252926,22.3582267],[114.2528906,22.3581312],[114.2528746,22.3580921],[114.2528559,22.3580517],[114.2525749,22.3579082],[114.2525738,22.3575315],[114.2527271,22.3568638],[114.2527401,22.3568666],[114.2526798,22.3571329],[114.2529857,22.3572925],[114.252954,22.3573477],[114.2529263,22.3573431],[114.2528455,22.3573014],[114.2528401,22.3573108],[114.2529187,22.3573523],[114.2529397,22.3573714],[114.2529131,22.3574169],[114.2528854,22.3574098],[114.2528059,22.3573697],[114.2527995,22.3573805],[114.252878,22.3574201],[114.2528997,22.3574383],[114.2528734,22.3574836],[114.252845,22.3574781],[114.2527655,22.3574373],[114.2527603,22.3574454],[114.2528394,22.3574859],[114.2528608,22.3575063],[114.2528259,22.3575642],[114.2527281,22.3575134],[114.2527192,22.3575285],[114.2528168,22.3575787],[114.2527717,22.3576558],[114.2528905,22.3577163],[114.2528979,22.357703],[114.2528011,22.3576527],[114.2528343,22.3575973],[114.2528613,22.357601],[114.2529411,22.3576413],[114.2529465,22.3576325],[114.2528664,22.3575922],[114.2528481,22.3575739],[114.2528747,22.3575274],[114.2529807,22.3575754],[114.2529869,22.3575652],[114.2529098,22.3575253],[114.2528882,22.3575063],[114.252921,22.3574509],[114.2530173,22.3575001],[114.2530272,22.3574845],[114.2529299,22.3574346],[114.2529612,22.3573801],[114.2529893,22.3573876],[114.2530696,22.3574286],[114.253075,22.3574183],[114.2529944,22.357378],[114.2529745,22.3573591],[114.2530072,22.3573035],[114.2533219,22.3574656],[114.2532815,22.3575347],[114.2532559,22.3575286],[114.253181,22.3574903],[114.2531743,22.3575011],[114.2532445,22.3575371],[114.253268,22.3575578],[114.2532372,22.3576102],[114.2532095,22.3576061],[114.2531354,22.3575683],[114.2531305,22.3575766],[114.2532024,22.3576139],[114.2532242,22.3576327],[114.2531899,22.3576901],[114.2530953,22.3576423],[114.2530852,22.3576586],[114.2531801,22.3577067],[114.2531421,22.3577711],[114.2531136,22.3577647],[114.253038,22.357726],[114.2530323,22.3577359],[114.2531079,22.3577744],[114.2531294,22.3577941],[114.2530963,22.35785],[114.2530675,22.3578428],[114.2529918,22.3578044],[114.2529869,22.3578131],[114.2530635,22.3578521],[114.2530847,22.3578707],[114.2530466,22.357935],[114.2529495,22.357886],[114.2529401,22.3579032],[114.2531845,22.3580277],[114.2531938,22.3580102],[114.2530674,22.3579459],[114.2531166,22.3578621],[114.2532438,22.357927],[114.2532534,22.3579116],[114.2531257,22.3578472],[114.2531722,22.3577672],[114.2532997,22.3578314],[114.2533091,22.3578159],[114.2531824,22.3577511],[114.2532272,22.3576755],[114.2533536,22.3577392],[114.2533622,22.357724],[114.2532363,22.3576594],[114.2532772,22.3575908],[114.2534034,22.3576557],[114.253412,22.3576414],[114.2532863,22.357575],[114.2533434,22.357477],[114.253753,22.3576874],[114.2537013,22.3577736],[114.2535758,22.3577095],[114.2535662,22.357726],[114.2536917,22.3577902],[114.2536454,22.3578682],[114.2535202,22.3578051],[114.2535098,22.3578221],[114.2536352,22.357887],[114.2535887,22.3579651],[114.2534627,22.3579019],[114.2534534,22.3579178],[114.2535784,22.357982],[114.2535318,22.3580608],[114.2534061,22.3579977],[114.2533974,22.3580132],[114.2535223,22.3580774],[114.2534754,22.3581564],[114.2533502,22.3580916],[114.253341,22.3581079],[114.2536175,22.3582502],[114.2536264,22.3582348],[114.2534976,22.3581684],[114.2535445,22.358089],[114.2536741,22.3581546],[114.2536833,22.3581394],[114.253554,22.3580729],[114.2536016,22.357993],[114.2537303,22.3580576],[114.2537399,22.3580428],[114.2536109,22.3579766],[114.2536563,22.3578982],[114.2537858,22.3579633],[114.2537956,22.357946],[114.2536668,22.3578801],[114.2537124,22.3578012],[114.2538429,22.3578672],[114.2538523,22.3578506],[114.253723,22.3577842],[114.2537735,22.3576982],[114.2541846,22.3579093],[114.2541333,22.3579951],[114.2540029,22.3579277],[114.2539933,22.3579442],[114.2541237,22.3580107],[114.2540775,22.3580907],[114.2539463,22.3580242],[114.2539367,22.3580403],[114.2540666,22.3581072],[114.2540198,22.3581868],[114.2538896,22.3581199],[114.2538797,22.3581364],[114.2540102,22.3582043],[114.2539634,22.3582826],[114.2538327,22.3582158],[114.2538238,22.3582304],[114.2539538,22.3582974],[114.253907,22.3583767],[114.2537756,22.3583105],[114.2537658,22.3583284],[114.2540476,22.358473],[114.2540579,22.3584555],[114.2539307,22.3583891],[114.2539782,22.3583106],[114.254105,22.358376],[114.2541146,22.3583603],[114.2539874,22.3582945],[114.2540329,22.3582162],[114.2541609,22.3582813],[114.2541713,22.3582647],[114.2540435,22.3581985],[114.2540905,22.3581194],[114.2542197,22.3581856],[114.2542291,22.3581684],[114.2541007,22.3581021],[114.2541472,22.3580231],[114.2542774,22.3580886],[114.2542865,22.3580737],[114.2541569,22.358007],[114.2542081,22.3579212],[114.2546205,22.3581349],[114.2545682,22.3582242],[114.2544443,22.3581613],[114.2544348,22.3581779],[114.2545574,22.3582417],[114.2545134,22.3583164],[114.2543908,22.358253],[114.2543803,22.3582701],[114.2545034,22.3583344],[114.2544592,22.358409],[114.254333,22.3583436],[114.2543234,22.3583596],[114.2544495,22.3584266],[114.2544025,22.3585061],[114.2542764,22.3584392],[114.2542672,22.3584541],[114.2543927,22.3585219],[114.2543462,22.3585986],[114.2542195,22.3585344],[114.2542097,22.3585502],[114.254558,22.3587297],[114.2545667,22.358714],[114.2543677,22.3586107],[114.2544326,22.3585061],[114.2546293,22.3586074],[114.2546394,22.3585898],[114.2544431,22.3584879],[114.2545011,22.35839],[114.2546985,22.3584898],[114.2547083,22.3584732],[114.2545123,22.3583717],[114.2545739,22.3582653],[114.2547711,22.3583663],[114.2547811,22.3583493],[114.2545848,22.3582474],[114.2546477,22.35814],[114.2548444,22.3582407],[114.2548537,22.3582235],[114.2546578,22.3581232],[114.2547193,22.3580185],[114.2549143,22.3581189],[114.2549258,22.3581013],[114.2547283,22.3580014],[114.2547913,22.3578959],[114.2549883,22.3579971],[114.2549991,22.3579801],[114.2548023,22.3578809],[114.2548662,22.3577723],[114.2550605,22.3578728],[114.2550694,22.3578542],[114.2548754,22.3577558],[114.254937,22.3576532],[114.2551321,22.3577523],[114.2551387,22.3577372],[114.2549468,22.3576379],[114.2550237,22.3575052],[114.2552203,22.357606],[114.2552282,22.35759],[114.2548502,22.357398],[114.2548432,22.3574144],[114.2550032,22.3574969],[114.2549393,22.3575946],[114.2547811,22.3575117],[114.2547742,22.3575299],[114.2549314,22.3576104],[114.2548794,22.3577055],[114.2547177,22.3576222],[114.25471,22.3576382],[114.2548676,22.3577212],[114.2548202,22.357803],[114.2546586,22.3577211],[114.2546502,22.3577392],[114.2548093,22.3578202],[114.2547607,22.3579045],[114.2545994,22.3578201],[114.2545921,22.3578382],[114.2547479,22.3579217],[114.254702,22.3580003],[114.2545416,22.3579189],[114.2545324,22.3579358],[114.2546924,22.3580175],[114.2546332,22.3581127],[114.2541242,22.3578488],[114.2541772,22.3577605],[114.2543398,22.3578462],[114.2543496,22.3578292],[114.2541876,22.3577439],[114.2542373,22.3576599],[114.2543974,22.3577414],[114.2544058,22.3577257],[114.2542486,22.3576423],[114.2542949,22.3575628],[114.2544545,22.3576444],[114.2544633,22.3576278],[114.2543057,22.3575463],[114.2543549,22.3574617],[114.2545155,22.3575451],[114.2545234,22.3575285],[114.2543658,22.357447],[114.2544111,22.3573674],[114.2545707,22.3574486],[114.2545805,22.3574315],[114.2544224,22.3573495],[114.2544726,22.357264],[114.2546317,22.3573442],[114.2546411,22.3573277],[114.2543002,22.3571517],[114.2542913,22.3571659],[114.2544543,22.3572507],[114.2544022,22.357339],[114.2542396,22.3572524],[114.2542308,22.3572662],[114.2543948,22.3573519],[114.2543716,22.3573905],[114.2543441,22.3574365],[114.2541805,22.3573503],[114.2541697,22.3573673],[114.2543347,22.3574521],[114.254284,22.3575367],[114.2541205,22.3574523],[114.2541102,22.3574671],[114.2542746,22.3575537],[114.2542269,22.3576328],[114.2540639,22.3575485],[114.2540536,22.3575641],[114.254217,22.3576488],[114.2541659,22.3577348],[114.2540024,22.3576496],[114.253993,22.357667],[114.2541565,22.3577504],[114.2541039,22.3578396],[114.2535974,22.3575773],[114.2536502,22.357489],[114.2538141,22.3575731],[114.2538233,22.3575584],[114.2536595,22.357473],[114.2537103,22.3573877],[114.2538745,22.3574709],[114.2538839,22.3574553],[114.2537195,22.3573714],[114.2537674,22.3572913],[114.2539328,22.3573763],[114.2539417,22.3573598],[114.2537759,22.3572757],[114.2538265,22.3571905],[114.2539918,22.3572752],[114.2540017,22.3572586],[114.2538365,22.3571735],[114.2538856,22.3570886],[114.2540509,22.3571741],[114.2540598,22.3571602],[114.2538948,22.3570739],[114.253945,22.3569881],[114.25411,22.3570734],[114.2541189,22.3570591],[114.2538346,22.3569123],[114.2538269,22.3569271],[114.2539218,22.356975],[114.2538816,22.3570426],[114.2538542,22.357037],[114.2537766,22.356998],[114.2537719,22.3570077],[114.2538477,22.3570462],[114.2538684,22.3570647],[114.2538316,22.357127],[114.2537279,22.3570815],[114.2537224,22.3570911],[114.2537968,22.3571297],[114.2538188,22.3571486],[114.2537795,22.357216],[114.2536854,22.3571694],[114.253676,22.3571859],[114.2537701,22.3572339],[114.2537296,22.3573018],[114.2537018,22.3572958],[114.2536243,22.3572567],[114.2536189,22.357267],[114.2536951,22.3573059],[114.2537165,22.3573248],[114.2536792,22.3573874],[114.2536498,22.3573815],[114.2535737,22.3573423],[114.2535693,22.3573505],[114.2536663,22.3574082],[114.2536276,22.3574747],[114.2535968,22.3574689],[114.2535211,22.3574296],[114.2535166,22.3574383],[114.253595,22.357479],[114.253615,22.3574965],[114.253574,22.3575644],[114.2532605,22.3574029],[114.2533024,22.3573331],[114.2533251,22.3573362],[114.2534089,22.3573787],[114.2534151,22.3573694],[114.2533327,22.3573269],[114.2533167,22.3573101],[114.2533513,22.357251],[114.2534479,22.3572999],[114.2534593,22.3572846],[114.2533622,22.3572348],[114.2533976,22.3571724],[114.2535043,22.3572181],[114.2535118,22.3572077],[114.2534275,22.3571634],[114.2534116,22.357148],[114.2534498,22.3570876],[114.2535462,22.3571399],[114.2535566,22.3571238],[114.2534573,22.3570725],[114.2534963,22.3570066],[114.2535204,22.3570088],[114.2536031,22.3570494],[114.2536119,22.3570363],[114.2535334,22.3569938],[114.2535161,22.3569726],[114.2535417,22.3569296],[114.2535649,22.3569341],[114.2536482,22.3569742],[114.2536548,22.3569641],[114.2535537,22.3569105],[114.2535928,22.3568423],[114.2536917,22.3568915],[114.2537018,22.3568751],[114.2534851,22.3567647],[114.2534729,22.3567797],[114.2535686,22.3568322],[114.2535184,22.3569201],[114.2533608,22.3568403],[114.2533488,22.3568646],[114.2535052,22.3569424],[114.2534478,22.3570393],[114.2532871,22.3569581],[114.2532753,22.3569781],[114.2534365,22.3570567],[114.25338,22.3571549],[114.2532218,22.3570731],[114.2532126,22.3570913],[114.2533697,22.3571711],[114.253313,22.3572704],[114.2531507,22.3571879],[114.2531395,22.3572067],[114.2533017,22.3572867],[114.2532379,22.35739],[114.2529243,22.3572287],[114.2531772,22.3568065],[114.2530607,22.3567462],[114.2530525,22.3567604],[114.2531464,22.3568088],[114.2531077,22.3568739],[114.2530781,22.3568671],[114.2530022,22.3568271],[114.2529958,22.3568373],[114.2530727,22.3568777],[114.2530938,22.3568968],[114.2530545,22.3569635],[114.2529599,22.3569155],[114.25295,22.3569325],[114.2530442,22.3569814],[114.2530037,22.3570488],[114.2529763,22.3570437],[114.2528977,22.3570044],[114.2528924,22.3570118],[114.2529703,22.357052],[114.2529901,22.3570711],[114.2529577,22.3571273],[114.2529276,22.3571214],[114.2528509,22.3570829],[114.2528451,22.3570921],[114.2529217,22.3571313],[114.2529429,22.3571507],[114.2529034,22.3572176],[114.2527427,22.3571349],[114.2528111,22.3568156],[114.2527902,22.356812],[114.2528005,22.35676],[114.2528354,22.3567104],[114.252929,22.3566464],[114.2530359,22.356627],[114.2538173,22.3566276],[114.253908,22.3566194],[114.2542291,22.356796],[114.254239,22.3567805],[114.2539129,22.3565991],[114.2537263,22.3566119],[114.2538082,22.3565903],[114.2538989,22.3565901],[114.2543713,22.3568432],[114.2545406,22.3569362],[114.2551507,22.3571908],[114.2558723,22.3573696],[114.2558761,22.3574008],[114.2558914,22.3574116],[114.2559672,22.3574186],[114.2571526,22.3573274],[114.257217,22.3573208],[114.2572279,22.3573176],[114.2572469,22.3573119],[114.2572696,22.357298],[114.2572966,22.3572538],[114.2572951,22.3572096],[114.2572689,22.3571692],[114.2572048,22.357127],[114.2568192,22.3569482],[114.255312,22.3566021],[114.2547232,22.356467],[114.2537877,22.3559142],[114.2537332,22.3558533],[114.2537025,22.3557703],[114.2537142,22.3557065],[114.2537741,22.3555777],[114.2537742,22.3555009],[114.2537595,22.3554523],[114.2537413,22.3554207],[114.2536886,22.355373],[114.2536422,22.3553537],[114.2535313,22.3553347],[114.2534273,22.3553277],[114.2533383,22.355334],[114.2532887,22.355352],[114.2532286,22.3553919],[114.2531365,22.3555138],[114.2530894,22.3555214],[114.2530803,22.3555183],[114.2523878,22.3551096],[114.2519387,22.3548435],[114.2519526,22.354825],[114.2519679,22.3548151],[114.2519962,22.3548198],[114.2520266,22.3548318],[114.2520729,22.3548376],[114.2521252,22.354828],[114.2521674,22.3548086],[114.2521936,22.3547901],[114.2522222,22.3547535],[114.2522334,22.3547168],[114.2522332,22.3546931],[114.2522168,22.3546399],[114.2522056,22.3546192],[114.2521424,22.3545278],[114.2521161,22.3544807],[114.2520667,22.3543584],[114.252028,22.3542286],[114.2520135,22.3541914],[114.2519753,22.3541346],[114.2519481,22.3541097],[114.2520221,22.3539957],[114.2515123,22.3536306],[114.2515128,22.3536182],[114.2515207,22.3536062],[114.2516197,22.3535124],[114.2517056,22.3534145],[114.2517087,22.3534007],[114.2517003,22.3533674],[114.2517048,22.3533449],[114.2517208,22.3533187],[114.2517651,22.353285],[114.251776,22.3532672],[114.251774,22.3532453],[114.2517538,22.3532139],[114.2517474,22.3532103],[114.2517312,22.353213],[114.2516768,22.3532454],[114.2515849,22.3532833],[114.2514648,22.3533539],[114.2514123,22.3533889],[114.2513667,22.3534257],[114.2512638,22.3535471],[114.2512112,22.3536205],[114.2511501,22.3537162],[114.2511083,22.353803],[114.2510684,22.3538425],[114.2510489,22.353865],[114.2510358,22.3538837],[114.251018,22.3539091],[114.2509391,22.3540531],[114.2507056,22.3546795],[114.2504965,22.3545244]],[[114.2559529,22.3585665],[114.2559523,22.3585856],[114.2560617,22.3585872],[114.2560613,22.358568],[114.2559529,22.3585665]],[[114.272181,22.3537939],[114.272198,22.3537939],[114.2721997,22.3537757],[114.272195,22.353771],[114.2722011,22.3537707],[114.2721976,22.3537439],[114.2721833,22.3537407],[114.2721825,22.3537453],[114.2721782,22.3537451],[114.2721774,22.3537359],[114.2721621,22.3537357],[114.272161,22.3537525],[114.2721494,22.3537539],[114.2721521,22.3537842],[114.2721619,22.3537846],[114.2721673,22.3538024],[114.2721818,22.3538026],[114.272181,22.3537939]],[[114.2666673,22.3700571],[114.2666559,22.3700593],[114.2666463,22.3700696],[114.266644,22.3700751],[114.2666442,22.3700834],[114.2666459,22.3700912],[114.2666511,22.3700966],[114.2666779,22.3701051],[114.2666924,22.370107],[114.2667027,22.3701067],[114.2667125,22.3701042],[114.2667179,22.3700991],[114.2667211,22.3700902],[114.2667206,22.3700732],[114.2667155,22.3700674],[114.266699,22.3700614],[114.2666673,22.3700571]],[[114.2541582,22.359242],[114.2542914,22.3591156],[114.2542788,22.3591041],[114.2541459,22.3592306],[114.2541582,22.359242]],[[114.2561741,22.358235],[114.2561542,22.3582397],[114.2561823,22.3583538],[114.2561984,22.3584081],[114.2562073,22.3584407],[114.256227,22.3584351],[114.2561741,22.358235]],[[114.2722038,22.3536884],[114.2722043,22.3536934],[114.2722339,22.3536902],[114.2722373,22.3536741],[114.2722198,22.3536701],[114.272223,22.3536563],[114.2722221,22.3536518],[114.2722067,22.3536495],[114.2722065,22.3536543],[114.2721999,22.3536543],[114.2721974,22.3536274],[114.2721853,22.353626],[114.2721881,22.3536039],[114.2721781,22.3536029],[114.272167,22.3535993],[114.2721665,22.3536083],[114.2721622,22.3536083],[114.2721608,22.353599],[114.2721486,22.3535974],[114.2721416,22.3535984],[114.2721387,22.3536039],[114.2721394,22.3536194],[114.2721435,22.3536316],[114.2721407,22.3536377],[114.2721439,22.3536605],[114.2721478,22.3536722],[114.2721545,22.3536716],[114.2721541,22.3536834],[114.2721561,22.353688],[114.2721618,22.3536902],[114.2721721,22.3536902],[114.2721722,22.3536797],[114.2721766,22.3536801],[114.2721779,22.3536949],[114.2721986,22.3536944],[114.2721986,22.3536882],[114.2722038,22.3536884]],[[114.2557598,22.3585682],[114.2553592,22.3585663],[114.2553588,22.358581],[114.2557596,22.3585836],[114.2557598,22.3585682]],[[114.2533297,22.359037],[114.253328,22.358523],[114.2533115,22.3585224],[114.2533137,22.3590366],[114.2533297,22.359037]],[[114.2554679,22.357899],[114.2551252,22.3584391],[114.2551391,22.3584463],[114.2554811,22.3579068],[114.2554679,22.357899]],[[114.252609,22.3579114],[114.2526071,22.3575413],[114.252696,22.3571714],[114.252679,22.3571675],[114.2525874,22.3575439],[114.2525891,22.3579112],[114.252609,22.3579114]],[[114.2543513,22.3588737],[114.2534834,22.3584078],[114.2534746,22.3584222],[114.2543432,22.3588892],[114.2543513,22.3588737]],[[114.2543713,22.3568732],[114.2544423,22.3569094],[114.2545262,22.356956],[114.2545393,22.3569619],[114.2551219,22.3572055],[114.2551483,22.3572154],[114.2558198,22.357382],[114.2558237,22.357368],[114.2551545,22.3572008],[114.254555,22.3569512],[114.2545068,22.3569279],[114.2544764,22.3569105],[114.2543713,22.3568539],[114.2543143,22.3568236],[114.2543062,22.356838],[114.2543713,22.3568732]],[[114.264684,22.3528302],[114.264687,22.3527706],[114.2646844,22.3527343],[114.264658,22.3527294],[114.2646581,22.3527057],[114.2646381,22.3527016],[114.2646363,22.3526598],[114.2646381,22.3526509],[114.2646635,22.3526547],[114.264669,22.3526434],[114.264689,22.3526396],[114.2646901,22.3526309],[114.2647147,22.3526273],[114.2647179,22.3525904],[114.2646901,22.352585],[114.2646886,22.3525781],[114.2646654,22.3525767],[114.2646605,22.352561],[114.2646294,22.3525574],[114.2646248,22.3526015],[114.2645926,22.3526011],[114.2645901,22.3526674],[114.2646034,22.3526694],[114.2646023,22.3526991],[114.2646075,22.3527407],[114.2645839,22.3527415],[114.2645792,22.352758],[114.2645789,22.3528385],[114.2645828,22.352872],[114.2645808,22.3529299],[114.2646094,22.3529322],[114.2646061,22.3529037],[114.2646363,22.352905],[114.2646336,22.3528784],[114.264646,22.3528778],[114.2646458,22.3528484],[114.2646665,22.3528492],[114.2646657,22.352829],[114.264684,22.3528302]],[[114.2723358,22.3537362],[114.2723524,22.3537357],[114.2723557,22.3536298],[114.2723883,22.3536306],[114.2723951,22.3535186],[114.2724086,22.3535198],[114.2724126,22.3534232],[114.27243,22.353355],[114.2724308,22.3533404],[114.2724148,22.3533449],[114.2724172,22.353317],[114.2723851,22.3533137],[114.272383,22.3533381],[114.272354,22.3533284],[114.2723472,22.3534033],[114.2723265,22.3533919],[114.272295,22.3535977],[114.2722906,22.3535868],[114.272275,22.3535879],[114.2722666,22.3537324],[114.2722854,22.353736],[114.2722907,22.3537275],[114.2722902,22.3537428],[114.2723118,22.3537423],[114.2723115,22.3537293],[114.2723154,22.3537424],[114.2723358,22.3537362]],[[114.2543726,22.3592866],[114.2543832,22.3592762],[114.2544572,22.3591896],[114.2545117,22.3591363],[114.2546626,22.3590125],[114.2548314,22.3589037],[114.2549963,22.358827],[114.2551292,22.3587859],[114.2552932,22.3587613],[114.2554362,22.358758],[114.2557499,22.3587782],[114.2557506,22.3587589],[114.2554964,22.3587404],[114.2553015,22.3587407],[114.2551079,22.3587703],[114.2550807,22.3587772],[114.2549919,22.3588068],[114.2549203,22.3588372],[114.254862,22.3588657],[114.2548171,22.3588894],[114.2547677,22.3589177],[114.2547248,22.3589449],[114.2547001,22.358961],[114.2546493,22.3589964],[114.2546014,22.3590326],[114.2545792,22.3590503],[114.2545387,22.3590839],[114.2544998,22.3591202],[114.2544589,22.3591575],[114.2544238,22.3591952],[114.2543959,22.3592324],[114.2543726,22.35926],[114.254305,22.3593336],[114.2542743,22.3593635],[114.2542077,22.3594152],[114.2541531,22.359444],[114.2541003,22.3594626],[114.2540524,22.3594746],[114.2539919,22.3594814],[114.2539924,22.3594973],[114.2540176,22.3594968],[114.2540704,22.3594886],[114.2540887,22.3594845],[114.2541073,22.35948],[114.2541256,22.3594746],[114.2541423,22.3594687],[114.2541612,22.359461],[114.2541996,22.3594396],[114.2542355,22.3594175],[114.2542652,22.3593941],[114.2542962,22.3593682],[114.2543726,22.3592866]],[[114.2573821,22.3592705],[114.2573501,22.3592981],[114.2573091,22.3593216],[114.2572573,22.3593382],[114.2571719,22.3593479],[114.2570983,22.3593365],[114.2570458,22.3593118],[114.2564816,22.3589514],[114.2564371,22.358922],[114.256363,22.3588806],[114.256261,22.358837],[114.256179,22.3588116],[114.256126,22.3587995],[114.2560693,22.3587897],[114.2559082,22.3587602],[114.2559062,22.3587789],[114.2561754,22.3588312],[114.2562565,22.3588566],[114.2563515,22.3588975],[114.2564222,22.3589368],[114.2564662,22.3589657],[114.2570005,22.3593071],[114.2570618,22.3593421],[114.2571245,22.3593613],[114.2571877,22.3593672],[114.2572628,22.3593565],[114.2573151,22.3593404],[114.2573525,22.3593206],[114.2574093,22.3592732],[114.257429,22.3592521],[114.2578521,22.3588047],[114.2579087,22.3587186],[114.2579273,22.3586419],[114.2579237,22.3585807],[114.2579082,22.3585302],[114.2578834,22.3584885],[114.2578413,22.3584411],[114.2577906,22.3583996],[114.2577731,22.358388],[114.2573948,22.3581432],[114.2573825,22.3581588],[114.2577736,22.3584128],[114.2578202,22.3584484],[114.257858,22.3584888],[114.257889,22.3585385],[114.2579042,22.3585888],[114.2579074,22.3586328],[114.2578943,22.3586993],[114.2578739,22.3587416],[114.257847,22.3587795],[114.2578349,22.3587931],[114.2573821,22.3592705]],[[114.2655988,22.3527784],[114.2656225,22.3527312],[114.2656098,22.3527034],[114.2655277,22.3526967],[114.265526,22.3526769],[114.2654941,22.352677],[114.265492,22.3526615],[114.2654205,22.3526634],[114.2654047,22.3526769],[114.2653887,22.3526762],[114.2653869,22.3526658],[114.2653423,22.3526714],[114.2653421,22.352662],[114.2652725,22.3526578],[114.2652705,22.3526706],[114.2652559,22.3526704],[114.2652599,22.3526555],[114.2652436,22.3526527],[114.2651985,22.3526774],[114.2651924,22.3526643],[114.2651289,22.3526648],[114.2651267,22.3526765],[114.2650955,22.3526762],[114.2650915,22.3526906],[114.2650602,22.3526886],[114.2650564,22.3527035],[114.2650285,22.3526995],[114.2650227,22.3527178],[114.2650076,22.3527187],[114.2649864,22.3527459],[114.2649936,22.3527762],[114.2650135,22.3527792],[114.2650113,22.3527932],[114.2651223,22.3528127],[114.265123,22.3528313],[114.2651566,22.3528331],[114.2651521,22.3528491],[114.2651703,22.352851],[114.2652022,22.352847],[114.2652032,22.3528356],[114.265226,22.352825],[114.2652615,22.3528285],[114.2652619,22.352842],[114.2652736,22.3528434],[114.2653065,22.3528279],[114.2653039,22.3528435],[114.2653443,22.3528529],[114.2653597,22.352849],[114.2653701,22.3528124],[114.2653937,22.3528115],[114.2653946,22.352851],[114.2654288,22.3528525],[114.2654361,22.3528101],[114.2654579,22.3528136],[114.2654683,22.3528573],[114.2655032,22.3528576],[114.2655057,22.3527904],[114.2655408,22.3527867],[114.2655422,22.3527784],[114.2655988,22.3527784]],[[114.2640356,22.3712004],[114.264027,22.3712016],[114.2640131,22.3712078],[114.2640045,22.3712142],[114.2639986,22.3712209],[114.2639913,22.3712391],[114.2639913,22.3712484],[114.2639948,22.3712599],[114.2640072,22.3712791],[114.2640092,22.3712856],[114.2640075,22.3713021],[114.2640023,22.3713104],[114.2639876,22.3713267],[114.2639487,22.3713636],[114.2639419,22.3713681],[114.2639335,22.3713709],[114.263907,22.3713665],[114.263896,22.371366],[114.2638835,22.3713679],[114.2638622,22.371377],[114.2638455,22.3713925],[114.2638357,22.3713982],[114.2638255,22.371401],[114.2638092,22.3714012],[114.2637704,22.3713917],[114.2637569,22.3713902],[114.2637264,22.3713905],[114.2636908,22.3714037],[114.2636762,22.3714124],[114.2636598,22.3714257],[114.2636484,22.3714371],[114.2636399,22.3714508],[114.2636293,22.3714754],[114.2636215,22.3715012],[114.2636195,22.3715154],[114.2636203,22.3715302],[114.2636277,22.3715446],[114.2636383,22.3715594],[114.263655,22.3715753],[114.2636726,22.3715867],[114.2636963,22.3715965],[114.2637285,22.3716079],[114.2637481,22.3716111],[114.2637685,22.3716111],[114.2637897,22.3716084],[114.2638141,22.3716016],[114.2638497,22.3715877],[114.2638631,22.3715775],[114.2638928,22.3715487],[114.2639059,22.3715327],[114.2639149,22.371513],[114.263932,22.3714525],[114.2639402,22.3714445],[114.2639777,22.3714229],[114.2639851,22.3714209],[114.2639902,22.3714251],[114.2639944,22.3714361],[114.2639956,22.3714714],[114.2640055,22.3715037],[114.2640127,22.3715131],[114.2640242,22.3715199],[114.2640524,22.3715247],[114.2640748,22.3715224],[114.2640952,22.3715167],[114.2641124,22.3715079],[114.26416,22.3714656],[114.2641686,22.3714527],[114.2641735,22.3714384],[114.2641747,22.3714239],[114.2641731,22.3714114],[114.2641657,22.3714008],[114.2641534,22.3713955],[114.2640939,22.3713841],[114.2640608,22.37138],[114.2640515,22.371375],[114.2640448,22.3713654],[114.2640441,22.3713557],[114.2640469,22.3713445],[114.2640853,22.3712804],[114.2640897,22.3712704],[114.2640941,22.3712508],[114.2640936,22.371242],[114.2640903,22.371233],[114.2640769,22.3712163],[114.2640554,22.3712031],[114.2640356,22.3712004]],[[114.2622718,22.3644521],[114.2608558,22.3644719],[114.2605772,22.3646538],[114.2605706,22.3647095],[114.2605791,22.3647114],[114.2605638,22.3648984],[114.2605537,22.3649004],[114.2605439,22.3649917],[114.2605688,22.364991],[114.2605995,22.364666],[114.2608468,22.364503],[114.2609471,22.3647136],[114.2609703,22.3647044],[114.2610352,22.3648424],[114.2610124,22.3648524],[114.2611377,22.3651209],[114.2611619,22.3651117],[114.2612574,22.3651104],[114.2612602,22.3652089],[114.2612765,22.3652086],[114.2612738,22.3651095],[114.2613739,22.365108],[114.261375,22.3652074],[114.2613914,22.3652072],[114.2613896,22.3651071],[114.2614914,22.3651045],[114.2614919,22.3652032],[114.2615084,22.3652029],[114.2615059,22.3651043],[114.2616075,22.3651026],[114.2616067,22.3652017],[114.2616231,22.3652015],[114.2616223,22.3651026],[114.2617315,22.3650996],[114.2617346,22.3652257],[114.2617494,22.3652257],[114.2617456,22.3650989],[114.2618631,22.3650962],[114.2618655,22.3652219],[114.2618804,22.3652219],[114.2618768,22.3650955],[114.2619928,22.3650931],[114.2619959,22.3652193],[114.2620107,22.3652193],[114.2620074,22.3650928],[114.2621246,22.3650895],[114.2621248,22.3652161],[114.2621397,22.3652161],[114.2621383,22.3650903],[114.2622541,22.3650883],[114.2622569,22.3652142],[114.2622868,22.3652127],[114.2622816,22.3649381],[114.2622528,22.3649391],[114.2622541,22.3650654],[114.2621383,22.3650679],[114.2621352,22.3649407],[114.2621205,22.3649413],[114.2621236,22.3650677],[114.2620074,22.3650699],[114.2620043,22.3649427],[114.2619895,22.3649432],[114.2619923,22.3650704],[114.261876,22.3650724],[114.261874,22.3649459],[114.2618592,22.3649465],[114.2618623,22.3650728],[114.2617454,22.3650761],[114.2617417,22.3649491],[114.2617269,22.3649497],[114.26173,22.365076],[114.2616221,22.3650786],[114.2616193,22.3649782],[114.2616053,22.3649789],[114.2616083,22.3650777],[114.2615058,22.3650813],[114.2615016,22.364981],[114.2614877,22.3649818],[114.26149,22.3650812],[114.2613901,22.3650834],[114.2613876,22.3649831],[114.2613737,22.3649839],[114.2613765,22.3650826],[114.2612722,22.3650863],[114.2612691,22.364986],[114.2612551,22.3649867],[114.2612581,22.3650855],[114.2611496,22.3650893],[114.2610596,22.3648966],[114.261083,22.3648865],[114.2609664,22.3646427],[114.2609446,22.3646509],[114.2608703,22.3644977],[114.2610634,22.3644961],[114.2610663,22.3646214],[114.2610803,22.3646218],[114.2610788,22.3644955],[114.2611938,22.3644938],[114.2611968,22.364619],[114.2612107,22.3646194],[114.2612092,22.3644931],[114.2613234,22.364491],[114.2613274,22.3646172],[114.2613413,22.3646176],[114.2613397,22.3644913],[114.2614568,22.3644904],[114.2614599,22.3646163],[114.2614738,22.3646168],[114.2614723,22.3644904],[114.2615872,22.3644892],[114.261591,22.3646417],[114.2616035,22.3646417],[114.2616016,22.3644883],[114.2617176,22.364486],[114.2617209,22.3646391],[114.2617334,22.3646391],[114.2617316,22.3644858],[114.261849,22.3644853],[114.261853,22.3646381],[114.2618655,22.3646381],[114.2618637,22.3644847],[114.26198,22.3644822],[114.2619848,22.3646365],[114.2619974,22.3646365],[114.2619955,22.3644831],[114.2621108,22.3644824],[114.2621126,22.3646344],[114.262125,22.3646344],[114.2621233,22.3644811],[114.2622422,22.3644802],[114.2622447,22.3646332],[114.2622719,22.3646329],[114.2622718,22.3644521]]]]},"properties":{"GmlID":"SRZ.11","OBJNAM":"K3 Hebe Haven (Pak Sha Wan)","INFORM":"The speed limit is 5 knots in this area between 8am and 12 midnight on any day in any year.","OBJECTID":11}},{"type":"Feature","geometry":{"type":"MultiPolygon","coordinates":[[[[114.2984712,22.3645253],[114.3035561,22.3667023],[114.3035356,22.3667136],[114.3035204,22.3667311],[114.3035185,22.3667417],[114.3035343,22.3668133],[114.3035273,22.3668198],[114.3033527,22.3668885],[114.3032943,22.3668859],[114.303251,22.3668985],[114.3031918,22.3669323],[114.3031175,22.3669748],[114.3030529,22.3670302],[114.3030049,22.3670637],[114.3029931,22.3670675],[114.3029583,22.3670644],[114.3029477,22.3670603],[114.3029313,22.3670445],[114.3029097,22.3670413],[114.3028389,22.3670754],[114.3028155,22.3670945],[114.302791,22.3670728],[114.3027694,22.3670785],[114.3027449,22.3671146],[114.3027491,22.3671235],[114.302769,22.3671179],[114.3027797,22.3671214],[114.3027661,22.367152],[114.3027586,22.3672214],[114.3027707,22.3672412],[114.3027965,22.3672596],[114.3028032,22.3672685],[114.3028041,22.3672794],[114.302754,22.3673695],[114.3027407,22.3674128],[114.3027392,22.3674319],[114.3027258,22.3674483],[114.3027011,22.3674942],[114.302679,22.3675196],[114.3026508,22.3675422],[114.3026281,22.3675807],[114.3025985,22.3676006],[114.3025355,22.3676431],[114.3024775,22.3676767],[114.3024043,22.3677379],[114.3023512,22.3677762],[114.3023209,22.3677896],[114.3022849,22.367799],[114.3021184,22.367813],[114.3020699,22.3678221],[114.3020425,22.3678374],[114.3020191,22.3678597],[114.3020211,22.3679104],[114.3020291,22.3679317],[114.3020609,22.3679812],[114.302147,22.3680809],[114.3021703,22.3681581],[114.3021731,22.3682023],[114.3021398,22.3683364],[114.3021421,22.3683971],[114.3021174,22.3684444],[114.3021123,22.3684834],[114.3021234,22.3685402],[114.3021382,22.3685542],[114.3021559,22.3685624],[114.3021454,22.3686768],[114.3021544,22.3688539],[114.3021643,22.3689448],[114.3021821,22.369049],[114.3022035,22.3691218],[114.3022339,22.3691879],[114.3022644,22.3692393],[114.3023416,22.3693271],[114.3024804,22.3695029],[114.3023965,22.369626],[114.3023617,22.3696997],[114.302323,22.3698104],[114.3023123,22.3699572],[114.3023195,22.3701563],[114.3023609,22.370269],[114.3024069,22.3703447],[114.3024484,22.3703771],[114.3025594,22.3704046],[114.302612,22.3704279],[114.3027335,22.3705988],[114.302775,22.3706309],[114.3028116,22.3706258],[114.3029162,22.3705756],[114.3030612,22.370531],[114.3031093,22.3705225],[114.3032367,22.3705168],[114.3032792,22.3705068],[114.3033929,22.3704568],[114.3035532,22.3703664],[114.303657,22.3703213],[114.3037634,22.3703195],[114.3038392,22.3703028],[114.3041045,22.3701811],[114.3043272,22.3700595],[114.304382,22.3700731],[114.3044264,22.3700842],[114.3045939,22.3700799],[114.3046259,22.3701127],[114.3047091,22.3701533],[114.3047666,22.3701974],[114.3048182,22.3702204],[114.3048697,22.3702984],[114.3049003,22.3703238],[114.3049733,22.3703615],[114.3050332,22.3703756],[114.3050895,22.3704026],[114.3051316,22.370447],[114.3051719,22.3705083],[114.3052018,22.3705249],[114.3052397,22.3705334],[114.3052406,22.370543],[114.3052322,22.3705479],[114.3051721,22.37056],[114.3051267,22.37058],[114.3050593,22.3706254],[114.3049436,22.3706041],[114.3048724,22.3706147],[114.3048018,22.3706397],[114.3047825,22.3706498],[114.3046934,22.3707394],[114.3046385,22.3707843],[114.3046054,22.3708434],[114.3046043,22.3708993],[114.304568,22.3709397],[114.3044629,22.3709986],[114.3044356,22.3709985],[114.3043746,22.3709651],[114.3043258,22.3709604],[114.304247,22.3710089],[114.3041971,22.3710611],[114.3041617,22.3711238],[114.3041702,22.3711583],[114.304256,22.3712414],[114.3042627,22.3713334],[114.3042719,22.3713663],[114.3042735,22.3713966],[114.3042948,22.3714071],[114.3043179,22.371402],[114.3043441,22.371385],[114.3043599,22.3713804],[114.3044103,22.3713775],[114.3044429,22.3713712],[114.3044848,22.3713444],[114.3045016,22.3713449],[114.3045135,22.3713555],[114.3045244,22.3713922],[114.3045245,22.3714363],[114.3045147,22.371506],[114.3045153,22.3715909],[114.3045362,22.371684],[114.3045546,22.3717437],[114.304564,22.3717649],[114.3045763,22.3717745],[114.304608,22.3717891],[114.304649,22.3717933],[114.3046629,22.3718019],[114.3046599,22.3718249],[114.3046245,22.3718777],[114.3046152,22.3718988],[114.3046458,22.3719346],[114.3046428,22.3719488],[114.304633,22.3719612],[114.3046038,22.3719764],[114.3045546,22.371988],[114.3045141,22.3720161],[114.3044839,22.3720312],[114.3044587,22.3720513],[114.3044533,22.3720734],[114.3044628,22.3721033],[114.3044855,22.3721254],[114.3045221,22.372145],[114.3045463,22.37215],[114.3046101,22.3721302],[114.30466,22.3721329],[114.304693,22.372143],[114.3047356,22.3721663],[114.3047672,22.3721782],[114.3048013,22.3721787],[114.3048581,22.3721667],[114.304905,22.3721492],[114.3050955,22.3720291],[114.3051695,22.3719928],[114.3052036,22.3719698],[114.305215,22.3719487],[114.3052104,22.3719183],[114.3051743,22.3718876],[114.3051658,22.3718739],[114.3051679,22.3718587],[114.3051871,22.3718335],[114.3052166,22.3718178],[114.3052488,22.3718136],[114.3053288,22.3718329],[114.3054067,22.3718058],[114.3054597,22.371795],[114.3055295,22.3718215],[114.3056066,22.3718311],[114.3056432,22.371842],[114.305656,22.3718612],[114.3056576,22.3718736],[114.3056444,22.3719172],[114.3056498,22.3719292],[114.3056771,22.3719563],[114.3056747,22.3719843],[114.3056506,22.3720182],[114.3055968,22.3720637],[114.3054747,22.3721089],[114.3054046,22.3721471],[114.3053665,22.3721747],[114.3052855,22.3721965],[114.3051986,22.3722398],[114.3051669,22.372249],[114.3051057,22.3722518],[114.3050277,22.3722468],[114.305002,22.3722514],[114.3049225,22.3723015],[114.3048944,22.3723319],[114.3048669,22.3723901],[114.3048679,22.3724049],[114.3048897,22.3724655],[114.3048943,22.3725113],[114.3048883,22.3725347],[114.3048685,22.3725693],[114.3048623,22.3726211],[114.3048652,22.3726358],[114.3048905,22.3726702],[114.3049,22.3726922],[114.3049135,22.3728271],[114.3049249,22.3728832],[114.3049181,22.3729143],[114.3049087,22.3729273],[114.3048791,22.3729443],[114.3047823,22.3729586],[114.3047596,22.372966],[114.3047384,22.3729811],[114.3047197,22.3730417],[114.3047258,22.3730974],[114.3046221,22.3731786],[114.3045495,22.3732471],[114.3042635,22.3735486],[114.3041555,22.3736809],[114.3041166,22.3737452],[114.3040925,22.3738039],[114.3040753,22.3738947],[114.3040107,22.3739088],[114.3039034,22.3739037],[114.3038263,22.3738745],[114.3037027,22.3738002],[114.3036641,22.3737875],[114.3035688,22.3737802],[114.3035421,22.3737835],[114.3035016,22.373806],[114.3034617,22.3738474],[114.3034415,22.3739006],[114.3033947,22.3739563],[114.3033726,22.3740127],[114.3033707,22.3740752],[114.3033539,22.3741252],[114.303361,22.3741757],[114.3033778,22.3742115],[114.3034109,22.3742528],[114.303414,22.3742798],[114.3033662,22.3743295],[114.3033406,22.3744167],[114.3033268,22.3744383],[114.3032928,22.3744678],[114.303153,22.3745533],[114.303128,22.3745813],[114.3031142,22.3746249],[114.3031093,22.3746602],[114.3031142,22.3746874],[114.3031589,22.3747488],[114.3031397,22.374825],[114.3031407,22.3748522],[114.3031744,22.3748994],[114.303253,22.374942],[114.3032822,22.3749704],[114.3033025,22.3750117],[114.3033228,22.3750915],[114.3033235,22.3751268],[114.3033013,22.3751769],[114.3032761,22.3751995],[114.3032302,22.3752184],[114.3031912,22.3752615],[114.3031844,22.3753129],[114.3032072,22.3753896],[114.303194,22.375419],[114.3031806,22.3754291],[114.3030689,22.3754118],[114.3030383,22.3753948],[114.3029462,22.3752775],[114.3029283,22.3751975],[114.3029286,22.3751355],[114.3029218,22.3751181],[114.3028683,22.3750705],[114.3028352,22.3750112],[114.3027734,22.3749787],[114.3027442,22.3749742],[114.3027244,22.3749789],[114.3026632,22.3750109],[114.3026252,22.3750308],[114.302526,22.3750584],[114.3022883,22.3750546],[114.3022064,22.3750749],[114.3021047,22.3751635],[114.3020644,22.3752339],[114.3020501,22.3752839],[114.3020419,22.3753638],[114.3020632,22.3754317],[114.3020812,22.375574],[114.3020411,22.3758155],[114.3020812,22.3759156],[114.3020289,22.3759652],[114.3018937,22.3760562],[114.3018104,22.3761402],[114.3017428,22.376183],[114.301725,22.3761863],[114.3017091,22.3761794],[114.3016874,22.3761326],[114.3015913,22.3760065],[114.3015294,22.3759115],[114.3014879,22.3758804],[114.3014118,22.3758483],[114.3013736,22.3757905],[114.3013053,22.3757415],[114.3012342,22.3757204],[114.3010276,22.3756375],[114.3009124,22.375606],[114.3008654,22.3756152],[114.3007703,22.3756782],[114.3007342,22.3757114],[114.3007101,22.3757416],[114.3006495,22.3758661],[114.3006368,22.375924],[114.3006369,22.3759509],[114.2950045,22.3752526],[114.2950097,22.3752427],[114.2950236,22.3752061],[114.2950251,22.375182],[114.295013,22.3751545],[114.2950041,22.3751429],[114.2949979,22.3751171],[114.294999,22.3751017],[114.2950048,22.3750879],[114.2950149,22.3750735],[114.2950264,22.375047],[114.2950286,22.3750189],[114.2950218,22.374992],[114.2949962,22.3749595],[114.2949865,22.3749392],[114.2949828,22.3749233],[114.2949934,22.3748258],[114.2949908,22.3748082],[114.2949836,22.3747922],[114.2949726,22.3747537],[114.2949817,22.3746931],[114.2949791,22.3746787],[114.2949713,22.3746568],[114.2949444,22.3746217],[114.2949361,22.374614],[114.2948916,22.3746045],[114.294872,22.3745958],[114.2948533,22.3745545],[114.2948513,22.3745264],[114.2948617,22.374489],[114.2948615,22.3744663],[114.2948486,22.3743916],[114.2948483,22.3743613],[114.2948502,22.3743165],[114.2948476,22.3742864],[114.2948136,22.3741632],[114.2947913,22.3740482],[114.2947968,22.3739876],[114.2947949,22.37397],[114.29479,22.3739518],[114.2947726,22.3739194],[114.2947171,22.3738658],[114.2947093,22.373851],[114.2946995,22.3738074],[114.2946809,22.3737801],[114.2946399,22.3737594],[114.294586,22.3737565],[114.2945607,22.3737517],[114.2945426,22.3737382],[114.2945083,22.3736941],[114.2944587,22.3736004],[114.2944233,22.3735479],[114.2943985,22.3735248],[114.2943405,22.3734851],[114.2943151,22.3734619],[114.2942695,22.3734425],[114.2942264,22.3734468],[114.294211,22.373454],[114.2941819,22.3734815],[114.2941576,22.3734903],[114.2941108,22.3734891],[114.2940854,22.3735002],[114.294054,22.3735084],[114.2940434,22.3735177],[114.2940303,22.3735535],[114.2940053,22.3735711],[114.293978,22.3736273],[114.2939626,22.3736757],[114.2939471,22.3737022],[114.2939287,22.3737093],[114.2938861,22.3737158],[114.2938389,22.3737058],[114.2938245,22.3737058],[114.2937986,22.373713],[114.2937879,22.3737267],[114.2937849,22.3737389],[114.2937772,22.3737421],[114.2937298,22.3737328],[114.2936884,22.3737183],[114.2936718,22.3737095],[114.2936252,22.3736703],[114.2935997,22.3736555],[114.2935625,22.3736212],[114.2935111,22.3735655],[114.293465,22.3734949],[114.2933948,22.3734077],[114.2933403,22.3733619],[114.2933297,22.373358],[114.2933119,22.3733608],[114.2932871,22.3733795],[114.293264,22.37338],[114.2932123,22.3734355],[114.2931845,22.3734553],[114.2931549,22.3734608],[114.293104,22.3734497],[114.2930413,22.3734453],[114.2930134,22.3734507],[114.2929796,22.3734655],[114.2929537,22.3734931],[114.2929234,22.3735393],[114.2928598,22.3736599],[114.2928402,22.3736891],[114.2928295,22.3736973],[114.2928201,22.3736979],[114.2927899,22.3736791],[114.2927514,22.3736658],[114.2926669,22.3736105],[114.2926385,22.3735732],[114.292638,22.3735572],[114.2926398,22.3735449],[114.2926594,22.3735114],[114.2926623,22.3734999],[114.2926554,22.3734562],[114.2926618,22.3734365],[114.2926885,22.3733852],[114.2927544,22.3732867],[114.2929092,22.3731345],[114.2929166,22.3731003],[114.2929118,22.3730138],[114.2929146,22.3729785],[114.2929247,22.3729559],[114.292935,22.3729444],[114.2929735,22.3729216],[114.2929991,22.372914],[114.2930731,22.3729189],[114.2931003,22.372914],[114.2931294,22.3728922],[114.2931431,22.3728906],[114.2931957,22.3728976],[114.2932088,22.3728972],[114.2932295,22.3728923],[114.2932664,22.3728755],[114.2932913,22.3728591],[114.293298,22.3728431],[114.2932962,22.3728354],[114.2932769,22.372805],[114.2932712,22.3727879],[114.2932713,22.3727736],[114.2932803,22.3727428],[114.2932822,22.3727207],[114.2932796,22.3726799],[114.293272,22.3726638],[114.2932668,22.3726578],[114.2932573,22.3726555],[114.2932395,22.3726642],[114.2932163,22.3726707],[114.2931915,22.3726661],[114.293173,22.3726798],[114.2931652,22.3726896],[114.2931456,22.3727083],[114.2931308,22.3727148],[114.2930975,22.3727228],[114.2930638,22.3727232],[114.2930449,22.3727203],[114.2929952,22.3727101],[114.2929468,22.3726943],[114.2929303,22.372687],[114.2929144,22.3726776],[114.2928755,22.3726454],[114.2928519,22.3726232],[114.2928332,22.3726015],[114.2928238,22.3725878],[114.2928098,22.3725595],[114.2928029,22.3725414],[114.2927924,22.3725033],[114.292782,22.37248],[114.292774,22.3724524],[114.2927425,22.3723723],[114.2927343,22.3723558],[114.2927226,22.3723435],[114.2927072,22.3723347],[114.292689,22.3723274],[114.2926872,22.3723223],[114.2926879,22.3723163],[114.2927026,22.3723103],[114.2927704,22.3722953],[114.2928053,22.3722829],[114.2928137,22.3722752],[114.2928257,22.3722582],[114.292821,22.372251],[114.2928027,22.3722366],[114.2928034,22.3722277],[114.2928093,22.3722239],[114.2928299,22.3722229],[114.2928436,22.3722302],[114.2928774,22.3722271],[114.2928952,22.3722156],[114.2929113,22.3721992],[114.2929524,22.3721676],[114.2929655,22.3721549],[114.2929833,22.3721429],[114.2930166,22.3721288],[114.2930491,22.3721252],[114.2930628,22.372122],[114.2930741,22.3721165],[114.293095,22.3721012],[114.2931482,22.3720905],[114.2931631,22.3720856],[114.2931905,22.3720731],[114.2932606,22.3720197],[114.2932827,22.3719955],[114.2933084,22.3719786],[114.2933635,22.3719602],[114.2933878,22.3719482],[114.2934052,22.3719208],[114.2934275,22.3718653],[114.2935008,22.3717902],[114.2935513,22.371769],[114.2935966,22.3717395],[114.2936902,22.3716498],[114.2937015,22.3716366],[114.2937123,22.3716141],[114.2938074,22.3715458],[114.2938428,22.3715019],[114.2938898,22.3714725],[114.293939,22.3714568],[114.2939641,22.3714273],[114.2939825,22.3714119],[114.294008,22.3713966],[114.2940336,22.3713891],[114.2940443,22.3713804],[114.2941039,22.3713229],[114.2941058,22.3713152],[114.2940942,22.3712765],[114.2940972,22.3712705],[114.2941156,22.3712557],[114.2941336,22.3712299],[114.2941461,22.3712229],[114.2941757,22.3712164],[114.2941959,22.3712005],[114.2942086,22.371183],[114.294214,22.3711527],[114.2942225,22.3711302],[114.2942648,22.3711013],[114.2942798,22.3710666],[114.2942825,22.3710127],[114.2942771,22.3709587],[114.2942808,22.3709267],[114.2942638,22.3708318],[114.2942443,22.3708163],[114.2941818,22.3707878],[114.2941505,22.3707837],[114.2940741,22.3707848],[114.2940404,22.3707786],[114.2939843,22.3707545],[114.2939084,22.370695],[114.2937673,22.3705603],[114.2937363,22.3705099],[114.2937183,22.3704552],[114.2937098,22.3704023],[114.2936739,22.3702841],[114.2936743,22.3702219],[114.2936891,22.370158],[114.2937085,22.3701025],[114.2937154,22.3700419],[114.2937208,22.3700292],[114.2937297,22.3700161],[114.2937696,22.3699894],[114.293784,22.3699707],[114.2937963,22.3698871],[114.2938121,22.3698397],[114.2939101,22.3697175],[114.2939209,22.3696872],[114.293929,22.3696377],[114.2939465,22.3695877],[114.2939706,22.3695431],[114.293983,22.3695284],[114.293995,22.3695021],[114.2940075,22.3694266],[114.2940327,22.3693722],[114.2940893,22.3693268],[114.2941115,22.3692955],[114.294129,22.3692466],[114.2941699,22.3691625],[114.2942101,22.3690135],[114.2942299,22.3689626],[114.2942491,22.3689262],[114.294252,22.3689096],[114.2942566,22.368903],[114.2942632,22.3689013],[114.2942939,22.368905],[114.2943063,22.3689033],[114.294324,22.3688894],[114.2943384,22.368827],[114.2943345,22.3687868],[114.2943557,22.3687658],[114.2943726,22.3687348],[114.294391,22.3686741],[114.2944512,22.3685592],[114.2945655,22.3683987],[114.294623,22.368331],[114.2946533,22.3682708],[114.2946955,22.3682144],[114.2947053,22.3681861],[114.2947248,22.3681679],[114.2947565,22.3681451],[114.2947788,22.3681218],[114.2948947,22.3680207],[114.2950199,22.3678943],[114.295061,22.3678471],[114.2950769,22.3678372],[114.295084,22.3678366],[114.2950955,22.3678596],[114.2950822,22.3679049],[114.2950846,22.3679192],[114.2950978,22.3679301],[114.2951185,22.3679388],[114.2951234,22.3679448],[114.2951337,22.36798],[114.2951548,22.3680068],[114.2951862,22.3680259],[114.2951987,22.3680292],[114.2952064,22.3680291],[114.2952194,22.3680197],[114.2952268,22.367991],[114.2952587,22.3679748],[114.2952893,22.3679531],[114.2953075,22.3679347],[114.295315,22.3679209],[114.2954008,22.3679011],[114.2954781,22.3678653],[114.2955552,22.3678698],[114.2955707,22.3678746],[114.2956467,22.3679061],[114.2956894,22.3679162],[114.295709,22.3679172],[114.2957183,22.3679123],[114.2958017,22.3678191],[114.2958105,22.3677992],[114.2958119,22.3677523],[114.2957973,22.3677123],[114.2957911,22.3676726],[114.2957761,22.3676556],[114.2957351,22.367641],[114.2956691,22.3676041],[114.2955994,22.3675588],[114.295575,22.3675457],[114.2955459,22.367536],[114.2955145,22.3675362],[114.2954794,22.3675122],[114.2954334,22.3674018],[114.2954182,22.3673413],[114.2954098,22.367256],[114.2954147,22.3671254],[114.2954235,22.3670393],[114.2954389,22.3669759],[114.2954952,22.366836],[114.2956191,22.3666319],[114.2956505,22.3665624],[114.29568,22.3665473],[114.2957068,22.3665477],[114.2957613,22.3665632],[114.2958124,22.3665756],[114.2958497,22.3665749],[114.2958579,22.3665708],[114.295871,22.3665592],[114.2958813,22.3665288],[114.2958878,22.3665205],[114.2959775,22.3664737],[114.2960064,22.3664658],[114.2960343,22.3664683],[114.2960996,22.3664938],[114.2962674,22.3664988],[114.2963777,22.3665128],[114.2964274,22.3665164],[114.296457,22.3665217],[114.2965299,22.3665229],[114.296566,22.3665133],[114.2966008,22.3664993],[114.2966274,22.3664843],[114.2966338,22.3664786],[114.2966431,22.3664632],[114.2966513,22.3664405],[114.2966658,22.3664145],[114.2966852,22.3663924],[114.2967093,22.3663751],[114.296743,22.36636],[114.2967649,22.3663549],[114.2967867,22.366347],[114.2968191,22.3663293],[114.2968474,22.3663081],[114.2968598,22.3662964],[114.2968834,22.3662803],[114.2969377,22.3662745],[114.2969809,22.3662643],[114.2970028,22.3662504],[114.2970103,22.366242],[114.2970206,22.3661935],[114.2970412,22.3661669],[114.2970859,22.3661357],[114.2971225,22.3661129],[114.2971414,22.3661051],[114.2971791,22.3660943],[114.2972117,22.3660814],[114.2972652,22.3660431],[114.297297,22.366012],[114.2973299,22.3659832],[114.2973665,22.3659598],[114.297377,22.3659542],[114.2973889,22.3659524],[114.2974292,22.3659554],[114.2974522,22.3659466],[114.2974868,22.3658979],[114.2975074,22.3658784],[114.2975156,22.3658756],[114.297521,22.3658755],[114.2975329,22.3658837],[114.2975371,22.3658892],[114.2975395,22.3658979],[114.2975397,22.3659129],[114.2975433,22.365926],[114.2975481,22.3659371],[114.29756,22.3659441],[114.297566,22.3659435],[114.2975742,22.3659368],[114.297597,22.3659059],[114.2976047,22.3658992],[114.2976373,22.3658951],[114.2976502,22.3658818],[114.2976547,22.365868],[114.2976641,22.3658559],[114.2976694,22.3658453],[114.2976711,22.3658321],[114.2976681,22.3658283],[114.2976622,22.3658261],[114.2976468,22.3658246],[114.2976148,22.3658253],[114.297607,22.3658281],[114.2975982,22.3658353],[114.2975894,22.365847],[114.2975818,22.3658498],[114.297574,22.3658481],[114.2975704,22.3658438],[114.2975804,22.3658233],[114.2975809,22.365809],[114.2975773,22.3658046],[114.2975513,22.3658092],[114.2975347,22.3658165],[114.2975288,22.3658155],[114.2975263,22.3658093],[114.2975305,22.3658039],[114.297557,22.3657927],[114.2975758,22.3657792],[114.2975913,22.3657803],[114.2976013,22.3657829],[114.2976186,22.3657967],[114.2976276,22.3658076],[114.2976354,22.3658098],[114.2976478,22.365808],[114.2976643,22.3658007],[114.2976831,22.3657813],[114.2976866,22.3657725],[114.2976853,22.3657659],[114.2976794,22.3657681],[114.2976552,22.3657699],[114.2976355,22.3657623],[114.2976178,22.3657637],[114.2976089,22.3657626],[114.2976042,22.3657593],[114.2976123,22.3657492],[114.2976293,22.3657365],[114.2976488,22.3657144],[114.2976574,22.3656851],[114.2976639,22.3656806],[114.2976758,22.3656772],[114.2976852,22.3656723],[114.2976916,22.365664],[114.297692,22.3656309],[114.2976888,22.3656127],[114.2976887,22.3655968],[114.2976944,22.3655708],[114.2976938,22.3655615],[114.2976895,22.3655549],[114.2976824,22.3655522],[114.2976729,22.3655516],[114.2976599,22.3655567],[114.2976469,22.3655579],[114.2976345,22.365553],[114.2976218,22.365535],[114.2976163,22.3655135],[114.297619,22.3654804],[114.2976146,22.3653774],[114.2975968,22.3652188],[114.2975968,22.3650762],[114.2976086,22.3650122],[114.2976215,22.3649851],[114.2976379,22.3649503],[114.2976629,22.3648922],[114.2976751,22.3648718],[114.2977054,22.364806],[114.2977163,22.3647696],[114.2977196,22.3647382],[114.2977249,22.3647282],[114.2977355,22.3647204],[114.2977467,22.3647193],[114.2977562,22.3647159],[114.2977614,22.3647098],[114.2977654,22.3646856],[114.2977629,22.3646723],[114.2977478,22.3646322],[114.2977417,22.3646025],[114.2977272,22.3645635],[114.2977181,22.3645508],[114.297702,22.3645317],[114.2976925,22.3645235],[114.2976805,22.3645181],[114.2976626,22.3645061],[114.2976554,22.364494],[114.2976471,22.3644858],[114.297599,22.3644674],[114.2975924,22.3644614],[114.2975876,22.3644531],[114.2975887,22.3644465],[114.2975946,22.3644382],[114.2976234,22.364411],[114.2976327,22.3643972],[114.297642,22.3643761],[114.2976431,22.3643531],[114.297635,22.3643008],[114.2976405,22.364255],[114.2976402,22.3642263],[114.297636,22.3642154],[114.2976288,22.3642044],[114.2976163,22.3641918],[114.2976018,22.3641599],[114.2975845,22.3641457],[114.2983957,22.364493],[114.2983902,22.3645499],[114.2984041,22.3645731],[114.2984305,22.3645649],[114.2984536,22.3645376],[114.2984712,22.3645253]],[[114.3027424,22.367],[114.3027474,22.3669909],[114.3027477,22.3669812],[114.3027389,22.3669761],[114.3027269,22.366983],[114.3027194,22.3669906],[114.302714,22.367001],[114.3027211,22.3670081],[114.3027317,22.3670075],[114.3027424,22.367]],[[114.3028521,22.3669363],[114.302841,22.36694],[114.302826,22.3669582],[114.3028228,22.3669783],[114.3028151,22.3669842],[114.3027794,22.366993],[114.3027614,22.3670059],[114.3027354,22.3670343],[114.3027403,22.3670515],[114.3027509,22.3670545],[114.3027988,22.3670404],[114.3028083,22.3670327],[114.3028259,22.3670064],[114.3028322,22.3669875],[114.3028535,22.3669837],[114.3028848,22.3669867],[114.3028931,22.3669814],[114.3028937,22.3669611],[114.3028742,22.3669375],[114.3028629,22.3669327],[114.3028521,22.3669363]],[[114.3017754,22.3713353],[114.3017942,22.3712981],[114.3018067,22.3712469],[114.3018132,22.3712384],[114.3018471,22.3712287],[114.3018541,22.3712205],[114.3018524,22.3711983],[114.3018329,22.3711643],[114.3017938,22.3710693],[114.3017607,22.3710177],[114.3017484,22.3710022],[114.3016728,22.3709397],[114.3016807,22.3709096],[114.3016736,22.370892],[114.3016655,22.3708834],[114.3016502,22.3708776],[114.3016112,22.3708691],[114.3015927,22.3708768],[114.3015941,22.3709147],[114.3015874,22.370922],[114.301574,22.3709291],[114.3014914,22.3709457],[114.3013652,22.3709577],[114.3013157,22.3709521],[114.3012241,22.3709663],[114.3011374,22.3709345],[114.3011134,22.3709358],[114.3010319,22.3709866],[114.3008702,22.371114],[114.3008182,22.3711802],[114.3007558,22.371336],[114.3007419,22.3713802],[114.3007385,22.3714124],[114.3007499,22.3714592],[114.3007643,22.3714794],[114.3008261,22.3715349],[114.3009359,22.3715834],[114.3010062,22.371632],[114.3010635,22.3716897],[114.3011417,22.3717869],[114.3011832,22.3718301],[114.3012222,22.3718512],[114.3012534,22.3718585],[114.3012851,22.3718602],[114.3013256,22.3718547],[114.3013724,22.3718313],[114.3014563,22.3717729],[114.301518,22.3717384],[114.3015656,22.3716995],[114.3015856,22.371669],[114.3015989,22.371623],[114.3016294,22.371568],[114.3017339,22.3714324],[114.3017754,22.3713353]],[[114.2956691,22.3742788],[114.2956853,22.3742764],[114.2956983,22.3742724],[114.2957536,22.3742329],[114.2957914,22.3742123],[114.2958315,22.3741977],[114.2959258,22.3741364],[114.2959918,22.3741002],[114.2960489,22.3740728],[114.2961653,22.3740291],[114.2962195,22.3739996],[114.2962625,22.3739645],[114.296303,22.3739229],[114.2963329,22.3738892],[114.2963551,22.3738537],[114.2963662,22.3738218],[114.2963746,22.3737716],[114.2963867,22.3736575],[114.2963893,22.3736022],[114.2963849,22.3735676],[114.2963763,22.373538],[114.2963529,22.3734858],[114.2963353,22.373428],[114.296321,22.3733533],[114.2963144,22.3733401],[114.2962887,22.3733105],[114.2962524,22.3732794],[114.2961801,22.3732005],[114.2961722,22.3731729],[114.2961779,22.3731464],[114.296169,22.3731345],[114.2961452,22.3731159],[114.296129,22.3730929],[114.2960618,22.3730415],[114.2960105,22.3730138],[114.295979,22.373004],[114.2959489,22.3730015],[114.2959287,22.3730039],[114.2958868,22.3730146],[114.2958774,22.3730218],[114.2958487,22.3730556],[114.2957814,22.3731602],[114.2957249,22.3732074],[114.2957044,22.3732411],[114.2956888,22.3732963],[114.2956944,22.3733899],[114.2956752,22.3734391],[114.2956371,22.3734878],[114.2956072,22.3735194],[114.2955513,22.3735694],[114.2955189,22.3735845],[114.2954982,22.373583],[114.2954857,22.3735758],[114.2954237,22.3735229],[114.2954087,22.3735053],[114.2953797,22.3734312],[114.2953434,22.3733928],[114.2952248,22.373306],[114.2951784,22.3732666],[114.295135,22.3732449],[114.2951284,22.3732372],[114.2951294,22.3731992],[114.2951237,22.3731772],[114.2951088,22.3731542],[114.2950885,22.3731323],[114.2950576,22.3731099],[114.2949952,22.3730877],[114.2949863,22.373079],[114.2949761,22.3730581],[114.2949636,22.3730566],[114.2949518,22.3730655],[114.2949289,22.3730744],[114.294923,22.3730816],[114.2949179,22.3731109],[114.2949119,22.3731208],[114.2948761,22.3731371],[114.2948684,22.3731481],[114.2948634,22.3731845],[114.2948469,22.3731983],[114.2948439,22.3732072],[114.294846,22.3732232],[114.2948566,22.3732319],[114.2948875,22.3732422],[114.2949278,22.3732457],[114.2949769,22.3732438],[114.2949971,22.3732508],[114.2950049,22.373264],[114.2950058,22.3733047],[114.2949928,22.3733147],[114.2949721,22.3733171],[114.2949397,22.3733316],[114.2949251,22.3733548],[114.2949084,22.3734161],[114.2948651,22.3734836],[114.2948488,22.3735212],[114.2948402,22.373546],[114.2948199,22.3736139],[114.2948174,22.3736679],[114.2948253,22.3736998],[114.2948272,22.3737797],[114.2948434,22.3738187],[114.2949061,22.3738871],[114.2949223,22.3739151],[114.294932,22.3739447],[114.2949584,22.373982],[114.2949791,22.3739996],[114.2950048,22.3740131],[114.2950677,22.3740309],[114.295115,22.3740378],[114.2951453,22.3740398],[114.2951689,22.3740357],[114.2952498,22.3740071],[114.2952693,22.3740047],[114.2952966,22.3740089],[114.2953044,22.374014],[114.2953068,22.3740282],[114.2952976,22.3740547],[114.2953001,22.3740701],[114.2953323,22.3741024],[114.2954412,22.3741666],[114.2955498,22.374215],[114.29556,22.3742237],[114.2955959,22.374272],[114.2956071,22.3742796],[114.2956463,22.3742821],[114.2956691,22.3742788]],[[114.2953389,22.3702446],[114.2953201,22.3702624],[114.2952762,22.3703172],[114.2952611,22.3703493],[114.2952542,22.3703692],[114.2952387,22.3704386],[114.2952277,22.370474],[114.2952078,22.3705093],[114.2951716,22.3705669],[114.2951628,22.3705852],[114.2951559,22.3706072],[114.2951221,22.3706801],[114.2951176,22.3706967],[114.2951154,22.3707248],[114.295112,22.3707386],[114.2951067,22.3707503],[114.2950991,22.3707624],[114.2950796,22.3707791],[114.2950745,22.3707868],[114.2950628,22.3708232],[114.2950454,22.3708614],[114.2950509,22.3708894],[114.2950594,22.3709108],[114.2950667,22.3709377],[114.2950657,22.3709466],[114.295061,22.3709555],[114.295048,22.3709666],[114.2950185,22.3709866],[114.2949956,22.3709977],[114.2949702,22.3710034],[114.2949217,22.3710214],[114.2948781,22.3710327],[114.2948237,22.3710529],[114.294809,22.371064],[114.2947797,22.3710934],[114.2947526,22.3711145],[114.2947391,22.3711294],[114.2947162,22.3711599],[114.2946973,22.3711777],[114.2946555,22.3711923],[114.294652,22.371199],[114.2946497,22.3712144],[114.2946451,22.371313],[114.2946245,22.3714046],[114.2946225,22.3714498],[114.2946278,22.3715131],[114.2946209,22.3715412],[114.294597,22.3715903],[114.2945972,22.3716174],[114.294605,22.3716328],[114.2946366,22.3716613],[114.2946456,22.3716743],[114.2946492,22.3716882],[114.2946384,22.3717395],[114.2946336,22.3717979],[114.2946495,22.3718611],[114.294664,22.3718956],[114.2946813,22.3719204],[114.2946927,22.3719324],[114.2947045,22.37194],[114.2947348,22.3719448],[114.2947478,22.3719425],[114.2948279,22.3718912],[114.2949191,22.3718394],[114.2949404,22.3718299],[114.295097,22.3717876],[114.2951424,22.371769],[114.2951902,22.3717435],[114.2952555,22.3716939],[114.2953972,22.3715514],[114.2954624,22.3714931],[114.2954999,22.3714489],[114.2955151,22.3714207],[114.2955491,22.3713929],[114.2956147,22.3713567],[114.2956546,22.3713233],[114.2956841,22.371306],[114.295762,22.371273],[114.2958305,22.3712511],[114.2958979,22.3712412],[114.2960168,22.3712355],[114.2960605,22.3712215],[114.2961172,22.371193],[114.296201,22.3711615],[114.296227,22.3711609],[114.2962537,22.3711673],[114.2962726,22.3711628],[114.2963364,22.371137],[114.2963867,22.3711317],[114.2964043,22.3711261],[114.2964492,22.3710999],[114.2964879,22.3710649],[114.296513,22.3709413],[114.2965043,22.3708901],[114.2964959,22.3708687],[114.2964713,22.3708325],[114.2963895,22.3707339],[114.2963182,22.3707019],[114.2962788,22.3706697],[114.2961757,22.3705745],[114.2960527,22.370442],[114.2959895,22.3703863],[114.2959346,22.3703288],[114.2958815,22.3702834],[114.2958666,22.3702653],[114.2958648,22.3702576],[114.2958694,22.3702444],[114.2958681,22.3702158],[114.2958928,22.3701953],[114.295895,22.370177],[114.2958914,22.370171],[114.2958564,22.3701668],[114.2958385,22.3701554],[114.2958332,22.3701538],[114.2958256,22.3701565],[114.2958027,22.3701815],[114.2957961,22.3701816],[114.2957379,22.3701533],[114.2956981,22.3701265],[114.2956391,22.3701021],[114.2955948,22.3701003],[114.2955434,22.3701188],[114.2954413,22.3701673],[114.2953636,22.3702213],[114.2953389,22.3702446]],[[114.3003274,22.3733002],[114.3002973,22.3733344],[114.3002781,22.373351],[114.3002173,22.3733846],[114.3002007,22.3734016],[114.3001732,22.3735406],[114.3001747,22.373566],[114.3001857,22.3736058],[114.3001891,22.3736183],[114.3002426,22.3737173],[114.3003065,22.3738192],[114.3003916,22.3739058],[114.3004328,22.3739723],[114.3004427,22.374026],[114.3004448,22.3741179],[114.300412,22.3742982],[114.3003426,22.3744269],[114.300313,22.3744668],[114.3002922,22.3744788],[114.3002131,22.3745],[114.3000835,22.3746222],[114.3000773,22.374627],[114.2999759,22.3747059],[114.2999464,22.374817],[114.29991,22.3748685],[114.2998635,22.3748884],[114.2997791,22.3749031],[114.2996719,22.3749345],[114.2996459,22.3749532],[114.2995994,22.3750092],[114.2995723,22.3750345],[114.2995022,22.3750865],[114.2994395,22.375121],[114.2994307,22.3751384],[114.2994347,22.375171],[114.2994451,22.3751963],[114.2994781,22.3752509],[114.299501,22.3752889],[114.2995341,22.3753091],[114.2996316,22.3753292],[114.2997298,22.3753402],[114.2997744,22.3753662],[114.2998323,22.3754139],[114.2998654,22.3754506],[114.2998896,22.3754928],[114.2998952,22.375586],[114.2999141,22.375603],[114.2999624,22.3756259],[114.3000225,22.3757167],[114.3000476,22.3757153],[114.3000654,22.3757056],[114.3000984,22.3756496],[114.300129,22.3756188],[114.3001912,22.375593],[114.3002199,22.3755727],[114.3002597,22.3754901],[114.3003075,22.3754533],[114.3003434,22.3753266],[114.3003621,22.3752871],[114.3004001,22.3752343],[114.3004573,22.3752025],[114.3004913,22.3751745],[114.3005377,22.3750739],[114.300574,22.3749583],[114.3006051,22.3749123],[114.3006509,22.3748686],[114.300682,22.3748562],[114.3007334,22.3748552],[114.3007962,22.3748652],[114.3008693,22.3748932],[114.3009045,22.3748941],[114.301012,22.3748383],[114.301135,22.3748112],[114.3011963,22.3747794],[114.3012322,22.374776],[114.3012609,22.3747844],[114.3012906,22.3748069],[114.3013445,22.3748734],[114.301348,22.3749133],[114.301316,22.3749515],[114.3012573,22.3749685],[114.3012163,22.3749888],[114.3011927,22.3750268],[114.3011887,22.3750695],[114.3012041,22.3751016],[114.3012248,22.375119],[114.301294,22.3751364],[114.3013207,22.375135],[114.3013602,22.3751162],[114.301377,22.3750965],[114.3013849,22.375035],[114.3013758,22.3749605],[114.3013955,22.3749343],[114.3014281,22.3749191],[114.3014978,22.3749025],[114.3016173,22.3748849],[114.3017254,22.3748812],[114.3017842,22.37486],[114.301906,22.3747645],[114.3019756,22.3746929],[114.3020018,22.3746661],[114.3020638,22.3745719],[114.3021092,22.3744787],[114.302138,22.3743052],[114.3021824,22.374228],[114.30223,22.3740525],[114.3022544,22.3738799],[114.3022702,22.3738506],[114.3023678,22.3737274],[114.3024072,22.3736277],[114.302417,22.3735648],[114.3024046,22.3735102],[114.3023639,22.373451],[114.3023372,22.3734354],[114.3022628,22.3734274],[114.3022162,22.3734126],[114.3021751,22.373381],[114.3021598,22.3733599],[114.3020923,22.3731378],[114.3020036,22.3729851],[114.3019783,22.3729245],[114.3019417,22.3728717],[114.3019287,22.3728323],[114.3019055,22.3728071],[114.3018412,22.3727888],[114.3016516,22.3727688],[114.3014988,22.37274],[114.301317,22.3727439],[114.3011071,22.372723],[114.3010641,22.3727267],[114.3010083,22.3727483],[114.3009678,22.3727796],[114.3009116,22.372805],[114.3008243,22.3728592],[114.3007171,22.3728694],[114.3006845,22.3728594],[114.3006345,22.3728558],[114.3006084,22.3728608],[114.3005832,22.3728737],[114.3005654,22.3729003],[114.3005354,22.3730284],[114.3004576,22.3731653],[114.3004123,22.3732039],[114.3003274,22.3733002]]]]},"properties":{"GmlID":"SRZ.12","OBJNAM":"K4 East Kiu Tsui Chau","INFORM":"The speed limit is 5 knots in this area between 8am and 12 midnight on any Saturday or public holiday or on any day during the period from 1 July to 15 September (both dates inclusive) in any year.","OBJECTID":12}},{"type":"Feature","geometry":{"type":"MultiPolygon","coordinates":[[[[114.3035419,22.3545949],[114.3035494,22.3546097],[114.3035597,22.3546179],[114.3036405,22.3546379],[114.3036622,22.3546758],[114.3037055,22.3547134],[114.3037337,22.3547493],[114.3038185,22.3549012],[114.3038831,22.3549581],[114.3039426,22.3549961],[114.3039996,22.3550044],[114.3040469,22.3549917],[114.3041144,22.3549487],[114.3041668,22.3549254],[114.3042423,22.3548714],[114.3044348,22.3548644],[114.3045483,22.354872],[114.3045851,22.3548927],[114.3046434,22.3549761],[114.3047042,22.3550097],[114.3047476,22.3550644],[114.3047636,22.3550781],[114.3047626,22.3550998],[114.3047685,22.3551197],[114.3047707,22.3551257],[114.3047853,22.3551378],[114.3047747,22.3551904],[114.3047751,22.3552002],[114.3047827,22.3552118],[114.3048007,22.3552248],[114.3048134,22.3552528],[114.3048244,22.3552631],[114.3048373,22.3552691],[114.3048825,22.3552723],[114.3048925,22.355275],[114.3049014,22.3552843],[114.304922,22.3553125],[114.304962,22.355352],[114.3049825,22.3553998],[114.304996,22.355415],[114.3050005,22.3554453],[114.3050171,22.3554658],[114.3050688,22.3555093],[114.3050723,22.3555208],[114.3050715,22.3555812],[114.3050852,22.3556076],[114.3050869,22.35563],[114.3050976,22.3556583],[114.3051123,22.3556876],[114.3051208,22.3556966],[114.3051395,22.3557079],[114.3051627,22.3557148],[114.305166,22.3557237],[114.305163,22.3557787],[114.3051943,22.355839],[114.3051886,22.3559544],[114.3051917,22.355967],[114.3052382,22.3560027],[114.3052514,22.3560185],[114.3052501,22.3560392],[114.3052395,22.3560602],[114.3052404,22.3560807],[114.305286,22.3561366],[114.305308,22.3561439],[114.3053406,22.3561396],[114.3054134,22.3561916],[114.3054374,22.3562164],[114.3054626,22.3562624],[114.3054799,22.3563301],[114.3054995,22.3563627],[114.3055158,22.3563778],[114.3055652,22.3564043],[114.3057226,22.3564439],[114.3057554,22.3564592],[114.305812,22.3565001],[114.3058625,22.3565524],[114.3059531,22.3566188],[114.3059786,22.3566479],[114.3059877,22.3566718],[114.3059887,22.3567218],[114.3059801,22.3567557],[114.3059764,22.3568001],[114.305981,22.3568215],[114.3059984,22.3568455],[114.3060148,22.3568524],[114.3060479,22.356852],[114.3060723,22.3568451],[114.3060842,22.3568361],[114.306096,22.3568187],[114.3061003,22.3567786],[114.3061105,22.3567415],[114.3061235,22.3567218],[114.3061416,22.3567131],[114.3062024,22.3567157],[114.306251,22.3567229],[114.306284,22.3567187],[114.3063019,22.356721],[114.3063283,22.3567398],[114.3063734,22.356791],[114.3064003,22.3568379],[114.3064088,22.3568663],[114.3064113,22.356912],[114.3064398,22.3569662],[114.3064843,22.3570104],[114.3065187,22.3570596],[114.3066935,22.3572453],[114.3068429,22.3575011],[114.3068748,22.3575816],[114.3068987,22.3576716],[114.3067569,22.3577371],[114.3066561,22.3578044],[114.3066069,22.3578711],[114.3065258,22.3579319],[114.3064872,22.3579686],[114.3064547,22.3580124],[114.3063771,22.3580719],[114.3062739,22.3580909],[114.3062507,22.3580885],[114.3062052,22.3580666],[114.3061479,22.3580501],[114.3061124,22.3580501],[114.3060734,22.3580562],[114.3060506,22.358067],[114.3060227,22.3580963],[114.3059748,22.3581755],[114.3059225,22.3582088],[114.3059044,22.3582071],[114.3058212,22.3581666],[114.3058029,22.3581664],[114.3057786,22.3581813],[114.3057652,22.3581989],[114.3057624,22.3582302],[114.3057494,22.3582779],[114.3057043,22.3583829],[114.3056909,22.3584431],[114.3056851,22.3584884],[114.3056858,22.3585276],[114.3056779,22.3585557],[114.3056073,22.3586253],[114.3055631,22.3586799],[114.305518,22.3587226],[114.3055039,22.35873],[114.305462,22.3587214],[114.3054402,22.3587281],[114.3054154,22.3587393],[114.305394,22.3587576],[114.305377,22.3587859],[114.3053753,22.3588255],[114.3053923,22.3588612],[114.305427,22.3588952],[114.3054748,22.3589186],[114.3054854,22.3589313],[114.3054994,22.3589789],[114.3055039,22.3590315],[114.3055094,22.3590488],[114.3055483,22.3591134],[114.3055582,22.3591419],[114.3055586,22.3591577],[114.3055485,22.359188],[114.3054933,22.359286],[114.3054538,22.3593868],[114.3054631,22.3594361],[114.3054825,22.359473],[114.3054926,22.3595042],[114.3054908,22.3595264],[114.3054252,22.3596303],[114.3053425,22.3597042],[114.3053138,22.3596939],[114.3052931,22.3596911],[114.3052609,22.3596604],[114.3052406,22.3596497],[114.3052171,22.3596507],[114.3051789,22.3596598],[114.305147,22.3596856],[114.3051424,22.3596947],[114.3051349,22.3597492],[114.3051095,22.3597887],[114.3051078,22.3598096],[114.3051181,22.3598197],[114.3051302,22.3598201],[114.3051529,22.3598118],[114.3052131,22.3598133],[114.3052286,22.3598266],[114.3052352,22.3598552],[114.3052549,22.3598851],[114.3052382,22.3599076],[114.3052373,22.3599304],[114.3052458,22.3599517],[114.3052579,22.3599578],[114.3052696,22.3599558],[114.3052777,22.3599632],[114.305271,22.360095],[114.3052725,22.3601047],[114.3052886,22.3601226],[114.3052891,22.3601319],[114.305287,22.3601452],[114.3052772,22.3601661],[114.3052765,22.360178],[114.30255,22.3580833],[114.3035419,22.3545949]],[[114.3035159,22.3547814],[114.3035046,22.3547847],[114.3035008,22.3547898],[114.3034993,22.3548059],[114.3035108,22.3548269],[114.303518,22.3548343],[114.3035291,22.3548373],[114.3035387,22.3548296],[114.3035438,22.3548068],[114.3035342,22.3547872],[114.3035159,22.3547814]],[[114.3038629,22.3551432],[114.3038475,22.3551459],[114.3038368,22.3551513],[114.3038214,22.3551649],[114.303789,22.3552066],[114.3037865,22.3552193],[114.3037877,22.3552292],[114.3037906,22.3552358],[114.3037941,22.3552381],[114.3037995,22.3552381],[114.3038168,22.3552234],[114.303828,22.3552212],[114.3038458,22.3552252],[114.3038523,22.3552214],[114.3038559,22.3552103],[114.3038751,22.3551758],[114.30388,22.3551632],[114.3038806,22.3551538],[114.3038759,22.3551477],[114.3038629,22.3551432]],[[114.3039776,22.3550949],[114.3039716,22.3550987],[114.3039691,22.3551191],[114.3039625,22.3551295],[114.303944,22.3551404],[114.3039112,22.3551766],[114.3039112,22.3551843],[114.3039183,22.3551932],[114.3039294,22.3551987],[114.303952,22.3552016],[114.3039602,22.3551978],[114.3040246,22.3551448],[114.3040271,22.3551343],[114.3040236,22.3551266],[114.3039776,22.3550949]]]]},"properties":{"GmlID":"SRZ.13","OBJNAM":"K5 West Kau Sai Chau","INFORM":"The speed limit is 5 knots in this area between 8am and 12 midnight on any Saturday or public holiday or on any day during the period from 1 July to 15 September (both dates inclusive) in any year.","OBJECTID":13}},{"type":"Feature","geometry":{"type":"MultiPolygon","coordinates":[[[[114.3120699,22.3431805],[114.3120481,22.3431758],[114.3119524,22.3431764],[114.3118562,22.3431664],[114.311793,22.3431565],[114.3117151,22.3431328],[114.3116821,22.3431313],[114.3116476,22.3431365],[114.3155745,22.3381444],[114.3155954,22.3382025],[114.3156129,22.3382294],[114.3156126,22.3382425],[114.3155968,22.3382894],[114.315606,22.3383115],[114.3156085,22.3383294],[114.3156011,22.3383759],[114.3156213,22.3384298],[114.315623,22.3384655],[114.3156426,22.3384905],[114.315642,22.3385175],[114.315648,22.3385231],[114.315683,22.3385321],[114.3157127,22.3385471],[114.3157249,22.3385749],[114.3157313,22.3385815],[114.3157445,22.3385811],[114.3157499,22.3385754],[114.3157577,22.3385322],[114.3157664,22.33852],[114.3158249,22.3385412],[114.3158549,22.3385459],[114.3158734,22.3385356],[114.3158832,22.3385125],[114.3158975,22.3385032],[114.3159068,22.3385242],[114.3159018,22.3386115],[114.3159182,22.3386531],[114.3159175,22.3386867],[114.3159266,22.3387136],[114.3159704,22.3387641],[114.315984,22.3387744],[114.3160306,22.338793],[114.3160627,22.3388141],[114.3160759,22.3388353],[114.3160906,22.3388762],[114.3160925,22.3388931],[114.3160879,22.3389422],[114.3161006,22.3389726],[114.3161198,22.3389878],[114.316146,22.3390002],[114.3161677,22.3389957],[114.316182,22.3390003],[114.3161992,22.3390229],[114.316201,22.3390239],[114.3162071,22.3390271],[114.3162258,22.3390322],[114.3162791,22.339031],[114.316351,22.3390403],[114.3163954,22.3390556],[114.3164279,22.3390616],[114.3164512,22.3390525],[114.3164888,22.3390228],[114.3165001,22.3390205],[114.3165179,22.3390247],[114.3166354,22.3391192],[114.3166881,22.3391748],[114.3166993,22.3392015],[114.3167022,22.3392556],[114.3166867,22.3393007],[114.3166831,22.3393286],[114.3166998,22.3393737],[114.3166987,22.3393893],[114.3166822,22.3394443],[114.3166771,22.3394985],[114.3166825,22.3395151],[114.3167464,22.3395882],[114.3167768,22.3396471],[114.3168008,22.3397229],[114.3168099,22.3397684],[114.3168195,22.3398777],[114.3168148,22.33993],[114.3168003,22.3399965],[114.3168008,22.3400166],[114.3168081,22.3400278],[114.3168573,22.3400425],[114.3168386,22.3400705],[114.3168355,22.3400907],[114.3168798,22.3401428],[114.3168855,22.3401767],[114.3168974,22.3401828],[114.3169364,22.3401695],[114.3169473,22.3401732],[114.3169329,22.3402155],[114.3169115,22.3402465],[114.3169174,22.3402668],[114.3169947,22.3402743],[114.3170129,22.3403052],[114.3170207,22.3403446],[114.3170433,22.3403571],[114.3170655,22.3403838],[114.3170989,22.3403963],[114.3171429,22.3403959],[114.317167,22.3404208],[114.3171748,22.3404576],[114.3171499,22.3405062],[114.3171395,22.3405457],[114.3171443,22.340564],[114.317166,22.3405792],[114.3171956,22.340583],[114.3172148,22.3405775],[114.3172494,22.3405579],[114.3172834,22.340562],[114.3173057,22.3405553],[114.3173675,22.3404967],[114.3173864,22.3404623],[114.3173943,22.3404664],[114.3174011,22.340488],[114.3174188,22.340489],[114.3175567,22.3404229],[114.3175952,22.3404372],[114.3176269,22.3404253],[114.3176594,22.3404025],[114.3176718,22.3404085],[114.3177253,22.3404945],[114.317731,22.3405744],[114.3177431,22.3406185],[114.3177559,22.3406419],[114.317784,22.340665],[114.3178042,22.3406682],[114.3178195,22.340659],[114.3178324,22.3406096],[114.3178364,22.3406105],[114.317855,22.3406555],[114.3178821,22.3406648],[114.3179285,22.3406631],[114.3179478,22.3406507],[114.3179596,22.3406339],[114.3179697,22.3405819],[114.3179736,22.3405792],[114.3179815,22.340587],[114.3179986,22.3406398],[114.3180172,22.3406739],[114.318039,22.3406799],[114.3181451,22.3406761],[114.318183,22.3406688],[114.3182162,22.3406487],[114.3182487,22.3406489],[114.3183154,22.3406344],[114.3183554,22.3406152],[114.3183751,22.3406005],[114.3184108,22.3405615],[114.3184253,22.3404987],[114.3184657,22.3405163],[114.3184994,22.3405159],[114.3185196,22.3405031],[114.3185459,22.3404715],[114.318577,22.3404565],[114.318695,22.340448],[114.3187978,22.3404025],[114.3188654,22.3403861],[114.3188979,22.3403953],[114.3189363,22.3404231],[114.3189541,22.340419],[114.3189853,22.3403928],[114.3190079,22.3403935],[114.3191008,22.3405181],[114.3191151,22.3405149],[114.319208,22.3404527],[114.3192436,22.3404543],[114.3192737,22.3404667],[114.3193013,22.3404567],[114.319318,22.3404843],[114.3194086,22.3405171],[114.3194362,22.340546],[114.3194715,22.3406055],[114.3194995,22.3406317],[114.3195538,22.3406369],[114.3196259,22.3406201],[114.3196654,22.3406207],[114.319731,22.3406457],[114.3197422,22.3406549],[114.3197618,22.3407127],[114.3198158,22.340785],[114.3198827,22.3408526],[114.3199551,22.340907],[114.3200249,22.3409829],[114.3201088,22.3410122],[114.3201793,22.3410792],[114.320254,22.3411349],[114.3203718,22.3411939],[114.3205674,22.3412722],[114.3206644,22.3412945],[114.320802,22.3413011],[114.3208536,22.3413116],[114.3208879,22.3413338],[114.3212169,22.3414539],[114.3212898,22.3414872],[114.3214199,22.3415611],[114.3214371,22.3415674],[114.3215205,22.3415977],[114.3215298,22.3416011],[114.3215972,22.3416416],[114.32164,22.3416576],[114.3217602,22.3416663],[114.321869,22.3417053],[114.3219829,22.3417292],[114.3221881,22.3417462],[114.3222588,22.3417604],[114.3223299,22.341747],[114.3224489,22.3417022],[114.3225124,22.3417035],[114.3226389,22.3416802],[114.3227477,22.3416822],[114.3227667,22.3416774],[114.3227659,22.3420865],[114.3226882,22.3420882],[114.3226421,22.3421063],[114.3226502,22.3421384],[114.3225566,22.3421554],[114.3223078,22.342165],[114.3222861,22.3421658],[114.3220009,22.3421475],[114.3218868,22.3421509],[114.3217819,22.342173],[114.3217564,22.3421561],[114.3217345,22.342155],[114.3217302,22.3421754],[114.3215464,22.3421337],[114.3214729,22.3420537],[114.3214668,22.3420474],[114.3214426,22.3420227],[114.3211326,22.3421482],[114.3211497,22.342199],[114.321106,22.3422663],[114.3211293,22.3423316],[114.3210667,22.3423476],[114.321014,22.3423849],[114.3209921,22.3423651],[114.3209522,22.3423933],[114.3209084,22.3423313],[114.3208793,22.3423522],[114.3209304,22.3424211],[114.3208714,22.3424623],[114.3208448,22.3424363],[114.320718,22.3425109],[114.3206354,22.3423874],[114.3205469,22.3424394],[114.3205621,22.3424597],[114.3206149,22.3424269],[114.3206817,22.3425257],[114.3206362,22.3425606],[114.3206714,22.3426143],[114.3206357,22.3426465],[114.3205871,22.342673],[114.3204931,22.342711],[114.3204688,22.3426624],[114.3204476,22.3426703],[114.3204209,22.3426094],[114.3203748,22.3426258],[114.3203845,22.3426489],[114.3204099,22.3426393],[114.3204288,22.3426765],[114.3203487,22.3427117],[114.3202917,22.3427298],[114.3202754,22.3427252],[114.3201638,22.3427333],[114.3201619,22.3427507],[114.3201073,22.3427581],[114.3200187,22.3427458],[114.3200248,22.3426888],[114.3200465,22.3426097],[114.3199652,22.3425973],[114.3199633,22.34262],[114.3200216,22.3426283],[114.3200065,22.3426741],[114.3199822,22.3426505],[114.3199355,22.3426251],[114.3199276,22.3426245],[114.31989,22.3426302],[114.3198445,22.3426539],[114.3198293,22.3426601],[114.3197941,22.3426839],[114.3197701,22.342695],[114.3197364,22.3427169],[114.3197091,22.3427411],[114.3196815,22.3427791],[114.319653,22.3428052],[114.3195898,22.342838],[114.3194955,22.3428633],[114.3194831,22.3428702],[114.3194494,22.3428967],[114.3194201,22.3429365],[114.3194028,22.3429488],[114.3193598,22.3429555],[114.3192528,22.3429551],[114.3192216,22.3429577],[114.3191935,22.3429654],[114.3191718,22.3429801],[114.319145,22.3430125],[114.3190728,22.3430356],[114.3190516,22.3430465],[114.3190084,22.3430978],[114.318984,22.3431137],[114.3189116,22.343131],[114.3188398,22.3431591],[114.3187765,22.3432015],[114.3186465,22.3432644],[114.31863,22.3433007],[114.3185895,22.3433023],[114.3185584,22.3433105],[114.3185302,22.3433442],[114.318488,22.3433749],[114.3184533,22.3434082],[114.318405,22.3434173],[114.3183748,22.3434359],[114.318365,22.3434221],[114.3183651,22.3434001],[114.3183607,22.3433955],[114.3183262,22.3433893],[114.3182994,22.3433989],[114.3182788,22.3433979],[114.3182443,22.3433817],[114.3182073,22.3433719],[114.3181481,22.3433698],[114.3180755,22.3433966],[114.3180637,22.343397],[114.3180135,22.3433532],[114.3179689,22.3432948],[114.3178844,22.3433078],[114.3178326,22.3433213],[114.317823,22.3433189],[114.3178021,22.3433014],[114.317769,22.3433049],[114.3177617,22.3432774],[114.3177524,22.3432718],[114.317653,22.3432926],[114.3175923,22.3433171],[114.3175483,22.3433486],[114.3174458,22.3434038],[114.3173992,22.3434509],[114.3173758,22.3434958],[114.3173663,22.3435352],[114.3173686,22.3435577],[114.317397,22.3436253],[114.3173974,22.3436354],[114.3173919,22.3436386],[114.3173807,22.3436298],[114.3173002,22.3435093],[114.3172767,22.3434848],[114.3172329,22.3434667],[114.3171985,22.3434405],[114.3171506,22.3434406],[114.3171078,22.3434199],[114.317055,22.3434271],[114.3170328,22.3434228],[114.3169958,22.3434048],[114.3169509,22.3433643],[114.3169312,22.3433577],[114.3169055,22.3433579],[114.3167914,22.3433763],[114.3167542,22.3433874],[114.3166669,22.3434382],[114.31662,22.3434971],[114.3165647,22.3435012],[114.3165339,22.343523],[114.316498,22.3435608],[114.316488,22.3435786],[114.3164855,22.3435965],[114.3164832,22.3436139],[114.316494,22.3436709],[114.3165015,22.34369],[114.316522,22.3437423],[114.3165321,22.343758],[114.3165642,22.3437646],[114.3165675,22.3437757],[114.3165501,22.3437893],[114.3164602,22.3438047],[114.3164258,22.3438361],[114.3163932,22.3439492],[114.316381,22.3440427],[114.3163645,22.3440178],[114.3163414,22.3439493],[114.3163234,22.3439252],[114.3163057,22.3439164],[114.3162871,22.3439498],[114.3162494,22.3439793],[114.3162398,22.3439958],[114.3162384,22.3440407],[114.3162622,22.3440863],[114.3162591,22.3440987],[114.3162269,22.3441209],[114.3161883,22.3441311],[114.3161727,22.3441591],[114.3161398,22.3441914],[114.3160967,22.3442057],[114.316037,22.3441589],[114.3160266,22.3441624],[114.3160161,22.3441858],[114.3160062,22.3441866],[114.3159783,22.3441543],[114.3159571,22.3441486],[114.3159398,22.3441553],[114.3159038,22.3442005],[114.3158722,22.344214],[114.3158595,22.3442287],[114.3158775,22.3442593],[114.3158731,22.3442694],[114.3157945,22.3442772],[114.3157576,22.3442927],[114.3157197,22.3443159],[114.3156658,22.3443694],[114.3156524,22.3444352],[114.3156158,22.3444878],[114.3156123,22.344614],[114.3156041,22.3446384],[114.3155398,22.3447072],[114.3155093,22.3447212],[114.3154131,22.3447425],[114.3153821,22.3447666],[114.3153685,22.34479],[114.3153493,22.3448692],[114.3153537,22.3449274],[114.3154105,22.3450048],[114.3153934,22.3450112],[114.3153646,22.3449972],[114.3153017,22.3449205],[114.3152764,22.3449133],[114.3152552,22.3449157],[114.3152144,22.3449495],[114.3151861,22.3449892],[114.3151059,22.3450406],[114.3150973,22.3450765],[114.3150101,22.3451087],[114.3149688,22.3451452],[114.3149576,22.3451642],[114.3149608,22.3452036],[114.314985,22.3452523],[114.3150096,22.345333],[114.3150397,22.3453624],[114.3150439,22.3453927],[114.315037,22.3453981],[114.3150291,22.3453941],[114.3149863,22.3453614],[114.3149388,22.3453649],[114.3148928,22.345351],[114.3148586,22.3453503],[114.3148129,22.3453826],[114.3147985,22.3454301],[114.3147907,22.3455191],[114.3148179,22.3455805],[114.3148186,22.345603],[114.3147998,22.3456059],[114.3147414,22.3455306],[114.3147252,22.3455241],[114.3147167,22.3455293],[114.3147029,22.3456069],[114.3147275,22.3457138],[114.3147299,22.345767],[114.3147197,22.3457923],[114.3146736,22.3458265],[114.3146651,22.3458647],[114.3146615,22.3459235],[114.3146428,22.3460187],[114.3146407,22.346053],[114.3146509,22.3460975],[114.3146635,22.3461199],[114.3146088,22.3461497],[114.3145863,22.3461306],[114.3145641,22.3461216],[114.3145274,22.3461149],[114.3144719,22.3460932],[114.3144542,22.3460956],[114.3144375,22.3461104],[114.3144283,22.3461285],[114.314421,22.3461555],[114.3144185,22.3462129],[114.3144118,22.3462322],[114.3141273,22.3462746],[114.3140725,22.3462896],[114.3140258,22.3463156],[114.3140094,22.3463662],[114.3139991,22.3463805],[114.3139833,22.3463856],[114.3139919,22.3462878],[114.3139735,22.3462687],[114.3139482,22.3462606],[114.3138047,22.3462455],[114.3135671,22.3461993],[114.313363,22.3461392],[114.3133238,22.346114],[114.3132857,22.3460571],[114.313276,22.3460222],[114.3132698,22.3459763],[114.3132731,22.3458891],[114.3132573,22.3458328],[114.3132463,22.3457644],[114.3132486,22.3456698],[114.3132227,22.3455828],[114.3132579,22.3455192],[114.3132722,22.3454645],[114.3132721,22.345442],[114.3132432,22.3453554],[114.3132506,22.345282],[114.313246,22.345265],[114.3132304,22.3452366],[114.3132193,22.3452165],[114.3131744,22.3451594],[114.3131486,22.3451371],[114.3131365,22.3451087],[114.3131391,22.3450692],[114.3131736,22.3449758],[114.3131854,22.3449078],[114.3132062,22.3448457],[114.3132093,22.3447988],[114.3132064,22.3446933],[114.3131987,22.3446461],[114.3131694,22.3445696],[114.313153,22.3444849],[114.3131092,22.3443304],[114.3130832,22.3442879],[114.3130147,22.3442041],[114.3129932,22.3441596],[114.3129441,22.3441061],[114.3129254,22.3440964],[114.3128247,22.3440983],[114.3127469,22.3440768],[114.312743,22.3440658],[114.312749,22.3440534],[114.3128029,22.3440173],[114.3128436,22.3439789],[114.3128555,22.3439607],[114.3128631,22.3439161],[114.3128578,22.3438757],[114.3128374,22.3438155],[114.3128202,22.3437985],[114.3127837,22.3437809],[114.3127621,22.3437633],[114.3127543,22.3437431],[114.3127505,22.3437123],[114.3127339,22.3436825],[114.3127196,22.34367],[114.3126827,22.3436578],[114.3126205,22.343653],[114.3125816,22.3436205],[114.3125418,22.3435773],[114.3125191,22.3435629],[114.3123947,22.3435418],[114.3123712,22.3435343],[114.3123387,22.3435186],[114.3122864,22.3434831],[114.3122672,22.3434761],[114.3122164,22.3434727],[114.3120732,22.3434874],[114.3119972,22.3434854],[114.3119005,22.3434657],[114.3118749,22.3434537],[114.3118543,22.3434339],[114.311841,22.343409],[114.3118455,22.3433961],[114.3118519,22.3433916],[114.3118939,22.3433807],[114.3119899,22.3433401],[114.3120234,22.3433158],[114.3120346,22.3432584],[114.3120569,22.3432318],[114.3120776,22.3432158],[114.3120817,22.3432044],[114.3120797,22.3431892],[114.3120699,22.3431805]],[[114.3133753,22.3446651],[114.3133742,22.344656],[114.3133617,22.344634],[114.3133537,22.3446281],[114.3133364,22.3446254],[114.3133177,22.3446388],[114.3133056,22.344672],[114.3133028,22.344695],[114.313305,22.3447115],[114.3133199,22.3447366],[114.3133291,22.3447573],[114.3133444,22.3447608],[114.3133722,22.3447734],[114.3133777,22.3447739],[114.3133865,22.3447715],[114.3133919,22.3447678],[114.3133939,22.34476],[114.3133913,22.3447532],[114.3133754,22.3447349],[114.3133728,22.3447266],[114.3133718,22.3447184],[114.3133754,22.344683],[114.3133753,22.3446651]],[[114.313266,22.3446043],[114.3132712,22.344624],[114.3132787,22.3446359],[114.3132866,22.3446382],[114.3132935,22.3446372],[114.3133014,22.3446325],[114.3133048,22.3446279],[114.3133071,22.3446031],[114.3133186,22.3445604],[114.3133209,22.3445448],[114.3133173,22.3445205],[114.3133017,22.3444875],[114.3132948,22.344482],[114.3132716,22.3444761],[114.3132626,22.3444781],[114.3132587,22.3444869],[114.3132599,22.3445157],[114.3132442,22.3445357],[114.3132389,22.344549],[114.31324,22.3445568],[114.313244,22.3445654],[114.3132565,22.3445833],[114.313266,22.3446043]],[[114.3133636,22.3448153],[114.3133586,22.3448002],[114.3133559,22.34478],[114.3133519,22.344775],[114.3133405,22.3447686],[114.3133296,22.344765],[114.3133048,22.3447501],[114.3132919,22.3447519],[114.3132851,22.3447561],[114.3132792,22.3447681],[114.3132759,22.3447966],[114.3132787,22.3448338],[114.3132839,22.3448631],[114.3132964,22.3448813],[114.3133103,22.3448946],[114.3133387,22.3449164],[114.3133585,22.3449236],[114.3133743,22.3449245],[114.3133813,22.3449212],[114.31339,22.3449115],[114.3133924,22.3449045],[114.3133927,22.3448706],[114.3133782,22.3448469],[114.3133636,22.3448153]]]]},"properties":{"GmlID":"SRZ.14","OBJNAM":"K6 South Kau Sai Chau","INFORM":"The speed limit is 5 knots in this area between 8am and 12 midnight on any Saturday or public holiday or on any day during the period from 1 July to 15 September (both dates inclusive) in any year.","OBJECTID":14}},{"type":"Feature","geometry":{"type":"MultiPolygon","coordinates":[[[[114.3549714,22.3264638],[114.3506271,22.3252097],[114.3506608,22.3251919],[114.3507018,22.3251771],[114.3507247,22.3251496],[114.3506937,22.325085],[114.350702,22.3250578],[114.3509226,22.3250207],[114.3509739,22.3250059],[114.351004,22.3249771],[114.3510367,22.3249602],[114.3511149,22.3249472],[114.3511316,22.324929],[114.3510907,22.3248765],[114.3510799,22.3248479],[114.3511024,22.3248259],[114.3511512,22.3248328],[114.3512362,22.32483],[114.3513045,22.324849],[114.351348,22.324851],[114.3513851,22.3248148],[114.3514059,22.3247684],[114.3514262,22.3246674],[114.3514573,22.3246197],[114.3515784,22.3245255],[114.3517783,22.3244162],[114.3518203,22.3243752],[114.3519429,22.3242957],[114.3520022,22.3242454],[114.3521295,22.32409],[114.3522106,22.3240042],[114.3522787,22.3239085],[114.3523131,22.3238775],[114.3523327,22.3238245],[114.3523767,22.3237632],[114.3524839,22.3236703],[114.3525448,22.3235942],[114.352637,22.3235409],[114.3526818,22.3235251],[114.3528043,22.3234608],[114.3528994,22.3234495],[114.3529465,22.3234482],[114.3529919,22.3234526],[114.353191,22.323492],[114.3534051,22.3235607],[114.353692,22.3236708],[114.3537452,22.3236956],[114.3538273,22.323749],[114.3538372,22.3237759],[114.3538593,22.3237935],[114.3538915,22.323795],[114.3539631,22.3238334],[114.3539571,22.3238621],[114.3539405,22.323895],[114.3539377,22.323929],[114.3539808,22.3239762],[114.3540003,22.3240624],[114.3540007,22.3241211],[114.3540362,22.3241874],[114.3541054,22.3242146],[114.3541743,22.3242808],[114.3542382,22.3242937],[114.3543084,22.3243578],[114.3544035,22.324461],[114.3544524,22.3245391],[114.3545207,22.3247813],[114.3545189,22.3248133],[114.3544676,22.3248366],[114.3544684,22.3248524],[114.3544858,22.3248945],[114.3545076,22.324923],[114.3545437,22.3249362],[114.3545594,22.3249782],[114.3545712,22.3250725],[114.354597,22.3251207],[114.3546574,22.3252037],[114.354586,22.3252673],[114.3545656,22.3253016],[114.3545959,22.3254169],[114.3546072,22.3254451],[114.3546383,22.3254631],[114.3547049,22.3254639],[114.3547399,22.3254881],[114.3547764,22.3255568],[114.3547852,22.3255891],[114.3547349,22.3256829],[114.3547681,22.325763],[114.354846,22.3257683],[114.354863,22.3257941],[114.3547855,22.3258976],[114.354765,22.3259166],[114.3547329,22.3259287],[114.3547189,22.3259486],[114.3547333,22.3259689],[114.3547637,22.3259755],[114.3548212,22.3259499],[114.3548503,22.3259589],[114.3549049,22.326118],[114.3549024,22.3261512],[114.354844,22.3261556],[114.3547828,22.3261792],[114.3547534,22.3262014],[114.3547466,22.326225],[114.3547522,22.3262488],[114.3547938,22.3262478],[114.3548317,22.3262618],[114.3549349,22.3262674],[114.3549685,22.3262804],[114.3550041,22.3263224],[114.3549572,22.3264142],[114.3549608,22.3264488],[114.3549714,22.3264638]]]]},"properties":{"GmlID":"SRZ.15","OBJNAM":"K7 Bluff Island","INFORM":"The speed limit is 5 knots in this area between 8am and 12 midnight on any Saturday or public holiday or on any day during the period from 1 July to 15 September (both dates inclusive) in any year.","OBJECTID":15}},{"type":"Feature","geometry":{"type":"MultiPolygon","coordinates":[[[[114.3527817,22.3428496],[114.3520891,22.3427343],[114.352105,22.3427308],[114.3521209,22.3427188],[114.3521317,22.3426809],[114.3521561,22.3426464],[114.3521549,22.3426407],[114.3521472,22.342637],[114.3521131,22.3426355],[114.352104,22.342617],[114.3521079,22.3426047],[114.3521362,22.3425709],[114.3521377,22.3425573],[114.3521365,22.3425469],[114.3521074,22.3425062],[114.3521064,22.3424806],[114.3521689,22.342362],[114.3521883,22.3421631],[114.3521718,22.3421072],[114.3521346,22.3420751],[114.3520646,22.3420394],[114.352048,22.3420104],[114.351974,22.3419865],[114.3518813,22.341939],[114.3518583,22.3419364],[114.3517721,22.3419269],[114.3516653,22.3419431],[114.3515803,22.3419879],[114.3515153,22.3420363],[114.3514849,22.3420698],[114.3514666,22.342107],[114.3514666,22.3393667],[114.3548813,22.3364578],[114.3548617,22.3364815],[114.3548617,22.3364882],[114.3548676,22.3364904],[114.3549091,22.3364904],[114.3549227,22.3364937],[114.3549398,22.3365047],[114.3549368,22.3365136],[114.3549079,22.3365378],[114.3548924,22.3365956],[114.354893,22.3366072],[114.3549107,22.3366215],[114.354987,22.3366266],[114.3550059,22.3366525],[114.3550319,22.3366597],[114.3550313,22.3366746],[114.3550384,22.3366867],[114.3550354,22.3366927],[114.3549005,22.3367758],[114.3548661,22.3368215],[114.3548407,22.3368358],[114.3548347,22.3368435],[114.3548353,22.3368517],[114.3548572,22.3368583],[114.3548655,22.3368748],[114.3548868,22.3368914],[114.3549193,22.3368965],[114.3549217,22.3369002],[114.3549169,22.3369124],[114.3549169,22.3369344],[114.3548849,22.3369883],[114.3548665,22.3370043],[114.3548606,22.3370286],[114.3548837,22.3370529],[114.3548748,22.337082],[114.35488,22.3370926],[114.3549138,22.3371201],[114.3549262,22.3371179],[114.3549498,22.3370976],[114.3549718,22.3370932],[114.3549771,22.3370976],[114.3549889,22.3371356],[114.3549682,22.3371549],[114.3549569,22.3371725],[114.354964,22.3371785],[114.3549906,22.337177],[114.3550154,22.3372134],[114.3550154,22.3372227],[114.3550095,22.3372293],[114.3549834,22.3372387],[114.3549769,22.3372458],[114.3549763,22.3372568],[114.35501,22.3372612],[114.3550207,22.3372706],[114.3550414,22.3372746],[114.3550473,22.33728],[114.3550307,22.3373533],[114.3550165,22.3373618],[114.3549964,22.3373668],[114.3549638,22.3373662],[114.3549426,22.3373558],[114.3549243,22.3373551],[114.3548994,22.33737],[114.3548763,22.3373711],[114.3548709,22.3373788],[114.3548709,22.3373898],[114.3548798,22.3374191],[114.3548852,22.3374285],[114.3548923,22.3374323],[114.3549183,22.3374339],[114.3549792,22.3374186],[114.3549839,22.3374252],[114.3549816,22.3374312],[114.3549887,22.3374346],[114.3550395,22.3374328],[114.3550408,22.3374456],[114.3550124,22.3374841],[114.3549668,22.3375233],[114.3549307,22.3375634],[114.3549152,22.3375998],[114.354894,22.3376191],[114.3548963,22.3376537],[114.354888,22.3376592],[114.3548584,22.3376526],[114.3548466,22.3376565],[114.3548088,22.3376961],[114.3547933,22.3377032],[114.3547844,22.3377357],[114.3547608,22.3377666],[114.3547572,22.3378002],[114.3547477,22.3378321],[114.3547518,22.3378404],[114.354759,22.337842],[114.3547796,22.337836],[114.354785,22.3378415],[114.3547909,22.337842],[114.3547909,22.337847],[114.354782,22.3378701],[114.3547477,22.3379098],[114.3547424,22.3379269],[114.3547458,22.3379291],[114.354779,22.3379236],[114.3547689,22.3379418],[114.3547654,22.3379621],[114.3548026,22.3379892],[114.354805,22.3380228],[114.3548121,22.3380273],[114.3548293,22.3380294],[114.3548346,22.3380343],[114.3548304,22.3380828],[114.3547895,22.3381572],[114.354751,22.338193],[114.3547161,22.3382613],[114.3547144,22.3382955],[114.3547067,22.3382982],[114.3546747,22.3382899],[114.354667,22.3383043],[114.3546563,22.338313],[114.3546558,22.3383185],[114.35467,22.338329],[114.3546652,22.3383538],[114.3546545,22.338356],[114.3546249,22.3383499],[114.3546119,22.3383554],[114.3545746,22.3384116],[114.354564,22.3384611],[114.3545522,22.3384771],[114.3545515,22.3384876],[114.3545669,22.3385064],[114.3545805,22.3385345],[114.3545663,22.3385609],[114.3545515,22.3385774],[114.3545468,22.33859],[114.354545,22.3386298],[114.3545325,22.3386682],[114.3545171,22.3386865],[114.3544975,22.3387299],[114.3544615,22.3387526],[114.3544354,22.3387829],[114.3544283,22.338801],[114.3543443,22.338862],[114.354307,22.3388951],[114.3542751,22.3389557],[114.3542649,22.3389673],[114.3542473,22.3389755],[114.3542395,22.3389992],[114.3542271,22.3390157],[114.3542141,22.3390736],[114.3541975,22.3391006],[114.3541969,22.339165],[114.3541898,22.3392008],[114.3542027,22.33923],[114.3542003,22.3392553],[114.3542051,22.3392642],[114.3542121,22.3392675],[114.3542251,22.3392625],[114.3542477,22.3392786],[114.3542594,22.3392818],[114.354269,22.3392785],[114.3542914,22.3392603],[114.3543388,22.3392092],[114.354369,22.3391905],[114.3543997,22.3391618],[114.3544104,22.3391552],[114.3544217,22.3391546],[114.3544488,22.3391784],[114.3544831,22.3392335],[114.3544795,22.3392483],[114.3544399,22.3392897],[114.3544304,22.3393062],[114.3544173,22.3393519],[114.3543954,22.3393899],[114.3543943,22.3394208],[114.3544025,22.3394362],[114.3544132,22.3394461],[114.3544434,22.3394577],[114.3544587,22.3394582],[114.3544937,22.339445],[114.3545363,22.339407],[114.3545446,22.3393922],[114.3545594,22.3393509],[114.35457,22.3393426],[114.3545836,22.339341],[114.3546132,22.3393597],[114.3546753,22.3394435],[114.3547474,22.3395267],[114.3547912,22.3395631],[114.3548154,22.3396061],[114.3548444,22.3396304],[114.3548609,22.3396596],[114.3548597,22.3396739],[114.3548135,22.339708],[114.3547952,22.3397653],[114.3547602,22.339843],[114.3547561,22.339887],[114.3547103,22.33993],[114.354694,22.3399454],[114.3546767,22.3399889],[114.3546762,22.3400005],[114.3546856,22.3400049],[114.3547158,22.3400043],[114.3547809,22.3399895],[114.354788,22.3399901],[114.3547909,22.3399973],[114.3547827,22.3400061],[114.3547477,22.340022],[114.3546992,22.3400297],[114.3546737,22.3400555],[114.3546412,22.3400715],[114.354611,22.3401078],[114.3545891,22.3401265],[114.3545483,22.3401536],[114.3544837,22.3402714],[114.3544802,22.3403188],[114.3544705,22.3403422],[114.354439,22.3403756],[114.3544218,22.3404203],[114.354396,22.3404434],[114.3543823,22.3404988],[114.3543687,22.3405182],[114.3543533,22.3405523],[114.3543521,22.3405668],[114.3543584,22.3405954],[114.354341,22.3406237],[114.3543394,22.3406561],[114.3543232,22.3406848],[114.3543234,22.3406914],[114.354332,22.3407011],[114.3543493,22.3407078],[114.3543814,22.3407084],[114.354404,22.340705],[114.3544254,22.340695],[114.3544341,22.3407062],[114.354444,22.340706],[114.3544629,22.3406936],[114.3544687,22.3407015],[114.354491,22.3407078],[114.354499,22.3407142],[114.3545015,22.3407233],[114.3544811,22.3407512],[114.3544482,22.3407495],[114.3544293,22.340754],[114.3544166,22.3407732],[114.3544204,22.3407796],[114.3544373,22.3407842],[114.3544581,22.340775],[114.354471,22.3407761],[114.3544814,22.3407868],[114.3544767,22.340806],[114.3544824,22.3408153],[114.3544349,22.3408197],[114.3544255,22.340814],[114.35436,22.3408232],[114.3543389,22.3408456],[114.3543239,22.3408436],[114.3542866,22.3409],[114.3542891,22.3409089],[114.3542951,22.3409133],[114.3543047,22.3409108],[114.3543191,22.3409001],[114.3543205,22.3409408],[114.3543242,22.3409474],[114.3543426,22.340967],[114.3543659,22.340974],[114.3543766,22.340998],[114.3543999,22.3410094],[114.3544262,22.3410365],[114.354436,22.3410634],[114.3544416,22.341068],[114.3544389,22.3410952],[114.3544634,22.3411504],[114.354464,22.341195],[114.3544596,22.341195],[114.3544311,22.3411424],[114.3544155,22.3411335],[114.3543903,22.3411039],[114.3543787,22.3410991],[114.3543587,22.3410987],[114.3543419,22.3411164],[114.3543275,22.3411072],[114.354321,22.341108],[114.354316,22.3411163],[114.3543179,22.3411429],[114.3543088,22.3411607],[114.3543161,22.3411778],[114.354325,22.3411858],[114.3543415,22.3411915],[114.354347,22.3412021],[114.354355,22.3412579],[114.3543954,22.3413096],[114.354455,22.3413496],[114.3544593,22.3413562],[114.3544584,22.3413673],[114.354443,22.3413909],[114.3544313,22.341399],[114.3544172,22.3414043],[114.3544035,22.3414007],[114.3543882,22.3413877],[114.3543707,22.3413557],[114.3543451,22.3413253],[114.3543196,22.3413064],[114.3542836,22.3412946],[114.3542711,22.3413005],[114.3542542,22.3413354],[114.3542531,22.3414003],[114.3542677,22.341453],[114.3543046,22.3415214],[114.3544116,22.341647],[114.3544199,22.3416618],[114.3544246,22.3416994],[114.3544336,22.3417099],[114.3544702,22.341726],[114.3544695,22.3417403],[114.3544058,22.3417924],[114.3543678,22.3418561],[114.3543325,22.3418931],[114.3542583,22.3419403],[114.3541398,22.3420481],[114.3539618,22.3421749],[114.3539194,22.3421901],[114.3538606,22.3421915],[114.3537764,22.3422207],[114.3536438,22.3422445],[114.353555,22.3422419],[114.3535035,22.3422483],[114.3534827,22.3423012],[114.3534808,22.3423488],[114.3534903,22.3423893],[114.3534813,22.3424004],[114.3534649,22.3424054],[114.3534567,22.342395],[114.3534562,22.3423843],[114.353449,22.3423752],[114.3534421,22.3423737],[114.3534348,22.3423776],[114.3534298,22.3423989],[114.3534121,22.3424091],[114.3533922,22.3424069],[114.3533835,22.3424003],[114.353358,22.3423664],[114.3533556,22.3423587],[114.3533615,22.3423421],[114.3533593,22.342339],[114.3533418,22.3423335],[114.3533144,22.3423337],[114.3533035,22.3423141],[114.3532972,22.3423111],[114.3531877,22.3423129],[114.3530997,22.3423536],[114.3530729,22.3423762],[114.353061,22.3423725],[114.3530479,22.3423756],[114.3530372,22.3423854],[114.3529856,22.3424332],[114.352954,22.3424849],[114.3529353,22.3425071],[114.3529068,22.3425268],[114.3529238,22.3425329],[114.3529402,22.3425325],[114.3529627,22.3425255],[114.3529918,22.3425076],[114.3530646,22.3424496],[114.3530937,22.342432],[114.3531243,22.3424194],[114.3531724,22.3424123],[114.3531909,22.3424176],[114.3531978,22.3424234],[114.3531728,22.3424302],[114.3531272,22.3424552],[114.3530906,22.3424615],[114.3530682,22.3424716],[114.35304,22.3425149],[114.3530253,22.3425282],[114.3529568,22.3425666],[114.352928,22.342589],[114.3528808,22.3426044],[114.3528286,22.3426374],[114.3528229,22.3426476],[114.3528207,22.3426882],[114.3528149,22.3426935],[114.3527912,22.3427018],[114.3527742,22.3427204],[114.3527722,22.3427328],[114.3527813,22.3427698],[114.3527813,22.3427838],[114.3527698,22.3428102],[114.3527724,22.3428276],[114.3527817,22.3428496]],[[114.3547344,22.3395659],[114.3547166,22.3395685],[114.3547048,22.3395752],[114.3547019,22.3395813],[114.3547024,22.3395873],[114.354713,22.3395912],[114.3547368,22.3395923],[114.3547415,22.3395907],[114.3547462,22.3395818],[114.3547468,22.3395719],[114.3547445,22.3395669],[114.3547344,22.3395659]],[[114.3537556,22.3418125],[114.3537617,22.3418359],[114.353766,22.341843],[114.3537737,22.3418507],[114.3537787,22.3418524],[114.3537857,22.3418504],[114.3537905,22.3418463],[114.3537948,22.3418385],[114.3537969,22.3418289],[114.3537936,22.3418182],[114.3537802,22.3418042],[114.3537577,22.3417662],[114.3537506,22.3417617],[114.3537419,22.3417603],[114.3537358,22.3417621],[114.3537324,22.3417672],[114.3537334,22.3417789],[114.3537544,22.3418069],[114.3537556,22.3418125]],[[114.3536655,22.3421145],[114.3536866,22.3420993],[114.3536991,22.3420879],[114.3537016,22.342082],[114.3537013,22.342075],[114.3536961,22.3420709],[114.3536808,22.3420722],[114.3536159,22.3420953],[114.3536002,22.3421045],[114.3535506,22.3421639],[114.3535474,22.3421698],[114.3535494,22.3421741],[114.3535724,22.342172],[114.3536022,22.342162],[114.3536194,22.342151],[114.353651,22.3421226],[114.3536655,22.3421145]]]]},"properties":{"GmlID":"SRZ.16","OBJNAM":"K10 Ma Tau Wan","INFORM":"The speed limit is 5 knots in this area between 8am and 12 midnight on any Saturday or public holiday or on any day during the period from 1 July to 15 September (both dates inclusive) in any year.","OBJECTID":16}},{"type":"Feature","geometry":{"type":"MultiPolygon","coordinates":[[[[114.3485775,22.3505187],[114.3485462,22.3504413],[114.3485383,22.3504213],[114.3485641,22.3503401],[114.3485726,22.3502964],[114.3486201,22.3502463],[114.3486453,22.3502431],[114.3486554,22.3502393],[114.3486648,22.3502299],[114.3486913,22.3501638],[114.3486938,22.350146],[114.3486783,22.3501083],[114.3486794,22.3501048],[114.3486967,22.3501101],[114.3487053,22.3501035],[114.3487096,22.3500867],[114.3487081,22.3500607],[114.3486957,22.3499984],[114.3486983,22.3499941],[114.3487228,22.3500115],[114.3487408,22.3500119],[114.3487592,22.3500314],[114.3487683,22.3500323],[114.3487765,22.3500295],[114.3488211,22.3499874],[114.3488315,22.3499769],[114.3488351,22.349966],[114.3488351,22.3499551],[114.3488245,22.3499347],[114.3487838,22.3499051],[114.3487687,22.3498911],[114.3487553,22.3498716],[114.348711,22.3498455],[114.348674,22.349838],[114.3486505,22.3498434],[114.3486163,22.3498824],[114.3486012,22.3499245],[114.3485981,22.3499535],[114.348583,22.3499708],[114.3485739,22.3499732],[114.3485793,22.3499427],[114.3485728,22.3499026],[114.3485788,22.3498794],[114.3485879,22.3498655],[114.3485898,22.3498553],[114.3485839,22.3498343],[114.3485969,22.3497966],[114.3485954,22.3497823],[114.3485796,22.3497334],[114.3485693,22.3497105],[114.3484701,22.3494899],[114.3484407,22.3494508],[114.3483881,22.3494112],[114.3483409,22.3493865],[114.3483024,22.3493831],[114.3482995,22.3493836],[114.3510589,22.3479207],[114.3510574,22.3479234],[114.3510651,22.3479535],[114.351077,22.3479747],[114.3511008,22.3479966],[114.3511526,22.3479847],[114.3511836,22.3480068],[114.3511949,22.3480213],[114.3511803,22.3480468],[114.3511801,22.3480594],[114.3511884,22.3480629],[114.3512499,22.3480563],[114.3513859,22.3480265],[114.3514819,22.3480332],[114.3514932,22.3480306],[114.3515574,22.347982],[114.3515712,22.3479768],[114.351605,22.3479782],[114.3516555,22.3479944],[114.3517074,22.3480358],[114.3517184,22.348039],[114.3517416,22.3480397],[114.3517875,22.3480293],[114.3518021,22.3480293],[114.3518428,22.3480413],[114.3518668,22.3480378],[114.3518831,22.3480238],[114.351895,22.3479829],[114.3519045,22.3479642],[114.3519872,22.3478788],[114.3520038,22.3478053],[114.3519976,22.3477716],[114.3520525,22.3477674],[114.3521109,22.3477717],[114.3521882,22.3477831],[114.3522239,22.3477884],[114.3522208,22.3478455],[114.3522347,22.3478454],[114.3522374,22.3477896],[114.352464,22.347826],[114.3524653,22.3479425],[114.352476,22.3479425],[114.3524824,22.3478286],[114.3526762,22.3478384],[114.3527155,22.3478325],[114.3527337,22.3478282],[114.3527605,22.3478707],[114.3527632,22.3479317],[114.3527755,22.3479758],[114.3527694,22.3479933],[114.3527707,22.3480537],[114.3527634,22.3480752],[114.3527422,22.3480944],[114.3527121,22.3482733],[114.3526685,22.3482672],[114.3526404,22.3482633],[114.3526302,22.3483157],[114.352822,22.3483443],[114.3528304,22.3482918],[114.3527594,22.34828],[114.3527871,22.3481259],[114.3527974,22.3481056],[114.3528764,22.3481687],[114.352923,22.3481308],[114.3529516,22.3481472],[114.3529553,22.3481415],[114.3530965,22.3482327],[114.3531458,22.3482445],[114.3532174,22.3482437],[114.3533592,22.3482205],[114.3535625,22.3481637],[114.353726,22.3480856],[114.3538095,22.3480628],[114.3539917,22.3479721],[114.3541289,22.3479714],[114.3542496,22.3479214],[114.3543183,22.3479166],[114.3543504,22.347888],[114.3543577,22.3478873],[114.3543711,22.3479163],[114.3543831,22.3479211],[114.3544427,22.3479236],[114.3544611,22.3479074],[114.354618,22.3478939],[114.3546185,22.3478882],[114.3547681,22.3478376],[114.3548445,22.3478027],[114.3548948,22.3479348],[114.3549779,22.3480868],[114.354983,22.3481063],[114.3549558,22.3481985],[114.3549173,22.3482403],[114.3548378,22.3483099],[114.3547777,22.3483447],[114.3547249,22.3483414],[114.3546812,22.3483485],[114.3545951,22.348377],[114.3544933,22.3484423],[114.3544116,22.3485262],[114.3543142,22.3485977],[114.3542758,22.3486409],[114.3542585,22.3486942],[114.3542224,22.3487168],[114.3541491,22.3487741],[114.3540728,22.348849],[114.3539378,22.349025],[114.3538758,22.3489678],[114.3538597,22.3489848],[114.3539154,22.3490392],[114.3539064,22.3490458],[114.353923,22.3491106],[114.3539392,22.349129],[114.3539367,22.3491594],[114.3539228,22.349184],[114.353816,22.3492891],[114.3537699,22.3493565],[114.3537703,22.3493669],[114.3537402,22.3493696],[114.3537534,22.3494276],[114.3537458,22.3494314],[114.3537509,22.3494525],[114.3537361,22.3494667],[114.353737,22.3495101],[114.3536411,22.3495234],[114.3536445,22.3495415],[114.3536323,22.349543],[114.3536501,22.3496142],[114.3536747,22.3496067],[114.3536867,22.3496329],[114.3537455,22.3496117],[114.3537349,22.3495888],[114.3537643,22.349578],[114.3538249,22.3497429],[114.3536507,22.3497875],[114.353643,22.3497614],[114.3536174,22.3497681],[114.3536252,22.3497941],[114.3536168,22.3497963],[114.3536267,22.3498393],[114.3535096,22.349839],[114.3535102,22.3499183],[114.3535342,22.3499181],[114.3535337,22.3498565],[114.3536261,22.3498578],[114.3536284,22.3502931],[114.3534868,22.3503512],[114.3534346,22.3503348],[114.3534392,22.3502759],[114.3533887,22.3502738],[114.3533882,22.3502843],[114.3531949,22.3504305],[114.3530534,22.3504296],[114.3530321,22.3504259],[114.3530195,22.3504148],[114.3530023,22.3503999],[114.352919,22.3504788],[114.3529392,22.3504961],[114.3529455,22.3505016],[114.3530061,22.3504487],[114.3531615,22.3504515],[114.3531676,22.3504746],[114.3531528,22.3505016],[114.3531734,22.3505094],[114.3531784,22.3505251],[114.3531489,22.3505351],[114.353145,22.3505304],[114.3531193,22.350541],[114.3531218,22.3505491],[114.3530936,22.3505661],[114.3530841,22.3505667],[114.3530802,22.3505744],[114.3530714,22.3505864],[114.3529983,22.3506363],[114.352996,22.3506446],[114.3530037,22.350673],[114.3530025,22.3506857],[114.3529626,22.3507132],[114.3529371,22.3507176],[114.3529274,22.350726],[114.3529118,22.3507611],[114.3529155,22.3507782],[114.3529382,22.3508121],[114.3529363,22.3508212],[114.3529184,22.3508466],[114.352911,22.350871],[114.3529196,22.3509179],[114.3529349,22.350939],[114.352976,22.3509798],[114.353027,22.3510243],[114.3530666,22.3510735],[114.3530993,22.3511027],[114.3531484,22.3511297],[114.3531634,22.3511662],[114.3531631,22.3511823],[114.3531373,22.3512128],[114.3531255,22.3512329],[114.3531114,22.351273],[114.3530785,22.3513113],[114.35306,22.351349],[114.3530512,22.3513582],[114.3530206,22.3513722],[114.353011,22.3513822],[114.3530068,22.3513981],[114.3529968,22.3514081],[114.3529502,22.3514213],[114.3529145,22.3514779],[114.3528946,22.3514897],[114.3528854,22.3515057],[114.3528697,22.3515152],[114.35286,22.3515275],[114.3528605,22.3515376],[114.3528697,22.3515523],[114.3528709,22.351568],[114.35283,22.3516194],[114.3528216,22.3516275],[114.3527974,22.3516381],[114.352758,22.3517002],[114.3527646,22.3517858],[114.3527585,22.3517984],[114.3527061,22.3518543],[114.3526976,22.3518738],[114.3526905,22.3519033],[114.352688,22.3519247],[114.3526905,22.3519484],[114.3527106,22.3520165],[114.3527152,22.3520571],[114.3527433,22.3521039],[114.3527517,22.3521463],[114.3527486,22.3521538],[114.352721,22.3521707],[114.3527104,22.3522102],[114.3527023,22.352224],[114.3526604,22.3522575],[114.3526451,22.3522968],[114.3526145,22.3523566],[114.3526043,22.3523856],[114.3525968,22.352427],[114.3525932,22.3524565],[114.3525933,22.3525239],[114.3525607,22.3525748],[114.3525173,22.3526658],[114.3524964,22.3526815],[114.3524783,22.3527111],[114.3524607,22.3527499],[114.3524542,22.3528159],[114.3524466,22.352828],[114.3524032,22.3528609],[114.3524001,22.3528922],[114.3523884,22.3529011],[114.352363,22.3529098],[114.3523508,22.3529469],[114.352338,22.352958],[114.3523135,22.3529932],[114.3523053,22.3530169],[114.3523019,22.3530655],[114.3522799,22.353111],[114.352252,22.3532439],[114.3522281,22.3533051],[114.352224,22.3533776],[114.3522079,22.3534695],[114.3521804,22.3535402],[114.3521748,22.3535678],[114.3521805,22.3536244],[114.3521597,22.3537368],[114.352143,22.3537618],[114.3521343,22.3537894],[114.3521242,22.3539198],[114.3521171,22.3539426],[114.3520885,22.35398],[114.3520778,22.3540081],[114.3520733,22.3540845],[114.3520356,22.3541652],[114.3519923,22.3542116],[114.3519704,22.3542514],[114.3519101,22.3543183],[114.3518654,22.3543546],[114.3518475,22.3543751],[114.3518363,22.3544006],[114.3518205,22.3544519],[114.3518138,22.3544924],[114.351815,22.3545224],[114.3518319,22.3545602],[114.3518539,22.3545882],[114.3518549,22.3545985],[114.3518181,22.3546512],[114.3517657,22.3548335],[114.3517633,22.3549467],[114.3517472,22.3549642],[114.3517432,22.3549904],[114.3516548,22.3549725],[114.3516521,22.3549363],[114.3516614,22.3549126],[114.3516722,22.3548566],[114.3516641,22.3548318],[114.351629,22.3548057],[114.3515885,22.3548047],[114.3515719,22.3548073],[114.3515549,22.3548164],[114.3515496,22.3548595],[114.3515367,22.3548948],[114.3515391,22.3549278],[114.3515364,22.3549352],[114.351523,22.3549456],[114.3514569,22.3549518],[114.3513994,22.3549492],[114.3513572,22.3549373],[114.3513227,22.3549123],[114.351234,22.3549229],[114.3512077,22.3549124],[114.3511837,22.3548777],[114.3511657,22.3548179],[114.3511743,22.3548023],[114.3511905,22.3547904],[114.3512524,22.3547672],[114.3512699,22.3547493],[114.3512754,22.3547153],[114.3512627,22.3546518],[114.3512174,22.3544901],[114.3511908,22.3542963],[114.351192,22.3542758],[114.3512019,22.3542434],[114.3512577,22.354133],[114.3512843,22.3540019],[114.3513236,22.3539288],[114.3513277,22.3539097],[114.3513236,22.3538911],[114.3513185,22.3538792],[114.3513078,22.3538729],[114.3512937,22.3538713],[114.351284,22.3538745],[114.351276,22.3538837],[114.3512995,22.3539125],[114.3513018,22.3539285],[114.3512891,22.3539525],[114.3512697,22.3539638],[114.3512582,22.3539836],[114.3512381,22.3540031],[114.3512157,22.354011],[114.3511819,22.3540322],[114.3511584,22.3540374],[114.3511441,22.3540556],[114.3511115,22.3540692],[114.3510905,22.3540898],[114.3510752,22.3541246],[114.3510738,22.354166],[114.3510673,22.3541831],[114.3510422,22.3542079],[114.3510375,22.3542576],[114.3510088,22.3542849],[114.3510023,22.3542965],[114.3509978,22.3543749],[114.3509636,22.354424],[114.3509452,22.3544404],[114.3509287,22.3544404],[114.3509239,22.3544269],[114.3509556,22.3543633],[114.3509566,22.3543527],[114.3509484,22.3543416],[114.3509189,22.3543329],[114.3508892,22.3543415],[114.3508803,22.3543509],[114.3508778,22.3543663],[114.3508633,22.3543929],[114.3508414,22.3543996],[114.3507936,22.3543885],[114.3507391,22.3543678],[114.3506559,22.3543521],[114.3505435,22.3543431],[114.3504763,22.3543503],[114.3504285,22.3543725],[114.3504156,22.3543996],[114.3503927,22.3545108],[114.3503766,22.3546524],[114.3503683,22.3548906],[114.3503653,22.3549114],[114.3503532,22.354928],[114.350333,22.3547371],[114.3503498,22.3545971],[114.3503345,22.354478],[114.3503343,22.35434],[114.3503328,22.3543011],[114.3503319,22.3542866],[114.3503462,22.3542406],[114.3503477,22.3542006],[114.3503249,22.3541636],[114.3502898,22.3541333],[114.350272,22.3541343],[114.3502083,22.3541655],[114.3500871,22.3541759],[114.349998,22.3541923],[114.3499469,22.3541761],[114.3498391,22.3541219],[114.3498417,22.3541079],[114.3496804,22.3540625],[114.3495054,22.3539067],[114.3494741,22.3538705],[114.34943,22.3537918],[114.3494274,22.3537529],[114.3494194,22.3537311],[114.3494011,22.3537055],[114.349394,22.3536889],[114.3493941,22.3536773],[114.3494219,22.353666],[114.3494075,22.3536342],[114.3493875,22.35351],[114.3493935,22.3534974],[114.3494381,22.3534539],[114.3494489,22.3534347],[114.3494474,22.3534181],[114.3495599,22.3533594],[114.3495489,22.353341],[114.3494386,22.3533986],[114.3493921,22.3533527],[114.3493031,22.3532419],[114.3492442,22.3530113],[114.349247,22.3529877],[114.3493055,22.3529569],[114.3493308,22.3529077],[114.3493386,22.3528779],[114.3493453,22.3528643],[114.3496602,22.3528285],[114.3497105,22.3528228],[114.3496908,22.3526783],[114.3496494,22.352683],[114.3496406,22.352684],[114.3496529,22.352781],[114.3493295,22.3528175],[114.3492973,22.3527052],[114.3492978,22.3526892],[114.3493086,22.3526614],[114.3493543,22.3525975],[114.3493634,22.352572],[114.3493689,22.3525186],[114.3493582,22.3524343],[114.3493613,22.3523465],[114.3493567,22.3523281],[114.3493393,22.3523037],[114.34932,22.3522877],[114.3493704,22.3522474],[114.3493826,22.3522278],[114.3494018,22.3521799],[114.3494071,22.3520496],[114.3494127,22.3520133],[114.3494323,22.3519473],[114.3494152,22.3518759],[114.3494161,22.3518406],[114.3494083,22.3518258],[114.3493895,22.3518063],[114.3493525,22.3517787],[114.3493342,22.3517759],[114.3493177,22.3517948],[114.3493113,22.3517967],[114.3493054,22.3517919],[114.3492568,22.3517078],[114.3492132,22.3516516],[114.3491863,22.3516239],[114.3491547,22.3516024],[114.34912,22.3515852],[114.3490677,22.3515681],[114.3490503,22.3515206],[114.3490145,22.3514806],[114.3489958,22.3514737],[114.3489709,22.3514747],[114.3489584,22.3515115],[114.3489206,22.3514764],[114.3488986,22.351462],[114.3488196,22.3514268],[114.3488189,22.3514096],[114.3488419,22.35139],[114.3488527,22.3513652],[114.348878,22.3511211],[114.3488783,22.3510592],[114.3488646,22.3510325],[114.3488557,22.3510291],[114.3488384,22.3510338],[114.3488254,22.3510791],[114.3488207,22.3510803],[114.3488168,22.3510759],[114.3488106,22.351009],[114.348799,22.3509842],[114.3487939,22.3509818],[114.348761,22.3509966],[114.3487517,22.3509941],[114.3487091,22.3509586],[114.348708,22.3509367],[114.3486989,22.3509319],[114.3486889,22.3509376],[114.3486684,22.3509678],[114.3486648,22.3509672],[114.3486586,22.3509155],[114.3486791,22.350902],[114.3486884,22.3508821],[114.3486898,22.3508673],[114.3486834,22.3508591],[114.3486678,22.3508542],[114.3486592,22.350857],[114.3486405,22.3508793],[114.3486308,22.3508831],[114.3485944,22.3508706],[114.348572,22.3508545],[114.3485523,22.3508336],[114.348522,22.3507802],[114.3484833,22.3506793],[114.3484823,22.3506638],[114.348488,22.3506595],[114.3485262,22.3506654],[114.3485381,22.3506771],[114.3485431,22.3507024],[114.3485522,22.3507034],[114.3485561,22.3506987],[114.34856,22.3506516],[114.3485761,22.3505764],[114.34858,22.3505333],[114.3485775,22.3505187]],[[114.3540161,22.3480115],[114.3539885,22.3480132],[114.3539812,22.3480167],[114.3539787,22.3480341],[114.3539834,22.3480366],[114.3539947,22.348037],[114.3540107,22.3480326],[114.3540183,22.3480265],[114.3540188,22.3480157],[114.3540161,22.3480115]],[[114.3516314,22.348257],[114.3516206,22.3482599],[114.3516019,22.3482695],[114.3515824,22.3482723],[114.3515768,22.3482765],[114.3515786,22.3482848],[114.3515871,22.3482949],[114.351608,22.3483104],[114.3516127,22.3483194],[114.3516625,22.3483353],[114.3516892,22.3483381],[114.3517164,22.3483354],[114.3517354,22.3483273],[114.351741,22.3483188],[114.3517406,22.3483116],[114.3517323,22.3483045],[114.3516697,22.3482962],[114.3516641,22.3482925],[114.3516609,22.348273],[114.3516561,22.3482662],[114.3516437,22.3482594],[114.3516314,22.348257]],[[114.352859,22.3511888],[114.3528528,22.3511899],[114.3528476,22.3511944],[114.3528457,22.3512039],[114.3528462,22.3512245],[114.3528583,22.3512682],[114.3528652,22.3512807],[114.3528862,22.3512907],[114.3529319,22.3513046],[114.3529444,22.3513119],[114.3529606,22.3513153],[114.3529835,22.3513104],[114.3530222,22.3513112],[114.3530442,22.3513039],[114.3530594,22.3512918],[114.3530646,22.3512811],[114.3530648,22.3512719],[114.3530579,22.3512606],[114.3529736,22.3512315],[114.3529543,22.3512212],[114.3529359,22.3512147],[114.3529046,22.3512101],[114.3528683,22.3511901],[114.352859,22.3511888]],[[114.3515852,22.3536743],[114.3515686,22.353679],[114.3515471,22.3536985],[114.3515456,22.3537079],[114.3515464,22.3537208],[114.3515601,22.3537554],[114.3515907,22.3537951],[114.3516073,22.3538144],[114.3516282,22.353832],[114.3516369,22.353836],[114.3516639,22.3538386],[114.3517064,22.3538466],[114.3517199,22.3538431],[114.3517266,22.3538262],[114.3517402,22.3538101],[114.3517431,22.353796],[114.3517294,22.3537593],[114.3517315,22.3537517],[114.3517452,22.3537438],[114.3517517,22.3537363],[114.351738,22.3537026],[114.3517278,22.3536936],[114.3517199,22.3536933],[114.3517023,22.3536996],[114.3516519,22.3537502],[114.3516448,22.3537547],[114.3516328,22.3537588],[114.3516203,22.3537593],[114.3516076,22.3537556],[114.3515957,22.3537487],[114.3515906,22.3537409],[114.3515878,22.3537318],[114.3515893,22.353722],[114.3515968,22.3537142],[114.3516082,22.3537063],[114.3516177,22.3537025],[114.3516223,22.3536978],[114.3516223,22.3536919],[114.3516122,22.353683],[114.3515985,22.3536758],[114.3515852,22.3536743]],[[114.350194,22.3538293],[114.3502109,22.3538987],[114.3502368,22.3539465],[114.3502753,22.3539857],[114.3503051,22.3539939],[114.350356,22.3539919],[114.3503907,22.3540114],[114.3504917,22.3540528],[114.3505337,22.3540468],[114.3505782,22.3540147],[114.3505985,22.3539904],[114.350638,22.3538811],[114.3507224,22.353725],[114.3507431,22.3536564],[114.3507562,22.3535771],[114.3508056,22.3535365],[114.3508491,22.3534894],[114.3508614,22.3534699],[114.3508688,22.3534374],[114.3508662,22.3533977],[114.3508737,22.353376],[114.350888,22.3533603],[114.3509558,22.3533363],[114.3509716,22.3533141],[114.3509725,22.3532735],[114.3510112,22.3532911],[114.351032,22.3532789],[114.3510441,22.3532625],[114.3510501,22.3532431],[114.3510452,22.3532273],[114.3510249,22.3532232],[114.3509952,22.353231],[114.3509916,22.3532206],[114.3509996,22.3532134],[114.3510926,22.3531798],[114.3511247,22.3531636],[114.3511851,22.3531206],[114.3512185,22.3531144],[114.3512557,22.3530968],[114.3513061,22.3530854],[114.3513264,22.3530723],[114.3513324,22.3530583],[114.3513337,22.3530226],[114.3513589,22.3529259],[114.3513485,22.3528853],[114.3513143,22.3528374],[114.3512989,22.352828],[114.3512885,22.352827],[114.3512485,22.3528343],[114.3512439,22.3527811],[114.351239,22.3527743],[114.351191,22.3527707],[114.3510947,22.3528092],[114.3510511,22.3528186],[114.3509818,22.3528499],[114.3508968,22.3528559],[114.3508928,22.3528676],[114.3509044,22.3528927],[114.3508945,22.3529031],[114.3508643,22.3529099],[114.3507994,22.3529132],[114.3507098,22.3528989],[114.3506821,22.3528998],[114.3506356,22.3529138],[114.3505911,22.3529378],[114.3504951,22.352955],[114.3504676,22.3529711],[114.3504568,22.3529847],[114.3504488,22.3530326],[114.3504509,22.3530569],[114.3504673,22.3531106],[114.3504208,22.3531376],[114.3503907,22.3531434],[114.3503823,22.3531493],[114.3503763,22.3531633],[114.3503843,22.353203],[114.3504091,22.3532672],[114.3504106,22.3532915],[114.3504082,22.3533036],[114.3503814,22.3533344],[114.3503549,22.3534001],[114.3503401,22.3534155],[114.3503243,22.353411],[114.3503109,22.3533947],[114.3503015,22.3533523],[114.3502895,22.3533483],[114.3502697,22.3533618],[114.3502441,22.3533957],[114.3502485,22.3534066],[114.3502674,22.3534242],[114.3502679,22.3534404],[114.3502609,22.3534467],[114.3502505,22.353449],[114.3502253,22.3534296],[114.3502183,22.3534287],[114.3502089,22.3534337],[114.3501912,22.353459],[114.3501858,22.3534585],[114.3501768,22.3534477],[114.3501743,22.3534337],[114.3501871,22.3533904],[114.3501817,22.3533809],[114.350157,22.3533873],[114.3501432,22.3533983],[114.3501234,22.3534291],[114.3501171,22.3534783],[114.3501216,22.3535131],[114.3500959,22.3535406],[114.3500884,22.3535614],[114.350088,22.3535794],[114.3500954,22.3536038],[114.3501054,22.3536087],[114.3501375,22.3536091],[114.3501499,22.353615],[114.3501686,22.3536412],[114.350175,22.3536668],[114.3501641,22.3536998],[114.3501642,22.3537174],[114.350194,22.3538293]]]]},"properties":{"GmlID":"SRZ.17","OBJNAM":"K11 High Island","INFORM":"The speed limit is 5 knots in this area between 8am and 12 midnight on any Saturday or public holiday or on any day during the period from 1 July to 15 September (both dates inclusive) in any year.","OBJECTID":17}},{"type":"Feature","geometry":{"type":"MultiPolygon","coordinates":[[[[114.2732301,22.3779014],[114.2732885,22.3780642],[114.273305,22.3780797],[114.2733272,22.3780835],[114.2733507,22.3780678],[114.2733551,22.3780526],[114.2742581,22.3780064],[114.2745906,22.3776863],[114.274474,22.3772067],[114.2750846,22.3777721],[114.2750561,22.3777599],[114.2750248,22.3777585],[114.2750002,22.3777655],[114.2749752,22.3777831],[114.274959,22.3778082],[114.274954,22.377837],[114.2749611,22.3778655],[114.2749731,22.3778836],[114.2760606,22.3788877],[114.2760728,22.3788944],[114.2760875,22.3788994],[114.2761015,22.3789015],[114.2761157,22.3789015],[114.2761297,22.3788991],[114.2761443,22.3788939],[114.2761564,22.3788871],[114.2761671,22.3788783],[114.276176,22.3788681],[114.2761828,22.3788565],[114.2761873,22.378844],[114.2761897,22.3788297],[114.2761892,22.3788165],[114.2761863,22.3788036],[114.2761809,22.3787914],[114.2761759,22.378784],[114.2785666,22.3789667],[114.2761169,22.3836329],[114.2753242,22.3827524],[114.2752196,22.3826362],[114.2751462,22.3825547],[114.2751989,22.3825136],[114.2750634,22.3823647],[114.2750101,22.3824035],[114.2748177,22.3821898],[114.2747061,22.3820637],[114.2753051,22.3815956],[114.2754179,22.3815075],[114.2754337,22.3815223],[114.2754476,22.3815217],[114.2758583,22.3811981],[114.2758583,22.3811885],[114.2758079,22.3811349],[114.275797,22.3811321],[114.2753833,22.381454],[114.2753808,22.3814653],[114.2753918,22.3814795],[114.275286,22.3815622],[114.2746789,22.3820362],[114.2744349,22.3817653],[114.2742829,22.3815964],[114.2742184,22.3815255],[114.2741958,22.3815006],[114.2742901,22.3814258],[114.2744173,22.3813252],[114.2744344,22.3813408],[114.2748032,22.381051],[114.2747288,22.38097],[114.2743588,22.3812605],[114.2743738,22.3812775],[114.2742432,22.3813804],[114.274152,22.3814524],[114.2726489,22.3797992],[114.2725171,22.379638],[114.2718521,22.3792879],[114.271929,22.3791258],[114.2718962,22.3791118],[114.2717998,22.3793103],[114.2716127,22.3792374],[114.2715692,22.3790471],[114.271292,22.3791031],[114.2712847,22.3790539],[114.2711641,22.3790726],[114.2711675,22.3790944],[114.2709492,22.3791361],[114.2709526,22.379153],[114.2709163,22.379161],[114.2709103,22.3791331],[114.270891,22.3791368],[114.2708992,22.3791807],[114.270783,22.3791975],[114.2707529,22.3790018],[114.2705125,22.3790289],[114.2703796,22.3789354],[114.2703787,22.3788916],[114.2698793,22.3780613],[114.2698527,22.3780118],[114.2698707,22.3780036],[114.2699009,22.3780142],[114.2699568,22.3779991],[114.270017,22.3779891],[114.2701186,22.377981],[114.2701633,22.377981],[114.2702706,22.3781954],[114.270391,22.3781529],[114.2703602,22.3780845],[114.2703764,22.3780863],[114.2704519,22.3780799],[114.2705199,22.378084],[114.2705799,22.378073],[114.2707653,22.3780012],[114.2708566,22.377953],[114.2709446,22.3778941],[114.2709564,22.3778755],[114.2709771,22.3778608],[114.2709937,22.3778559],[114.2710081,22.3778564],[114.2710238,22.3778634],[114.2710337,22.377874],[114.2710506,22.3780167],[114.2710771,22.378014],[114.2710354,22.3776596],[114.2710671,22.3776532],[114.271135,22.3776721],[114.2711654,22.3778022],[114.2714177,22.3777942],[114.2714544,22.3777771],[114.271478,22.3777469],[114.2715061,22.3775913],[114.2715286,22.3775489],[114.2716268,22.3774333],[114.2716712,22.3773935],[114.2717134,22.3773758],[114.2718336,22.3773604],[114.2719296,22.3773666],[114.2719592,22.3773872],[114.2719924,22.3773899],[114.2719928,22.3773812],[114.2721691,22.3773815],[114.2722033,22.3774184],[114.2722536,22.3775314],[114.2722908,22.3775771],[114.2722193,22.3776285],[114.272232,22.3776438],[114.2723174,22.377584],[114.2723744,22.3776584],[114.2723985,22.3776432],[114.2724682,22.3776571],[114.2724443,22.3778488],[114.2724336,22.3779346],[114.2724548,22.3779377],[114.2724678,22.3778386],[114.2724835,22.3777195],[114.2726482,22.3777375],[114.2726999,22.3777337],[114.2727249,22.3777284],[114.2728364,22.3776914],[114.2728539,22.3776875],[114.273023,22.377634],[114.2730558,22.3777248],[114.2730493,22.3777273],[114.2730558,22.377746],[114.2730802,22.3777388],[114.2730741,22.3777195],[114.2730692,22.377721],[114.2730389,22.3776286],[114.2731226,22.3776022],[114.2732301,22.3779014]]]]},"properties":{"GmlID":"SRZ.18","OBJNAM":"K12 Yeung Chau","INFORM":"The speed limit is 5 knots in this area between 8am and 12 midnight on any Saturday or public holiday or on any day during the period from 1 July to 15 September (both dates inclusive) in any year.","OBJECTID":18}},{"type":"Feature","geometry":{"type":"MultiPolygon","coordinates":[[[[114.2362339,22.2242834],[114.2362429,22.2243713],[114.236272,22.2244707],[114.2362818,22.2245213],[114.2363157,22.2246152],[114.2363356,22.2246951],[114.2363737,22.2249253],[114.2363765,22.2250695],[114.236382,22.2251707],[114.2363875,22.2252011],[114.2364065,22.2252162],[114.2364104,22.2252155],[114.2364501,22.2252086],[114.2364989,22.2252061],[114.2365424,22.2252213],[114.2365528,22.2252288],[114.2365975,22.2252347],[114.2366253,22.2252385],[114.2367004,22.2252683],[114.236754,22.2253548],[114.2367755,22.2254912],[114.236772,22.2256907],[114.2367614,22.2258371],[114.2366828,22.2261231],[114.2365758,22.2263916],[114.2364999,22.2266344],[114.2364892,22.2266559],[114.2363811,22.2268499],[114.2362393,22.2270057],[114.2362169,22.2270475],[114.2362169,22.2270836],[114.236214,22.2271923],[114.2362139,22.2271943],[114.2360782,22.2272338],[114.2360302,22.2272451],[114.2359532,22.2273292],[114.2359462,22.2273615],[114.2359564,22.2274607],[114.2359661,22.2275087],[114.235999,22.2276331],[114.2344,22.22735],[114.23495,22.2240167],[114.2362339,22.2242834]]]]},"properties":{"GmlID":"SRZ.19","OBJNAM":"A1 To Tei Wan","INFORM":"The speed limit is 5 knots in this area between 8am and 12 midnight on any Saturday or public holiday or on any day during the period from 1 April to 31 October (both dates inclusive) in any year.","OBJECTID":19}},{"type":"Feature","geometry":{"type":"MultiPolygon","coordinates":[[[[114.2335169,22.2391333],[114.2334928,22.2391382],[114.2334753,22.2391518],[114.2334716,22.2391654],[114.2334746,22.2392032],[114.2334625,22.2392213],[114.2334413,22.2392304],[114.2334297,22.2392404],[114.2334286,22.2392477],[114.2334358,22.2392703],[114.2334376,22.2392845],[114.2334365,22.2392918],[114.2334297,22.2393047],[114.2334189,22.2393155],[114.2334122,22.239319],[114.2333892,22.2393235],[114.2333679,22.2393325],[114.2333686,22.2393217],[114.2333649,22.2393217],[114.2333588,22.2393009],[114.2333492,22.2393003],[114.2333455,22.2392885],[114.2333388,22.239289],[114.2333413,22.2393093],[114.2333328,22.2393082],[114.2333328,22.2393172],[114.2333279,22.2393183],[114.2333316,22.2393409],[114.2333297,22.239346],[114.2333365,22.2393478],[114.2333358,22.2393528],[114.2333122,22.2393731],[114.2333043,22.2393833],[114.233291,22.2393923],[114.2332904,22.2393895],[114.2332988,22.2393805],[114.233288,22.2393725],[114.2332734,22.2393776],[114.2332612,22.239385],[114.2332619,22.2393906],[114.2332515,22.2394003],[114.2332583,22.239411],[114.2332534,22.2394211],[114.2332577,22.2394257],[114.2332225,22.2394573],[114.2332153,22.2394607],[114.2332134,22.239442],[114.2332079,22.2394346],[114.2332007,22.2394166],[114.233197,22.2394177],[114.233194,22.239411],[114.2331795,22.2394132],[114.2331825,22.2394273],[114.2331776,22.2394313],[114.2331764,22.2394426],[114.2331739,22.2394426],[114.2331746,22.2394545],[114.2331788,22.2394584],[114.2331806,22.2394691],[114.233191,22.2394725],[114.2331934,22.2394787],[114.2331515,22.2394996],[114.2331613,22.239477],[114.2331571,22.2394736],[114.2331497,22.2394719],[114.2331418,22.239477],[114.2331376,22.2394754],[114.2331018,22.239499],[114.2331037,22.2395052],[114.2330989,22.2395143],[114.2331054,22.2395216],[114.2330534,22.2395504],[114.2330527,22.2395487],[114.2330455,22.2395493],[114.2330418,22.2395386],[114.2330455,22.2395358],[114.2330284,22.2395188],[114.2330225,22.2395216],[114.2330243,22.2395295],[114.2330206,22.2395313],[114.2330176,22.239524],[114.2330116,22.2395278],[114.2330158,22.2395351],[114.2330079,22.2395369],[114.2330012,22.2395313],[114.2329952,22.2395358],[114.233,22.2395449],[114.2329922,22.2395487],[114.2330127,22.239573],[114.2329831,22.2395894],[114.2329806,22.2395803],[114.2329728,22.2395747],[114.232968,22.2395827],[114.2329643,22.2395803],[114.2329583,22.2395848],[114.2329557,22.2395803],[114.2329583,22.2395736],[114.2329485,22.239573],[114.232943,22.239581],[114.2329381,22.2395803],[114.2329255,22.2396064],[114.2329273,22.2396108],[114.2329236,22.2396199],[114.2329255,22.2396272],[114.2329236,22.2396306],[114.2329279,22.2396369],[114.232905,22.2396707],[114.2328976,22.2396678],[114.2328994,22.2396616],[114.2328915,22.2396588],[114.2328818,22.2396758],[114.2328788,22.2396741],[114.2328733,22.2396887],[114.2328685,22.2396904],[114.2328625,22.2397175],[114.2328661,22.2397255],[114.2328655,22.23973],[114.2328679,22.2397311],[114.2328533,22.2397661],[114.2328521,22.2397559],[114.2328474,22.2397531],[114.2328474,22.2397469],[114.2328382,22.2397498],[114.2328352,22.2397464],[114.2328273,22.2397474],[114.2328206,22.239774],[114.2328164,22.239774],[114.2328146,22.2397961],[114.2328242,22.239795],[114.2328236,22.2398016],[114.2327909,22.2398271],[114.2327915,22.2398225],[114.2327855,22.2398214],[114.2327819,22.2398158],[114.2327758,22.2398147],[114.2327752,22.2398242],[114.2327698,22.2398242],[114.2327685,22.2398395],[114.2327636,22.2398395],[114.2327649,22.2398536],[114.2327382,22.2398801],[114.2327358,22.2398723],[114.2327285,22.2398733],[114.2327273,22.2398706],[114.2327152,22.2398728],[114.2327128,22.2398909],[114.2327164,22.2398919],[114.232714,22.2398965],[114.2327103,22.2398949],[114.2327092,22.2399072],[114.2326976,22.2398874],[114.2326916,22.2398824],[114.2326837,22.239883],[114.2326715,22.2398909],[114.2326685,22.2398954],[114.2326625,22.2398949],[114.2326486,22.2399152],[114.2326516,22.2399185],[114.2326424,22.2399326],[114.2326473,22.2399355],[114.2326225,22.239979],[114.2326237,22.2399728],[114.2326176,22.2399699],[114.2326176,22.2399665],[114.2326066,22.2399687],[114.2325916,22.2399982],[114.2325952,22.2400038],[114.2325898,22.2400146],[114.2325947,22.2400184],[114.2325916,22.2400281],[114.2325958,22.2400309],[114.2325794,22.2400625],[114.2325776,22.2400608],[114.2325704,22.2400648],[114.2325613,22.2400823],[114.232554,22.2401021],[114.2325576,22.2401043],[114.232554,22.2401127],[114.2325589,22.2401184],[114.232548,22.2401618],[114.2325468,22.2401641],[114.2325437,22.2401618],[114.2325285,22.2401834],[114.232531,22.2401855],[114.2325279,22.2401952],[114.2325401,22.2402002],[114.2325371,22.240203],[114.2325388,22.2402042],[114.232514,22.2402364],[114.2325056,22.2402409],[114.2325,22.2402414],[114.232497,22.2402392],[114.2324692,22.2402516],[114.2324516,22.2402804],[114.2324595,22.2402855],[114.2324673,22.2402815],[114.2324626,22.2402883],[114.2324655,22.2402894],[114.2324547,22.2403109],[114.2324528,22.2403397],[114.2324474,22.2403374],[114.2324322,22.2403481],[114.2324299,22.240355],[114.2324237,22.2403623],[114.2324256,22.240369],[114.2324237,22.2403758],[114.2324268,22.2403826],[114.2324419,22.2403854],[114.232448,22.240382],[114.2324475,22.2404182],[114.2324445,22.2404339],[114.2324225,22.2404384],[114.2324165,22.2404345],[114.232408,22.2404374],[114.2323971,22.2404463],[114.2323892,22.2404469],[114.2323747,22.2404436],[114.2323589,22.2404464],[114.2323365,22.2404644],[114.2323249,22.2404785],[114.2323025,22.2404735],[114.2322716,22.240486],[114.2322643,22.2404933],[114.2322497,22.2405001],[114.2322467,22.2405141],[114.2322546,22.2405181],[114.232257,22.2405255],[114.2322722,22.24053],[114.2322753,22.2405288],[114.2322389,22.240561],[114.2322316,22.2405638],[114.2322176,22.2405509],[114.2322001,22.2405164],[114.2321934,22.2405096],[114.2321613,22.2405029],[114.2321576,22.2404996],[114.2321341,22.2404984],[114.2321237,22.240512],[114.232131,22.240517],[114.2321298,22.2405238],[114.2321358,22.2405238],[114.2321225,22.2405441],[114.2321152,22.2405469],[114.2321072,22.2405463],[114.2321007,22.240539],[114.2321055,22.2405187],[114.2321134,22.2405034],[114.2321188,22.240482],[114.2321164,22.2404747],[114.2321091,22.2404713],[114.2320782,22.240477],[114.2320636,22.240482],[114.2320582,22.2404804],[114.2320509,22.2404815],[114.232043,22.240477],[114.2320285,22.2404798],[114.2320207,22.2404866],[114.2320042,22.2404906],[114.2320018,22.2405006],[114.2319867,22.2405041],[114.2319721,22.2405148],[114.2319498,22.2405431],[114.2319412,22.2405622],[114.2319207,22.2405611],[114.2319164,22.2405685],[114.2319091,22.2405679],[114.2319091,22.2405752],[114.2319012,22.2405764],[114.231903,22.2405837],[114.231897,22.2405905],[114.2319115,22.2405916],[114.2319176,22.2405955],[114.2318988,22.2406277],[114.2318952,22.2406237],[114.23188,22.2406344],[114.2318721,22.2406327],[114.2318655,22.2406401],[114.2318551,22.2406627],[114.2318472,22.2406667],[114.2318436,22.2406746],[114.2318515,22.2406762],[114.2318588,22.240683],[114.2318607,22.2406824],[114.2318539,22.2406966],[114.2318389,22.2407175],[114.2318291,22.2407231],[114.2318163,22.2407378],[114.2318012,22.240748],[114.2318018,22.2407553],[114.2317982,22.2407621],[114.2318018,22.24077],[114.2318085,22.2407661],[114.2318031,22.2407802],[114.2317764,22.2408281],[114.2317679,22.2408332],[114.2317655,22.2408404],[114.2317576,22.2408439],[114.2317522,22.2408524],[114.2317546,22.2408597],[114.2317485,22.2408733],[114.2317552,22.2408745],[114.23174,22.2409021],[114.231728,22.2409303],[114.2317073,22.2409478],[114.2316994,22.2409513],[114.2316697,22.2409472],[114.2316479,22.2409563],[114.2316467,22.2409636],[114.2316388,22.2409636],[114.2316364,22.240971],[114.231631,22.2409772],[114.2316097,22.2409924],[114.2315716,22.2410336],[114.2315273,22.2410557],[114.2315345,22.241059],[114.2315334,22.2410663],[114.2315406,22.2410771],[114.2315297,22.2410918],[114.2315224,22.2411082],[114.2315134,22.241107],[114.231483,22.241133],[114.2314812,22.2411403],[114.231483,22.2411476],[114.2314903,22.241146],[114.2314915,22.2411528],[114.2314952,22.2411566],[114.2314989,22.2411561],[114.2314892,22.2411771],[114.2314673,22.2412052],[114.2314631,22.241203],[114.2314478,22.2412035],[114.2314243,22.241216],[114.231423,22.2412188],[114.2314079,22.2412211],[114.2313163,22.2412476],[114.2313079,22.2412578],[114.2312909,22.2412713],[114.231283,22.2412735],[114.2312818,22.2412815],[114.2312848,22.2412888],[114.2312764,22.2412888],[114.231274,22.2412962],[114.2312842,22.2412921],[114.2312855,22.2412956],[114.2312776,22.2413019],[114.2312643,22.2413227],[114.231257,22.2413267],[114.2312425,22.2413272],[114.2312194,22.2413176],[114.2312121,22.2413114],[114.2311964,22.2413075],[114.2311891,22.2413137],[114.2311878,22.2413217],[114.2311795,22.2413273],[114.2311722,22.2413217],[114.2311643,22.2413217],[114.2311569,22.2413177],[114.2311497,22.2413182],[114.2311345,22.2413244],[114.2311297,22.2413318],[114.2310987,22.2413408],[114.2310909,22.2413476],[114.2310703,22.2413837],[114.2310563,22.2413894],[114.2310484,22.2413961],[114.2310406,22.2414097],[114.2310351,22.2414261],[114.231037,22.2414317],[114.2310224,22.2414497],[114.2310085,22.2414758],[114.2309969,22.2414819],[114.2309842,22.2414859],[114.2309563,22.2414899],[114.2308599,22.2414746],[114.2308151,22.2414701],[114.2307618,22.2414684],[114.2307071,22.2414696],[114.2306884,22.2414646],[114.2306604,22.2414357],[114.2306362,22.2414149],[114.2306185,22.2414059],[114.2305901,22.2413805],[114.2305525,22.2413816],[114.2305155,22.2413906],[114.2304452,22.241424],[114.2304064,22.2414539],[114.2303647,22.2414765],[114.2303113,22.2414957],[114.23021,22.241524],[114.2301779,22.2415408],[114.2301119,22.2415589],[114.2300699,22.2415782],[114.23003,22.2416019],[114.230022,22.241611],[114.2299784,22.2416216],[114.2298881,22.2416589],[114.2298463,22.2416743],[114.2298239,22.2416725],[114.2297984,22.2416799],[114.2297821,22.2416923],[114.2297741,22.2417014],[114.2297402,22.241716],[114.2297111,22.241716],[114.229665,22.2417358],[114.2296486,22.2417386],[114.2296172,22.2417392],[114.229485,22.241715],[114.2293836,22.241706],[114.2292812,22.2417054],[114.2292023,22.2417088],[114.2291242,22.2416992],[114.229103,22.2417032],[114.2290934,22.2417139],[114.2290557,22.2417173],[114.2290303,22.2417145],[114.2289527,22.2417236],[114.2288733,22.2417428],[114.2288247,22.2417829],[114.2287975,22.2417863],[114.2287769,22.2417953],[114.2287775,22.2418094],[114.2287871,22.241823],[114.228772,22.2418449],[114.2287635,22.2418483],[114.2287442,22.2418868],[114.2287277,22.2419019],[114.2287054,22.2419144],[114.2285586,22.2419546],[114.2283113,22.242046],[114.2282592,22.2420619],[114.2281962,22.2420759],[114.2280992,22.2420913],[114.2280216,22.2420924],[114.2279208,22.2420878],[114.2278984,22.2420851],[114.2278857,22.2420857],[114.2278754,22.2420891],[114.2278681,22.2420941],[114.2277481,22.2420677],[114.2277444,22.2420632],[114.2277298,22.2420563],[114.2275436,22.2420028],[114.2274327,22.2419678],[114.2273212,22.2419278],[114.2272988,22.2419171],[114.2272854,22.2419029],[114.2272696,22.2418742],[114.2272618,22.2418668],[114.2272393,22.2418562],[114.2271908,22.2418432],[114.2271271,22.2418195],[114.227109,22.2418093],[114.2271102,22.2418054],[114.2270981,22.2417941],[114.2270986,22.2417907],[114.2270604,22.2417591],[114.2270544,22.2417614],[114.2270361,22.2417444],[114.2270331,22.2417473],[114.2270235,22.2417404],[114.2270192,22.2417444],[114.2270229,22.2417473],[114.2270204,22.2417495],[114.2270126,22.2417438],[114.2270089,22.2417473],[114.2269786,22.2417112],[114.2269695,22.2416942],[114.2269786,22.241697],[114.2269828,22.2416942],[114.2269804,22.2416897],[114.2269816,22.2416869],[114.2269768,22.2416806],[114.2269798,22.2416756],[114.2269719,22.2416677],[114.2269743,22.2416654],[114.2269561,22.2416456],[114.22695,22.2416468],[114.2269458,22.2416446],[114.2269439,22.2416463],[114.226938,22.2416401],[114.2269367,22.2416412],[114.2269124,22.2416056],[114.2269167,22.2416005],[114.2269118,22.2415949],[114.2269148,22.2415926],[114.2269075,22.2415853],[114.2269106,22.2415819],[114.226913,22.2415842],[114.2269161,22.2415819],[114.2269027,22.2415695],[114.2269051,22.241565],[114.2268924,22.2415503],[114.2268724,22.2415334],[114.2268706,22.2415356],[114.226873,22.2415385],[114.2268712,22.2415413],[114.2268536,22.2415261],[114.2268506,22.2415294],[114.2268439,22.2415255],[114.2268402,22.2415272],[114.2268379,22.2415232],[114.2268342,22.2415255],[114.2268045,22.2414916],[114.2267899,22.2414714],[114.2268166,22.2414786],[114.2268196,22.241473],[114.2268239,22.2414735],[114.2268226,22.2414674],[114.2268111,22.2414623],[114.2268136,22.2414567],[114.2268057,22.2414549],[114.2268057,22.2414516],[114.2267832,22.2414414],[114.2267771,22.2414442],[114.2267692,22.2414419],[114.2267639,22.2414307],[114.2267353,22.2413884],[114.2267365,22.2413862],[114.2267432,22.2413873],[114.2267444,22.2413828],[114.2267529,22.241385],[114.2267541,22.2413799],[114.226745,22.2413776],[114.2267457,22.2413742],[114.2267493,22.2413754],[114.2267493,22.2413714],[114.2267329,22.2413641],[114.2267329,22.2413607],[114.2267159,22.2413551],[114.2267056,22.2413546],[114.2267026,22.2413602],[114.2266784,22.2413501],[114.2266668,22.2413477],[114.2266644,22.2413439],[114.2266607,22.2413427],[114.2266619,22.2413393],[114.2266444,22.2413246],[114.2266365,22.2413268],[114.2266298,22.2413235],[114.2266231,22.2413263],[114.2266158,22.2413241],[114.2266086,22.2413263],[114.226608,22.2413331],[114.2265704,22.2413297],[114.2265243,22.2413359],[114.2265073,22.2413331],[114.2264922,22.2413258],[114.2264995,22.2413263],[114.2265183,22.2413331],[114.226531,22.2413218],[114.2265323,22.2413145],[114.2265256,22.2413106],[114.2265231,22.2413043],[114.2265031,22.2412936],[114.2264983,22.2412988],[114.2264916,22.2413015],[114.2264812,22.2412988],[114.226474,22.241289],[114.2264521,22.2412761],[114.2264345,22.2412722],[114.2264218,22.2412739],[114.2264055,22.2412812],[114.2263764,22.2412993],[114.2263297,22.2413332],[114.2263189,22.2413467],[114.2263109,22.2413614],[114.2262957,22.2413975],[114.2262898,22.2414049],[114.2262745,22.2414128],[114.2262672,22.2414117],[114.2262473,22.2413975],[114.2262485,22.2413964],[114.2262394,22.2413839],[114.2262424,22.2413817],[114.226223,22.2413603],[114.2262169,22.2413569],[114.2261879,22.2413152],[114.2261823,22.2413107],[114.2261745,22.2413084],[114.2261624,22.2413118],[114.2261096,22.2413553],[114.2260327,22.2413722],[114.2260144,22.2413902],[114.2259835,22.2414343],[114.2259672,22.2414642],[114.2259557,22.2414924],[114.225906,22.2415957],[114.2258653,22.2416928],[114.2258466,22.2417307],[114.2257963,22.2418109],[114.2257829,22.241838],[114.2257564,22.2418734],[114.2257254,22.2419299],[114.2256878,22.2420186],[114.2256727,22.242062],[114.2256534,22.2420999],[114.2256485,22.2421145],[114.225614,22.2421873],[114.2255648,22.2422618],[114.2255618,22.2422698],[114.2255643,22.2422765],[114.2256062,22.2423167],[114.2256098,22.2423233],[114.2256073,22.2423442],[114.2255976,22.2423583],[114.2255394,22.2424131],[114.2255164,22.242447],[114.2255092,22.2424633],[114.2255036,22.2424848],[114.2255037,22.2425554],[114.2255146,22.2425825],[114.2255249,22.242565],[114.2255298,22.2425644],[114.2255335,22.2425711],[114.2255358,22.2425921],[114.2255358,22.2426141],[114.225531,22.2426146],[114.2255462,22.2426473],[114.2255504,22.2426468],[114.2255504,22.2426418],[114.2255565,22.2426423],[114.2255565,22.2426473],[114.2255637,22.2426479],[114.2255662,22.2426536],[114.2255632,22.2426682],[114.2255668,22.2426722],[114.2255649,22.2426959],[114.2255698,22.242697],[114.2255705,22.2427043],[114.2255675,22.2427168],[114.2255711,22.242754],[114.2255687,22.2427778],[114.225565,22.2427868],[114.2255681,22.2427884],[114.2255705,22.242785],[114.2255746,22.2427868],[114.2255746,22.2427959],[114.2255705,22.2428099],[114.2255668,22.2428116],[114.2255601,22.242828],[114.2255541,22.2428275],[114.2255426,22.2428607],[114.2255347,22.2428579],[114.2255336,22.2428652],[114.2255232,22.2428861],[114.2255287,22.2428877],[114.2255232,22.2429047],[114.2255287,22.2429064],[114.2255262,22.2429127],[114.2255293,22.2429161],[114.2255256,22.2429223],[114.2255323,22.2429228],[114.2255353,22.2429149],[114.2255396,22.2429149],[114.2255384,22.24292],[114.2255408,22.2429206],[114.2255487,22.2429143],[114.2255566,22.2429431],[114.2255548,22.2429663],[114.2255384,22.2429669],[114.2255317,22.2429775],[114.2255288,22.2429759],[114.2255148,22.2430006],[114.2255172,22.2430041],[114.2255148,22.2430086],[114.2255197,22.2430114],[114.2255154,22.2430211],[114.2255178,22.2430222],[114.225502,22.2430482],[114.2254912,22.2430402],[114.2254881,22.243047],[114.2254906,22.2430527],[114.2254869,22.2430549],[114.2254826,22.243052],[114.2254772,22.2430572],[114.2254796,22.2430639],[114.2254777,22.2430684],[114.2254936,22.2430955],[114.2254972,22.2430927],[114.2255106,22.2431114],[114.2255257,22.2431209],[114.2255488,22.2431295],[114.2255639,22.24313],[114.2255712,22.243127],[114.2255791,22.2431204],[114.2256082,22.2430859],[114.2256161,22.2430819],[114.2256391,22.2430763],[114.2256706,22.2430768],[114.2256852,22.2430813],[114.2257234,22.2431],[114.2257464,22.2431146],[114.2257895,22.2431553],[114.2258356,22.2432422],[114.225838,22.2432648],[114.2258331,22.243293],[114.2258265,22.2433139],[114.2258265,22.243328],[114.225829,22.2433347],[114.225841,22.2433562],[114.2258636,22.2433861],[114.2258751,22.2434144],[114.2259206,22.2434708],[114.2259273,22.2434989],[114.225929,22.2435187],[114.2259357,22.2435215],[114.2259346,22.2435317],[114.2259381,22.2435312],[114.2259533,22.2435814],[114.2259558,22.2436592],[114.2259678,22.2436885],[114.2259624,22.2437304],[114.2260036,22.2437247],[114.2260061,22.2437857],[114.2259867,22.2438359],[114.2259103,22.2438055],[114.2259067,22.2438112],[114.2258727,22.2438004],[114.2258473,22.2438715],[114.2258182,22.2438597],[114.2257722,22.2439911],[114.2257448,22.2439844],[114.22574,22.2440972],[114.2258305,22.2441023],[114.2258238,22.2441374],[114.2257631,22.2441385],[114.2257146,22.2441188],[114.2256801,22.244248],[114.2256303,22.2442243],[114.2255953,22.2442864],[114.2256516,22.2443146],[114.2256166,22.2444016],[114.2255716,22.2443807],[114.225545,22.244423],[114.225531,22.2444157],[114.2255147,22.2444456],[114.2255606,22.2444772],[114.2255285,22.2445207],[114.2254922,22.244497],[114.2254474,22.244567],[114.2254534,22.2445805],[114.2253516,22.2446387],[114.2252413,22.2447228],[114.2252334,22.2447369],[114.2252303,22.2447651],[114.2252413,22.2447798],[114.2252953,22.2448092],[114.2253292,22.2448492],[114.2253101,22.2450807],[114.2253094,22.2452493],[114.2252185,22.2456258],[114.2251603,22.245758],[114.2251228,22.2457907],[114.2250622,22.2458055],[114.2249681,22.2457591],[114.2249256,22.2457795],[114.224876,22.2458625],[114.2248033,22.246042],[114.2247608,22.2460798],[114.2246851,22.2461176],[114.2246282,22.2461899],[114.2245906,22.2463011],[114.2245779,22.2463914],[114.224584,22.246445],[114.2245992,22.2464795],[114.2246288,22.2465111],[114.2246901,22.2465489],[114.2247046,22.2465454],[114.2247156,22.2464902],[114.2247361,22.2464805],[114.2247701,22.2465019],[114.224778,22.2465421],[114.2247895,22.2465516],[114.2249344,22.246511],[114.2249883,22.2465081],[114.2250659,22.2465375],[114.2250964,22.2465843],[114.2251188,22.2465979],[114.2251352,22.2465866],[114.2251539,22.2465521],[114.2251807,22.246551],[114.2251982,22.2465871],[114.225191,22.2466627],[114.2251479,22.246752],[114.2251097,22.2467943],[114.2250334,22.24684],[114.2250013,22.2468457],[114.2249109,22.2468383],[114.224786,22.2467808],[114.2246246,22.2467758],[114.2245427,22.2467674],[114.2245017,22.2467521],[114.2245349,22.2466764],[114.2245313,22.2466483],[114.2245101,22.2466375],[114.2244628,22.2466533],[114.2244506,22.2466669],[114.2244531,22.2467098],[114.224444,22.2467499],[114.2244088,22.2467487],[114.2243034,22.2466884],[114.2242627,22.2466743],[114.22423,22.2466765],[114.2241827,22.246702],[114.2241579,22.2467291],[114.2241633,22.2467522],[114.2241506,22.2467634],[114.2240626,22.2468047],[114.224056,22.2468335],[114.2241731,22.2470208],[114.224175,22.247053],[114.2241428,22.2470677],[114.2241209,22.2470638],[114.2240979,22.2470497],[114.2239693,22.2469074],[114.223751,22.2467523],[114.2236588,22.2466998],[114.2235484,22.2466615],[114.2234174,22.2465898],[114.2233187,22.2465137],[114.2232197,22.2464075],[114.2231155,22.2463484],[114.2231281,22.2463275],[114.223221,22.2462901],[114.2232251,22.246276],[114.2232136,22.2462619],[114.2231257,22.2462337],[114.2230039,22.2462744],[114.2229657,22.2462728],[114.2229688,22.2462581],[114.2230621,22.2462247],[114.2230754,22.2462066],[114.222962,22.2461259],[114.2229086,22.2460526],[114.2229038,22.2460176],[114.222934,22.2460143],[114.2230426,22.2460503],[114.2231317,22.2460571],[114.2233312,22.2460345],[114.2234131,22.2460153],[114.2234749,22.2459853],[114.2234985,22.2459611],[114.2235088,22.2459323],[114.2234967,22.2458972],[114.2233427,22.2457771],[114.2232778,22.2457354],[114.2230619,22.2456603],[114.2228933,22.2455932],[114.2227842,22.2455706],[114.2226969,22.2455238],[114.2225477,22.2453879],[114.2224118,22.2453518],[114.2223264,22.245305],[114.222296,22.245315],[114.2222512,22.2453783],[114.2221868,22.2452338],[114.2221092,22.2452102],[114.2220874,22.2451881],[114.2220959,22.2451774],[114.222165,22.24517],[114.2221711,22.245156],[114.2221438,22.2451097],[114.2220734,22.245056],[114.22196,22.2448501],[114.2218412,22.2447745],[114.2218108,22.2447813],[114.2217714,22.244827],[114.2216901,22.2449309],[114.2216168,22.2448598],[114.221932,22.2445713],[114.2221104,22.2448281],[114.2222201,22.2449257],[114.2223547,22.2450153],[114.222402,22.2450255],[114.2224839,22.2450177],[114.2226343,22.2449881],[114.2230205,22.2449943],[114.2231921,22.2449829],[114.2232648,22.24497],[114.2232945,22.2449553],[114.2233114,22.2449271],[114.2233236,22.2448475],[114.2233629,22.2447453],[114.2233679,22.2447019],[114.2233962,22.2444569],[114.2233828,22.2443463],[114.2234337,22.2440404],[114.22343,22.2438914],[114.2234076,22.2438852],[114.2233263,22.2439004],[114.2232572,22.2439281],[114.2232403,22.2439479],[114.2232348,22.2439992],[114.2232518,22.2441831],[114.2232458,22.2442645],[114.2232398,22.2442889],[114.2232275,22.2443385],[114.2232107,22.2443096],[114.2232125,22.244265],[114.2232016,22.2442369],[114.2231469,22.244203],[114.2230906,22.2441957],[114.2231185,22.2441453],[114.2230863,22.2441268],[114.2230681,22.2441556],[114.2230148,22.2441246],[114.2229845,22.2441697],[114.2229638,22.2441432],[114.2229681,22.2440862],[114.223079,22.2441132],[114.2231045,22.2440274],[114.2230159,22.2440094],[114.223068,22.243879],[114.2230589,22.2438485],[114.2230759,22.2437932],[114.2230783,22.2437548],[114.2230706,22.2437164],[114.2231888,22.2436574],[114.2231992,22.2436476],[114.2231949,22.2436449],[114.2231845,22.2436494],[114.2230686,22.2437061],[114.2230662,22.2436939],[114.2230758,22.2436939],[114.2230831,22.2436216],[114.2230195,22.2436222],[114.2229903,22.2435636],[114.2230491,22.2434811],[114.2230964,22.2434862],[114.2231255,22.2434072],[114.2231497,22.2434122],[114.2231728,22.2433614],[114.223131,22.2433529],[114.2231388,22.2433411],[114.2232431,22.2432965],[114.2233237,22.2432367],[114.2235445,22.2430061],[114.2236098,22.2429379],[114.2236577,22.2429166],[114.2237826,22.2429514],[114.2238008,22.2429001],[114.2236576,22.2428646],[114.2236874,22.2428018],[114.2236885,22.2427996],[114.2236188,22.2427698],[114.2236079,22.2427859],[114.2235485,22.2428736],[114.2234665,22.2429561],[114.2234128,22.2430216],[114.2234036,22.2430295],[114.2233721,22.2430317],[114.2234188,22.2429437],[114.2234103,22.2428783],[114.2233818,22.2428376],[114.2233606,22.2428235],[114.2233947,22.2427486],[114.2234078,22.2427197],[114.2233095,22.2426806],[114.2233059,22.2426711],[114.2233606,22.2426615],[114.2234078,22.2426695],[114.2234345,22.2426564],[114.2234624,22.2425599],[114.2234301,22.242403],[114.2234549,22.2423183],[114.2235605,22.2421562],[114.223721,22.2419688],[114.2237543,22.2419091],[114.2237797,22.2417934],[114.223786,22.2417794],[114.2238192,22.2417058],[114.2238294,22.2416595],[114.2238415,22.2414704],[114.2238761,22.2413135],[114.2239536,22.2410792],[114.2239384,22.2410195],[114.2239983,22.2407598],[114.224054,22.2403274],[114.2241249,22.2403359],[114.2241304,22.2402942],[114.2240583,22.2402862],[114.2241538,22.2395242],[114.2241859,22.2395287],[114.2241907,22.2395023],[114.2241573,22.2394966],[114.2241599,22.2394785],[114.224278,22.239491],[114.2242823,22.2394599],[114.2241635,22.2394469],[114.2242306,22.2389237],[114.2242664,22.2388266],[114.2242682,22.2387527],[114.2243299,22.2386347],[114.2244124,22.2385302],[114.2245639,22.2384202],[114.2246421,22.2383845],[114.2246826,22.2383722],[114.2247306,22.2383575],[114.2248858,22.2383388],[114.225523,22.2383685],[114.2256461,22.238364],[114.2257165,22.2383911],[114.225771,22.2384407],[114.2257685,22.2385025],[114.225763,22.2386393],[114.225756,22.2388138],[114.2257329,22.2388488],[114.2257323,22.2388815],[114.2258512,22.2388877],[114.2258518,22.2388516],[114.2258347,22.2388188],[114.2258409,22.2386953],[114.2263356,22.2387199],[114.2263579,22.2386307],[114.2263646,22.2386239],[114.2263791,22.2386177],[114.2264016,22.2386166],[114.2264482,22.2386042],[114.2264707,22.2386008],[114.226501,22.2386014],[114.2265538,22.2386081],[114.2266236,22.2386093],[114.2266459,22.2386024],[114.2267077,22.2385765],[114.2267551,22.2385634],[114.2268017,22.2385572],[114.2269266,22.2385255],[114.2269417,22.238521],[114.2269799,22.2385036],[114.2270272,22.238477],[114.2270575,22.2384652],[114.2270805,22.2384533],[114.2271442,22.2384132],[114.2271751,22.2383952],[114.227183,22.2383929],[114.2272818,22.2383285],[114.2273448,22.2383031],[114.2273915,22.2382918],[114.2274691,22.238289],[114.2275304,22.2382765],[114.2275534,22.2382742],[114.2276116,22.2382561],[114.227642,22.2382404],[114.2276722,22.2382297],[114.2276801,22.2382297],[114.2277171,22.2382454],[114.2277395,22.2382466],[114.2277929,22.2382307],[114.2278159,22.2382212],[114.2278311,22.2382183],[114.2279171,22.2381838],[114.2279704,22.2381584],[114.2280009,22.2381488],[114.2280468,22.2381409],[114.2280699,22.2381318],[114.2280814,22.2381183],[114.2280863,22.2381048],[114.2280833,22.2380691],[114.2280856,22.2380551],[114.2281377,22.2379941],[114.2281601,22.2379524],[114.2282062,22.2379033],[114.2282983,22.2378349],[114.2283123,22.2378208],[114.2283329,22.237792],[114.2283393,22.2377848],[114.2335169,22.2391333]],[[114.2245661,22.2456396],[114.2245346,22.2456408],[114.2245164,22.2456469],[114.2244965,22.2456622],[114.2244898,22.2456786],[114.2244868,22.2457028],[114.2244977,22.245717],[114.2245013,22.2457311],[114.224508,22.2457384],[114.2245243,22.2457452],[114.2245425,22.2457451],[114.2245583,22.2457378],[114.224565,22.245731],[114.2245704,22.245708],[114.2245831,22.245696],[114.2245849,22.2456887],[114.2245837,22.2456678],[114.2245661,22.2456396]],[[114.2246753,22.2457852],[114.2246523,22.2457988],[114.2246305,22.2458134],[114.2246372,22.2458569],[114.2246268,22.2458698],[114.2246427,22.2458834],[114.224665,22.2458901],[114.2246929,22.2458879],[114.2247154,22.2458806],[114.2247305,22.2458721],[114.2247481,22.2458394],[114.2247432,22.2458111],[114.224699,22.2457874],[114.2246753,22.2457852]],[[114.2239607,22.246601],[114.223945,22.246606],[114.2239299,22.246619],[114.2238995,22.2466546],[114.2238892,22.2466896],[114.2239056,22.2467088],[114.2239293,22.2467144],[114.2239766,22.2467099],[114.2240014,22.2467026],[114.2240232,22.2466862],[114.2240299,22.2466563],[114.2240201,22.2466354],[114.2240075,22.2466218],[114.2239898,22.2466088],[114.2239607,22.246601]],[[114.2244231,22.2456752],[114.2243752,22.2456752],[114.2243516,22.2456802],[114.2243357,22.2456911],[114.2243327,22.2457113],[114.2243158,22.2457407],[114.2243212,22.2457786],[114.2243212,22.2458135],[114.2243371,22.2458247],[114.2243533,22.2458315],[114.2243818,22.2458315],[114.2244049,22.2458164],[114.2244128,22.2457954],[114.2244328,22.2457672],[114.2244424,22.2457277],[114.224437,22.2456825],[114.2244308,22.2456752],[114.2244231,22.2456752]],[[114.224406,22.2453586],[114.2243811,22.245362],[114.2243272,22.2453812],[114.224321,22.2453885],[114.2243218,22.2454173],[114.224306,22.245454],[114.2243151,22.2454929],[114.2243345,22.2455127],[114.2243545,22.2455144],[114.2243769,22.2455082],[114.2243927,22.2454963],[114.2243866,22.2454823],[114.2243903,22.2454663],[114.2244132,22.2454585],[114.22442,22.2454421],[114.2244679,22.2454285],[114.2244878,22.2454065],[114.2244897,22.2453845],[114.2244957,22.2453772],[114.2244878,22.2453704],[114.224406,22.2453586]],[[114.2234275,22.2435289],[114.2234045,22.2435114],[114.2233717,22.2435048],[114.2233571,22.2433924],[114.2233377,22.2433574],[114.2233007,22.2434331],[114.2232758,22.2435279],[114.2232613,22.2436915],[114.2232656,22.2437136],[114.2232796,22.2437277],[114.2233032,22.2437339],[114.2233469,22.243704],[114.2233747,22.2436312],[114.2234124,22.2436024],[114.2234336,22.243573],[114.2234366,22.2435516],[114.2234275,22.2435289]],[[114.2238036,22.246448],[114.2236412,22.2464836],[114.2235132,22.2464967],[114.2234908,22.2465075],[114.2234896,22.2465215],[114.2235235,22.2465536],[114.2236133,22.2465932],[114.2236776,22.2466084],[114.2237504,22.2466089],[114.2238098,22.2465812],[114.2238643,22.2465328],[114.2238673,22.2465112],[114.2238491,22.2464763],[114.2238279,22.2464548],[114.2238036,22.246448]],[[114.2237083,22.2445377],[114.223717,22.244568],[114.2237291,22.2445894],[114.2237443,22.2445974],[114.2237854,22.2445867],[114.2238243,22.2445556],[114.2238265,22.244553],[114.2239522,22.2444173],[114.224,22.244337],[114.2240116,22.2442682],[114.2239994,22.2441768],[114.223926,22.2441057],[114.2238775,22.2440882],[114.2238332,22.2440983],[114.2237696,22.2441294],[114.2237181,22.2441729],[114.2237017,22.2442056],[114.2236944,22.2442564],[114.2236963,22.2444952],[114.2237083,22.2445377]],[[114.2232812,22.2452686],[114.2230151,22.2452946],[114.2229508,22.2453103],[114.2228029,22.2453743],[114.2227708,22.2454177],[114.2227708,22.2454386],[114.2230346,22.245583],[114.2231384,22.245631],[114.2232213,22.2456603],[114.2233705,22.245689],[114.2234208,22.2457066],[114.2234511,22.2457308],[114.223499,22.2457962],[114.2235718,22.2458385],[114.2236283,22.245847],[114.2236919,22.2458419],[114.2237585,22.2458221],[114.2238059,22.2457961],[114.2238343,22.2457589],[114.2239004,22.2456325],[114.223907,22.2456036],[114.2238962,22.2455901],[114.2235663,22.2453588],[114.2234099,22.2452905],[114.2232812,22.2452686]]]]},"properties":{"GmlID":"SRZ.20","OBJNAM":"A2 Tai Tam Harbour","INFORM":"The speed limit is 5 knots in this area between 8am and 12 midnight on any Saturday or public holiday or on any day during the period from 1 April to 31 October (both dates inclusive) in any year.","OBJECTID":20}},{"type":"Feature","geometry":{"type":"MultiPolygon","coordinates":[[[[114.2142902,22.2136146],[114.2142465,22.2136666],[114.2142211,22.2137084],[114.2141805,22.2137518],[114.2141678,22.2137704],[114.2141993,22.2138032],[114.2141945,22.2138342],[114.2142169,22.2138913],[114.2142576,22.2139088],[114.2143333,22.2139184],[114.2144151,22.2139736],[114.2143746,22.2140007],[114.2143758,22.2140227],[114.2144018,22.2140262],[114.2144303,22.2139946],[114.2144411,22.2140057],[114.2144273,22.2140668],[114.2143794,22.2141288],[114.2143661,22.2141752],[114.2143607,22.2142163],[114.2143679,22.2142525],[114.2144498,22.2142513],[114.2144292,22.2143281],[114.2143959,22.2144178],[114.2143897,22.2144545],[114.2143662,22.2145081],[114.2143219,22.214569],[114.214288,22.2146142],[114.2142807,22.2146667],[114.214311,22.2146933],[114.2142716,22.2147457],[114.2142201,22.214805],[114.2141929,22.2147723],[114.2141341,22.2147577],[114.2140759,22.2147814],[114.214031,22.2148293],[114.2140589,22.2148525],[114.2139935,22.2149123],[114.2139184,22.2149366],[114.2138681,22.2149318],[114.2138098,22.2148943],[114.2137734,22.2149208],[114.2137589,22.2149389],[114.2137346,22.2149513],[114.2137413,22.2149621],[114.2137789,22.2149801],[114.2136461,22.2150586],[114.2135862,22.2150885],[114.2135728,22.2150659],[114.2135431,22.2150591],[114.2134613,22.2150998],[114.2134564,22.2151218],[114.2134637,22.215145],[114.2134849,22.2151805],[114.2134977,22.2151873],[114.2134753,22.2151979],[114.2134667,22.2152195],[114.2134765,22.2152341],[114.2134644,22.2152455],[114.2134413,22.2152206],[114.2134019,22.2152426],[114.2134153,22.2152612],[114.2134153,22.2152681],[114.2134165,22.2152709],[114.2134413,22.2152928],[114.2134522,22.2153093],[114.2134444,22.2153945],[114.2134268,22.2154029],[114.2134311,22.2154644],[114.2134699,22.2154638],[114.2134729,22.2155321],[114.213439,22.2155378],[114.2134396,22.2155745],[114.2134511,22.215574],[114.2134535,22.2155993],[114.2134311,22.215601],[114.2134299,22.2156258],[114.2134384,22.2156264],[114.2134384,22.2156512],[114.2133892,22.2156394],[114.2133808,22.2156869],[114.2133827,22.2157297],[114.2134081,22.2157325],[114.2134112,22.2157371],[114.2134221,22.2157365],[114.2134377,22.2157433],[114.2134536,22.2157415],[114.2134706,22.2158211],[114.2135233,22.2159238],[114.2135336,22.2159278],[114.2135336,22.2159679],[114.2135197,22.2160001],[114.2134858,22.2160565],[114.2134785,22.2160791],[114.2134773,22.216096],[114.2134797,22.2161163],[114.2135131,22.2161971],[114.21353,22.2162557],[114.2135423,22.2163375],[114.2135392,22.2163698],[114.2135076,22.2164105],[114.2134495,22.2164646],[114.2133883,22.2165307],[114.2133016,22.2166374],[114.2132089,22.2167417],[114.2131222,22.2168151],[114.2130847,22.2168383],[114.2127846,22.2168502],[114.2127397,22.2167902],[114.2127373,22.216787],[114.21271,22.2167633],[114.2126809,22.2167611],[114.212627,22.2167599],[114.2125851,22.2167712],[114.2125785,22.2167825],[114.2125621,22.2167955],[114.212556,22.2168125],[114.2125513,22.2168101],[114.2125488,22.2168181],[114.2125337,22.2168282],[114.2125118,22.2168327],[114.2124821,22.2168294],[114.2124233,22.2167995],[114.2123814,22.2167487],[114.2123233,22.2167143],[114.212259,22.2166838],[114.2122401,22.2166957],[114.212225,22.2167228],[114.2122293,22.2167391],[114.2122462,22.2167515],[114.2122621,22.2167504],[114.2122578,22.2168035],[114.2121608,22.2167991],[114.2121488,22.2168255],[114.2121238,22.2168441],[114.2121063,22.2168803],[114.212096,22.2168814],[114.2120947,22.2169],[114.2121021,22.2169029],[114.2121057,22.2169175],[114.212116,22.2169198],[114.212125,22.2169305],[114.2121469,22.2169333],[114.2121577,22.2169322],[114.2121894,22.2168882],[114.2122651,22.2168921],[114.2122663,22.2169016],[114.212273,22.2169057],[114.21227,22.216926],[114.2122555,22.2169525],[114.2122317,22.2169682],[114.2122318,22.2169982],[114.2122445,22.2170218],[114.212301,22.2170327],[114.2123112,22.2170591],[114.212356,22.2170428],[114.2123797,22.2170371],[114.2124034,22.2170337],[114.2123658,22.217063],[114.2123385,22.2170896],[114.2122973,22.2171562],[114.21229,22.2171748],[114.2122833,22.2172117],[114.2122688,22.217293],[114.2122464,22.2173828],[114.2122162,22.2174733],[114.2121857,22.2175475],[114.2120682,22.2177543],[114.2119821,22.2178922],[114.2119182,22.2179764],[114.2118356,22.2180711],[114.2116622,22.2182277],[114.2114929,22.2183569],[114.2114715,22.2183623],[114.2114427,22.2183759],[114.211415,22.2183499],[114.2113896,22.2183643],[114.2113635,22.2183957],[114.2113335,22.2184207],[114.2112599,22.2184448],[114.2112133,22.2184454],[114.2111164,22.2184798],[114.2110725,22.2184972],[114.2110389,22.2185131],[114.2110049,22.2185176],[114.2109833,22.2185201],[114.2108369,22.2185399],[114.2107645,22.2185497],[114.2107621,22.2185494],[114.2106814,22.2185606],[114.2106777,22.2185612],[114.2105262,22.218576],[114.2103804,22.2185841],[114.210358,22.2185602],[114.2103321,22.2185461],[114.2102991,22.2185417],[114.2102691,22.2185483],[114.2100646,22.2183609],[114.2101266,22.2183029],[114.2101223,22.2182987],[114.2101242,22.2182951],[114.2101285,22.218288],[114.2101346,22.2182786],[114.2101573,22.2182461],[114.2101806,22.2182084],[114.2102106,22.2181485],[114.2102176,22.218128],[114.2102177,22.2181271],[114.2102197,22.2181149],[114.2102189,22.2180723],[114.210201,22.2179561],[114.2101611,22.2178175],[114.2101497,22.2177839],[114.2101027,22.2176683],[114.2100827,22.2176286],[114.2100694,22.2176072],[114.2101041,22.2175452],[114.2101764,22.2174096],[114.2102185,22.2174292],[114.2102966,22.217292],[114.2102784,22.2172834],[114.210289,22.2172647],[114.2103061,22.217273],[114.2103348,22.2172218],[114.2103877,22.2171271],[114.210269,22.2170691],[114.2101881,22.2172158],[114.2102046,22.2172238],[114.2101935,22.2172435],[114.2101747,22.217234],[114.2101442,22.2172907],[114.2101006,22.217372],[114.2101413,22.2173916],[114.210039,22.217568],[114.2100364,22.2175656],[114.2100281,22.2175585],[114.2100236,22.2175553],[114.2099995,22.2175404],[114.2099224,22.2175036],[114.2098091,22.2174423],[114.2097617,22.2174355],[114.2096999,22.2174378],[114.2095907,22.2174691],[114.2095859,22.2174699],[114.2095786,22.2174671],[114.2095574,22.2174518],[114.2095337,22.217417],[114.2095235,22.2174073],[114.2094852,22.2173875],[114.2094404,22.217373],[114.2094125,22.2173684],[114.2093574,22.2173758],[114.2092088,22.2173707],[114.2090536,22.2173414],[114.2089452,22.2173058],[114.2088584,22.2172409],[114.2088566,22.2172291],[114.2088627,22.2171969],[114.208856,22.2171539],[114.2088512,22.2171021],[114.2088402,22.2170671],[114.2088347,22.2170417],[114.2088299,22.2170366],[114.2087299,22.2169803],[114.2086571,22.2169593],[114.2086286,22.2169435],[114.2086025,22.2169136],[114.2085825,22.2168605],[114.208574,22.2168216],[114.2085686,22.2168132],[114.2085595,22.2168075],[114.2085437,22.216807],[114.2085146,22.2168132],[114.2085119,22.2168132],[114.2134666,22.2150834],[114.212888,22.2109996],[114.2129481,22.2110389],[114.2130179,22.2110542],[114.2131263,22.2110491],[114.2131185,22.2111106],[114.2131118,22.2112134],[114.2131597,22.2112211],[114.2131658,22.2111304],[114.2131707,22.21108],[114.2133264,22.2110812],[114.2134482,22.2110676],[114.2134549,22.2110975],[114.2135718,22.2110608],[114.2136962,22.2110495],[114.2138003,22.2110507],[114.2138914,22.2110777],[114.2139574,22.211103],[114.2140495,22.211186],[114.2141393,22.2112724],[114.2142103,22.2113282],[114.2142346,22.211423],[114.2142163,22.2114314],[114.2142188,22.2114687],[114.2142654,22.2115359],[114.2143133,22.2115584],[114.2142848,22.2115726],[114.2142982,22.2115935],[114.2143521,22.2115692],[114.2144224,22.2115708],[114.2144825,22.2117143],[114.2145219,22.2117826],[114.2145583,22.2118322],[114.2143559,22.2119101],[114.2143728,22.2119468],[114.2143316,22.2119613],[114.2140941,22.2120451],[114.2141092,22.212084],[114.214483,22.211952],[114.214596,22.2119121],[114.214778,22.2118567],[114.2147939,22.2118883],[114.2148602,22.2119913],[114.2149445,22.2121588],[114.2149554,22.2122255],[114.2149094,22.2122486],[114.2148791,22.2123085],[114.2148767,22.2123434],[114.2149094,22.2123886],[114.2149428,22.2124462],[114.2149979,22.2124117],[114.2150276,22.2125257],[114.2150228,22.212659],[114.2149963,22.2127763],[114.2149605,22.2130072],[114.2149417,22.2131042],[114.2149083,22.2131404],[114.2148962,22.213058],[114.2148204,22.2130546],[114.2147677,22.2131291],[114.2147062,22.213189],[114.2146835,22.2132036],[114.2146798,22.2132804],[114.214626,22.2132963],[114.2146198,22.2133657],[114.2145156,22.2133815],[114.2144714,22.2134086],[114.2144841,22.2134746],[114.2144738,22.213531],[114.214389,22.2135898],[114.2143556,22.2136073],[114.2142902,22.2136146]],[[114.2132233,22.2163546],[114.2132312,22.2163518],[114.21323,22.2163444],[114.2132367,22.2163411],[114.2132185,22.2162716],[114.2132099,22.2162733],[114.2132088,22.2162772],[114.213207,22.2162733],[114.2131985,22.2162767],[114.213207,22.2162992],[114.2131979,22.2163021],[114.2131979,22.2163038],[114.2132155,22.2163585],[114.2132215,22.2163579],[114.2132233,22.2163546]],[[114.2139442,22.2136853],[114.2139296,22.2137005],[114.2139222,22.2137011],[114.2138883,22.213748],[114.2138865,22.2137547],[114.2138938,22.2137581],[114.213898,22.213771],[114.2139054,22.2137744],[114.2139132,22.2137722],[114.2139173,22.213766],[114.2139308,22.2137717],[114.2139386,22.2137604],[114.2139453,22.2137569],[114.2139448,22.2137644],[114.213949,22.2137699],[114.2139714,22.213766],[114.2139763,22.2137609],[114.2139836,22.2137604],[114.2140054,22.2137293],[114.2140054,22.2137231],[114.2139981,22.2137203],[114.2139908,22.2137197],[114.2139781,22.213727],[114.213972,22.2137231],[114.2139793,22.2137112],[114.2139769,22.2137045],[114.2139702,22.2137011],[114.2139544,22.2137033],[114.2139538,22.213696],[114.2139442,22.2136853]],[[114.2143818,22.2133253],[114.2143671,22.2133048],[114.2143265,22.2133008],[114.214281,22.2133144],[114.2142877,22.2133618],[114.2143358,22.2133894],[114.214338,22.213386],[114.2143865,22.2133319],[114.2143818,22.2133253]],[[114.2130802,22.216065],[114.2130554,22.2160747],[114.2130517,22.2160809],[114.2130293,22.2160938],[114.2130099,22.216121],[114.2130336,22.2161869],[114.2130657,22.2161667],[114.2130718,22.2161655],[114.2130778,22.2161831],[114.2130967,22.2161853],[114.2131397,22.2161633],[114.2131403,22.2161497],[114.2131118,22.2160758],[114.2130923,22.2160718],[114.2130851,22.2160747],[114.2130802,22.216065]],[[114.2129633,22.2162366],[114.2129281,22.2162457],[114.2129336,22.2162852],[114.2129706,22.216384],[114.2130124,22.2164726],[114.21303,22.2164635],[114.2130779,22.2164533],[114.2130566,22.2164065],[114.2129797,22.2162762],[114.2129633,22.2162366]],[[114.2102412,22.217616],[114.2102151,22.2177062],[114.2102664,22.2177965],[114.2103043,22.2178029],[114.2103916,22.2177667],[114.2104109,22.2176945],[114.2104012,22.2176041],[114.210314,22.2175771],[114.2102412,22.217616]]]]},"properties":{"GmlID":"SRZ.21","OBJNAM":"A3 Stanley Bay","INFORM":"The speed limit is 5 knots in this area between 8am and 12 midnight on any Saturday or public holiday or on any day during the period from 1 April to 31 October (both dates inclusive) in any year.","OBJECTID":21}},{"type":"Feature","geometry":{"type":"MultiPolygon","coordinates":[[[[114.1983101,22.221221],[114.1983,22.2212238],[114.1983001,22.2153966],[114.1983149,22.2154187],[114.1983373,22.2154628],[114.1983433,22.2154814],[114.1983409,22.2154882],[114.1983343,22.2154916],[114.1983155,22.2154916],[114.1983088,22.215495],[114.1983094,22.2155023],[114.1983149,22.2155085],[114.1983228,22.2155113],[114.1983476,22.2155118],[114.1983731,22.2155085],[114.1983883,22.2155135],[114.1984009,22.2155243],[114.1984034,22.2155316],[114.1984028,22.2155401],[114.1983967,22.2155537],[114.198387,22.2155496],[114.1983846,22.2155537],[114.1983731,22.2155452],[114.1983646,22.2155531],[114.1983543,22.2155458],[114.1983476,22.2155542],[114.1983531,22.2155694],[114.1983446,22.2155677],[114.1983409,22.215588],[114.1983476,22.2156011],[114.1983561,22.2156096],[114.1983682,22.2156169],[114.1983761,22.2156309],[114.198384,22.2156394],[114.1983822,22.2156417],[114.1983913,22.2156603],[114.1984088,22.2156671],[114.1984179,22.215675],[114.1984204,22.2156722],[114.1984373,22.2156812],[114.1984392,22.2156879],[114.1984573,22.2156959],[114.1984604,22.2156879],[114.1984713,22.2156858],[114.1984847,22.2156903],[114.1984907,22.2156834],[114.1985095,22.2156931],[114.1985138,22.2156885],[114.198521,22.2156964],[114.198541,22.2156998],[114.198547,22.2156964],[114.198558,22.2157055],[114.1985659,22.2157219],[114.198564,22.2157292],[114.1985725,22.215732],[114.1985737,22.2157292],[114.1985774,22.2157365],[114.1985925,22.2157416],[114.1985998,22.2157292],[114.198607,22.2157309],[114.1986082,22.2157235],[114.1986168,22.2157298],[114.1986319,22.2157314],[114.1986344,22.2157473],[114.1986416,22.2157681],[114.1986562,22.2157952],[114.1986623,22.2157997],[114.1986702,22.2157974],[114.198669,22.2157901],[114.1986629,22.2157856],[114.1986586,22.2157789],[114.1986623,22.2157726],[114.1986707,22.2157715],[114.1986852,22.2157766],[114.198692,22.2157799],[114.1986968,22.2157862],[114.1987107,22.2158138],[114.1987168,22.2158212],[114.1987308,22.2158308],[114.1987526,22.2158398],[114.1987598,22.2158409],[114.1987757,22.2158387],[114.1987999,22.2158403],[114.1988465,22.2158308],[114.1988872,22.2158302],[114.1989018,22.2158471],[114.198909,22.2158505],[114.1989253,22.2158494],[114.1989781,22.2158285],[114.199069,22.2158285],[114.1991157,22.215833],[114.1991375,22.2158414],[114.1991406,22.215847],[114.1991908,22.2158708],[114.1991987,22.2158708],[114.1992127,22.2158775],[114.199217,22.2158837],[114.1992903,22.2159441],[114.199306,22.2159413],[114.1993369,22.2159526],[114.1993648,22.2159695],[114.1994042,22.2159734],[114.1995837,22.2160931],[114.1996031,22.2161174],[114.1996152,22.2161275],[114.1996363,22.2161365],[114.1996589,22.2161427],[114.1996825,22.2161619],[114.1997171,22.2161795],[114.1997492,22.2162025],[114.1997565,22.2162059],[114.1997795,22.21621],[114.1998079,22.2162348],[114.1998378,22.21625],[114.1998589,22.2162709],[114.1998928,22.2163138],[114.1999316,22.2163758],[114.1999699,22.2164046],[114.1999849,22.2164209],[114.2000135,22.2164351],[114.2000178,22.2164418],[114.200019,22.2164644],[114.2000269,22.2164944],[114.2000408,22.2165107],[114.2000614,22.2165282],[114.2000814,22.216539],[114.2001208,22.2165468],[114.2001615,22.2165727],[114.200193,22.21657],[114.2002099,22.2165751],[114.2002202,22.2165863],[114.2002403,22.216627],[114.2002517,22.2166405],[114.2002863,22.2166609],[114.200304,22.2166851],[114.2003118,22.216688],[114.200319,22.2166862],[114.2003269,22.2166891],[114.2003408,22.2167139],[114.2003567,22.2167286],[114.2003719,22.2167364],[114.2004064,22.2167467],[114.2004481,22.216768],[114.2004688,22.2167759],[114.2007016,22.2168363],[114.2009749,22.2168515],[114.2010259,22.2168498],[114.2010428,22.2168515],[114.2010598,22.2168498],[114.2010707,22.2168459],[114.2010744,22.2168408],[114.2011271,22.2168007],[114.2011465,22.2167775],[114.2011561,22.2167691],[114.2011974,22.2167544],[114.2012968,22.216768],[114.2013545,22.2167996],[114.2014882,22.2168556],[114.2016182,22.2169101],[114.2018364,22.2169999],[114.2018478,22.2170117],[114.2018552,22.2170241],[114.2019128,22.2172092],[114.2019352,22.2172589],[114.2019589,22.2173391],[114.2019788,22.2173774],[114.2020079,22.217457],[114.2020329,22.2175778],[114.2020607,22.217773],[114.2020668,22.2178475],[114.202065,22.2178781],[114.2020808,22.2180705],[114.2020718,22.2181591],[114.2020657,22.2181806],[114.2020536,22.2183759],[114.2020282,22.218521],[114.2019961,22.2186174],[114.2019851,22.2186384],[114.2019711,22.2186468],[114.2019554,22.2186401],[114.2019385,22.218639],[114.2019312,22.2186406],[114.2019111,22.218653],[114.2018367,22.2186767],[114.2018227,22.2186841],[114.2017954,22.218714],[114.2017809,22.2187203],[114.201776,22.2187264],[114.2017833,22.2187496],[114.2017845,22.2187637],[114.201779,22.2187767],[114.20177,22.2187903],[114.2017566,22.2187986],[114.2017415,22.2188055],[114.2017265,22.2188112],[114.2016899,22.2188252],[114.2016281,22.218841],[114.2015875,22.2188675],[114.2015651,22.2188743],[114.2015439,22.2188868],[114.2015396,22.2188924],[114.201539,22.2189032],[114.2015445,22.2189177],[114.2015584,22.2189348],[114.2015578,22.2189443],[114.20155,22.2189567],[114.2015378,22.2189702],[114.2015269,22.2189804],[114.2014736,22.218998],[114.2014439,22.2190143],[114.2013844,22.2190425],[114.2013736,22.219055],[114.2013754,22.2190634],[114.2013833,22.2190753],[114.2013747,22.2190876],[114.2013426,22.2191052],[114.2013329,22.2191204],[114.2013335,22.2191295],[114.2013384,22.2191363],[114.2013451,22.2191408],[114.2013965,22.2191622],[114.2014281,22.219187],[114.2014311,22.219196],[114.201427,22.2192209],[114.2014197,22.2192356],[114.2013906,22.2192767],[114.2013803,22.2192881],[114.2013723,22.219292],[114.2013639,22.2192903],[114.2013451,22.2192728],[114.2013366,22.2192689],[114.201327,22.2192678],[114.2012893,22.2192751],[114.2012656,22.2192881],[114.2012281,22.2192909],[114.2011971,22.2193067],[114.2011912,22.2193124],[114.2011869,22.2193186],[114.2011857,22.2193276],[114.2011863,22.2193558],[114.2011748,22.2193869],[114.2011644,22.2194275],[114.2011432,22.2194749],[114.201142,22.2194829],[114.2011444,22.219498],[114.201153,22.2195099],[114.2011899,22.2195392],[114.2012015,22.2195528],[114.2011997,22.2195698],[114.2011929,22.2195743],[114.2011838,22.219559],[114.2011778,22.2195539],[114.2011693,22.2195562],[114.2011639,22.2195732],[114.2011541,22.2195878],[114.2011524,22.2195946],[114.2011712,22.2196312],[114.2011742,22.2196476],[114.2011846,22.2196646],[114.2012106,22.2196877],[114.2012797,22.2197041],[114.2013748,22.2196989],[114.2013615,22.2197227],[114.2013015,22.2197267],[114.2011827,22.2198011],[114.2011002,22.2198311],[114.2010882,22.2198486],[114.2011111,22.2199304],[114.2011846,22.219992],[114.2012178,22.2199993],[114.2012682,22.2199841],[114.2013069,22.2200082],[114.2013391,22.2200608],[114.2013307,22.2201121],[114.2012997,22.2201443],[114.2012488,22.2201454],[114.2012447,22.2201522],[114.2012495,22.2201731],[114.2012864,22.2202053],[114.2012882,22.2202189],[114.20119,22.220277],[114.2011579,22.2203204],[114.2011597,22.2203424],[114.2011949,22.2203599],[114.2011943,22.220369],[114.2011785,22.2203718],[114.2011216,22.2203454],[114.2010955,22.2203481],[114.2010658,22.220391],[114.2010168,22.2204187],[114.2009858,22.2204204],[114.2009621,22.2204469],[114.2009645,22.2205236],[114.2009482,22.2205603],[114.2009785,22.2206163],[114.2009767,22.2206608],[114.2009027,22.2206969],[114.20087,22.2206896],[114.2008379,22.220663],[114.2008051,22.2206681],[114.2007852,22.2206851],[114.2007815,22.2207003],[114.2007937,22.2207212],[114.2008264,22.2207189],[114.2008348,22.2207308],[114.2007949,22.2207608],[114.2007937,22.2207839],[114.2008179,22.2208075],[114.2008579,22.220829],[114.2008628,22.2208521],[114.2008937,22.2208787],[114.2009089,22.2209098],[114.200907,22.2209374],[114.2008246,22.2210305],[114.2008174,22.22103],[114.2007447,22.2209916],[114.2007276,22.2209825],[114.2006979,22.2209836],[114.2006833,22.2209961],[114.2006876,22.2210255],[114.2006464,22.2210198],[114.2006101,22.2210588],[114.2005076,22.2210131],[114.2004972,22.2210001],[114.2005034,22.2209696],[114.2004961,22.220964],[114.2004796,22.2209645],[114.2004737,22.2209887],[114.2004099,22.2209571],[114.2003566,22.2209882],[114.200259,22.2209831],[114.2002184,22.220995],[114.2001615,22.2209911],[114.199999,22.2210492],[114.1999675,22.2210825],[114.1999474,22.2210905],[114.1999323,22.2210673],[114.1999559,22.2210408],[114.1999614,22.2210176],[114.1999704,22.2210204],[114.2000093,22.220946],[114.2000104,22.2209301],[114.1999856,22.2209053],[114.1999171,22.2209099],[114.1998808,22.2208974],[114.1998322,22.2209008],[114.199822,22.2208867],[114.1997813,22.2208821],[114.1997468,22.220903],[114.1997056,22.2209025],[114.1997056,22.2209075],[114.1995407,22.220928],[114.1995073,22.2209386],[114.1994588,22.2209675],[114.1993855,22.220972],[114.1993606,22.2209838],[114.1993576,22.2209929],[114.1993691,22.2210036],[114.1993564,22.2210329],[114.1992994,22.2210374],[114.1992685,22.2210499],[114.1992654,22.2211029],[114.1992303,22.2211481],[114.1992054,22.2211611],[114.1991,22.2211763],[114.1989526,22.2211358],[114.1988878,22.2211346],[114.1987168,22.2211583],[114.1986235,22.2212029],[114.1985296,22.2212125],[114.198395,22.2213095],[114.1983216,22.22133],[114.198244,22.221383],[114.1981968,22.2213813],[114.1982258,22.2213474],[114.1983071,22.221312],[114.1983198,22.2212944],[114.1983125,22.2212819],[114.1983101,22.221221]],[[114.2002863,22.2209098],[114.2002784,22.2209092],[114.2002717,22.2209058],[114.2002548,22.2209047],[114.2002396,22.2209087],[114.2002329,22.2209115],[114.2002347,22.2209183],[114.2002335,22.2209262],[114.2002402,22.2209307],[114.2002566,22.2209324],[114.2002603,22.2209391],[114.2002687,22.2209374],[114.2002723,22.2209312],[114.2002808,22.2209301],[114.2002936,22.220924],[114.2002875,22.2209194],[114.2002887,22.2209126],[114.2002863,22.2209098]],[[114.1994812,22.2208727],[114.1994873,22.2208777],[114.1995019,22.2208738],[114.1995006,22.2208664],[114.1995151,22.2208608],[114.1995151,22.220854],[114.1995194,22.2208478],[114.1995231,22.2208461],[114.1995182,22.2208405],[114.1995109,22.2208443],[114.1995031,22.220845],[114.1995001,22.2208388],[114.1994926,22.2208388],[114.1994922,22.2208388],[114.1994855,22.2208432],[114.1994691,22.2208473],[114.1994637,22.2208529],[114.1994649,22.2208597],[114.1994503,22.2208636],[114.1994503,22.2208715],[114.1994564,22.220876],[114.1994812,22.2208727]],[[114.200142,22.2209494],[114.2001257,22.2209482],[114.2001202,22.220942],[114.2000995,22.2209408],[114.2000971,22.2209476],[114.2000887,22.2209505],[114.2000857,22.2209571],[114.2000783,22.2209617],[114.2000826,22.2209758],[114.2000887,22.2209792],[114.2000972,22.2209787],[114.200102,22.2209843],[114.2001178,22.220981],[114.2001214,22.2209747],[114.2001294,22.2209731],[114.2001347,22.2209679],[114.2001342,22.2209612],[114.200142,22.2209494]],[[114.1996383,22.2208478],[114.1996353,22.220841],[114.1996188,22.2208421],[114.1996135,22.2208473],[114.1996049,22.2208467],[114.1996,22.2208529],[114.1996019,22.2208596],[114.199594,22.2208603],[114.1995885,22.2208653],[114.1996104,22.2208686],[114.1996104,22.2208754],[114.1996176,22.2208789],[114.1996255,22.2208789],[114.1996273,22.2208867],[114.1996444,22.2208867],[114.1996643,22.2208743],[114.1996801,22.2208721],[114.1996849,22.2208664],[114.1996916,22.2208636],[114.1996928,22.2208557],[114.1996843,22.2208546],[114.1996771,22.2208427],[114.1996606,22.2208427],[114.1996534,22.2208467],[114.1996383,22.2208478]],[[114.2007736,22.220426],[114.2007791,22.220439],[114.2007754,22.2204447],[114.2007833,22.2204508],[114.2008075,22.220452],[114.2008185,22.220439],[114.2008143,22.2204328],[114.2008209,22.220426],[114.2008288,22.2204232],[114.2008342,22.2204158],[114.2008312,22.2204091],[114.2008342,22.2204029],[114.2008452,22.2203933],[114.2008391,22.2203888],[114.2008458,22.2203758],[114.2008391,22.2203707],[114.2008312,22.2203741],[114.2008245,22.2203707],[114.2008106,22.2203758],[114.2008021,22.2203758],[114.2007845,22.220391],[114.2007863,22.2203983],[114.2007754,22.2204107],[114.2007779,22.2204181],[114.2007736,22.220426]]]]},"properties":{"GmlID":"SRZ.22","OBJNAM":"A4 Chung Hom Wan","INFORM":"The speed limit is 5 knots in this area between 8am and 12 midnight on any Saturday or public holiday or on any day during the period from 1 April to 31 October (both dates inclusive) in any year.","OBJECTID":22}},{"type":"Feature","geometry":{"type":"MultiPolygon","coordinates":[[[[114.1964177,22.2281348],[114.1964189,22.2281494],[114.1964068,22.2281748],[114.1964025,22.2282194],[114.1964074,22.228316],[114.1963783,22.2283825],[114.1963823,22.2284097],[114.1934693,22.2245423],[114.193476,22.2245408],[114.1935202,22.2245402],[114.1935263,22.2245447],[114.1935724,22.2245475],[114.1936003,22.2245424],[114.1936397,22.2245424],[114.1936517,22.224534],[114.1936675,22.2245346],[114.1936838,22.2245221],[114.1937003,22.224521],[114.1937057,22.2245159],[114.1937191,22.224512],[114.1937215,22.224504],[114.1937318,22.2244978],[114.1937463,22.2244978],[114.1937609,22.2244827],[114.1937676,22.2244792],[114.1937755,22.2244691],[114.1937778,22.2244624],[114.1937773,22.2244544],[114.1937657,22.2244465],[114.1937627,22.2244397],[114.1937621,22.2244325],[114.1937663,22.2244268],[114.1937554,22.2243613],[114.1937524,22.2243533],[114.1937524,22.2243449],[114.1938312,22.2242901],[114.1938712,22.2242998],[114.1939767,22.2242879],[114.1940058,22.2242709],[114.1940209,22.2242704],[114.1940621,22.2242991],[114.194104,22.2242873],[114.1941233,22.224297],[114.1941609,22.2242986],[114.1942089,22.2243172],[114.1942386,22.2243166],[114.1942665,22.2243076],[114.1942749,22.2243387],[114.1943258,22.2243477],[114.1943901,22.2243307],[114.1944508,22.2243314],[114.1944865,22.2243223],[114.1944932,22.2243262],[114.1944871,22.2243532],[114.194502,22.2243536],[114.1945398,22.2243544],[114.1945841,22.2243432],[114.1946562,22.2243071],[114.1947211,22.2243216],[114.1948327,22.2243115],[114.1948987,22.2242755],[114.1949199,22.2242641],[114.194952,22.2242325],[114.1950205,22.2242094],[114.1951212,22.2241185],[114.1951406,22.2241512],[114.1951799,22.2241647],[114.1952145,22.2241608],[114.1953055,22.2241134],[114.1953394,22.2240802],[114.1953801,22.2240682],[114.1954637,22.2240152],[114.1954685,22.2240197],[114.1954916,22.2240134],[114.1955067,22.2240016],[114.195508,22.2239847],[114.1955304,22.2239829],[114.1955425,22.2239864],[114.1955364,22.2239903],[114.1955297,22.2240281],[114.1955322,22.2240355],[114.1955425,22.22404],[114.1956649,22.2240259],[114.195705,22.2240337],[114.1958352,22.2240925],[114.1958559,22.2241066],[114.1958681,22.2241885],[114.1958517,22.2242189],[114.1958559,22.2242257],[114.1958681,22.2242284],[114.1958917,22.2242251],[114.1959354,22.2242284],[114.1959838,22.2242251],[114.1959874,22.2242138],[114.1960087,22.2242126],[114.1960154,22.2242071],[114.1960145,22.2241965],[114.1960135,22.224185],[114.1960214,22.2241771],[114.1960172,22.2241562],[114.1960002,22.2241336],[114.1960002,22.2241218],[114.1959844,22.224088],[114.1959669,22.2240801],[114.1959626,22.2240721],[114.1959947,22.2240687],[114.1960469,22.2240777],[114.1960688,22.2240912],[114.1961924,22.2240964],[114.1962972,22.2241268],[114.1964166,22.2241313],[114.1964476,22.224142],[114.1964664,22.2241387],[114.1964882,22.2241201],[114.196493,22.2240997],[114.1965174,22.2241026],[114.1965548,22.2240693],[114.1965718,22.2240726],[114.1965791,22.2240845],[114.1965749,22.2241313],[114.1966179,22.224168],[114.1966519,22.2242126],[114.1967046,22.2242356],[114.1967308,22.2242335],[114.1967458,22.224217],[114.1967483,22.2241804],[114.196807,22.2242351],[114.1969069,22.2243506],[114.1971897,22.2246776],[114.1975389,22.225251],[114.1976432,22.2254875],[114.1977536,22.2256054],[114.1977906,22.2256845],[114.1978333,22.2258863],[114.1978554,22.225991],[114.1978566,22.2260294],[114.1978451,22.2260773],[114.1978331,22.2261077],[114.1978324,22.2261094],[114.197807,22.2261417],[114.1977556,22.2261881],[114.1976347,22.2262975],[114.1975287,22.2264159],[114.1973335,22.2267383],[114.1972548,22.2268331],[114.1972239,22.2269364],[114.1971651,22.2271334],[114.1971275,22.2272107],[114.1971142,22.2273123],[114.1970984,22.2273671],[114.1971021,22.2274089],[114.1970935,22.2275087],[114.197062,22.2276115],[114.1970445,22.2276532],[114.197036,22.2276555],[114.1970323,22.227664],[114.1970378,22.227677],[114.1970335,22.2277384],[114.1970184,22.227765],[114.196967,22.2278045],[114.1968863,22.2278599],[114.1968809,22.2278554],[114.1968686,22.2278565],[114.1968548,22.2278813],[114.1967572,22.2279276],[114.1966627,22.227957],[114.1966463,22.2279637],[114.1966359,22.2279716],[114.196619,22.2279948],[114.1966135,22.2280078],[114.1966196,22.2280286],[114.1966359,22.2280642],[114.1966384,22.2280839],[114.1966336,22.2280975],[114.1966275,22.2281071],[114.1966135,22.2281196],[114.1966093,22.2281217],[114.1965917,22.2281212],[114.1965596,22.2281093],[114.1965402,22.2280975],[114.1965317,22.2280947],[114.1965135,22.2280992],[114.1964952,22.2281122],[114.1964874,22.2280789],[114.196485,22.2280767],[114.1964784,22.2280777],[114.1964662,22.2280906],[114.196445,22.2281133],[114.1964359,22.2281359],[114.1964177,22.2281348]],[[114.1954373,22.2241359],[114.1954389,22.2241507],[114.1954868,22.2241795],[114.1955238,22.2241811],[114.1955425,22.2241693],[114.1955554,22.2241545],[114.1955637,22.224145],[114.1955637,22.2241331],[114.1955825,22.2241048],[114.1955782,22.2240704],[114.1955431,22.2240671],[114.1955207,22.2240818],[114.1954922,22.2240875],[114.1954819,22.2241032],[114.1954564,22.2241009],[114.1954498,22.2241191],[114.195437,22.2241331],[114.1954373,22.2241359]]]]},"properties":{"GmlID":"SRZ.23","OBJNAM":"A5 South Bay","INFORM":"The speed limit is 5 knots in this area between 8am and 12 midnight on any Saturday or public holiday or on any day during the period from 1 April to 31 October (both dates inclusive) in any year.","OBJECTID":23}},{"type":"Feature","geometry":{"type":"MultiPolygon","coordinates":[[[[114.1784544,22.242577],[114.1827734,22.2363477],[114.1827796,22.2363481],[114.1828165,22.2363405],[114.1828298,22.2363246],[114.1828298,22.2363156],[114.1828461,22.2363122],[114.1828414,22.2362918],[114.1828304,22.2362924],[114.1828201,22.2362863],[114.1828219,22.2362699],[114.1828292,22.2362654],[114.1828656,22.2362682],[114.1828849,22.236267],[114.1829583,22.2362834],[114.1830262,22.2362941],[114.1831257,22.2363246],[114.1831456,22.2363275],[114.1831615,22.2363264],[114.1832566,22.2363021],[114.1833086,22.23628],[114.1833597,22.2362637],[114.1833821,22.2362496],[114.183396,22.2362264],[114.1834008,22.2362241],[114.183407,22.2362247],[114.1834366,22.2362382],[114.1834482,22.2362467],[114.1834573,22.2362502],[114.1834749,22.2362507],[114.1834749,22.2362597],[114.1834724,22.2362677],[114.1834676,22.2362727],[114.1834584,22.2363038],[114.1834584,22.2363128],[114.1834609,22.2363184],[114.183473,22.2363234],[114.1834846,22.2363252],[114.1834942,22.236324],[114.1834997,22.236328],[114.1835034,22.2363337],[114.1835034,22.2363495],[114.1834955,22.236358],[114.183467,22.2363602],[114.1834603,22.236363],[114.1834567,22.2363664],[114.1834567,22.2363704],[114.1834615,22.2363736],[114.1834869,22.2363709],[114.183607,22.2363375],[114.1836712,22.2363309],[114.183698,22.2363257],[114.183758,22.2363071],[114.1837707,22.2363009],[114.1837804,22.2362857],[114.1837914,22.2362484],[114.1837888,22.2362337],[114.1837907,22.2362264],[114.1837937,22.2362202],[114.1838017,22.2362151],[114.1838216,22.2362151],[114.1838308,22.2362196],[114.1838701,22.2362422],[114.1839017,22.2362676],[114.1839223,22.2362773],[114.1839344,22.2362788],[114.1839732,22.236275],[114.1840132,22.2362602],[114.1840387,22.2362472],[114.1840515,22.2362315],[114.1840684,22.2361965],[114.1840884,22.2361762],[114.1841078,22.2361626],[114.1841283,22.2361559],[114.184186,22.2361479],[114.1841908,22.2361524],[114.1841939,22.2361649],[114.1842017,22.2361778],[114.1842157,22.2361807],[114.1842296,22.2361745],[114.1842369,22.2361593],[114.184232,22.2361395],[114.1842375,22.2361316],[114.184243,22.2361276],[114.1842769,22.236118],[114.1843417,22.2360909],[114.184363,22.236069],[114.1843866,22.2360492],[114.1843902,22.2360424],[114.1843902,22.2360374],[114.1843872,22.236035],[114.184374,22.2360328],[114.1843727,22.2360294],[114.1843751,22.2360209],[114.1843964,22.2360159],[114.1844388,22.2360187],[114.184457,22.2360169],[114.1844734,22.2360108],[114.1844794,22.2360058],[114.1845171,22.2359928],[114.1845437,22.2359775],[114.1845582,22.2359718],[114.1846376,22.2359471],[114.184685,22.2359363],[114.1846904,22.2359328],[114.1847025,22.2359183],[114.1847226,22.2359092],[114.1847377,22.2359086],[114.1847437,22.2359047],[114.1847492,22.2358996],[114.1847571,22.2358793],[114.184762,22.2358737],[114.1847685,22.2358708],[114.1847752,22.2358703],[114.1847929,22.2359516],[114.1848051,22.2360074],[114.1847941,22.2360096],[114.1847983,22.2360296],[114.1848002,22.2360395],[114.1849385,22.2360129],[114.1850942,22.2359831],[114.1851236,22.2359767],[114.1851099,22.2359184],[114.1850815,22.2359245],[114.1850875,22.2359532],[114.1850724,22.2359561],[114.1851,22.2358509],[114.1851506,22.2356592],[114.1851639,22.2356253],[114.1852227,22.235627],[114.1852148,22.2357272],[114.1852809,22.2357293],[114.1852884,22.2356689],[114.1854185,22.2356935],[114.1855016,22.2357218],[114.1855071,22.2357342],[114.1855488,22.2357246],[114.1855943,22.235813],[114.1856162,22.2358556],[114.185701,22.2358222],[114.1856526,22.2357206],[114.1856811,22.2357195],[114.1857065,22.2357088],[114.1857169,22.2356941],[114.1857453,22.2356822],[114.185775,22.2356642],[114.1858077,22.2356659],[114.1858465,22.2356512],[114.1858568,22.2356405],[114.1859611,22.2355677],[114.1860079,22.2355795],[114.1860599,22.2355834],[114.1861491,22.2355705],[114.1861739,22.2355304],[114.1862097,22.2355179],[114.186232,22.2357783],[114.1862064,22.2357802],[114.1862136,22.2358779],[114.1864183,22.2358623],[114.1870181,22.2358172],[114.1870269,22.2358241],[114.1870362,22.2359129],[114.1870365,22.2359161],[114.1870294,22.2359245],[114.1863416,22.2359964],[114.1863437,22.2360125],[114.187059,22.2359395],[114.1870461,22.2358227],[114.1870536,22.2358147],[114.1871312,22.2358086],[114.1871295,22.2357888],[114.1871791,22.2357821],[114.1871702,22.235679],[114.1872883,22.2357132],[114.1872664,22.235774],[114.1875168,22.2358566],[114.1875762,22.2358753],[114.1875331,22.2359915],[114.1875417,22.2359944],[114.1875702,22.2360039],[114.1876615,22.2357485],[114.1876847,22.2356836],[114.1877545,22.23569],[114.1878318,22.2356972],[114.1878619,22.2357025],[114.1879951,22.2357832],[114.1881085,22.2358662],[114.1882031,22.2358973],[114.1882942,22.2359167],[114.1882988,22.2359294],[114.1883662,22.2359294],[114.1883923,22.2359209],[114.1883886,22.2359006],[114.1884426,22.2358825],[114.1885074,22.2358842],[114.1885656,22.235913],[114.1886203,22.2359181],[114.1886323,22.2359249],[114.1886505,22.2359276],[114.1886596,22.2359181],[114.1886839,22.2359164],[114.1887075,22.2359209],[114.1887778,22.235948],[114.1888002,22.2359491],[114.1888032,22.23594],[114.1888099,22.235939],[114.1888112,22.2359299],[114.1888178,22.2359294],[114.1888258,22.2359101],[114.1888664,22.2358983],[114.188884,22.2358983],[114.1888881,22.2358915],[114.1889082,22.2358842],[114.1889136,22.2358442],[114.1889088,22.2358289],[114.1889112,22.2358126],[114.1889179,22.2358058],[114.1890034,22.2358221],[114.1890124,22.2358271],[114.1890719,22.2358176],[114.189115,22.2358012],[114.1891233,22.2357917],[114.1891233,22.2357639],[114.1891573,22.2357437],[114.189201,22.2357437],[114.1892264,22.2357335],[114.1892597,22.2357323],[114.1893034,22.2357352],[114.1893295,22.2357425],[114.1893465,22.2357431],[114.1893814,22.2357412],[114.1893895,22.2357408],[114.1893974,22.2357391],[114.1893987,22.2357318],[114.1894374,22.2357086],[114.1894744,22.2356956],[114.1895011,22.2356826],[114.1895083,22.2356816],[114.1895435,22.2356494],[114.1895854,22.23562],[114.189629,22.235585],[114.1896375,22.2355805],[114.1896544,22.2355652],[114.1896587,22.2355568],[114.1896794,22.2355331],[114.18968,22.2355252],[114.1896739,22.2354925],[114.1896576,22.2354849],[114.189646,22.2354795],[114.1896406,22.2354676],[114.1896169,22.2354603],[114.1895538,22.2354852],[114.1895144,22.2354811],[114.1895345,22.2354789],[114.189552,22.2354676],[114.1895569,22.2354609],[114.189555,22.235453],[114.1895569,22.2354445],[114.1895507,22.2354394],[114.1895374,22.2354129],[114.1895077,22.2354016],[114.1895016,22.2353971],[114.1895065,22.2353891],[114.1895053,22.2353807],[114.1894792,22.235357],[114.1894652,22.2353496],[114.189458,22.2353502],[114.1893955,22.2353237],[114.1893884,22.2353124],[114.1893901,22.2352961],[114.1893744,22.2352723],[114.1893689,22.235256],[114.1893489,22.2352244],[114.1893325,22.2351848],[114.1893289,22.2351691],[114.1893108,22.2351685],[114.1893065,22.2351606],[114.1892979,22.2351126],[114.1892725,22.2350652],[114.1892713,22.2350489],[114.1892688,22.2350404],[114.1892561,22.2350173],[114.1892574,22.2350087],[114.1892543,22.2349839],[114.1892634,22.2349529],[114.1892531,22.2349253],[114.189273,22.2349055],[114.1893016,22.2349112],[114.1893191,22.2349219],[114.1893386,22.2349264],[114.1893543,22.2349258],[114.1893634,22.2349219],[114.1893713,22.2349212],[114.1893781,22.2349217],[114.1893889,22.2349224],[114.1893943,22.2349055],[114.1893949,22.234897],[114.1894065,22.2348948],[114.1894143,22.2348948],[114.1894191,22.2348891],[114.1894191,22.2348812],[114.1893962,22.2348767],[114.1893889,22.2348728],[114.189387,22.2348653],[114.1893906,22.2348575],[114.1893973,22.2348524],[114.1894046,22.2348412],[114.1894234,22.2348406],[114.189432,22.2348457],[114.1894574,22.2348428],[114.189475,22.2348349],[114.1894828,22.2348361],[114.1895241,22.2347937],[114.1895447,22.2347615],[114.1895665,22.2347378],[114.1895653,22.2347254],[114.1920599,22.2361633],[114.1919079,22.23612],[114.1917832,22.2360621],[114.1917459,22.2360513],[114.1916281,22.2360313],[114.1915601,22.2360065],[114.1914212,22.2359711],[114.1913432,22.235959],[114.1911953,22.23596],[114.1911501,22.2359659],[114.1910524,22.2359958],[114.190898,22.2360281],[114.1908201,22.2360547],[114.1907595,22.2360825],[114.1907066,22.2360996],[114.1906555,22.2361291],[114.190618,22.2361235],[114.1905658,22.2360867],[114.190481,22.2360416],[114.1904342,22.236033],[114.190364,22.2360333],[114.1901804,22.2360339],[114.1900719,22.2360427],[114.1899395,22.2360644],[114.1898949,22.2360872],[114.1898591,22.2361128],[114.1898299,22.2361407],[114.1898082,22.2361773],[114.1897785,22.2362042],[114.1897537,22.2362418],[114.1897291,22.2362681],[114.1896915,22.2363331],[114.1896621,22.2363449],[114.1896177,22.2364082],[114.1895872,22.2364461],[114.1895676,22.2364706],[114.1895253,22.2365361],[114.1892293,22.2367813],[114.1891925,22.2367832],[114.1891648,22.2367901],[114.1891384,22.2368091],[114.189104,22.2368162],[114.1890765,22.23683],[114.1890353,22.2368771],[114.188985,22.2369539],[114.1889685,22.236971],[114.188937,22.2369949],[114.1889357,22.2369886],[114.1889283,22.2369818],[114.1889246,22.2369819],[114.1889172,22.2369865],[114.1889157,22.2369934],[114.1889206,22.2370093],[114.1888318,22.2370601],[114.1888082,22.2370751],[114.1887039,22.237131],[114.1886621,22.2371564],[114.1885694,22.2372298],[114.1884342,22.237398],[114.1883148,22.237576],[114.1882862,22.2376187],[114.1882596,22.2376453],[114.1882068,22.2376739],[114.188142,22.2378721],[114.1881085,22.2379339],[114.1880383,22.238064],[114.1879958,22.2381081],[114.1879176,22.2381611],[114.1878673,22.2382136],[114.1878388,22.2382604],[114.1877794,22.2384089],[114.1877537,22.2384465],[114.1877454,22.2384586],[114.1877061,22.2385094],[114.1876309,22.2386171],[114.187546,22.238729],[114.1874163,22.2388735],[114.1873259,22.2389919],[114.1870756,22.2392764],[114.1869966,22.239395],[114.1869846,22.239413],[114.1869101,22.2395141],[114.1868816,22.2395604],[114.1868173,22.239605],[114.1867245,22.239649],[114.1866997,22.23968],[114.1866949,22.2397026],[114.1867052,22.2397297],[114.1867464,22.2397545],[114.1867507,22.2397715],[114.1866239,22.2400113],[114.1866039,22.2400678],[114.1865985,22.2401276],[114.186633,22.2402789],[114.186633,22.2403556],[114.186644,22.2403709],[114.1866779,22.2403866],[114.1867658,22.2405141],[114.1867889,22.2405317],[114.186821,22.2405853],[114.1868283,22.2406079],[114.1868294,22.240615],[114.1868313,22.2406282],[114.1868337,22.2408269],[114.1868362,22.2408409],[114.1868404,22.2408534],[114.186878,22.2409263],[114.1869211,22.2409928],[114.1869259,22.2410414],[114.186764,22.2413394],[114.1867584,22.2413543],[114.1867168,22.2414641],[114.1867125,22.2415166],[114.1867331,22.2415686],[114.1867561,22.2415951],[114.1867847,22.2416171],[114.1869364,22.2417048],[114.1870296,22.2417588],[114.1870647,22.241791],[114.1871909,22.2420031],[114.187246,22.2420608],[114.1872891,22.2420849],[114.1873371,22.242098],[114.1874292,22.2421035],[114.1874752,22.2421007],[114.1875214,22.2420945],[114.1875359,22.242168],[114.1875402,22.2422018],[114.1875444,22.2422334],[114.1875299,22.2422339],[114.1875357,22.2422732],[114.1875389,22.2422774],[114.1875644,22.2422763],[114.1875637,22.2422672],[114.1875571,22.2421787],[114.1875449,22.2420894],[114.1875953,22.2420838],[114.1876492,22.2420826],[114.1877039,22.2420867],[114.1877881,22.2421013],[114.1878657,22.2421251],[114.1879615,22.242173],[114.1880016,22.2422012],[114.1880707,22.2422644],[114.1881022,22.2423],[114.1880434,22.2423361],[114.1882143,22.2428125],[114.1882398,22.2428096],[114.1882431,22.2428843],[114.1882471,22.2429762],[114.1882441,22.2430303],[114.1882377,22.2430994],[114.1882332,22.2431472],[114.1882168,22.2432386],[114.1881629,22.2434672],[114.1880567,22.2437912],[114.1879877,22.2439662],[114.1879076,22.2441055],[114.1878245,22.2442257],[114.1876645,22.2444166],[114.1874693,22.2446214],[114.1873475,22.2447354],[114.1865683,22.2453355],[114.1864017,22.2454523],[114.1863687,22.2454729],[114.1862797,22.2455283],[114.1861843,22.2455869],[114.1861669,22.2455965],[114.186127,22.2456185],[114.1861214,22.2456216],[114.1861165,22.2456242],[114.1861131,22.2456262],[114.1860023,22.2456854],[114.1859891,22.2456921],[114.1858569,22.2457584],[114.1858799,22.2456192],[114.1858359,22.2456151],[114.1858085,22.2457704],[114.1857764,22.2457623],[114.1857442,22.2457457],[114.1856485,22.2456626],[114.1856205,22.2456278],[114.1856019,22.2456172],[114.1855828,22.2454645],[114.1855542,22.2454675],[114.1855677,22.2455795],[114.1855542,22.2455517],[114.1855376,22.2455489],[114.1855278,22.24553],[114.1855306,22.2455129],[114.1855257,22.2455098],[114.185527,22.2454994],[114.1855131,22.2454609],[114.1854927,22.2454611],[114.1854763,22.2454545],[114.1854965,22.2453823],[114.1855234,22.2453892],[114.1855324,22.2453587],[114.1854607,22.2453373],[114.1854497,22.2453689],[114.1854755,22.2453768],[114.1854546,22.2454489],[114.1854467,22.245454],[114.1854394,22.2454682],[114.1854231,22.2455196],[114.1853667,22.245532],[114.1853109,22.2455352],[114.1853152,22.2455252],[114.1852957,22.2455088],[114.1852672,22.2454998],[114.1852254,22.2455009],[114.1852061,22.2454755],[114.1851781,22.2454637],[114.1851502,22.245493],[114.1851278,22.245484],[114.1850175,22.2454196],[114.1849234,22.2453802],[114.1848781,22.2453429],[114.1848404,22.2453282],[114.1847596,22.2452711],[114.1847409,22.2452599],[114.1846919,22.2452249],[114.1846585,22.2452227],[114.1845845,22.2452035],[114.1845639,22.2452063],[114.1845203,22.2451956],[114.1845076,22.2451798],[114.1844839,22.2451707],[114.184468,22.2451736],[114.1844493,22.2451855],[114.184416,22.2451809],[114.1842493,22.2452198],[114.1842255,22.2452131],[114.1841923,22.2452006],[114.184165,22.2451855],[114.1841365,22.24516],[114.184128,22.2451572],[114.1841032,22.2451532],[114.1840953,22.2451544],[114.1840703,22.245164],[114.1840614,22.2451737],[114.1840509,22.2452142],[114.184077,22.2452593],[114.1838679,22.2453],[114.1836326,22.2454231],[114.183409,22.245484],[114.1831591,22.2455072],[114.1828668,22.2455031],[114.182825,22.2454761],[114.1828028,22.2454751],[114.182725,22.2454715],[114.1826734,22.2454953],[114.1825244,22.2454778],[114.1823964,22.2453762],[114.1823988,22.2453542],[114.1823872,22.2453327],[114.1823806,22.245326],[114.1823576,22.2453102],[114.1823446,22.245299],[114.1823424,22.2452972],[114.1823018,22.2452786],[114.1822909,22.2452751],[114.182283,22.2452679],[114.182129,22.2451938],[114.182075,22.245187],[114.1819504,22.245171],[114.1813481,22.2450943],[114.1813153,22.24509],[114.1812214,22.2450952],[114.1810346,22.2450861],[114.1808903,22.2450296],[114.1808242,22.2449992],[114.1807733,22.2449935],[114.1804835,22.245011],[114.1804356,22.2449913],[114.1803386,22.244998],[114.1802998,22.2450229],[114.1802882,22.2450178],[114.1801809,22.2449884],[114.1799638,22.2449236],[114.1798754,22.2448986],[114.1796856,22.2448349],[114.1795516,22.2447779],[114.1794818,22.2447379],[114.1794031,22.2446786],[114.1792897,22.2445527],[114.1792145,22.2444416],[114.1791902,22.2443811],[114.1791827,22.2443426],[114.1791956,22.2443354],[114.1792024,22.2443276],[114.1791908,22.2443116],[114.1791781,22.2443078],[114.179177,22.2443038],[114.179183,22.2442971],[114.1791757,22.2442885],[114.1791648,22.2442682],[114.1791611,22.2442655],[114.1791527,22.2442655],[114.1791442,22.2442598],[114.1791314,22.2442655],[114.1791272,22.244266],[114.1791176,22.2442638],[114.1791072,22.244266],[114.1790866,22.2442587],[114.1790635,22.2442451],[114.1790236,22.2442174],[114.1789526,22.2441571],[114.1788325,22.2440369],[114.1787841,22.2439747],[114.1787313,22.243898],[114.1786744,22.2438065],[114.1786664,22.2438008],[114.1786252,22.2437833],[114.1785919,22.2437744],[114.1785748,22.2437647],[114.1785727,22.2437628],[114.1786994,22.2436869],[114.1788062,22.2436095],[114.178951,22.2435049],[114.1790091,22.2435727],[114.1790461,22.2435465],[114.1789586,22.2434412],[114.1789335,22.2434578],[114.1789452,22.243475],[114.1787877,22.2435914],[114.1786989,22.2436571],[114.1785575,22.243743],[114.1785354,22.2437253],[114.1785258,22.2437134],[114.178502,22.2436739],[114.1784875,22.2436395],[114.1784821,22.2436163],[114.1784827,22.2435909],[114.1784918,22.2435503],[114.1784912,22.2435329],[114.1784815,22.2435068],[114.1784663,22.2434808],[114.1784567,22.2434538],[114.1784549,22.2434284],[114.178461,22.2433906],[114.1784675,22.2433116],[114.1784724,22.2432793],[114.1784845,22.2432421],[114.1785015,22.2431744],[114.1785004,22.2431591],[114.1784955,22.2431479],[114.1784875,22.24314],[114.1784597,22.2431343],[114.1784421,22.2431343],[114.178433,22.2431293],[114.1784222,22.2431145],[114.1784136,22.2430745],[114.1784166,22.2430418],[114.1784276,22.2430305],[114.17845,22.2430164],[114.178464,22.2430005],[114.1784675,22.2429927],[114.1784652,22.2429684],[114.1784815,22.2429233],[114.1784839,22.2429012],[114.1784628,22.242817],[114.1784621,22.2428143],[114.1784536,22.2427884],[114.1784319,22.2427493],[114.1784245,22.2427246],[114.1784215,22.2426659],[114.1784282,22.242641],[114.178447,22.2426128],[114.1784579,22.2425862],[114.1784573,22.2425823],[114.1784544,22.242577]],[[114.1810801,22.2450461],[114.1810594,22.2450556],[114.1810582,22.2450636],[114.1810637,22.2450715],[114.1810716,22.2450747],[114.181088,22.2450754],[114.1811031,22.2450742],[114.1811128,22.2450692],[114.1811159,22.2450618],[114.181111,22.2450545],[114.181088,22.2450466],[114.1810801,22.2450461]],[[114.1822381,22.24519],[114.1822309,22.2451938],[114.1822272,22.2452006],[114.1822279,22.2452074],[114.1822351,22.2452136],[114.1822678,22.2452261],[114.182283,22.2452289],[114.1822909,22.2452272],[114.1822982,22.2452227],[114.1823006,22.2452159],[114.182297,22.2452092],[114.1822909,22.2452018],[114.1822836,22.245199],[114.1822685,22.2451973],[114.182246,22.2451906],[114.1822381,22.24519]],[[114.1811608,22.245041],[114.1811371,22.2450466],[114.1811268,22.2450618],[114.1811183,22.2450771],[114.1811299,22.2450867],[114.1811535,22.2450845],[114.1811692,22.2450788],[114.181182,22.2450663],[114.1811826,22.2450511],[114.1811686,22.2450415],[114.1811608,22.245041]],[[114.1834647,22.2453852],[114.1834532,22.245387],[114.1834398,22.2453897],[114.1834411,22.245397],[114.1834483,22.2454101],[114.1834483,22.2454179],[114.1834604,22.2454383],[114.1834671,22.245444],[114.1834702,22.2454558],[114.1834763,22.2454502],[114.1834865,22.2454445],[114.1834968,22.245444],[114.183506,22.2454383],[114.1835041,22.2454269],[114.183506,22.2454196],[114.1834956,22.2454061],[114.1834859,22.2454015],[114.1834732,22.2453835],[114.1834647,22.2453852]],[[114.1833599,22.245466],[114.1833677,22.2454648],[114.1833749,22.245475],[114.1833853,22.2454733],[114.1833877,22.2454574],[114.1833931,22.2454564],[114.1833944,22.2454411],[114.1833901,22.2454269],[114.1833767,22.2454231],[114.1833798,22.2454101],[114.1833786,22.2454015],[114.1833659,22.2454005],[114.1833647,22.2454124],[114.1833507,22.245414],[114.183347,22.2454033],[114.1833367,22.245401],[114.1833367,22.2454129],[114.1833325,22.2454191],[114.1833367,22.2454281],[114.1833373,22.2454377],[114.1833319,22.2454462],[114.1833379,22.2454574],[114.1833404,22.2454699],[114.1833501,22.2454693],[114.1833532,22.2454818],[114.1833635,22.2454795],[114.1833599,22.245466]],[[114.1873426,22.2360079],[114.1873721,22.2359209],[114.1873983,22.2358413],[114.1875076,22.2358749],[114.1875149,22.2358597],[114.187276,22.2357844],[114.1872699,22.235801],[114.1873841,22.235837],[114.1873559,22.2359209],[114.187309,22.2360623],[114.1873228,22.2360663],[114.1873426,22.2360079]],[[114.1870842,22.2421753],[114.187069,22.2421769],[114.1870617,22.242181],[114.1870418,22.2422023],[114.1870345,22.2422171],[114.1870308,22.2422312],[114.1870302,22.2422459],[114.1870326,22.2422525],[114.1870405,22.2422566],[114.187086,22.2422623],[114.1871588,22.242251],[114.1871661,22.2422487],[114.1871739,22.242243],[114.1871787,22.2422357],[114.1871793,22.2422278],[114.1871757,22.2422204],[114.1871545,22.2422001],[114.1871388,22.2421911],[114.1871078,22.2421798],[114.1870842,22.2421753]],[[114.1872017,22.2390546],[114.1872351,22.2390676],[114.1872907,22.2389789],[114.1873206,22.2389231],[114.1873344,22.2388333],[114.1873041,22.2388401],[114.1872901,22.238874],[114.1872429,22.238931],[114.1872162,22.2389807],[114.1872017,22.2390546]],[[114.183245,22.2453922],[114.1832234,22.245374],[114.1832152,22.2453715],[114.1831894,22.2453761],[114.1831791,22.2453726],[114.1831666,22.2453623],[114.1831501,22.2453546],[114.1831348,22.2453546],[114.1831154,22.2453598],[114.1831072,22.245366],[114.1831015,22.2453752],[114.1831015,22.2453932],[114.1831098,22.2454139],[114.1831361,22.2454435],[114.1831708,22.245477],[114.1831891,22.2454912],[114.1832069,22.2454987],[114.1832457,22.2454958],[114.1832553,22.2454837],[114.1832699,22.2454386],[114.1832699,22.245431],[114.1832594,22.24541],[114.183245,22.2453922]],[[114.1785353,22.2427861],[114.178544,22.2427742],[114.1785524,22.2427528],[114.1785548,22.2427369],[114.1785464,22.2427053],[114.1785482,22.2426743],[114.1785621,22.2426462],[114.1785677,22.2426286],[114.1785664,22.2426196],[114.178558,22.2426078],[114.1785519,22.2426052],[114.1785422,22.242601],[114.1785227,22.2425992],[114.1784882,22.2426037],[114.1784797,22.2426105],[114.1784724,22.2426439],[114.1784536,22.2426602],[114.1784457,22.2426715],[114.1784427,22.2426878],[114.1784457,22.2427037],[114.1784518,22.2427161],[114.1784924,22.2427691],[114.1785015,22.2427894],[114.1785087,22.2427957],[114.1785136,22.2427969],[114.1785215,22.2427957],[114.1785349,22.2427866],[114.1785353,22.2427861]],[[114.1854217,22.2359592],[114.1854378,22.2359789],[114.1854881,22.2361062],[114.1855088,22.2360996],[114.1854595,22.2359719],[114.1856179,22.2358957],[114.1856959,22.2358591],[114.1857624,22.2359845],[114.1857915,22.2359697],[114.185787,22.2359612],[114.1857122,22.2358218],[114.1854187,22.2359555],[114.1854217,22.2359592]]]]},"properties":{"GmlID":"SRZ.24","OBJNAM":"A6 Deep Water Bay","INFORM":"The speed limit is 5 knots in this area between 8am and 12 midnight on any Saturday or public holiday or on any day during the period from 1 April to 31 October (both dates inclusive) in any year.","OBJECTID":24}},{"type":"Feature","geometry":{"type":"MultiPolygon","coordinates":[[[[114.1299677,22.2178692],[114.130035,22.2178878],[114.1300795,22.2178773],[114.1302217,22.2178438],[114.1303235,22.217841],[114.1303908,22.2178527],[114.1305156,22.2178857],[114.1308381,22.2181951],[114.1307913,22.2182687],[114.1307284,22.2183677],[114.1306792,22.2184451],[114.1305864,22.2183937],[114.1305616,22.2184371],[114.1306979,22.2185179],[114.1308417,22.2182889],[114.1308793,22.218229],[114.1309024,22.2182521],[114.1310932,22.2183109],[114.1311029,22.2183334],[114.1311357,22.2183567],[114.1311459,22.2184503],[114.1311963,22.2185689],[114.1312017,22.2186168],[114.1312041,22.2186366],[114.1312132,22.2186541],[114.1312356,22.2186749],[114.1313458,22.2187179],[114.1314374,22.2187371],[114.1314816,22.2187271],[114.1315931,22.2187507],[114.1316659,22.2187322],[114.1317078,22.2187276],[114.1317744,22.2187547],[114.1318029,22.2187982],[114.1318896,22.2188032],[114.1319811,22.2188897],[114.1320448,22.2189613],[114.1320671,22.2190072],[114.1320593,22.2190381],[114.131982,22.2191039],[114.1319459,22.2191347],[114.1319131,22.2192159],[114.1318469,22.2192763],[114.1318252,22.2193096],[114.1317967,22.2193259],[114.1317912,22.2193513],[114.1318014,22.2194388],[114.131807,22.2194863],[114.1318112,22.2194948],[114.131719,22.2195424],[114.1317125,22.2195311],[114.1316734,22.2195484],[114.1316903,22.2195813],[114.1317303,22.2195637],[114.1317233,22.2195511],[114.1318314,22.2194988],[114.1319487,22.2196387],[114.1318547,22.2197092],[114.1319717,22.2198205],[114.1319968,22.2197939],[114.132177,22.2199382],[114.1321698,22.2200208],[114.1321225,22.2200372],[114.1320614,22.2200491],[114.1319746,22.2200462],[114.1319768,22.2200678],[114.1319858,22.220068],[114.1319412,22.2201068],[114.1319367,22.2201018],[114.1319041,22.220127],[114.1319247,22.2201498],[114.1319562,22.2201252],[114.1319466,22.2201128],[114.1319946,22.2200711],[114.1320054,22.2200707],[114.1320479,22.2200693],[114.1321204,22.220055],[114.1321662,22.2200388],[114.1321704,22.2201163],[114.132208,22.2201986],[114.1322521,22.2202776],[114.1323001,22.2203127],[114.1323565,22.2203087],[114.1324152,22.2203314],[114.132439,22.2203573],[114.1325348,22.2204563],[114.1324595,22.2204904],[114.1324634,22.220498],[114.1325389,22.2204654],[114.132603,22.2205928],[114.1325936,22.220598],[114.1326035,22.2206178],[114.1326002,22.2206339],[114.1325602,22.2206568],[114.1325317,22.2206499],[114.1325106,22.2206487],[114.1324784,22.2206622],[114.1324525,22.2206732],[114.1323826,22.2206935],[114.1323761,22.2206824],[114.1323428,22.2206995],[114.1323644,22.2207329],[114.1323978,22.2207161],[114.1323895,22.2207017],[114.1324588,22.2206828],[114.1325091,22.2206613],[114.1325631,22.2206689],[114.1326213,22.2206329],[114.1326522,22.2207007],[114.1328213,22.2206323],[114.1328358,22.220682],[114.1329763,22.2207569],[114.1330067,22.2207052],[114.1330626,22.2207374],[114.1330655,22.2208119],[114.1329928,22.2208779],[114.1330121,22.220896],[114.1330901,22.2208277],[114.1331481,22.220848],[114.1332461,22.2208241],[114.1333063,22.2208232],[114.1333359,22.2208368],[114.1334438,22.2209266],[114.1335211,22.2210086],[114.1334998,22.2210173],[114.1335689,22.2211664],[114.133581,22.2211925],[114.1334873,22.2212207],[114.1334849,22.2212144],[114.1334564,22.2212223],[114.1334661,22.2212511],[114.133494,22.2212427],[114.1334921,22.2212342],[114.1335791,22.2212073],[114.1335864,22.2212369],[114.1336452,22.2212278],[114.1336596,22.2213296],[114.1336593,22.2213666],[114.133654,22.2213883],[114.1336243,22.2214481],[114.1336147,22.2214534],[114.1335648,22.2214775],[114.1335144,22.2214949],[114.1334593,22.2214943],[114.1332424,22.2214176],[114.1330886,22.2213406],[114.1330951,22.2213286],[114.1330764,22.2213195],[114.133056,22.2213556],[114.1330745,22.2213649],[114.133081,22.221353],[114.1332357,22.2214322],[114.1334133,22.2214971],[114.1334468,22.2215065],[114.1334642,22.2215113],[114.1335297,22.2215074],[114.1336236,22.2214679],[114.1336436,22.2214741],[114.1336163,22.2214803],[114.1335896,22.2214904],[114.1335756,22.2215175],[114.1335933,22.221605],[114.1336684,22.221622],[114.1336696,22.2216423],[114.1336914,22.2216492],[114.1337042,22.2216468],[114.1337127,22.2216203],[114.1337363,22.2216181],[114.1337479,22.2216525],[114.1337436,22.2216746],[114.1337284,22.2216745],[114.1337151,22.2216988],[114.1337361,22.2217211],[114.133749,22.2217523],[114.133777,22.221753],[114.1337879,22.2217443],[114.1334516,22.2229774],[114.1334019,22.2229991],[114.1333703,22.2230346],[114.1333333,22.2230837],[114.1333309,22.2231481],[114.1333206,22.2232068],[114.1333236,22.2232384],[114.1333514,22.2233016],[114.1333423,22.2233457],[114.1332896,22.2234048],[114.1332128,22.2234278],[114.1331883,22.2234602],[114.1331901,22.2235696],[114.1332153,22.2235985],[114.1332289,22.2236476],[114.1331682,22.2237469],[114.1331184,22.2238964],[114.1330663,22.2241199],[114.1331223,22.2242705],[114.1331662,22.2243615],[114.1331437,22.2244677],[114.1331801,22.2245918],[114.1331631,22.2247132],[114.1331606,22.2248254],[114.1331169,22.2249361],[114.1331247,22.2250196],[114.1331155,22.225089],[114.1331428,22.2251048],[114.1331616,22.225093],[114.1331926,22.2251043],[114.1332077,22.2251303],[114.1331725,22.2251512],[114.1331987,22.2251619],[114.133252,22.22515],[114.1332938,22.2251675],[114.1333119,22.2252009],[114.1333562,22.2252387],[114.133412,22.2252579],[114.1334508,22.2252641],[114.1334999,22.2252534],[114.1335544,22.225259],[114.1336066,22.2252263],[114.1336387,22.2252494],[114.1336693,22.2253327],[114.1337702,22.2254143],[114.1338035,22.225512],[114.1338486,22.2255426],[114.1339114,22.2255854],[114.1340193,22.2255956],[114.1340284,22.2256989],[114.1342587,22.2258502],[114.1343156,22.2258983],[114.134392,22.2258796],[114.1344471,22.2259355],[114.1345085,22.2259361],[114.1346017,22.2259932],[114.134663,22.2260208],[114.134668,22.2260739],[114.1346768,22.2261422],[114.1347041,22.2261822],[114.1348146,22.2262631],[114.134832,22.2262393],[114.1349029,22.2262489],[114.1349011,22.2262725],[114.1348799,22.2262833],[114.1348569,22.2263059],[114.1348569,22.2263198],[114.1267311,22.2231077],[114.1265742,22.223069],[114.1265622,22.2231203],[114.1266145,22.2231322],[114.1265887,22.2232333],[114.126563,22.2232422],[114.1265461,22.2232594],[114.1265081,22.2234556],[114.1264999,22.2234957],[114.1264999,22.2235004],[114.1265031,22.2235182],[114.1265074,22.2235292],[114.1265118,22.2235373],[114.1265156,22.2235427],[114.1264569,22.2236065],[114.1264035,22.2236522],[114.1262871,22.2237154],[114.1260882,22.2237198],[114.1259167,22.2237728],[114.1257857,22.2237852],[114.1257045,22.2237845],[114.1256166,22.2237767],[114.1255614,22.2237569],[114.125494,22.2237069],[114.125507,22.2236988],[114.1254996,22.2236845],[114.1254834,22.2236946],[114.1254293,22.2235959],[114.1253645,22.2234306],[114.1253186,22.2232488],[114.1252913,22.2230947],[114.1252774,22.2229756],[114.1252793,22.2227453],[114.1252957,22.2227081],[114.1253258,22.2227144],[114.1253312,22.2226968],[114.1252993,22.2226905],[114.125306,22.2226562],[114.1253074,22.2225236],[114.1253255,22.2224355],[114.1253874,22.2222995],[114.125425,22.2222425],[114.1254493,22.2222154],[114.1255148,22.2222374],[114.125609,22.2222491],[114.1256294,22.2222476],[114.1256627,22.22222],[114.1257306,22.2221986],[114.1257803,22.22218],[114.1257979,22.2221484],[114.1258097,22.2220672],[114.1258246,22.222005],[114.1258888,22.2219023],[114.1259556,22.221874],[114.1259836,22.2218746],[114.1260648,22.2218295],[114.1261605,22.221759],[114.1262358,22.2217167],[114.126337,22.2216326],[114.1264631,22.2215385],[114.1265377,22.2214832],[114.1266117,22.2213969],[114.1266681,22.2213269],[114.1266918,22.2212727],[114.1267549,22.2212304],[114.1267985,22.2212033],[114.1268434,22.2211622],[114.1268706,22.2211306],[114.1268895,22.2210809],[114.1268895,22.2210345],[114.1268919,22.2209866],[114.1269022,22.2209042],[114.1268786,22.2208884],[114.1268471,22.2208884],[114.1268338,22.2208421],[114.1268495,22.2207924],[114.1269108,22.2207225],[114.1269581,22.220723],[114.1270936,22.2207776],[114.1272056,22.2208229],[114.1271916,22.2208507],[114.1272456,22.2208666],[114.1272874,22.220879],[114.1272903,22.2209421],[114.1272804,22.2209424],[114.1272884,22.2210167],[114.1273152,22.221014],[114.1273077,22.2209416],[114.1272969,22.2209421],[114.1272934,22.2208808],[114.1273202,22.2208468],[114.1272039,22.2207824],[114.1271105,22.2207454],[114.1271157,22.2207383],[114.1271248,22.2207191],[114.1271267,22.2207073],[114.1271145,22.2206914],[114.1270915,22.2206847],[114.1270781,22.2206836],[114.1270764,22.2206452],[114.1270812,22.2206033],[114.1270667,22.2205752],[114.1270497,22.2205504],[114.1270315,22.2205385],[114.1270219,22.2205345],[114.1270158,22.2205379],[114.1270042,22.2205593],[114.1269921,22.2205634],[114.126974,22.2205802],[114.1269569,22.2205836],[114.1269485,22.220552],[114.1269503,22.2205075],[114.1269424,22.2204797],[114.1269258,22.2204529],[114.1268958,22.2204312],[114.1269043,22.2204024],[114.1269364,22.2203618],[114.1269255,22.2203279],[114.1269262,22.220298],[114.1269504,22.2201998],[114.1269807,22.2201411],[114.1270838,22.2199921],[114.1271415,22.219917],[114.127247,22.2198398],[114.1273313,22.219806],[114.1273834,22.2197535],[114.1274356,22.2197095],[114.127504,22.2196627],[114.1275251,22.2196552],[114.1275441,22.2196475],[114.1275599,22.2196536],[114.1276169,22.2196232],[114.1276345,22.2196362],[114.1276775,22.2196385],[114.1277326,22.2196154],[114.1277945,22.2195724],[114.1277714,22.2195194],[114.1278352,22.2194765],[114.1279121,22.2194523],[114.1280055,22.2194461],[114.1281255,22.2194123],[114.1282571,22.2193908],[114.1283486,22.2193259],[114.1283887,22.2192881],[114.1284773,22.219269],[114.1286021,22.2192199],[114.1287033,22.2191777],[114.1287658,22.2191449],[114.1289234,22.2191156],[114.1290258,22.2190756],[114.1290701,22.2190417],[114.1291338,22.218974],[114.1291526,22.2189509],[114.1291854,22.2189504],[114.1292485,22.2188844],[114.1293084,22.218816],[114.12938,22.2187596],[114.1294496,22.2187325],[114.1294739,22.21871],[114.1294982,22.218732],[114.1295279,22.2187631],[114.1295145,22.2187744],[114.1295412,22.2187992],[114.1295692,22.2187737],[114.1295436,22.2187501],[114.1295346,22.2187569],[114.1294795,22.2187038],[114.1294891,22.2187038],[114.1295667,22.2186028],[114.1295941,22.2185537],[114.1296061,22.2185497],[114.1296264,22.2185053],[114.1296505,22.2184318],[114.1297318,22.2182298],[114.1297221,22.2182163],[114.1297445,22.2181863],[114.12981,22.2181282],[114.1298379,22.2180825],[114.1299095,22.2180475],[114.129927,22.2179972],[114.129938,22.2179278],[114.1299095,22.2178618],[114.1298495,22.2177895],[114.1298811,22.2177783],[114.1299332,22.2178087],[114.1299677,22.2178692]]]]},"properties":{"GmlID":"SRZ.25","OBJNAM":"A7 Luk Chau Wan","INFORM":"The speed limit is 5 knots in this area between 8am and 12 midnight on any Saturday or public holiday or on any day during the period from 1 April to 31 October (both dates inclusive) in any year.","OBJECTID":25}},{"type":"Feature","geometry":{"type":"MultiPolygon","coordinates":[[[[114.2183835,22.2171031],[114.2189332,22.2275972],[114.2189063,22.2275695],[114.2188783,22.2275622],[114.2187626,22.2276389],[114.2187414,22.2276847],[114.2187281,22.2276948],[114.2186947,22.2276926],[114.2187183,22.2276519],[114.2187116,22.2276175],[114.2186917,22.2276034],[114.2186589,22.227613],[114.2186256,22.2276604],[114.2185583,22.227674],[114.2185311,22.2276695],[114.2185734,22.2275623],[114.2185661,22.2274894],[114.2185856,22.2274793],[114.218568,22.2274567],[114.2185837,22.2273765],[114.2185631,22.2273393],[114.2184594,22.2273195],[114.2184375,22.2273292],[114.2183806,22.2272924],[114.2183745,22.2273055],[114.2183818,22.2273303],[114.2183672,22.2273444],[114.21836,22.2273727],[114.2183412,22.2273727],[114.2183176,22.2273924],[114.2183079,22.2273839],[114.2183079,22.2273523],[114.2183321,22.2273151],[114.218329,22.2273078],[114.2182987,22.227288],[114.2182533,22.2272948],[114.2182327,22.22728],[114.2182308,22.2272541],[114.2182739,22.2272022],[114.2182642,22.227122],[114.2182805,22.2270464],[114.2182787,22.2270346],[114.2182313,22.2270097],[114.2182313,22.2270018],[114.2182556,22.2269804],[114.2183011,22.2269651],[114.2183314,22.2269381],[114.218352,22.2268861],[114.2183472,22.2268748],[114.2183356,22.2268726],[114.2183084,22.2269087],[114.2183041,22.2268997],[114.2183174,22.2268618],[114.2183107,22.2268465],[114.2182277,22.2268551],[114.2182507,22.2268336],[114.2182568,22.2267873],[114.2182253,22.2267517],[114.2182349,22.2266976],[114.2182162,22.2266536],[114.2182325,22.2266288],[114.218201,22.226604],[114.2182028,22.2265695],[114.2181827,22.2265526],[114.2181355,22.2265385],[114.2181009,22.2265565],[114.2180773,22.2265977],[114.218073,22.2265757],[114.2180396,22.2265249],[114.2180355,22.2264583],[114.2180232,22.2264256],[114.2179712,22.2263905],[114.2179687,22.2263737],[114.2179493,22.2263782],[114.2179221,22.2263471],[114.217876,22.2263319],[114.2178681,22.2263376],[114.2178718,22.2263512],[114.2178033,22.226376],[114.2177651,22.2263986],[114.2177771,22.2263416],[114.2177747,22.2263032],[114.2177692,22.2262947],[114.217762,22.2262919],[114.2177535,22.2262913],[114.2177365,22.2262993],[114.2177292,22.2262987],[114.2177001,22.2262801],[114.2176928,22.226245],[114.2176995,22.226223],[114.2176971,22.2262089],[114.2176916,22.2262016],[114.2176765,22.2261994],[114.2176491,22.226175],[114.2176098,22.2261711],[114.2175716,22.2261847],[114.2175467,22.2261881],[114.2175273,22.2261994],[114.2175043,22.2261972],[114.2174885,22.2262072],[114.217474,22.2262085],[114.2174595,22.2261864],[114.2174546,22.2261644],[114.2174667,22.2261514],[114.2174818,22.2261481],[114.2174971,22.2261503],[114.2175025,22.2261435],[114.2175139,22.2260781],[114.2175152,22.2260492],[114.2175097,22.2260279],[114.217491,22.2260063],[114.2174516,22.2259866],[114.2174315,22.2259584],[114.2174242,22.2259533],[114.2173994,22.2259409],[114.2173515,22.2259285],[114.2173357,22.225919],[114.217329,22.2259048],[114.2173284,22.2258896],[114.2173454,22.2258546],[114.2173466,22.2258404],[114.2173314,22.2258185],[114.217315,22.2258061],[114.2173004,22.2257976],[114.2172968,22.2257908],[114.2172987,22.2257835],[114.2173072,22.2257783],[114.2173326,22.2257767],[114.2173793,22.2257564],[114.217386,22.2257417],[114.2173848,22.2257309],[114.2173781,22.2257224],[114.2173672,22.2257157],[114.2173284,22.2257129],[114.2173072,22.2257056],[114.217295,22.2256875],[114.2172374,22.2256457],[114.217192,22.2256373],[114.2171859,22.2256457],[114.2171659,22.225656],[114.2171029,22.225639],[114.2170956,22.2256351],[114.217081,22.225613],[114.217018,22.225578],[114.2169991,22.2255555],[114.2169877,22.2255307],[114.2170253,22.2255583],[114.2170664,22.2255544],[114.2170737,22.2255471],[114.2170992,22.2254849],[114.2170931,22.2254674],[114.2170676,22.2254443],[114.2170549,22.2254121],[114.2170185,22.225371],[114.2169622,22.2253387],[114.2169295,22.2253309],[114.2169045,22.2253297],[114.21687,22.2253382],[114.2168536,22.2253512],[114.2168457,22.2253846],[114.2168579,22.2254516],[114.2168221,22.2254308],[114.2168258,22.225415],[114.2167979,22.2253732],[114.21679,22.2253484],[114.2167827,22.22534],[114.216753,22.2253292],[114.2167354,22.2253286],[114.2167178,22.2253457],[114.2167172,22.2253592],[114.216753,22.2254065],[114.2167549,22.2254127],[114.2167512,22.2254167],[114.2167045,22.2253924],[114.2166191,22.2253643],[114.2166032,22.2253558],[114.2165929,22.2253422],[114.2165892,22.225327],[114.2166203,22.2253321],[114.2166433,22.2253242],[114.2166553,22.2253106],[114.2166524,22.2252948],[114.2166584,22.2252728],[114.216653,22.2252654],[114.2166038,22.225244],[114.2165632,22.2252361],[114.216539,22.2252198],[114.2165195,22.2251983],[114.2164971,22.2252001],[114.2164801,22.2251815],[114.2164626,22.2251735],[114.2164364,22.2251797],[114.2164068,22.2252023],[114.216399,22.225204],[114.2163947,22.2252181],[114.2164057,22.2252276],[114.2163837,22.2252266],[114.2163685,22.2252141],[114.2163395,22.2251769],[114.2162777,22.2251369],[114.2162909,22.225108],[114.2163171,22.2250849],[114.2162819,22.2250634],[114.2162273,22.2250448],[114.2162061,22.2250466],[114.2161994,22.2250511],[114.2161952,22.2250703],[114.2161885,22.2250832],[114.2161813,22.2250889],[114.2161449,22.2250805],[114.216108,22.2250489],[114.2159921,22.2250551],[114.2159024,22.2250449],[114.2158369,22.2250252],[114.2158496,22.2249597],[114.215695,22.2248796],[114.2155635,22.2248294],[114.215578,22.2248062],[114.2155725,22.224778],[114.2155865,22.2247566],[114.2156392,22.2247655],[114.215641,22.2247735],[114.2157756,22.224787],[114.2158077,22.2247684],[114.2158048,22.2247498],[114.2157184,22.2247342],[114.2155349,22.2247013],[114.2155022,22.2247121],[114.2154707,22.2246855],[114.2155197,22.224663],[114.2155367,22.2246669],[114.2155507,22.2246821],[114.2155853,22.2246646],[114.2156526,22.2246832],[114.2156908,22.2246724],[114.2156919,22.2246561],[114.2157301,22.2246436],[114.2157126,22.2246217],[114.2156513,22.224634],[114.2156386,22.2246178],[114.2156506,22.2245833],[114.2156732,22.2245731],[114.2156652,22.2245467],[114.2156501,22.2245319],[114.2155779,22.2245512],[114.2155512,22.2246178],[114.2155331,22.2246223],[114.2155154,22.2246054],[114.2155009,22.2245449],[114.2153094,22.2245704],[114.2152755,22.2245495],[114.2152918,22.22451],[114.2154136,22.2244796],[114.2154154,22.2244457],[114.2154439,22.22444],[114.2154378,22.2244061],[114.215407,22.2244107],[114.2153876,22.2244314],[114.2153585,22.2244355],[114.21535,22.2244203],[114.2153518,22.2244016],[114.2153397,22.2243853],[114.2152755,22.224396],[114.2152578,22.2244056],[114.21525,22.2244282],[114.2152359,22.2244443],[114.2152318,22.224449],[114.2152082,22.2244315],[114.2151414,22.2244304],[114.2150789,22.224392],[114.2150541,22.2243888],[114.2150305,22.2243938],[114.2150081,22.2244034],[114.2149632,22.2243537],[114.2149414,22.2243193],[114.2149086,22.2242263],[114.2148843,22.2240574],[114.2148934,22.2240004],[114.2149128,22.2239497],[114.2149358,22.2239072],[114.2149443,22.2238954],[114.2149504,22.2238904],[114.2149575,22.2238881],[114.2149649,22.2238886],[114.2149855,22.2238927],[114.215014,22.2239011],[114.2150243,22.2239095],[114.2150116,22.2239129],[114.2150086,22.2239168],[114.2150067,22.2239258],[114.2150109,22.223931],[114.2150183,22.2239327],[114.2150238,22.2239315],[114.2150329,22.2239258],[114.2150352,22.223918],[114.2150425,22.2239208],[114.2150492,22.2239208],[114.2150626,22.2239175],[114.2150734,22.2239129],[114.2150801,22.2238959],[114.215088,22.2238948],[114.2150911,22.2238921],[114.2150911,22.2238875],[114.2150844,22.2238785],[114.2150553,22.2238666],[114.2150474,22.2238587],[114.2150377,22.2238424],[114.2150364,22.2238334],[114.2150407,22.2238294],[114.2150642,22.2238248],[114.2150771,22.2238158],[114.215114,22.2237701],[114.2151207,22.2237469],[114.2151383,22.2237108],[114.2151352,22.223695],[114.2151455,22.2236781],[114.2151589,22.2236482],[114.2151668,22.2236233],[114.2151806,22.2235969],[114.2152066,22.2235635],[114.2152139,22.2235347],[114.215217,22.2235053],[114.2152091,22.2234546],[114.2152145,22.2234353],[114.2151994,22.2233981],[114.2151885,22.2233789],[114.215174,22.223353],[114.2151697,22.22334],[114.2151654,22.2233101],[114.2151575,22.2232886],[114.2151429,22.2232621],[114.215129,22.2232452],[114.2151077,22.2232305],[114.2150915,22.2232283],[114.2150593,22.2232299],[114.2150502,22.2232276],[114.2150405,22.2232221],[114.215026,22.2232051],[114.2150017,22.2231582],[114.2149647,22.2231233],[114.2149568,22.2231053],[114.2149495,22.2230979],[114.2149344,22.2230917],[114.2149186,22.2230917],[114.2148913,22.2231007],[114.2148846,22.2230968],[114.2148775,22.2230883],[114.2148708,22.2230719],[114.2148635,22.2230342],[114.2148264,22.2229777],[114.2148247,22.2229721],[114.2148223,22.2229574],[114.2148216,22.2228942],[114.2148131,22.2228609],[114.2148083,22.2228536],[114.2147616,22.2228326],[114.2147555,22.2228253],[114.2147312,22.2227423],[114.2147282,22.2227057],[114.2147918,22.2227739],[114.2148295,22.2227468],[114.2148749,22.222735],[114.2148925,22.2227503],[114.2149404,22.2227136],[114.214967,22.2226735],[114.2149647,22.222666],[114.2149785,22.2226418],[114.2149755,22.2226108],[114.2150022,22.2225956],[114.214987,22.2225697],[114.2149488,22.2225521],[114.2149119,22.2225188],[114.214899,22.2225013],[114.2148602,22.2225295],[114.2148688,22.2225386],[114.2148676,22.2225775],[114.2148403,22.2226035],[114.2148446,22.2226249],[114.2148554,22.2226334],[114.2148192,22.2226588],[114.2147882,22.2226385],[114.2148052,22.2226058],[114.2147998,22.2225899],[114.2148276,22.2225702],[114.2148427,22.2225526],[114.214847,22.2225396],[114.2148421,22.2225256],[114.2148306,22.2225183],[114.2148161,22.2225165],[114.2148106,22.2224889],[114.2148027,22.2224754],[114.2147863,22.2224749],[114.2147694,22.2224438],[114.2147244,22.2224398],[114.2146834,22.2224664],[114.2146548,22.2224365],[114.2146505,22.2224055],[114.214642,22.2223946],[114.2146171,22.2223789],[114.2146129,22.2223693],[114.2145834,22.2223897],[114.2145802,22.2223919],[114.2145517,22.2224252],[114.2146009,22.2224737],[114.2145348,22.2224912],[114.2145263,22.2224907],[114.2145136,22.2224895],[114.2144535,22.2224579],[114.2143741,22.222432],[114.2143541,22.2223953],[114.2143371,22.2224004],[114.2143165,22.2223727],[114.2142577,22.2222547],[114.214197,22.2221018],[114.2141423,22.2218434],[114.2141187,22.2215809],[114.2141183,22.2214441],[114.214118,22.2213495],[114.2142178,22.2202652],[114.2142019,22.2198786],[114.2142123,22.2197934],[114.214274,22.2195665],[114.2143649,22.2193554],[114.2144534,22.2192063],[114.2146001,22.2190358],[114.2147346,22.2189263],[114.214797,22.2188908],[114.2149037,22.2188495],[114.2150164,22.218828],[114.2150898,22.2188252],[114.2151934,22.2188354],[114.2152467,22.2188494],[114.2152365,22.2190069],[114.2151045,22.2191731],[114.2150862,22.2191961],[114.2152032,22.2193337],[114.2152755,22.2192423],[114.2153403,22.2191606],[114.2154693,22.2191028],[114.2154875,22.2191153],[114.2155009,22.2191214],[114.2155076,22.2191197],[114.21551,22.2191147],[114.2155232,22.219114],[114.2155378,22.2191078],[114.2155421,22.2191022],[114.2155421,22.2190892],[114.2155444,22.2190824],[114.2155529,22.2190779],[114.2155633,22.2190684],[114.215576,22.219047],[114.2155796,22.219034],[114.2155778,22.2190306],[114.2155711,22.2190283],[114.2155414,22.219052],[114.2155778,22.2190154],[114.2155802,22.2190068],[114.215579,22.2189888],[114.2155729,22.2189804],[114.2155771,22.2189724],[114.2155845,22.2189809],[114.2155911,22.2189838],[114.2155978,22.2189814],[114.2156045,22.218969],[114.2156226,22.2189527],[114.2156263,22.2189464],[114.2156287,22.2189001],[114.2156463,22.2188709],[114.2156469,22.2188584],[114.2156573,22.2188589],[114.2156595,22.2188493],[114.2156692,22.2188493],[114.2156729,22.2188341],[114.2156953,22.2188257],[114.2157209,22.2188268],[114.2157203,22.2188353],[114.2157578,22.2188369],[114.2157583,22.2188437],[114.2158117,22.2188471],[114.2158117,22.2188528],[114.2158626,22.2188493],[114.2158706,22.2188256],[114.2159003,22.218825],[114.2159045,22.2187838],[114.21591,22.2187567],[114.2159081,22.2187257],[114.2159184,22.2187116],[114.2159875,22.2187194],[114.2159899,22.2187313],[114.215993,22.2187324],[114.216167,22.2187132],[114.2162075,22.2186997],[114.2162354,22.2186827],[114.2162615,22.2186635],[114.2163469,22.2185778],[114.2163779,22.2185557],[114.216413,22.2185281],[114.2164312,22.2185162],[114.2164445,22.2184953],[114.2164924,22.2184574],[114.2164851,22.2184394],[114.216467,22.218422],[114.216467,22.2184123],[114.2164978,22.2183801],[114.2164846,22.2183683],[114.2164935,22.2183463],[114.2165118,22.2183243],[114.2165281,22.2183299],[114.2165548,22.2183129],[114.2166076,22.2182114],[114.2165833,22.2181837],[114.2166438,22.2181109],[114.2166597,22.2181103],[114.2166754,22.2180843],[114.2166839,22.2180821],[114.2166851,22.218077],[114.2167512,22.2180826],[114.2167518,22.2180617],[114.2166875,22.2180562],[114.2166923,22.2180183],[114.2166832,22.2179291],[114.2167293,22.2179167],[114.216759,22.2178772],[114.2168051,22.2178309],[114.216808,22.2178133],[114.216819,22.2178106],[114.2168322,22.2177439],[114.2168196,22.2176836],[114.2168037,22.2176644],[114.2168093,22.2176362],[114.2168432,22.2176334],[114.2168656,22.2176113],[114.2168874,22.2176113],[114.2169201,22.2175978],[114.2169341,22.2174832],[114.2169292,22.2174747],[114.2169474,22.2174403],[114.216948,22.2174194],[114.2169614,22.217425],[114.2169741,22.2174414],[114.2169928,22.2174414],[114.2170032,22.2174538],[114.2171244,22.2174493],[114.2171687,22.217434],[114.2171687,22.2174256],[114.2171765,22.2174227],[114.2171819,22.2174419],[114.2172341,22.2174272],[114.2172238,22.2173906],[114.2172304,22.2173866],[114.2172796,22.2173685],[114.2173244,22.2173759],[114.217385,22.2173555],[114.2174154,22.2173804],[114.2174299,22.2173804],[114.2175093,22.2173549],[114.2175444,22.217307],[114.2175469,22.217268],[114.2175571,22.2172425],[114.21759,22.2172398],[114.2175935,22.2172612],[114.2176705,22.2172596],[114.2177069,22.2172663],[114.2178148,22.2172685],[114.2179626,22.2172442],[114.2179906,22.2172211],[114.2180033,22.2171996],[114.217996,22.2171889],[114.2180014,22.2171844],[114.2179948,22.2171725],[114.2179997,22.2171579],[114.2180196,22.2171325],[114.2180402,22.2171234],[114.2180997,22.2170867],[114.2181136,22.2170811],[114.2181609,22.2170698],[114.2181773,22.2170861],[114.2182166,22.2170974],[114.218227,22.2171093],[114.2182336,22.2171121],[114.2182494,22.2171104],[114.2182536,22.217116],[114.2182658,22.217125],[114.2182979,22.2171301],[114.2183021,22.2171358],[114.2183112,22.2171358],[114.2183354,22.2171295],[114.2183427,22.2171329],[114.2183537,22.2171233],[114.2183835,22.2171031]],[[114.2154316,22.2234704],[114.2154292,22.2234495],[114.2154262,22.2234415],[114.2154201,22.2234359],[114.2154176,22.2234365],[114.2154085,22.2234534],[114.2154128,22.2234681],[114.2154176,22.2234766],[114.2154243,22.2234793],[114.2154286,22.2234771],[114.2154316,22.2234704]],[[114.217115,22.2255809],[114.2170901,22.2255674],[114.2170737,22.2255713],[114.2170701,22.2255787],[114.2170719,22.225586],[114.217095,22.2256],[114.2171107,22.225595],[114.2171168,22.2255882],[114.217115,22.2255809]],[[114.2152558,22.2232457],[114.2152678,22.223244],[114.2152793,22.2232338],[114.2152854,22.2232136],[114.2152775,22.2232045],[114.2152655,22.2232011],[114.2152569,22.223204],[114.2152496,22.2232118],[114.215246,22.2232231],[114.215246,22.2232344],[114.2152478,22.2232401],[114.2152558,22.2232457]],[[114.2154256,22.2235358],[114.215417,22.2235414],[114.2154007,22.2235471],[114.2153958,22.2235544],[114.2153958,22.2235612],[114.2154014,22.223569],[114.2154068,22.2235708],[114.2154207,22.2235679],[114.2154371,22.2235708],[114.2154432,22.2235702],[114.2154467,22.2235669],[114.2154491,22.2235617],[114.2154491,22.2235374],[114.2154418,22.2235318],[114.215431,22.2235329],[114.2154256,22.2235358]],[[114.2153667,22.2234963],[114.215354,22.2235037],[114.2153534,22.223512],[114.2153558,22.2235149],[114.2153825,22.2235082],[114.2153819,22.2235037],[114.2153879,22.223502],[114.2153904,22.2235098],[114.2153898,22.2235206],[114.215394,22.2235245],[114.2154146,22.2235318],[114.2154249,22.2235301],[114.215431,22.223525],[114.2154346,22.2235161],[114.2154341,22.2235109],[114.2154316,22.2235058],[114.2154225,22.2234997],[114.2154133,22.2234963],[114.2153965,22.2234957],[114.2153971,22.2234929],[114.215394,22.2234895],[114.2153771,22.2234861],[114.2153662,22.2234872],[114.2153648,22.2234923],[114.2153667,22.2234963]],[[114.2149786,22.2227914],[114.2149829,22.2227937],[114.2149864,22.2227919],[114.2149895,22.2227852],[114.2149906,22.2227768],[114.2149864,22.2227423],[114.2149767,22.2227361],[114.2149707,22.2227277],[114.2149647,22.2227265],[114.2149585,22.2227282],[114.2149489,22.2227423],[114.2149476,22.2227531],[114.2149543,22.2227654],[114.2149537,22.2227841],[114.2149591,22.2227942],[114.214967,22.2228015],[114.214975,22.2228015],[114.2149792,22.2227965],[114.2149786,22.2227914]],[[114.2159994,22.2249789],[114.2159994,22.2249822],[114.2160013,22.2249852],[114.2160096,22.2249867],[114.21604,22.2249784],[114.2160448,22.2249755],[114.2160484,22.2249716],[114.2160619,22.2249433],[114.2160594,22.224932],[114.2160527,22.2249287],[114.2160327,22.2249314],[114.2160176,22.2249377],[114.2160145,22.2249422],[114.2160121,22.2249506],[114.2159994,22.2249789]],[[114.2158714,22.2249693],[114.2158793,22.2249699],[114.2158873,22.2249659],[114.2158915,22.2249625],[114.2158987,22.2249513],[114.2159091,22.2249326],[114.2159151,22.2249168],[114.2159145,22.2249067],[114.2159102,22.2249016],[114.2159048,22.2248993],[114.2158987,22.2248999],[114.215886,22.2249079],[114.2158708,22.2249265],[114.2158588,22.2249479],[114.2158569,22.2249546],[114.2158588,22.2249608],[114.2158611,22.2249636],[114.2158714,22.2249693]],[[114.2153413,22.2233495],[114.2153625,22.2233524],[114.2153703,22.2233478],[114.2153752,22.22334],[114.2153673,22.2233304],[114.2153642,22.2233207],[114.2153588,22.2233141],[114.2153461,22.2233117],[114.2153346,22.2233141],[114.215317,22.2233078],[114.2153049,22.2233079],[114.2152969,22.2233146],[114.2152933,22.2233242],[114.2152976,22.2233321],[114.2153128,22.2233462],[114.215317,22.2233535],[114.2153224,22.2233568],[114.2153315,22.2233558],[114.2153413,22.2233495]],[[114.2153589,22.2234472],[114.2153673,22.2234534],[114.2153734,22.223454],[114.2153898,22.2234488],[114.2153934,22.2234393],[114.2154,22.223441],[114.2154122,22.223437],[114.215414,22.223432],[114.2154092,22.2234234],[114.2154092,22.223419],[114.2154152,22.2234104],[114.2154231,22.2234089],[114.2154262,22.2234059],[114.2154268,22.223402],[114.2154256,22.2233986],[114.2154213,22.2233941],[114.2154133,22.2233924],[114.215397,22.2233998],[114.2153922,22.2234054],[114.2153885,22.2234122],[114.2153874,22.2234257],[114.2153812,22.2234218],[114.215374,22.2234195],[114.2153728,22.2234082],[114.2153752,22.2233986],[114.2153745,22.2233953],[114.2153715,22.2233936],[114.2153618,22.2233941],[114.2153522,22.2233902],[114.2153497,22.2233918],[114.2153467,22.2233981],[114.2153443,22.2234089],[114.2153467,22.2234122],[114.2153558,22.2234179],[114.2153594,22.2234257],[114.2153648,22.223428],[114.2153626,22.2234308],[114.2153564,22.2234331],[114.2153522,22.223437],[114.215354,22.2234443],[114.2153589,22.2234472]],[[114.2183151,22.227126],[114.2183284,22.2271277],[114.2183447,22.2271231],[114.2183575,22.2271169],[114.2183897,22.2270933],[114.2183914,22.2270904],[114.2183872,22.227078],[114.2183787,22.2270707],[114.2183563,22.2270617],[114.2183266,22.2270797],[114.2183218,22.2270837],[114.2183132,22.2271096],[114.2183121,22.2271175],[114.2183151,22.227126]],[[114.2152539,22.2231672],[114.215269,22.2231717],[114.2153139,22.2231779],[114.2153273,22.2231701],[114.2153327,22.2231622],[114.2153334,22.2231571],[114.2153267,22.2231452],[114.2153108,22.2231328],[114.2152866,22.2231238],[114.2152739,22.223122],[114.2152629,22.2231277],[114.2152491,22.2231418],[114.2152484,22.2231566],[114.2152539,22.2231672]],[[114.2149935,22.2242888],[114.2149911,22.2243142],[114.2150614,22.2243193],[114.2150911,22.2242945],[114.2150978,22.2242724],[114.2150643,22.2242674],[114.2150171,22.2242674],[114.215002,22.2242747],[114.2149935,22.2242888]],[[114.2147928,22.2224119],[114.2148178,22.2223936],[114.2148221,22.2223749],[114.2147972,22.2223484],[114.2147808,22.2223394],[114.2147535,22.2223546],[114.2147233,22.2223337],[114.2147063,22.2223482],[114.2146936,22.2223591],[114.2147015,22.2223721],[114.2147505,22.2224206],[114.2147706,22.2224223],[114.2147863,22.2224167],[114.2147928,22.2224119]],[[114.2185006,22.227012],[114.2184908,22.227017],[114.2184254,22.2270836],[114.2184145,22.2271051],[114.218392,22.2271282],[114.2183666,22.227165],[114.2183606,22.2271846],[114.2183618,22.2272067],[114.2183672,22.2272236],[114.2183818,22.2272349],[114.2184211,22.2272383],[114.218437,22.2272208],[114.2184242,22.2271999],[114.2184188,22.2271796],[114.2184679,22.2271508],[114.2184933,22.2271277],[114.2185024,22.2271248],[114.2185327,22.2270938],[114.2185472,22.2270475],[114.2185436,22.2270226],[114.2185291,22.2270125],[114.2185236,22.227017],[114.2185006,22.227012]],[[114.2186486,22.227525],[114.2188008,22.2275187],[114.2188299,22.2274712],[114.2188383,22.2274674],[114.2188389,22.2274555],[114.2188554,22.2274301],[114.2188493,22.2274018],[114.2188117,22.2274166],[114.2187905,22.2274482],[114.2187765,22.2274539],[114.2187735,22.227468],[114.218748,22.2274685],[114.2187438,22.2274369],[114.2187498,22.2274341],[114.2187504,22.2274188],[114.2187783,22.2273844],[114.2187904,22.2273596],[114.2187789,22.227346],[114.2187493,22.2273471],[114.218745,22.2273556],[114.2187207,22.2273726],[114.218725,22.2273793],[114.2187092,22.227398],[114.2186905,22.2274341],[114.2186576,22.2274442],[114.2186499,22.2274572],[114.2186529,22.2274888],[114.2186486,22.2274991],[114.2186275,22.2275018],[114.2186267,22.2275193],[114.2186486,22.227525]],[[114.2155044,22.2237322],[114.2155086,22.2237152],[114.2155086,22.2237102],[114.2155068,22.2237023],[114.2154971,22.2236966],[114.2154716,22.2236893],[114.2154656,22.2236843],[114.2154637,22.2236786],[114.2154656,22.2236736],[114.2154704,22.2236707],[114.2154928,22.2236763],[114.2154971,22.2236729],[114.2154971,22.2236673],[114.2154941,22.223665],[114.2154693,22.223656],[114.2154656,22.2236515],[114.2154619,22.223643],[114.2154577,22.2236391],[114.2154438,22.223634],[114.2154377,22.2236295],[114.2154371,22.2236238],[114.2154389,22.2236187],[114.2154577,22.2236075],[114.2154607,22.2236036],[114.2154589,22.2236001],[114.2154553,22.223599],[114.2154201,22.2236058],[114.2154098,22.2236036],[114.2153965,22.2235968],[114.2153874,22.2235951],[114.2153819,22.2235968],[114.2153729,22.2236052],[114.2153643,22.2236097],[114.2153352,22.2236149],[114.2153292,22.2236126],[114.2153286,22.2236058],[114.2153335,22.2235979],[114.2153564,22.2235742],[114.21536,22.2235657],[114.2153589,22.2235606],[114.2153564,22.2235567],[114.2153491,22.2235527],[114.2153322,22.2235477],[114.2153273,22.2235443],[114.2153036,22.2235149],[114.2152947,22.2235002],[114.2152898,22.223476],[114.2152831,22.2234669],[114.2152794,22.2234669],[114.215274,22.2234709],[114.2152589,22.223502],[114.21526,22.2235223],[114.2152559,22.2235381],[114.215257,22.2235426],[114.2152637,22.2235465],[114.2152818,22.2235449],[114.215294,22.2235482],[114.2152989,22.2235549],[114.2153013,22.223564],[114.2153103,22.2235702],[114.2153146,22.2235753],[114.2153152,22.2235826],[114.2153128,22.2235883],[114.2152952,22.2236007],[114.2153001,22.2236114],[114.2152989,22.2236149],[114.215297,22.2236182],[114.215288,22.2236233],[114.2152831,22.223629],[114.2152771,22.2236397],[114.2152746,22.2236521],[114.2152753,22.2236628],[114.2152789,22.2236724],[114.2152832,22.2236758],[114.2152934,22.2236786],[114.2153013,22.2236837],[114.2153061,22.2236888],[114.2153074,22.2236944],[114.2153061,22.2237006],[114.2152989,22.2237097],[114.2152928,22.2237102],[114.2152819,22.2237085],[114.2152716,22.2237124],[114.2152656,22.2237192],[114.2152631,22.2237255],[114.2152625,22.2237311],[114.2152686,22.2237407],[114.2152905,22.223752],[114.2152977,22.2237526],[114.2153007,22.2237508],[114.2153061,22.2237503],[114.2153255,22.2237576],[114.2153444,22.2237542],[114.2153462,22.223757],[114.2153455,22.2237593],[114.2153346,22.2237672],[114.215319,22.223783],[114.2153104,22.2237836],[114.2153061,22.2237819],[114.2153013,22.2237767],[114.2152958,22.2237774],[114.215294,22.2237813],[114.2152953,22.2237943],[114.215294,22.2238028],[114.2152958,22.2238073],[114.2153007,22.2238108],[114.2153019,22.2238152],[114.2152916,22.2238203],[114.2152765,22.2238326],[114.2152662,22.2238383],[114.2152534,22.2238389],[114.2152498,22.2238372],[114.2152492,22.2238339],[114.2152511,22.2238226],[114.2152504,22.2238174],[114.215248,22.2238141],[114.2152425,22.2238113],[114.2152207,22.2238101],[114.2151964,22.2238023],[114.2151789,22.2238084],[114.2151746,22.2238124],[114.2151698,22.223822],[114.2151735,22.2238321],[114.2151801,22.2238389],[114.2151813,22.2238424],[114.2151771,22.2238525],[114.2151783,22.2238632],[114.2151758,22.2238683],[114.2151716,22.2238705],[114.2151638,22.22387],[114.2151541,22.2238643],[114.215145,22.2238564],[114.2151352,22.2238548],[114.2151304,22.2238559],[114.2151213,22.2238637],[114.2151207,22.2238728],[114.2151243,22.2238768],[114.2151358,22.2238801],[114.2151413,22.2238852],[114.2151437,22.2239016],[114.2151455,22.2239044],[114.2151541,22.2239056],[114.2151626,22.2239032],[114.2151752,22.2239039],[114.2151832,22.2238987],[114.2151874,22.2238914],[114.215188,22.2238761],[114.2151941,22.2238632],[114.215208,22.2238514],[114.2152195,22.2238519],[114.2152232,22.223858],[114.2152195,22.22387],[114.2152195,22.2238751],[114.2152226,22.2238813],[114.2152299,22.2238869],[114.2152329,22.2238953],[114.215231,22.2239027],[114.2152232,22.2239101],[114.2152226,22.2239168],[114.2152256,22.2239219],[114.215231,22.2239269],[114.2152377,22.223931],[114.2152437,22.2239315],[114.2152498,22.2239242],[114.2152565,22.2239027],[114.2152668,22.2238891],[114.215311,22.2238615],[114.2153226,22.2238513],[114.2153299,22.2238389],[114.2153371,22.223814],[114.2153595,22.223792],[114.2153729,22.2237842],[114.2153892,22.2237785],[114.2153995,22.2237791],[114.2154104,22.2237852],[114.2154257,22.2237836],[114.2154419,22.2237897],[114.215448,22.2237886],[114.2154522,22.2237847],[114.2154529,22.2237689],[114.2154353,22.2237378],[114.2154244,22.2237345],[114.2154062,22.2237373],[114.215394,22.2237361],[114.215388,22.22373],[114.2153899,22.2237215],[114.2154092,22.2237186],[114.2154262,22.2237135],[114.2154413,22.2237141],[114.2154589,22.2237097],[114.2154747,22.2237181],[114.2154936,22.2237406],[114.2154995,22.2237401],[114.2155044,22.2237322]]]]},"properties":{"GmlID":"SRZ.26","OBJNAM":"A10 Tai Tam Bay","INFORM":"The speed limit is 5 knots in this area between 8am and 12 midnight on any Saturday or public holiday or on any day during the period from 1 April to 31 October (both dates inclusive) in any year.","OBJECTID":26}},{"type":"Feature","geometry":{"type":"MultiPolygon","coordinates":[[[[114.197687,22.2295058],[114.1977485,22.2294655],[114.1977735,22.2294706],[114.1978673,22.2295287],[114.1980056,22.2296624],[114.1982063,22.229983],[114.1982451,22.2301039],[114.1982427,22.2301569],[114.1982214,22.2302319],[114.1982052,22.230289],[114.1981924,22.230293],[114.1981694,22.2303387],[114.1981755,22.2304391],[114.1981639,22.2304893],[114.1981579,22.2305007],[114.1981373,22.2305118],[114.1981342,22.230565],[114.1981554,22.2305751],[114.1981676,22.230587],[114.1981767,22.2306045],[114.1981797,22.2306191],[114.1981755,22.2306648],[114.1981791,22.2306654],[114.1982027,22.2307293],[114.1982064,22.2307511],[114.1982118,22.2307958],[114.1982082,22.2308449],[114.1981998,22.230885],[114.1982082,22.2308963],[114.1982216,22.2309234],[114.1982314,22.2309476],[114.1982732,22.2310639],[114.1982889,22.2311379],[114.1982827,22.2311461],[114.1982814,22.2311452],[114.1982765,22.2311521],[114.1982779,22.2311531],[114.1982479,22.2311935],[114.1982432,22.2311909],[114.198184,22.2312683],[114.1981952,22.2312764],[114.1982555,22.2311989],[114.1982521,22.2311963],[114.1982811,22.231156],[114.1982826,22.2311567],[114.1982879,22.2311501],[114.1982869,22.2311492],[114.1982898,22.2311443],[114.1983023,22.2312338],[114.1982652,22.2313213],[114.1982562,22.2313659],[114.1982514,22.2313763],[114.1982447,22.2313908],[114.1982436,22.2313991],[114.1982278,22.2315172],[114.1981731,22.2316476],[114.1981629,22.2316903],[114.1981436,22.231689],[114.1981424,22.2316984],[114.1981641,22.2317001],[114.1981666,22.2317153],[114.1981774,22.2317322],[114.1982054,22.2317576],[114.1982501,22.2317864],[114.1982733,22.2318146],[114.1982842,22.2318484],[114.1982836,22.2319037],[114.1982702,22.231945],[114.1982254,22.2319907],[114.1981629,22.2319642],[114.1981144,22.2320082],[114.1980999,22.2320239],[114.1980854,22.2320516],[114.1980805,22.2321188],[114.1980859,22.2321725],[114.1980993,22.2322295],[114.1981296,22.2323016],[114.1981872,22.2323671],[114.1982006,22.2324564],[114.1982636,22.232559],[114.1982964,22.232626],[114.1982354,22.2326543],[114.198199,22.2326712],[114.1982043,22.2326808],[114.1982381,22.2326649],[114.1983009,22.2326352],[114.1983958,22.2328294],[114.1984243,22.2329276],[114.1983869,22.2329582],[114.1983707,22.2329853],[114.1983514,22.2329809],[114.1983102,22.2330147],[114.1982876,22.2331446],[114.1983359,22.2332184],[114.1983897,22.2332375],[114.1983819,22.2332505],[114.1983704,22.2332538],[114.1983661,22.2332612],[114.1983595,22.2332656],[114.1983455,22.2332899],[114.1983444,22.2332978],[114.1982868,22.2333724],[114.1982752,22.2334124],[114.1982734,22.2334282],[114.1982698,22.2334362],[114.1982734,22.2334568],[114.1982776,22.2334813],[114.1982728,22.2335124],[114.1982679,22.2335271],[114.198262,22.2335338],[114.1982607,22.2335423],[114.1982534,22.2335457],[114.1982492,22.2335609],[114.198251,22.2335682],[114.1982589,22.2335727],[114.1982638,22.2335874],[114.1982601,22.2336033],[114.1982644,22.2336089],[114.1982838,22.2336535],[114.1982898,22.2336569],[114.198322,22.2337173],[114.198322,22.2337337],[114.1983292,22.2337489],[114.1983408,22.2337939],[114.1983542,22.2338149],[114.1983553,22.2338233],[114.1983687,22.2338487],[114.1983698,22.2338561],[114.1983832,22.2338646],[114.1983954,22.2339046],[114.1984038,22.2339114],[114.1984038,22.233926],[114.1983996,22.2339345],[114.1983893,22.2339452],[114.1983863,22.2339525],[114.1983936,22.2339712],[114.1983844,22.2339859],[114.1983936,22.2340112],[114.1984008,22.2340164],[114.1984093,22.234035],[114.1984099,22.2340429],[114.1983984,22.2341067],[114.1984027,22.2341196],[114.1983408,22.2341564],[114.1983,22.2341625],[114.1982682,22.2341888],[114.1982065,22.2342176],[114.1981969,22.2342011],[114.1981854,22.234207],[114.1981899,22.2342191],[114.1981612,22.2342215],[114.198124,22.2342249],[114.1980949,22.2342057],[114.1980881,22.2342483],[114.1980936,22.2342881],[114.198087,22.2342994],[114.1977429,22.2343765],[114.1977515,22.2344032],[114.1980631,22.234347],[114.1980677,22.2343593],[114.1980979,22.2343523],[114.1981838,22.2344192],[114.1982024,22.2344192],[114.1982675,22.2343972],[114.1982887,22.2343795],[114.1983076,22.234473],[114.1982938,22.234588],[114.1982377,22.2346082],[114.1981381,22.2346202],[114.198045,22.2346158],[114.1976824,22.2344917],[114.1976461,22.2344652],[114.1976151,22.2344014],[114.1973727,22.2344487],[114.1972745,22.234468],[114.197195,22.2344477],[114.1971265,22.23449],[114.196938,22.2344268],[114.1969246,22.2344601],[114.1971119,22.2345261],[114.1971241,22.2345849],[114.1971738,22.2346249],[114.1972175,22.2346311],[114.1972509,22.2346233],[114.1972781,22.2346063],[114.1973011,22.2345741],[114.1973513,22.2345815],[114.1974114,22.2345905],[114.1974557,22.2346114],[114.1974988,22.2346435],[114.1975545,22.2347197],[114.1976036,22.2348139],[114.1976134,22.2348992],[114.196695,22.2359204],[114.196107,22.236482],[114.1953079,22.2371136],[114.1948546,22.2374168],[114.1945084,22.2376053],[114.1943465,22.2376662],[114.1941695,22.2377013],[114.1941277,22.2377036],[114.1940421,22.2377007],[114.1940051,22.2376973],[114.1939992,22.237668],[114.1939997,22.2375732],[114.1940078,22.2375412],[114.1940179,22.2375015],[114.194047,22.2374846],[114.1940646,22.2374643],[114.1940755,22.2374382],[114.1940773,22.2374021],[114.1940641,22.23737],[114.1940446,22.2373485],[114.1940107,22.237331],[114.1939827,22.2373271],[114.1939385,22.2371516],[114.1939003,22.2371589],[114.1939451,22.2373339],[114.1939191,22.2373491],[114.1939003,22.2373734],[114.1938911,22.237398],[114.1937853,22.2374281],[114.1937891,22.2374412],[114.1937697,22.2374464],[114.1937651,22.237434],[114.193695,22.2374493],[114.1936605,22.2374236],[114.1935808,22.2373437],[114.1935476,22.2373043],[114.1935217,22.2372599],[114.1934913,22.2372232],[114.1934509,22.2371996],[114.1934174,22.2371697],[114.1933964,22.2371412],[114.1933171,22.2371216],[114.193283,22.2370921],[114.1932485,22.2370542],[114.1931695,22.2369934],[114.1931451,22.2369655],[114.1931228,22.2369227],[114.1930617,22.2368409],[114.1929825,22.2367808],[114.1928899,22.2367278],[114.192845,22.2366971],[114.1927787,22.2366162],[114.1927468,22.2365694],[114.1926779,22.2364939],[114.192634,22.2364611],[114.1925318,22.2364084],[114.1924615,22.2363874],[114.1924375,22.2363426],[114.1923923,22.2363091],[114.1922484,22.2362381],[114.1921983,22.2362203],[114.1921387,22.2361902],[114.1920854,22.2361706],[114.1920599,22.2361633],[114.1895653,22.2347254],[114.1895641,22.234713],[114.1895598,22.2347077],[114.196384,22.2284994],[114.1963748,22.2285739],[114.1963644,22.2286236],[114.1963632,22.228649],[114.1963475,22.2286517],[114.196342,22.2286579],[114.196342,22.2286642],[114.1963626,22.2286732],[114.1963644,22.2287302],[114.1963535,22.2287347],[114.1963498,22.2287409],[114.1963541,22.2287472],[114.1963614,22.22875],[114.1963681,22.2287601],[114.1963692,22.228777],[114.1963832,22.2288329],[114.1963851,22.2288335],[114.1963851,22.2288408],[114.1963917,22.2288544],[114.196396,22.2288583],[114.196396,22.2288759],[114.196399,22.2288837],[114.1963935,22.2288865],[114.1963899,22.228894],[114.1963996,22.2288995],[114.196399,22.2289063],[114.1964051,22.2289205],[114.1964099,22.2289317],[114.1964257,22.2289566],[114.1964335,22.2290051],[114.1964785,22.2290531],[114.1965233,22.2290779],[114.1965385,22.2291179],[114.1965737,22.2291541],[114.1966009,22.2291671],[114.1966505,22.2291518],[114.1966567,22.2291558],[114.1966476,22.2292263],[114.1966804,22.2292642],[114.196724,22.2292602],[114.1968143,22.2293132],[114.196844,22.2293211],[114.1968658,22.2293223],[114.1968938,22.2293211],[114.196952,22.2293002],[114.1969749,22.2292997],[114.1970017,22.2293098],[114.1970519,22.229338],[114.1970677,22.2293448],[114.1970742,22.2293469],[114.1970896,22.2293515],[114.1971265,22.2293499],[114.1972145,22.2293284],[114.1972448,22.2293494],[114.1972745,22.2293567],[114.1973096,22.2293589],[114.1973424,22.229355],[114.197349,22.2293563],[114.1973903,22.229365],[114.1974454,22.229399],[114.1975019,22.2294525],[114.197534,22.2294921],[114.1975466,22.2295169],[114.1976086,22.2295203],[114.1976413,22.2295124],[114.1976477,22.2295131],[114.1976649,22.2295152],[114.1976787,22.2295112],[114.197687,22.2295058]]]]},"properties":{"GmlID":"SRZ.27","OBJNAM":"A11 Repulse Bay","INFORM":"The speed limit is 5 knots in this area between 8am and 12 midnight on any Saturday or public holiday or on any day during the period from 1 April to 31 October (both dates inclusive) in any year.","OBJECTID":27}},{"type":"Feature","geometry":{"type":"MultiPolygon","coordinates":[[[[114.0156887,22.3003321],[114.0154744,22.2998871],[114.0154016,22.2994248],[114.0153981,22.298822],[114.0155142,22.29808],[114.0156173,22.2976308],[114.0158836,22.2970153],[114.0161315,22.2966345],[114.016687,22.2968218],[114.0168547,22.2968775],[114.0169817,22.2968077],[114.0172736,22.296882],[114.017328,22.2968577],[114.0173284,22.2968577],[114.0174853,22.2968979],[114.0176042,22.2969289],[114.0179512,22.2970196],[114.0179806,22.2969265],[114.0181297,22.2969658],[114.0181681,22.2968401],[114.0180954,22.2968209],[114.0175496,22.2966772],[114.0176905,22.2962193],[114.0177192,22.2961261],[114.0177979,22.2958703],[114.0178811,22.2958332],[114.0181483,22.2959045],[114.019198,22.296185],[114.0192714,22.2961789],[114.0193357,22.2961276],[114.0198001,22.2956968],[114.0197166,22.3011342],[114.0196027,22.3011508],[114.0195039,22.3011248],[114.0192657,22.3010467],[114.019225,22.3010349],[114.0190646,22.3009033],[114.0189434,22.3008078],[114.0188265,22.3007366],[114.0186773,22.3006789],[114.0184759,22.3006002],[114.0182408,22.30053],[114.0179515,22.3004766],[114.0176186,22.3003668],[114.0173652,22.3002949],[114.0171899,22.30028],[114.0169103,22.3003107],[114.0166118,22.3003596],[114.0163934,22.300317],[114.0159877,22.3003939],[114.0156887,22.3003321]],[[114.0181156,22.2970253],[114.0180782,22.2970156],[114.0180673,22.2970503],[114.0181048,22.29706],[114.0181156,22.2970253]],[[114.017941,22.2962626],[114.0179334,22.296297],[114.0182461,22.2963571],[114.0182639,22.2962911],[114.017948,22.2962306],[114.017941,22.2962626]]]]},"properties":{"GmlID":"SRZ.28","OBJNAM":"L1 Discovery Bay","INFORM":"The speed limit is 5 knots in this area between 8am and 12 midnight on any Saturday or public holiday or on any day during the period from 1 April to 31 October (both dates inclusive) in any year.","OBJECTID":28}},{"type":"Feature","geometry":{"type":"MultiPolygon","coordinates":[[[[114.1372749,22.1777427],[114.1372393,22.1777201],[114.1450676,22.18],[114.1450671,22.18],[114.1490718,22.1811733],[114.1489558,22.1811612],[114.1486781,22.1811709],[114.1485429,22.1812057],[114.1483746,22.1812205],[114.1482521,22.1812114],[114.1480078,22.1812418],[114.1479097,22.1813066],[114.1478818,22.1813394],[114.1478703,22.1813603],[114.1478716,22.1813656],[114.1478727,22.1813704],[114.1478752,22.1813801],[114.1478848,22.1813904],[114.1479091,22.1814162],[114.1478951,22.1814614],[114.147872,22.1815054],[114.1478672,22.1815262],[114.1478685,22.1815432],[114.1478811,22.1815827],[114.1479235,22.1816685],[114.1479265,22.1816983],[114.1479229,22.1817429],[114.1479271,22.1817645],[114.1479453,22.181787],[114.1479835,22.1818112],[114.1480016,22.1818372],[114.1480053,22.1818666],[114.1479882,22.181918],[114.1479931,22.1819445],[114.1480041,22.1819626],[114.148021,22.1819762],[114.1480635,22.1819873],[114.1480755,22.1819976],[114.1480919,22.1820264],[114.1481131,22.1820834],[114.1481385,22.1821268],[114.1481373,22.1821375],[114.1481265,22.1821443],[114.1481288,22.1821561],[114.1481585,22.1821872],[114.1481513,22.1822013],[114.1481113,22.1822216],[114.1480689,22.1822532],[114.1480627,22.1822696],[114.1480652,22.182282],[114.1480797,22.1823079],[114.1481088,22.1823402],[114.1481209,22.1823475],[114.1481513,22.1823531],[114.1481567,22.1823802],[114.14821,22.1824249],[114.1482167,22.1824474],[114.1482009,22.1824745],[114.1481688,22.182505],[114.1481591,22.1825225],[114.1481542,22.1825648],[114.1481281,22.1826247],[114.1481238,22.1826749],[114.1481105,22.1827008],[114.1480294,22.1827951],[114.1480021,22.1828025],[114.1479694,22.1827906],[114.1479645,22.1827855],[114.1479511,22.1827793],[114.147939,22.1827782],[114.1479306,22.1827895],[114.1479293,22.1827968],[114.1479366,22.1828566],[114.1478845,22.1828961],[114.147836,22.1829661],[114.1477972,22.1830005],[114.1477832,22.1830056],[114.1477675,22.1830039],[114.1477566,22.1829948],[114.1477474,22.1829761],[114.1477504,22.1829716],[114.147745,22.1829671],[114.1477396,22.1829548],[114.1477305,22.1829435],[114.1477239,22.1829435],[114.1477063,22.1829276],[114.1476965,22.1829259],[114.1476863,22.1829146],[114.1476457,22.1829282],[114.1476353,22.1829146],[114.1475882,22.1829276],[114.1475796,22.1829181],[114.1475354,22.1829316],[114.1474753,22.1829587],[114.1474748,22.1829609],[114.147482,22.1829694],[114.1474554,22.182984],[114.1474505,22.1829851],[114.1474438,22.1829778],[114.1473924,22.1830056],[114.1473857,22.1829993],[114.1473202,22.1830264],[114.1473141,22.1830191],[114.1472723,22.1830365],[114.1472378,22.183054],[114.147222,22.1830658],[114.1472354,22.1830896],[114.1472051,22.1831042],[114.1471874,22.1831189],[114.1471814,22.1831262],[114.1471754,22.1831482],[114.1471608,22.1831646],[114.1471184,22.1831895],[114.1470365,22.1832267],[114.1470335,22.1832227],[114.1469638,22.1832448],[114.1469656,22.1832532],[114.1469075,22.1832729],[114.1469008,22.1832764],[114.1469038,22.1832837],[114.1468851,22.1832882],[114.1468771,22.1832837],[114.1468221,22.1833028],[114.1468129,22.183283],[114.1467989,22.1832847],[114.1467952,22.1832724],[114.1467874,22.1832628],[114.1467523,22.1832724],[114.1467456,22.1832644],[114.1467257,22.1832694],[114.1467111,22.1832757],[114.1466807,22.1832813],[114.1466759,22.1832724],[114.1466705,22.1832729],[114.1466062,22.1832943],[114.1466014,22.1832886],[114.146588,22.1832915],[114.1465069,22.1833145],[114.1465099,22.1833197],[114.1464856,22.183327],[114.146479,22.1833208],[114.1464359,22.1833315],[114.1464268,22.1833175],[114.1464171,22.183318],[114.1463906,22.1833275],[114.1463711,22.1833377],[114.1463796,22.1833569],[114.146385,22.1833552],[114.1463886,22.1833795],[114.1464081,22.1833755],[114.1464105,22.1833784],[114.1464123,22.1833852],[114.1464038,22.1833907],[114.1464092,22.1834117],[114.1464135,22.1834133],[114.146425,22.1834111],[114.1464377,22.1834309],[114.1464455,22.1834309],[114.1464892,22.1834201],[114.1464983,22.1834371],[114.1465263,22.1834298],[114.1465299,22.1834444],[114.146525,22.1834506],[114.1465263,22.1834545],[114.1464656,22.1834913],[114.1463953,22.1835149],[114.1463425,22.183555],[114.146302,22.1835753],[114.1462795,22.1835775],[114.1462408,22.1835691],[114.146216,22.1835691],[114.1461891,22.1835798],[114.1461371,22.1836108],[114.146091,22.1836244],[114.1460673,22.1836221],[114.1460358,22.1836034],[114.1460026,22.1835583],[114.1459474,22.1835086],[114.145928,22.1834979],[114.1458845,22.1834884],[114.1459008,22.1834724],[114.1459093,22.1834601],[114.1459031,22.1834505],[114.1458959,22.1834483],[114.1458766,22.1834482],[114.1458789,22.1834358],[114.1458692,22.1834166],[114.1458662,22.1834154],[114.1458511,22.1834195],[114.1458244,22.1834318],[114.1458074,22.1834448],[114.1458031,22.1834538],[114.1458031,22.1834629],[114.1458062,22.1834686],[114.1458104,22.1834713],[114.1458202,22.1834736],[114.1458141,22.1834775],[114.1458104,22.1834838],[114.1458104,22.1834889],[114.1457868,22.1834911],[114.1457474,22.1835216],[114.1457298,22.183525],[114.145708,22.1835154],[114.1456814,22.1834905],[114.1456547,22.1834786],[114.1456553,22.1834691],[114.1456504,22.1834555],[114.1456431,22.1834437],[114.1456348,22.1834335],[114.1456213,22.1834273],[114.1455923,22.18342],[114.145585,22.1834199],[114.1455802,22.1834244],[114.1455801,22.1834346],[114.1455874,22.183447],[114.1456122,22.1834786],[114.1455856,22.1834803],[114.1455286,22.1834437],[114.145525,22.1834307],[114.1455365,22.1834278],[114.1455372,22.1834233],[114.1455335,22.1834137],[114.1455378,22.1834109],[114.1455305,22.1833985],[114.1455281,22.1833957],[114.1455117,22.1833967],[114.1455081,22.1833883],[114.1455136,22.1833855],[114.1455063,22.1833685],[114.1454869,22.1833708],[114.1454765,22.1833471],[114.145456,22.1833505],[114.1454493,22.183333],[114.1453954,22.1833414],[114.1453924,22.1833414],[114.1453875,22.1833347],[114.1453802,22.1833341],[114.1453499,22.1833408],[114.1453275,22.1833431],[114.1453045,22.1833493],[114.1452299,22.1833606],[114.1452226,22.1833465],[114.1451941,22.1833488],[114.1451833,22.1833543],[114.1451669,22.1833561],[114.1451602,22.1833493],[114.1451117,22.1833662],[114.1451099,22.1833702],[114.1451147,22.1833889],[114.1450323,22.1834289],[114.1450282,22.1834351],[114.1450414,22.1834639],[114.1450365,22.1834689],[114.1450438,22.1834819],[114.145053,22.1834858],[114.1450595,22.1834978],[114.1450675,22.1834988],[114.1450784,22.1835153],[114.1450929,22.1835141],[114.1450929,22.1835209],[114.1450966,22.1835277],[114.145096,22.1835339],[114.1451111,22.1835475],[114.1450801,22.1835716],[114.1450723,22.1835677],[114.1450546,22.1835745],[114.145042,22.1835666],[114.1450158,22.183575],[114.1450105,22.1835796],[114.1450032,22.1835756],[114.1449748,22.1835931],[114.1449699,22.1835941],[114.1449656,22.1835875],[114.1449463,22.183579],[114.1449311,22.1835755],[114.1449517,22.1835609],[114.1449705,22.1835372],[114.1449681,22.1835293],[114.1449511,22.1835141],[114.1449432,22.1835107],[114.1449334,22.1835118],[114.1449226,22.1835191],[114.1449153,22.1835282],[114.1449044,22.1835474],[114.1449026,22.183558],[114.1448971,22.183553],[114.1448887,22.1835496],[114.1448698,22.1835501],[114.1448426,22.1835547],[114.1447923,22.1835677],[114.144785,22.183571],[114.1447698,22.1835851],[114.1447663,22.183597],[114.1447734,22.1836026],[114.1447783,22.1836032],[114.1447614,22.1836303],[114.1447371,22.1836174],[114.1447208,22.1836269],[114.144705,22.1836438],[114.1446905,22.1836354],[114.1446929,22.1836303],[114.1446583,22.183602],[114.1446705,22.1835778],[114.1446651,22.1835704],[114.1446486,22.183558],[114.1446366,22.1835682],[114.1446123,22.1835574],[114.1445941,22.1835411],[114.1445892,22.1835388],[114.1445796,22.1835444],[114.1445668,22.1835338],[114.1445565,22.1835298],[114.1445347,22.1835473],[114.1445232,22.1835393],[114.1445026,22.1835506],[114.1444838,22.1835366],[114.1444983,22.183519],[114.1444996,22.1835123],[114.1444923,22.183505],[114.1444941,22.1835016],[114.1444844,22.1834897],[114.1444784,22.1834864],[114.1444698,22.1834909],[114.1444566,22.1834796],[114.1444529,22.1834801],[114.144434,22.1834959],[114.1444281,22.1834919],[114.1444184,22.1834902],[114.1444111,22.1834936],[114.1444014,22.1835066],[114.1444263,22.1835348],[114.1443899,22.1835755],[114.1443777,22.1835952],[114.144379,22.183602],[114.1444105,22.1836364],[114.1444044,22.1836421],[114.1444044,22.1836477],[114.1444195,22.183663],[114.1443807,22.183677],[114.1443456,22.1836934],[114.1443426,22.1836861],[114.1442759,22.1836928],[114.1442602,22.1836973],[114.1442613,22.183703],[114.1442263,22.1837086],[114.1441722,22.1837267],[114.144159,22.1837165],[114.1441074,22.1837549],[114.1440838,22.1837797],[114.1440935,22.1837881],[114.1440722,22.1838169],[114.1440517,22.1838558],[114.144051,22.1838582],[114.1440614,22.1838627],[114.1440474,22.1838914],[114.1440395,22.183918],[114.1440395,22.1839236],[114.1440523,22.1839293],[114.1440504,22.1839371],[114.1440371,22.1839654],[114.1440226,22.1839603],[114.1440165,22.1839654],[114.1439891,22.1840088],[114.1439994,22.184019],[114.1439813,22.1840314],[114.1439582,22.1840399],[114.1439517,22.184041],[114.1439443,22.1840331],[114.1439358,22.1840331],[114.14392,22.1840359],[114.1438886,22.1840494],[114.1438825,22.1840416],[114.1438758,22.1840444],[114.1438528,22.1840551],[114.1438104,22.1840805],[114.1438171,22.1841042],[114.1437825,22.18412],[114.1437691,22.1841239],[114.1437104,22.1841256],[114.1437037,22.1841279],[114.1436353,22.1841291],[114.1436237,22.1841312],[114.1436201,22.1841256],[114.1436152,22.1841239],[114.1435564,22.1841645],[114.1435485,22.1841725],[114.1435485,22.1841763],[114.1435582,22.1841832],[114.1435291,22.1842312],[114.143511,22.1842684],[114.1434757,22.1842633],[114.1434721,22.1842701],[114.1434528,22.1842695],[114.1434364,22.1843044],[114.1434182,22.1843056],[114.1434067,22.18434],[114.1434054,22.1843564],[114.143414,22.1843638],[114.1434309,22.1843677],[114.1434339,22.1843784],[114.1434503,22.1843841],[114.1434552,22.1843925],[114.1434764,22.184397],[114.1434703,22.1844291],[114.1434921,22.1844405],[114.143523,22.1844496],[114.1435218,22.1844648],[114.143497,22.1844682],[114.1434824,22.1845535],[114.1434708,22.184554],[114.1434679,22.1845596],[114.1434581,22.1846031],[114.143449,22.1846031],[114.1434309,22.1846082],[114.1434193,22.1846448],[114.1433999,22.1846453],[114.1433939,22.1846483],[114.1433897,22.1846939],[114.1433902,22.1847684],[114.1434108,22.184773],[114.1434115,22.1847831],[114.1434096,22.1848368],[114.1434042,22.1848904],[114.1434107,22.1848937],[114.1434181,22.1848937],[114.1434198,22.1849062],[114.143429,22.1849102],[114.1434187,22.1849304],[114.1433944,22.1849225],[114.1433865,22.1849243],[114.1433648,22.1849118],[114.1433599,22.1849118],[114.1433556,22.1849157],[114.1433387,22.1849502],[114.1433277,22.1849523],[114.1433131,22.1850015],[114.143318,22.1850078],[114.1433302,22.1850116],[114.1433343,22.1850218],[114.1433447,22.185028],[114.1433592,22.1850303],[114.1433562,22.1850422],[114.1433587,22.1850461],[114.1433659,22.1850495],[114.143378,22.1850507],[114.1433573,22.1851302],[114.1433489,22.1851325],[114.1433405,22.1851443],[114.1433077,22.1852148],[114.1433028,22.1852148],[114.1432986,22.1852193],[114.1432767,22.1852741],[114.143261,22.185321],[114.1432561,22.1853227],[114.1432519,22.18533],[114.1432319,22.1853818],[114.1432271,22.1854039],[114.143233,22.1854107],[114.1431991,22.1854812],[114.1431919,22.1854791],[114.143139,22.1855563],[114.1431287,22.1855496],[114.1431051,22.1855709],[114.1430905,22.1855913],[114.1429476,22.1856872],[114.1428803,22.1857103],[114.1428027,22.1857667],[114.1427876,22.1857842],[114.1427402,22.1858779],[114.1427214,22.185896],[114.1426748,22.1859163],[114.1426632,22.1859293],[114.1426421,22.1859998],[114.1426298,22.1860201],[114.1425839,22.1860133],[114.1425681,22.1860173],[114.1425335,22.186054],[114.1425298,22.1860777],[114.1424662,22.1860878],[114.1424201,22.1861149],[114.1423608,22.1861618],[114.1423389,22.1861696],[114.1423075,22.186178],[114.1422856,22.1861521],[114.1422365,22.186168],[114.1421989,22.1861837],[114.142182,22.1861702],[114.1421686,22.1861651],[114.1421322,22.1861837],[114.1421298,22.1861898],[114.1421365,22.1861961],[114.1421256,22.1862058],[114.1421316,22.1862169],[114.1421232,22.1862249],[114.1420838,22.186252],[114.1420722,22.1862638],[114.1420759,22.1862706],[114.1420559,22.1862915],[114.1420619,22.1863039],[114.1420456,22.186318],[114.1420517,22.1863338],[114.1420346,22.1863433],[114.1420206,22.1863478],[114.1420123,22.186336],[114.1419832,22.1863457],[114.1419759,22.1863367],[114.1419334,22.1863552],[114.1418911,22.1863789],[114.1418844,22.1863846],[114.141888,22.1863954],[114.1418831,22.1864004],[114.1418328,22.1864348],[114.1418377,22.1864466],[114.1418116,22.1864664],[114.1417752,22.186489],[114.1417807,22.1864963],[114.1417582,22.1865138],[114.1417122,22.1865403],[114.1417165,22.1865482],[114.1416383,22.1865832],[114.1416297,22.1865882],[114.1416303,22.1865928],[114.141574,22.186612],[114.1415492,22.1866227],[114.1415079,22.1866457],[114.1415122,22.1866537],[114.1414939,22.18667],[114.1414612,22.1866898],[114.1414558,22.1866825],[114.1414455,22.1866933],[114.1414164,22.1867158],[114.1414146,22.1867192],[114.1414266,22.1867327],[114.1413964,22.186757],[114.1413358,22.1867931],[114.1413266,22.1867801],[114.1412957,22.1867954],[114.141283,22.1867851],[114.1412746,22.1867892],[114.1412424,22.1868061],[114.1412109,22.1868286],[114.141209,22.1868337],[114.1412139,22.186845],[114.1412048,22.1868523],[114.1411885,22.1868631],[114.1411436,22.1868839],[114.1411249,22.1868952],[114.1411012,22.1869161],[114.1411036,22.18692],[114.1410769,22.1869392],[114.1410745,22.1869398],[114.1410721,22.1869301],[114.14098,22.1869714],[114.1409423,22.1869855],[114.1409255,22.1869939],[114.1409255,22.186999],[114.1408702,22.1870244],[114.1408448,22.1870414],[114.1408405,22.1870458],[114.140843,22.187052],[114.1408296,22.187078],[114.1408242,22.1870966],[114.1408242,22.1871046],[114.1408284,22.1871068],[114.1408199,22.187153],[114.1408296,22.1871598],[114.1408277,22.1871672],[114.1408132,22.1871914],[114.1408029,22.1871881],[114.1407859,22.1872124],[114.14078,22.18721],[114.1407684,22.1872214],[114.1407629,22.1872304],[114.1407526,22.1872269],[114.1407259,22.1872682],[114.1407314,22.1872739],[114.1407253,22.1872851],[114.1407259,22.1872891],[114.1407386,22.187302],[114.140712,22.1873421],[114.1407005,22.1873551],[114.1406883,22.1873494],[114.1406733,22.1873669],[114.140661,22.1873861],[114.140641,22.1874087],[114.1406319,22.1874228],[114.1406392,22.1874284],[114.1406331,22.187459],[114.140618,22.1874894],[114.1405889,22.1875357],[114.1405355,22.1876],[114.1404725,22.1876232],[114.1404076,22.1876564],[114.140384,22.1876773],[114.1403561,22.1877252],[114.1402603,22.1877772],[114.1401113,22.187894],[114.1400531,22.1878923],[114.1400076,22.1879121],[114.1399573,22.1879176],[114.1399615,22.1879024],[114.1399543,22.1878798],[114.1399343,22.1878691],[114.1399124,22.1878759],[114.1399045,22.1878629],[114.1398937,22.1878352],[114.1398785,22.1878308],[114.1398688,22.1878408],[114.1398518,22.1878668],[114.13985,22.1878809],[114.1398699,22.1879051],[114.1398858,22.1879058],[114.1399093,22.1878877],[114.1399093,22.1879148],[114.1399039,22.1879317],[114.1398603,22.1879374],[114.1397888,22.1879492],[114.1397719,22.1879402],[114.139739,22.1879447],[114.1397021,22.1879604],[114.1397051,22.1879718],[114.139716,22.1879757],[114.1397221,22.1880101],[114.1397015,22.1880118],[114.1396833,22.187992],[114.1396609,22.1879999],[114.139653,22.1880118],[114.1396433,22.1880366],[114.1396463,22.1880541],[114.1396275,22.188057],[114.1395984,22.1880389],[114.139573,22.1880197],[114.1395505,22.1880112],[114.1395373,22.1880107],[114.1395221,22.1880158],[114.1395076,22.1880253],[114.1395057,22.1880304],[114.1394954,22.1880327],[114.139493,22.1880191],[114.1395082,22.1880084],[114.1395318,22.1880078],[114.1395451,22.1880028],[114.1395505,22.1879853],[114.1395403,22.1879745],[114.13953,22.1879734],[114.1394917,22.1879824],[114.1394761,22.1879835],[114.1394627,22.1879887],[114.13947,22.1879965],[114.1394658,22.188005],[114.1394505,22.1880101],[114.1394384,22.1880203],[114.1394409,22.1880303],[114.139373,22.1880332],[114.1393112,22.1880422],[114.1393106,22.188014],[114.139342,22.1879773],[114.1393512,22.1879564],[114.139342,22.1879501],[114.1393051,22.1879383],[114.1392676,22.1879536],[114.1392693,22.1879772],[114.1392809,22.1879847],[114.139279,22.1880112],[114.1392299,22.1880614],[114.1391299,22.1881133],[114.1390906,22.188146],[114.1389438,22.1882464],[114.1388239,22.1882655],[114.1387226,22.1883293],[114.1386765,22.188401],[114.1386474,22.1884642],[114.1385801,22.188362],[114.1385281,22.1883225],[114.1384908,22.1883355],[114.1383759,22.1883894],[114.1382849,22.1884348],[114.1382407,22.1885042],[114.138128,22.1884962],[114.1381117,22.1885442],[114.1381286,22.1885747],[114.1381795,22.1886452],[114.1381334,22.1887023],[114.1381673,22.188893],[114.1381848,22.1890218],[114.1382017,22.189142],[114.138221,22.1892757],[114.1381041,22.1892893],[114.1380018,22.1892321],[114.1378471,22.1892463],[114.1377647,22.1892554],[114.1377253,22.1893151],[114.1377768,22.1893383],[114.1377441,22.1893665],[114.1376678,22.1893845],[114.1375586,22.1893901],[114.137452,22.1893969],[114.1373301,22.1894015],[114.1372853,22.1894268],[114.1373122,22.1894798],[114.1373277,22.1895103],[114.1372955,22.1895685],[114.137247,22.1895769],[114.1372197,22.1895825],[114.1372052,22.1896029],[114.1372186,22.1896333],[114.137224,22.1896604],[114.1372058,22.1896994],[114.1371882,22.1897422],[114.1371912,22.1898054],[114.1371827,22.1898783],[114.1372366,22.1899584],[114.1372772,22.1900194],[114.1373214,22.1900443],[114.1372923,22.1901464],[114.1372899,22.1901791],[114.1373038,22.1902045],[114.1373311,22.1902423],[114.1373825,22.1902915],[114.1373899,22.1903457],[114.1374377,22.1904095],[114.1374795,22.1904557],[114.1374486,22.1905715],[114.1374419,22.1906515],[114.1374201,22.190716],[114.1374012,22.1908063],[114.1373891,22.1908892],[114.1373696,22.1909756],[114.1373558,22.1910767],[114.137352,22.1911505],[114.1373133,22.1912448],[114.1372944,22.1912704],[114.137172,22.1913604],[114.1369047,22.1914805],[114.1366076,22.1915686],[114.1362792,22.1916378],[114.1360099,22.1916802],[114.1359301,22.1916864],[114.1357373,22.191658],[114.1355979,22.1915451],[114.1355041,22.1914559],[114.135441,22.191387],[114.1353659,22.1913142],[114.1352617,22.1912063],[114.1351702,22.1911747],[114.1350732,22.1911437],[114.1349695,22.1911521],[114.134872,22.1911503],[114.1348587,22.1910996],[114.1348648,22.1910415],[114.134829,22.1910088],[114.1347842,22.1910031],[114.1347375,22.1909839],[114.1346702,22.190985],[114.1346309,22.1909641],[114.1346618,22.1909466],[114.1346787,22.1909139],[114.1346369,22.1908964],[114.1345642,22.1908941],[114.1345217,22.1909279],[114.13448,22.1908872],[114.13444,22.1908115],[114.1344188,22.1907393],[114.1343957,22.1906045],[114.1344528,22.1904629],[114.1344844,22.1903341],[114.1345008,22.1902233],[114.1345287,22.1900796],[114.1345475,22.1899627],[114.1345204,22.189937],[114.1344463,22.189904],[114.1343512,22.1898763],[114.1343433,22.1898115],[114.1343717,22.1897714],[114.1343785,22.1897178],[114.1343507,22.1896331],[114.1343992,22.1895665],[114.1344404,22.1895315],[114.134401,22.1894819],[114.1343793,22.1893954],[114.1343969,22.1893284],[114.1343823,22.1892561],[114.1344042,22.1891754],[114.134449,22.1891347],[114.1345206,22.18908],[114.1344787,22.1890297],[114.1344515,22.1889564],[114.1344127,22.1888695],[114.1343795,22.1888514],[114.1343934,22.1887955],[114.1343855,22.1887791],[114.1343552,22.1887633],[114.1343527,22.188756],[114.1343698,22.1887046],[114.1343607,22.1886792],[114.1343613,22.1886459],[114.1343546,22.1886301],[114.134334,22.1886058],[114.134291,22.1885833],[114.1342468,22.1885674],[114.1342468,22.1885618],[114.1342655,22.1885448],[114.1342953,22.1885003],[114.1342929,22.1884635],[114.1343099,22.1884139],[114.1343432,22.1883857],[114.1343608,22.1883614],[114.1343603,22.1883389],[114.1343438,22.1883112],[114.134345,22.1883039],[114.1343862,22.1882982],[114.1344275,22.1882548],[114.1344282,22.1882267],[114.1344147,22.188204],[114.1344159,22.1881797],[114.1344118,22.1881724],[114.1344051,22.1881701],[114.1343766,22.1881808],[114.1343663,22.1881785],[114.1343614,22.188169],[114.1343712,22.1881549],[114.1343984,22.1881396],[114.1344142,22.1881143],[114.13441,22.1881023],[114.1344039,22.1881002],[114.1343736,22.1881103],[114.1343578,22.188108],[114.1343548,22.1881007],[114.1343687,22.1880538],[114.1343664,22.188016],[114.1343754,22.1880081],[114.1344022,22.1880121],[114.1344046,22.1879985],[114.1343992,22.1879849],[114.1344197,22.1879658],[114.1344367,22.1879647],[114.1344658,22.1879229],[114.1344567,22.1878901],[114.1344282,22.1878535],[114.1344192,22.1878314],[114.1344022,22.1878095],[114.1343683,22.1877767],[114.1343556,22.1877434],[114.1343368,22.1876993],[114.1343168,22.1876712],[114.1342798,22.187626],[114.1342544,22.1875927],[114.1342375,22.1875854],[114.1342125,22.1875589],[114.1342313,22.1875368],[114.1342405,22.1875232],[114.1342368,22.1875046],[114.1342277,22.1874927],[114.1341909,22.1874454],[114.1341654,22.1874013],[114.1341441,22.1873782],[114.1341188,22.1873009],[114.1340993,22.1872235],[114.1341127,22.1871647],[114.1341151,22.1871129],[114.1341388,22.1870463],[114.1341722,22.1869769],[114.1342746,22.1868866],[114.1343201,22.186851],[114.1344546,22.1867811],[114.1345037,22.1867793],[114.1345747,22.1867704],[114.1346546,22.1867699],[114.1347056,22.1867783],[114.1347837,22.1867338],[114.1348699,22.1866746],[114.1349141,22.186674],[114.1349286,22.186683],[114.1349437,22.1867],[114.134965,22.1867079],[114.1349886,22.1867079],[114.1350031,22.1867034],[114.1350189,22.1866791],[114.1350219,22.1866486],[114.1350286,22.1866339],[114.1350474,22.1866215],[114.1350771,22.1866109],[114.1351165,22.1865747],[114.1351759,22.1865685],[114.1352093,22.186555],[114.1352565,22.1865561],[114.1353321,22.1865673],[114.1353632,22.1865628],[114.1353887,22.1865465],[114.1354178,22.1865116],[114.1354548,22.1864946],[114.1354699,22.1864778],[114.1354977,22.1864191],[114.1355324,22.1863841],[114.1355585,22.1863152],[114.1356027,22.1862779],[114.1356427,22.1862159],[114.1356566,22.1861673],[114.1356888,22.1861086],[114.1356961,22.1860291],[114.1356839,22.1859924],[114.1356022,22.1859698],[114.1355906,22.1859528],[114.1356064,22.1859438],[114.1356869,22.1859518],[114.1357488,22.1859325],[114.1358447,22.1857977],[114.135855,22.1857707],[114.1358465,22.1857361],[114.1358658,22.1857063],[114.1358599,22.1856516],[114.1359004,22.1856086],[114.1359143,22.1855623],[114.1358914,22.1855352],[114.135798,22.1855064],[114.1358187,22.1854998],[114.1359351,22.1855031],[114.1359677,22.1854838],[114.1360181,22.1854095],[114.1360254,22.1853529],[114.136069,22.1852852],[114.1360739,22.1852272],[114.136097,22.185182],[114.1360976,22.1851596],[114.1360866,22.1851256],[114.1360751,22.1851075],[114.1360534,22.1850922],[114.1360158,22.1850804],[114.1359533,22.1850736],[114.1359121,22.1850725],[114.1358661,22.1850787],[114.1358509,22.1850753],[114.1358413,22.1850589],[114.1358618,22.1850312],[114.1359455,22.1849827],[114.1360315,22.1849059],[114.13606,22.1848941],[114.1361139,22.1848896],[114.136131,22.1848806],[114.1361407,22.1848547],[114.1361486,22.1848033],[114.1361413,22.1847474],[114.136122,22.1846864],[114.1361408,22.1846395],[114.1361329,22.1845854],[114.136148,22.1845374],[114.1361705,22.18452],[114.1362177,22.1845177],[114.1362317,22.184511],[114.1362427,22.1845013],[114.1362741,22.1844517],[114.136296,22.1844529],[114.1363075,22.1844624],[114.1363177,22.1844804],[114.1363256,22.184481],[114.136339,22.1844704],[114.1363411,22.1844669],[114.1363541,22.1844454],[114.1363608,22.1844258],[114.1363565,22.1844127],[114.1363348,22.1844043],[114.1362887,22.1843981],[114.1362705,22.1843856],[114.1362627,22.1843636],[114.1362614,22.1843224],[114.13627,22.1843033],[114.1362815,22.1842987],[114.1363087,22.18431],[114.1363481,22.1842981],[114.1363888,22.1843162],[114.136419,22.1843157],[114.1364639,22.18427],[114.1364723,22.1842497],[114.1364742,22.1842068],[114.1365184,22.1841363],[114.1365324,22.184094],[114.13661,22.1839889],[114.1366113,22.1839703],[114.1366022,22.1839653],[114.1365743,22.1839681],[114.1365658,22.1839567],[114.1365748,22.183937],[114.1365942,22.1839206],[114.1366216,22.183884],[114.1366271,22.1838715],[114.1366252,22.1838603],[114.1366192,22.1838529],[114.1365748,22.1838614],[114.1365713,22.1838484],[114.1365743,22.1838417],[114.1365871,22.1838343],[114.1366446,22.1838253],[114.1366834,22.1838015],[114.1367017,22.1837818],[114.1367472,22.183691],[114.1367586,22.1836515],[114.1367562,22.1835939],[114.1367623,22.183551],[114.1368012,22.1833783],[114.1368072,22.1833247],[114.1368169,22.1832936],[114.1368623,22.1832519],[114.1368775,22.1832113],[114.1368885,22.1831983],[114.1369127,22.1831825],[114.1369745,22.1831684],[114.1369915,22.1831537],[114.1370224,22.1831458],[114.137063,22.1831639],[114.1370782,22.1831402],[114.1371091,22.1830679],[114.1370928,22.1830403],[114.1370674,22.1830295],[114.1370521,22.1830335],[114.1370405,22.1830487],[114.1370176,22.1830375],[114.1370188,22.1830002],[114.1370383,22.1829228],[114.1370406,22.1828777],[114.137054,22.1828607],[114.1371049,22.1828382],[114.137134,22.1828117],[114.1371473,22.1827846],[114.1371565,22.1827192],[114.1372006,22.1827524],[114.1372231,22.182784],[114.137271,22.1828045],[114.137283,22.1827948],[114.1373025,22.1827524],[114.1373092,22.1826909],[114.137311,22.1826498],[114.1373153,22.1825928],[114.1373147,22.1825261],[114.1372947,22.1824934],[114.137282,22.1824528],[114.1372456,22.1824443],[114.1372426,22.1823856],[114.1372481,22.1823721],[114.1372985,22.182355],[114.1373166,22.182332],[114.1373366,22.1822203],[114.1373348,22.1821835],[114.1373238,22.1821564],[114.1373275,22.1821282],[114.1373512,22.1821102],[114.1373621,22.1820898],[114.1373573,22.1820678],[114.1373384,22.1820644],[114.1373063,22.1820898],[114.1372888,22.1820622],[114.1372973,22.1820131],[114.1373179,22.1819707],[114.1373379,22.1819505],[114.1373585,22.1819183],[114.1374083,22.1817896],[114.1374276,22.181771],[114.1374816,22.181758],[114.1374937,22.1817489],[114.1375071,22.1817259],[114.137529,22.1816474],[114.137529,22.181636],[114.1375235,22.1816248],[114.1374702,22.1816112],[114.1374447,22.1815949],[114.137401,22.1815537],[114.1373986,22.1815328],[114.1374417,22.181438],[114.1375162,22.1813144],[114.1375199,22.1812455],[114.1375454,22.1811987],[114.1375823,22.1812269],[114.1375994,22.1812292],[114.1376193,22.181218],[114.1376442,22.1811569],[114.1376811,22.1811671],[114.1376982,22.1811525],[114.1377231,22.1810075],[114.1377424,22.1809312],[114.1377636,22.1808709],[114.1377643,22.1808567],[114.1377503,22.1808325],[114.1377437,22.1807923],[114.1377486,22.1807365],[114.1377328,22.1807212],[114.1377305,22.1806947],[114.1377181,22.1806833],[114.1377092,22.1806749],[114.1376947,22.1806721],[114.1376874,22.1806738],[114.1376631,22.1807021],[114.137648,22.180706],[114.1376346,22.1806997],[114.1376395,22.1806862],[114.137671,22.1806456],[114.1376855,22.180618],[114.1377044,22.1805565],[114.1377341,22.1804989],[114.1377844,22.1803262],[114.1377838,22.1802477],[114.1377573,22.1801828],[114.1377724,22.1801281],[114.1377742,22.1800563],[114.1377924,22.18],[114.1377978,22.1799831],[114.1377869,22.1799655],[114.1377476,22.1799841],[114.1377362,22.1798318],[114.1377246,22.1797904],[114.1376986,22.1797375],[114.137692,22.1796866],[114.1376744,22.179633],[114.1376568,22.1796093],[114.1376283,22.1795844],[114.1375295,22.1795263],[114.1375217,22.1794878],[114.1375321,22.1794834],[114.137563,22.1794873],[114.1376083,22.1794817],[114.1376242,22.1794665],[114.137629,22.1794535],[114.137629,22.1794315],[114.1376132,22.1794163],[114.1375847,22.179406],[114.1375259,22.1794106],[114.1374902,22.1793508],[114.1374533,22.1793288],[114.1374314,22.1793214],[114.1374163,22.1793214],[114.1373739,22.1793518],[114.1373223,22.1793795],[114.1373199,22.1793677],[114.1373236,22.1793473],[114.137349,22.1793034],[114.1373969,22.1792485],[114.1374309,22.1791927],[114.1374479,22.1791368],[114.1374648,22.179037],[114.1374606,22.1790019],[114.1374685,22.1788873],[114.1374746,22.1788586],[114.1374953,22.1788055],[114.1375013,22.1787705],[114.1374874,22.1786875],[114.1374868,22.1786311],[114.1374559,22.1785357],[114.137468,22.1785278],[114.1375359,22.1785363],[114.1375759,22.1785595],[114.1375929,22.1785629],[114.1376043,22.1785521],[114.1376098,22.1785368],[114.1376263,22.1784511],[114.1376196,22.1784021],[114.1375863,22.1783664],[114.137576,22.1783389],[114.1375432,22.1783055],[114.1375251,22.1782789],[114.137513,22.1782496],[114.1374972,22.1781926],[114.1374978,22.1781423],[114.13749,22.1781208],[114.1374767,22.1781124],[114.1374682,22.1781169],[114.1374463,22.1781598],[114.13745,22.1782383],[114.1374463,22.178253],[114.1374287,22.1782783],[114.1374197,22.1782687],[114.1374221,22.1782253],[114.1374148,22.1781474],[114.1374112,22.1781406],[114.1373991,22.1781332],[114.1373718,22.1781378],[114.1373761,22.1781237],[114.1374076,22.1780763],[114.1374215,22.1780408],[114.1374228,22.1780074],[114.1374113,22.1779792],[114.1373901,22.1779656],[114.1373494,22.177969],[114.1373033,22.1779871],[114.137247,22.1780232],[114.137224,22.1780248],[114.137224,22.1780096],[114.1372312,22.1779955],[114.1372882,22.1779363],[114.1373119,22.1778928],[114.1373173,22.1778713],[114.1373162,22.1778409],[114.1372979,22.1777771],[114.1372749,22.1777427]],[[114.1376126,22.1793389],[114.1376175,22.1793231],[114.1376339,22.179291],[114.1376296,22.1792712],[114.137609,22.1792808],[114.1375987,22.1792921],[114.1375787,22.1793305],[114.137566,22.1793649],[114.1375653,22.1793779],[114.1375865,22.1793858],[114.1376059,22.1793841],[114.1376138,22.1793564],[114.1376126,22.1793389]],[[114.1375842,22.1792746],[114.1375696,22.1792571],[114.1375611,22.1792497],[114.1375411,22.1792526],[114.1375139,22.1792768],[114.1374855,22.1793186],[114.1374842,22.1793327],[114.137492,22.179344],[114.1375211,22.1793677],[114.1375393,22.1793699],[114.1375514,22.1793614],[114.1375653,22.1793434],[114.1375715,22.1793305],[114.1375847,22.1792819],[114.1375842,22.1792746]],[[114.1432076,22.1853588],[114.1432077,22.1853502],[114.1431973,22.1853384],[114.1431901,22.1853357],[114.1431791,22.1853367],[114.1431719,22.1853419],[114.1431597,22.1853564],[114.1431561,22.1853667],[114.1431549,22.1853745],[114.1431597,22.1853881],[114.1431659,22.1853932],[114.1431737,22.1853937],[114.1431834,22.1853881],[114.1432039,22.185365],[114.1432076,22.1853588]],[[114.1372683,22.1895063],[114.1372459,22.1894973],[114.1372211,22.189499],[114.1371998,22.1895081],[114.1371914,22.189521],[114.1371955,22.1895329],[114.1372131,22.1895379],[114.137227,22.1895379],[114.1372592,22.1895238],[114.1372683,22.1895063]],[[114.1428378,22.1856973],[114.1428432,22.185699],[114.1428833,22.1857047],[114.142893,22.1857024],[114.1428972,22.1856962],[114.1428978,22.1856855],[114.1428936,22.1856725],[114.1428876,22.1856657],[114.1428748,22.1856579],[114.1428578,22.1856551],[114.1428488,22.1856579],[114.1428391,22.1856724],[114.1428329,22.1856905],[114.1428378,22.1856973]],[[114.1482576,22.1811746],[114.1482564,22.1811679],[114.1482502,22.181161],[114.1481806,22.1811527],[114.1481746,22.1811605],[114.1481752,22.1811718],[114.1481806,22.181177],[114.1482127,22.181195],[114.1482248,22.1811961],[114.1482466,22.1811882],[114.1482576,22.1811746]],[[114.141557,22.1864489],[114.1415455,22.186446],[114.1414903,22.1864494],[114.1414861,22.1864607],[114.1414886,22.1864731],[114.1414959,22.1864799],[114.1415201,22.1864906],[114.1415443,22.1864939],[114.141557,22.186481],[114.1415649,22.1864607],[114.1415625,22.186454],[114.141557,22.1864489]],[[114.1377963,22.1809403],[114.1377776,22.1809363],[114.1377485,22.1809408],[114.1377406,22.1809448],[114.1377419,22.1809657],[114.1377522,22.1809932],[114.1377661,22.1810108],[114.1377733,22.1810113],[114.1377812,22.181],[114.1378018,22.1809533],[114.1377963,22.1809403]],[[114.1441638,22.1836527],[114.1441826,22.183624],[114.1441832,22.1836099],[114.1441789,22.1836037],[114.1441638,22.1836003],[114.1441311,22.183603],[114.1441129,22.1836099],[114.1441087,22.1836154],[114.1441081,22.1836318],[114.1441105,22.1836408],[114.1441165,22.183646],[114.1441372,22.1836572],[114.1441498,22.1836606],[114.1441638,22.1836527]],[[114.1428142,22.1857346],[114.1428154,22.1857244],[114.1428093,22.1857019],[114.1427966,22.1856951],[114.1427718,22.1857008],[114.1427572,22.1857086],[114.1427481,22.185717],[114.1427463,22.1857256],[114.1427494,22.1857419],[114.142756,22.1857543],[114.1427609,22.1857594],[114.142773,22.185764],[114.1427978,22.1857544],[114.1428142,22.1857346]],[[114.1348169,22.1908829],[114.1347903,22.1908743],[114.1347636,22.1908823],[114.1347769,22.190919],[114.1348078,22.1909388],[114.1348545,22.1909478],[114.1348605,22.190927],[114.1348533,22.190911],[114.1348169,22.1908829]],[[114.1433466,22.1847498],[114.1433291,22.1847391],[114.1432732,22.1847226],[114.1432508,22.1847204],[114.1432466,22.1847244],[114.1432484,22.1847351],[114.1432678,22.1847587],[114.1432835,22.1848005],[114.1432908,22.1848079],[114.1432962,22.1848079],[114.1433108,22.1847994],[114.143349,22.1847632],[114.1433503,22.184756],[114.1433466,22.1847498]],[[114.137158,22.189697],[114.1371258,22.1896932],[114.1371052,22.1897045],[114.1370834,22.1897343],[114.1370925,22.1897574],[114.1371089,22.1897795],[114.1371494,22.1897727],[114.1371676,22.1897597],[114.1371791,22.1897231],[114.137158,22.189697]],[[114.1417559,22.1862677],[114.1417505,22.186279],[114.1417438,22.1862689],[114.1417316,22.1862604],[114.1417147,22.1862592],[114.1416995,22.1862682],[114.1416886,22.1862812],[114.1416861,22.1862942],[114.1416922,22.1863055],[114.1417044,22.186314],[114.141728,22.1863236],[114.1417589,22.1863292],[114.1417632,22.1863241],[114.1417632,22.1863179],[114.1417577,22.1862993],[114.1417861,22.1863276],[114.1418001,22.1863247],[114.1418213,22.1863259],[114.141828,22.1863225],[114.1418305,22.1863123],[114.1418183,22.1862852],[114.1418171,22.1862553],[114.1418038,22.1862463],[114.1417868,22.1862446],[114.1417735,22.1862519],[114.1417559,22.1862677]]]]},"properties":{"GmlID":"SRZ.29","OBJNAM":"A8 Sham Wan","INFORM":"The speed limit is 5 knots in this area between 8am and 12 midnight on any Saturday or public holiday or on any day during the period from 1 April to 31 October (both dates inclusive) in any year.","OBJECTID":29}},{"type":"Feature","geometry":{"type":"MultiPolygon","coordinates":[[[[114.342,22.4335906],[114.342,22.4340697],[114.3419884,22.4340626],[114.3419702,22.4340668],[114.3419653,22.4340793],[114.3419744,22.4341017],[114.341972,22.4341241],[114.3419666,22.4341269],[114.3419244,22.4341204],[114.3418641,22.4340969],[114.3418484,22.4341057],[114.3418416,22.4341213],[114.341844,22.4341828],[114.3418575,22.4342006],[114.3418906,22.4342132],[114.3419337,22.434212],[114.3419515,22.434217],[114.3419704,22.4342348],[114.342,22.4342768],[114.342,22.4352304],[114.3419902,22.4352475],[114.3419876,22.4352853],[114.342,22.4352958],[114.3420364,22.4353271],[114.3421406,22.4353915],[114.3421761,22.4354304],[114.3421787,22.4354611],[114.3421524,22.4355108],[114.3422001,22.4355468],[114.3422066,22.4355651],[114.3421703,22.4355806],[114.3421109,22.4355855],[114.3420997,22.4355911],[114.3421012,22.4355993],[114.3421781,22.4356424],[114.3422523,22.4356525],[114.3422728,22.4356648],[114.3422916,22.4356889],[114.342324,22.4357828],[114.3423719,22.4358353],[114.3424468,22.4358688],[114.3425138,22.4358582],[114.3425496,22.4358773],[114.3425736,22.4359111],[114.3425884,22.4359734],[114.342638,22.4360502],[114.3426482,22.4361029],[114.3426987,22.4361214],[114.3427049,22.436153],[114.3426813,22.4361664],[114.342681,22.4361886],[114.3428198,22.4363189],[114.3428621,22.4364437],[114.3428782,22.4365554],[114.3428778,22.4366021],[114.3428539,22.436656],[114.3428665,22.4368296],[114.3428775,22.4368869],[114.3428876,22.4369019],[114.342,22.4375196],[114.338085,22.4402438],[114.3380797,22.4402426],[114.3379666,22.4402592],[114.3379498,22.4402698],[114.3379495,22.4403786],[114.3379189,22.4404838],[114.337903,22.4404922],[114.3378778,22.4404868],[114.3378395,22.4404425],[114.3377443,22.4404298],[114.3376231,22.4403682],[114.3375452,22.4403453],[114.3373575,22.4403774],[114.3372923,22.4403791],[114.3372347,22.4404267],[114.3372224,22.4404506],[114.3372198,22.4405066],[114.3371544,22.440557],[114.3371402,22.4405979],[114.3371082,22.4406247],[114.3370803,22.4406716],[114.3371169,22.4407665],[114.3370658,22.4409095],[114.3370194,22.4409548],[114.3370125,22.4410122],[114.3369863,22.441032],[114.3369251,22.4410446],[114.3368908,22.4411055],[114.3368662,22.4411102],[114.3367789,22.4410615],[114.3366779,22.4410432],[114.3366352,22.4410104],[114.3366128,22.4409774],[114.3365801,22.4409868],[114.3365418,22.4410287],[114.3365082,22.4410399],[114.3363633,22.4410282],[114.3362816,22.4410016],[114.3362381,22.4410059],[114.3362051,22.4410321],[114.3361121,22.4410157],[114.3360062,22.4410236],[114.3359429,22.4410161],[114.3358832,22.4410343],[114.3358335,22.441064],[114.335664,22.4410951],[114.3355792,22.4411326],[114.3355538,22.4411227],[114.3354926,22.4410294],[114.3353,22.4408898],[114.3351993,22.440833],[114.3351562,22.4408286],[114.3351055,22.440873],[114.3349674,22.4409435],[114.3349582,22.4409788],[114.3349949,22.4411039],[114.3349945,22.441192],[114.3349607,22.4412326],[114.3349082,22.4412525],[114.3348339,22.4413135],[114.3348224,22.4413463],[114.3347718,22.4414045],[114.3347694,22.441393],[114.3347679,22.4413843],[114.3347644,22.4413719],[114.3347617,22.4413481],[114.3347632,22.4413348],[114.3347631,22.4413274],[114.3347601,22.4413169],[114.3347526,22.4412976],[114.3347421,22.4412757],[114.3347341,22.4412624],[114.3347266,22.4412487],[114.3347171,22.4412404],[114.3347042,22.4412322],[114.3346983,22.4412263],[114.3346928,22.4412181],[114.3346799,22.4412117],[114.3346586,22.4412091],[114.3346487,22.4412132],[114.3346413,22.4412156],[114.3346271,22.4412267],[114.3346202,22.4412327],[114.3346133,22.4412405],[114.3346084,22.4412515],[114.334603,22.4412621],[114.3345923,22.4412957],[114.334588,22.441315],[114.3345847,22.4413347],[114.3345773,22.4413504],[114.3345709,22.4413591],[114.3345636,22.4413656],[114.3345589,22.441369],[114.3345445,22.4413686],[114.3345311,22.441364],[114.3345168,22.4413566],[114.3345045,22.4413488],[114.3344773,22.4413216],[114.3344645,22.4413037],[114.3344546,22.4412918],[114.3344413,22.4412743],[114.3344315,22.4412605],[114.3344211,22.4412435],[114.3344108,22.441232],[114.3343974,22.4412196],[114.3343821,22.4412062],[114.3343649,22.4411938],[114.334351,22.4411846],[114.3343338,22.4411713],[114.3343046,22.4411464],[114.3342898,22.4411326],[114.334277,22.4411152],[114.334237,22.441077],[114.3342198,22.4410641],[114.334203,22.4410568],[114.3341827,22.4410517],[114.3341669,22.4410507],[114.3341525,22.4410507],[114.3341446,22.4410535],[114.3341382,22.441058],[114.3341328,22.4410603],[114.3341268,22.4410608],[114.3341199,22.4410571],[114.334113,22.441052],[114.3341051,22.4410456],[114.3341031,22.4410392],[114.3341022,22.4410332],[114.3340962,22.4410217],[114.3340755,22.4409964],[114.3340622,22.4409812],[114.3340454,22.4409675],[114.3340074,22.440927],[114.3339951,22.4409049],[114.3339774,22.4408696],[114.333973,22.4408539],[114.3339656,22.4408337],[114.3339592,22.440819],[114.3339518,22.4408029],[114.333942,22.4407859],[114.3339311,22.4407689],[114.3339183,22.4407368],[114.333909,22.4407179],[114.3339011,22.4407005],[114.3338942,22.4406871],[114.3338878,22.4406706],[114.3338784,22.4406573],[114.3338671,22.4406471],[114.3338468,22.4406278],[114.33384,22.4406163],[114.3338385,22.4406021],[114.3338405,22.4405874],[114.3338455,22.4405746],[114.333848,22.4405387],[114.3338466,22.4405195],[114.3338436,22.440497],[114.3338329,22.4404428],[114.333824,22.4404152],[114.3338147,22.4403913],[114.3337915,22.4403454],[114.3337772,22.4403196],[114.3337654,22.4403045],[114.3337328,22.4402658],[114.3337141,22.4402488],[114.3336835,22.4402198],[114.3336707,22.440207],[114.3336583,22.4401932],[114.3336302,22.440166],[114.3336105,22.4401449],[114.3335902,22.4401302],[114.3335665,22.4401141],[114.3335488,22.4401044],[114.333529,22.4400947],[114.3334919,22.4400804],[114.3334579,22.4400712],[114.3334183,22.4400615],[114.3333813,22.4400514],[114.3333571,22.4400467],[114.333279,22.4400351],[114.3332567,22.4400287],[114.333234,22.4400254],[114.3332078,22.4400226],[114.333187,22.4400231],[114.3331643,22.4400272],[114.3331119,22.4400427],[114.3330723,22.4400638],[114.3330564,22.440078],[114.3330416,22.4400931],[114.3330297,22.4401069],[114.3330128,22.440128],[114.3330039,22.4401317],[114.3329945,22.440133],[114.3329837,22.4401275],[114.3329506,22.4400985],[114.3329363,22.4400898],[114.3329106,22.4400801],[114.3328987,22.440075],[114.3328923,22.4400681],[114.3328874,22.4400553],[114.3328845,22.4400373],[114.3328835,22.4400277],[114.3328776,22.4400139],[114.3328633,22.4400043],[114.3328386,22.4399964],[114.3328257,22.4399868],[114.3328202,22.4399815],[114.3328212,22.4399452],[114.3328484,22.4399043],[114.3329115,22.4398374],[114.3329132,22.4398354],[114.3329748,22.4398749],[114.3330355,22.4398975],[114.3330415,22.4398828],[114.3329837,22.4398616],[114.3329236,22.4398225],[114.3329322,22.4398107],[114.3329385,22.4398016],[114.3329412,22.4397967],[114.3329423,22.4397942],[114.332943,22.4397916],[114.3329432,22.4397888],[114.3329426,22.4397862],[114.3329415,22.4397837],[114.33294,22.4397813],[114.3329366,22.4397769],[114.3329305,22.4397711],[114.3328388,22.4396906],[114.3328034,22.4396231],[114.3327757,22.4395926],[114.3327789,22.4395649],[114.3327733,22.4395355],[114.3327132,22.4395228],[114.3326685,22.4395004],[114.3326737,22.4393998],[114.332682,22.4393991],[114.3327261,22.4394121],[114.3327644,22.4394219],[114.3328213,22.4394343],[114.3328728,22.4394473],[114.3329416,22.4394656],[114.3330237,22.4394808],[114.3330874,22.4394854],[114.3331607,22.4394825],[114.3332213,22.4394417],[114.3332538,22.4393853],[114.333238,22.4393418],[114.3331812,22.4393407],[114.333119,22.4393623],[114.3330524,22.4393811],[114.3330023,22.4393773],[114.3329761,22.4393586],[114.3329742,22.4393504],[114.3329654,22.4393192],[114.3329775,22.4392836],[114.3330132,22.4392439],[114.3330417,22.4391969],[114.3330779,22.4391577],[114.3331263,22.4391111],[114.3331726,22.4390585],[114.333197,22.4389935],[114.333188,22.438922],[114.3331675,22.4388755],[114.3331553,22.4388289],[114.333178,22.4387958],[114.3332182,22.4388187],[114.3332543,22.4388351],[114.3332842,22.4388037],[114.3332889,22.4387552],[114.3332445,22.4387148],[114.3331738,22.4386821],[114.3331133,22.4386598],[114.3330504,22.4386474],[114.3329929,22.4386459],[114.3329303,22.4386378],[114.3328623,22.4386221],[114.3327063,22.4385878],[114.3325779,22.4385314],[114.3326454,22.4384489],[114.3327157,22.4384797],[114.3327576,22.4384948],[114.3328503,22.4385105],[114.3329436,22.4385028],[114.3331492,22.4385136],[114.3332207,22.4385045],[114.3332676,22.4385175],[114.333336,22.4385719],[114.3333962,22.438632],[114.3334575,22.4386788],[114.3335234,22.4387566],[114.3335645,22.4388009],[114.333584,22.4388585],[114.3336042,22.438926],[114.3336296,22.4389964],[114.3336445,22.439067],[114.3336611,22.4391289],[114.3336776,22.4391695],[114.3336981,22.4392129],[114.3337296,22.4392434],[114.333769,22.4392549],[114.333824,22.4392389],[114.333884,22.4391984],[114.3339195,22.4391689],[114.3339718,22.4391496],[114.3340169,22.4391099],[114.334057,22.4390645],[114.3340844,22.4390151],[114.3340957,22.4389656],[114.3340837,22.4389117],[114.334082,22.4388805],[114.3340852,22.4388374],[114.3340849,22.4387968],[114.3340713,22.4387409],[114.3340622,22.4386926],[114.334046,22.4386223],[114.3340346,22.4385829],[114.3340424,22.4385329],[114.3340639,22.4384876],[114.3340724,22.4384724],[114.3340948,22.4384204],[114.3341132,22.4383512],[114.3341161,22.4382863],[114.3341211,22.4381659],[114.3341217,22.4381416],[114.3341296,22.4381005],[114.3341376,22.4380395],[114.3341527,22.4379915],[114.3341709,22.4379481],[114.334214,22.4379055],[114.3342575,22.4378707],[114.3342776,22.4378474],[114.3342928,22.4378175],[114.3343184,22.4377821],[114.3343695,22.4377403],[114.3343856,22.4376846],[114.3343979,22.4376135],[114.3344102,22.4375609],[114.3344309,22.4375251],[114.3344574,22.437489],[114.3344708,22.4374739],[114.3345086,22.4374549],[114.3345457,22.4374317],[114.3345866,22.4374135],[114.3346332,22.4374022],[114.3346745,22.4373725],[114.3346857,22.4373697],[114.3347168,22.4373562],[114.3347593,22.4373436],[114.334781,22.4373412],[114.3348008,22.4373379],[114.334826,22.4373345],[114.334867,22.4373311],[114.3349016,22.437325],[114.3349262,22.4373129],[114.3349455,22.4373046],[114.3349617,22.4372958],[114.3349815,22.437286],[114.3350125,22.4372666],[114.3350312,22.4372541],[114.335043,22.4372426],[114.3350696,22.4372149],[114.3350824,22.4372075],[114.3350942,22.4372019],[114.33511,22.4371936],[114.3351312,22.4371769],[114.3351385,22.437167],[114.33514,22.437165],[114.3351533,22.4371488],[114.3351656,22.4371355],[114.3351788,22.4371239],[114.3351941,22.4371119],[114.3352096,22.4371051],[114.3352219,22.437098],[114.3352341,22.4370901],[114.3352469,22.437084],[114.3352819,22.4370725],[114.3353011,22.4370641],[114.3353237,22.437056],[114.3353593,22.4370358],[114.3353958,22.4370154],[114.3354239,22.4370024],[114.3354436,22.4369941],[114.3354609,22.4369857],[114.3354757,22.4369806],[114.335491,22.4369732],[114.3355063,22.4369635],[114.3355191,22.4369579],[114.3355304,22.43695],[114.3355383,22.4369431],[114.3355452,22.4369362],[114.3355709,22.4369017],[114.3355864,22.4368836],[114.3355962,22.4368748],[114.335605,22.4368683],[114.3356153,22.4368617],[114.3356266,22.4368575],[114.3356384,22.4368495],[114.3356492,22.4368434],[114.33566,22.4368364],[114.3356732,22.4368266],[114.3356874,22.436815],[114.335701,22.4368015],[114.335712,22.4367875],[114.3357429,22.4367548],[114.3357606,22.4367304],[114.3357803,22.4367128],[114.3357906,22.4367064],[114.3358,22.436698],[114.3358093,22.4366906],[114.3358128,22.4366856],[114.3358144,22.4366826],[114.3358211,22.4366709],[114.3358319,22.4366501],[114.3358456,22.4366386],[114.3358698,22.4366215],[114.335888,22.4366067],[114.3358968,22.4365961],[114.3359002,22.4365855],[114.3359026,22.4365741],[114.3359095,22.4365616],[114.3359183,22.4365487],[114.3359306,22.4365358],[114.3359468,22.4365224],[114.3359562,22.4365137],[114.3359631,22.4365035],[114.3359699,22.4364952],[114.3359817,22.4364796],[114.3359942,22.4364673],[114.3360045,22.4364584],[114.3360191,22.4364441],[114.3360456,22.4364222],[114.3360734,22.4363957],[114.3360856,22.4363855],[114.3360934,22.4363776],[114.3361065,22.4363604],[114.3361086,22.4363554],[114.3361145,22.4363458],[114.3361199,22.4363416],[114.3361302,22.436337],[114.3361391,22.4363314],[114.3361485,22.436325],[114.3361688,22.4363009],[114.3361787,22.4362921],[114.3362017,22.4362658],[114.3362238,22.4362446],[114.3362434,22.4362224],[114.3362538,22.4362128],[114.336273,22.4362048],[114.3362917,22.4361942],[114.3363212,22.4361757],[114.3363345,22.436165],[114.3363536,22.436147],[114.3364056,22.4360866],[114.3364193,22.4360691],[114.3364335,22.4360474],[114.3364586,22.4360202],[114.3364737,22.4359963],[114.3364894,22.4359769],[114.3365139,22.4359437],[114.3365281,22.4359175],[114.3365384,22.4359027],[114.3365472,22.4358917],[114.336561,22.4358797],[114.3365821,22.435863],[114.3365949,22.4358519],[114.336641,22.4358021],[114.3366518,22.4357878],[114.3366758,22.4357533],[114.3366831,22.4357413],[114.3366929,22.4357229],[114.3367022,22.435709],[114.3367129,22.4356874],[114.3367183,22.4356736],[114.3367232,22.4356639],[114.336731,22.4356543],[114.3367404,22.4356464],[114.3367521,22.4356321],[114.3367595,22.435621],[114.3367688,22.4356031],[114.3367819,22.4355709],[114.3367868,22.4355571],[114.3367901,22.4355337],[114.3367895,22.4355204],[114.3367883,22.4355118],[114.3368128,22.4354636],[114.3370078,22.4355641],[114.3371115,22.4356177],[114.3371054,22.435628],[114.337105,22.4356297],[114.3371049,22.4356315],[114.3371052,22.435633],[114.3371061,22.4356349],[114.3371073,22.4356363],[114.3371083,22.4356372],[114.3372092,22.4356893],[114.3372834,22.4357276],[114.3372852,22.4357282],[114.3372871,22.4357284],[114.3372881,22.4357283],[114.3372908,22.4357273],[114.3372922,22.4357261],[114.3372931,22.4357248],[114.3374397,22.4354763],[114.33744,22.4354755],[114.3374403,22.4354728],[114.3374401,22.4354719],[114.3374393,22.4354703],[114.3374387,22.4354696],[114.3374373,22.4354684],[114.3373668,22.4354322],[114.3373659,22.4354319],[114.337364,22.4354316],[114.337363,22.4354316],[114.337362,22.4354318],[114.3373602,22.4354324],[114.3373587,22.4354336],[114.3373577,22.4354349],[114.337252,22.4356143],[114.3372265,22.4356011],[114.3371527,22.4355631],[114.3371501,22.4355622],[114.3371482,22.4355621],[114.3371453,22.4355626],[114.3371436,22.4355634],[114.3371428,22.4355639],[114.337141,22.4355656],[114.3371341,22.4355777],[114.337023,22.4355204],[114.33695,22.4354827],[114.3368334,22.4354226],[114.3368428,22.4354041],[114.3368109,22.4353872],[114.3368296,22.4353565],[114.3369327,22.4351243],[114.3369471,22.4351036],[114.3369597,22.4350792],[114.3369779,22.4350497],[114.3369955,22.4350244],[114.3370043,22.4350165],[114.3370136,22.4350046],[114.3370254,22.4349861],[114.3370257,22.4349851],[114.3370569,22.4349135],[114.3370663,22.4348932],[114.3370731,22.4348707],[114.3370789,22.4348472],[114.3370959,22.4348049],[114.3371016,22.4347654],[114.3371065,22.4347516],[114.3371098,22.4347323],[114.3371167,22.434718],[114.33712,22.4347028],[114.3371346,22.4346665],[114.33714,22.4346513],[114.3371637,22.4345796],[114.33717,22.4345566],[114.3371758,22.4345318],[114.3371819,22.4345083],[114.3372185,22.4343336],[114.3372542,22.4342682],[114.3372566,22.4341654],[114.3373138,22.4340613],[114.3373638,22.4339252],[114.3374227,22.4337524],[114.3375419,22.4337953],[114.3375758,22.4337061],[114.3374581,22.4336622],[114.3374319,22.4335596],[114.3374542,22.4334481],[114.3375678,22.4334303],[114.3375347,22.433214],[114.3374237,22.4332293],[114.3374187,22.433226],[114.3373752,22.4331976],[114.3373623,22.4331892],[114.3373371,22.4331918],[114.3373023,22.4331884],[114.3373046,22.4331312],[114.337233,22.4331246],[114.3372303,22.4332112],[114.3372198,22.4332111],[114.3372207,22.4331781],[114.3372189,22.4331237],[114.3372086,22.433016],[114.3371965,22.4330168],[114.3372063,22.4331231],[114.3372096,22.4331238],[114.3372115,22.4331776],[114.3372103,22.4332073],[114.3372078,22.4332038],[114.3371846,22.4331927],[114.3371376,22.4331679],[114.3371193,22.4331651],[114.3370597,22.4331133],[114.337029,22.4330092],[114.3370133,22.4330123],[114.3369968,22.4329136],[114.3369542,22.4328109],[114.3369339,22.432717],[114.3369107,22.4326492],[114.3368809,22.4325272],[114.3368766,22.4323826],[114.336859,22.4323351],[114.3368463,22.4322584],[114.3368483,22.4321749],[114.3368376,22.4321341],[114.3368322,22.4320574],[114.3368379,22.4320152],[114.3368631,22.4319388],[114.336883,22.4317891],[114.3368836,22.4317266],[114.3368685,22.4316037],[114.3368479,22.4315286],[114.3367842,22.4313751],[114.3367624,22.4312875],[114.3366919,22.4311236],[114.3366644,22.43107],[114.3366054,22.4309551],[114.3365471,22.4308673],[114.336383,22.4306733],[114.3363214,22.4306305],[114.336114,22.4305322],[114.336031,22.4304691],[114.335977,22.4303942],[114.3358695,22.4301841],[114.3357715,22.430043],[114.3357493,22.4299681],[114.3357419,22.4298169],[114.3356317,22.429509],[114.335455,22.4293199],[114.3352963,22.4291947],[114.3350009,22.4290595],[114.3348755,22.4290238],[114.3347286,22.4289987],[114.3345461,22.4289961],[114.3344636,22.4289771],[114.3343325,22.4289729],[114.3340353,22.4289879],[114.3338757,22.4290411],[114.3337882,22.4290896],[114.3337163,22.4291453],[114.333491,22.4292838],[114.3333165,22.4294396],[114.3332663,22.4294584],[114.3332276,22.429448],[114.3332067,22.4294282],[114.3331805,22.4293619],[114.3331306,22.429311],[114.3330846,22.4292137],[114.3330853,22.4291894],[114.3330982,22.4291709],[114.3331844,22.4291138],[114.3332325,22.4290625],[114.3332367,22.4290383],[114.3332227,22.4289961],[114.3332,22.4289773],[114.3331742,22.4289707],[114.3329929,22.4289852],[114.3329445,22.4289703],[114.3329222,22.4289542],[114.3329372,22.4289247],[114.3329788,22.4289349],[114.3330571,22.4289261],[114.3331001,22.4289033],[114.3331295,22.4288812],[114.3331405,22.428864],[114.3331157,22.4287802],[114.3330938,22.4287554],[114.333032,22.4287126],[114.333023,22.4286863],[114.3330551,22.4286377],[114.3330731,22.4285845],[114.3331295,22.4284986],[114.3331581,22.4284305],[114.3331828,22.4283373],[114.3331968,22.4283187],[114.3332314,22.4283143],[114.333277,22.4283427],[114.3333096,22.4283493],[114.3334099,22.4283325],[114.3334795,22.4283107],[114.3335631,22.4282639],[114.3336692,22.4282233],[114.3338007,22.4281572],[114.3339594,22.4281151],[114.3339938,22.4281005],[114.3342769,22.4279134],[114.3343661,22.4278414],[114.33447,22.4277907],[114.3345067,22.4277797],[114.3345447,22.4277769],[114.3345899,22.4277878],[114.3346433,22.4277895],[114.3347239,22.4278113],[114.3348459,22.4278287],[114.3349423,22.4278617],[114.3350081,22.4278635],[114.3350895,22.4278206],[114.3351719,22.4278036],[114.3352251,22.4277617],[114.3352742,22.4277106],[114.3353079,22.4276923],[114.3353776,22.4276891],[114.335471,22.4277253],[114.3356782,22.4277705],[114.335851,22.4277826],[114.3359926,22.4278258],[114.3362322,22.4279622],[114.3363537,22.4280866],[114.3365098,22.4281363],[114.3365617,22.4281647],[114.3365888,22.4285622],[114.3365585,22.4285778],[114.3366049,22.4285746],[114.336578,22.428165],[114.3366044,22.4281566],[114.3367199,22.4281394],[114.3367936,22.4281461],[114.3368499,22.4281704],[114.3370028,22.4282859],[114.337111,22.4283286],[114.3372249,22.4284053],[114.337322,22.4284531],[114.3375479,22.4285307],[114.3377764,22.4285284],[114.3379777,22.4284633],[114.3382434,22.4283222],[114.3385818,22.428201],[114.3386178,22.4281667],[114.3386339,22.4281339],[114.3386475,22.4280524],[114.3386876,22.4279557],[114.3387163,22.4279292],[114.3388181,22.4278757],[114.3388661,22.4278687],[114.3388918,22.4278773],[114.3389276,22.4279629],[114.338959,22.4279954],[114.3390631,22.4280599],[114.3390818,22.4280606],[114.3393089,22.4279733],[114.339455,22.4278851],[114.3395267,22.4278788],[114.3397317,22.4278137],[114.3397821,22.4277762],[114.3398018,22.4277065],[114.3398352,22.4276871],[114.3399025,22.4276767],[114.3399398,22.4276835],[114.3399665,22.4276948],[114.3400343,22.4277395],[114.3400884,22.4278514],[114.3401107,22.4279996],[114.3401433,22.4280348],[114.3402252,22.4280885],[114.3402894,22.4281042],[114.3405529,22.4281127],[114.3407012,22.4281356],[114.340968,22.4282796],[114.3410567,22.4283156],[114.3412005,22.4283075],[114.3412748,22.4282469],[114.3412756,22.4283517],[114.3412888,22.4283763],[114.3413663,22.4284269],[114.3414089,22.4284402],[114.3415443,22.4284288],[114.3415679,22.4284389],[114.3415881,22.4284925],[114.341585,22.4285223],[114.3415296,22.4285745],[114.3415106,22.4286144],[114.3414288,22.4286899],[114.341285,22.4286753],[114.3412132,22.4287009],[114.3410985,22.4287106],[114.3409243,22.4287588],[114.3408497,22.4287495],[114.3407393,22.4287033],[114.3406938,22.4286995],[114.3406787,22.4287247],[114.3406716,22.4287864],[114.340605,22.4288771],[114.3406081,22.4290077],[114.3405823,22.4290421],[114.3405424,22.429059],[114.3405056,22.4290527],[114.3404194,22.4289485],[114.340314,22.4288836],[114.3402339,22.4288794],[114.3401063,22.4288254],[114.3400277,22.4288475],[114.3399139,22.4288335],[114.3398626,22.4288088],[114.3397898,22.4287364],[114.3397492,22.4287234],[114.3397061,22.4287288],[114.3396545,22.4287675],[114.3396789,22.428861],[114.3396692,22.4289049],[114.3395757,22.4290084],[114.3395289,22.4290423],[114.3394358,22.4290888],[114.3393395,22.4291171],[114.3388602,22.4292118],[114.3387209,22.4292808],[114.3386238,22.4293548],[114.3385795,22.4293749],[114.3385332,22.4294137],[114.3385022,22.4294553],[114.3384874,22.4295042],[114.3384848,22.4297067],[114.3384221,22.4301813],[114.3382505,22.4303879],[114.3382124,22.4305278],[114.3381162,22.4307249],[114.3380936,22.4308395],[114.3380118,22.4308997],[114.3379994,22.431078],[114.3380224,22.4311958],[114.3380255,22.4313977],[114.3380327,22.4315222],[114.3380535,22.4316019],[114.3380849,22.4316577],[114.3380863,22.4316589],[114.3381528,22.431717],[114.3381875,22.4317333],[114.3383842,22.4317489],[114.33848,22.4317415],[114.3385918,22.4317647],[114.3386332,22.4317594],[114.3386735,22.4317317],[114.3387619,22.4317211],[114.3388781,22.4316718],[114.3389867,22.4316519],[114.3391675,22.4316487],[114.3392019,22.4316273],[114.3392354,22.4315477],[114.3393419,22.4314976],[114.3394307,22.4314131],[114.3394484,22.4313781],[114.3394544,22.4313231],[114.3394376,22.431229],[114.3394634,22.4311669],[114.3396993,22.4310604],[114.3397787,22.4310398],[114.3398953,22.431035],[114.3400574,22.4310746],[114.3401129,22.4310977],[114.3401656,22.4311305],[114.3402382,22.4311499],[114.3403259,22.4311847],[114.3404253,22.431208],[114.3404767,22.4312059],[114.3405003,22.4311967],[114.3405783,22.4311842],[114.3406158,22.4311726],[114.3406571,22.431154],[114.3407338,22.4310929],[114.3407951,22.4310601],[114.3409037,22.4310131],[114.3409955,22.430998],[114.3410095,22.4309764],[114.3410082,22.4309492],[114.3409877,22.4308967],[114.3409909,22.4308818],[114.3409996,22.4308756],[114.3410127,22.430878],[114.3410319,22.4309068],[114.3410478,22.4309187],[114.3411102,22.4309385],[114.3411275,22.4309394],[114.3411393,22.430932],[114.3411298,22.4309132],[114.3411279,22.4308895],[114.3411494,22.4308708],[114.3411814,22.4308644],[114.3412063,22.430876],[114.3412113,22.4309128],[114.3412212,22.4309223],[114.3412989,22.4309323],[114.3413224,22.4309458],[114.341373,22.4310238],[114.3414117,22.4310617],[114.3414317,22.4310929],[114.341538,22.4311093],[114.3416029,22.431146],[114.3416157,22.4311616],[114.3416177,22.431229],[114.3416354,22.4312335],[114.3416611,22.4312233],[114.3417021,22.4312217],[114.3417684,22.4312421],[114.3417834,22.4312567],[114.3417914,22.431291],[114.341773,22.4313471],[114.3417736,22.4313696],[114.3417919,22.4313732],[114.3418175,22.4313524],[114.3418576,22.4313491],[114.3419147,22.4313558],[114.3419296,22.4313638],[114.3419409,22.4313764],[114.3419552,22.4314488],[114.3419414,22.4314733],[114.3419171,22.431494],[114.3419106,22.4315198],[114.3419945,22.4315578],[114.342,22.4315641],[114.342,22.4316111],[114.3419884,22.4316447],[114.3419775,22.4316958],[114.3419793,22.4317105],[114.3419894,22.4317213],[114.342,22.4317262],[114.342,22.4321851],[114.342,22.432396],[114.3419689,22.4324038],[114.3419575,22.4324123],[114.3419569,22.4324247],[114.341971,22.432441],[114.342,22.4324585],[114.342,22.4325914],[114.342,22.4329094],[114.342,22.4335464],[114.342,22.4335906]],[[114.3362026,22.4408146],[114.3361868,22.440813],[114.3361729,22.440817],[114.3361638,22.4408254],[114.3361589,22.4408396],[114.3361662,22.4408508],[114.3361905,22.4408519],[114.3362117,22.4408429],[114.3362148,22.4408384],[114.3362153,22.4408271],[114.3362026,22.4408146]]]]},"properties":{"GmlID":"SRZ.30","OBJNAM":"T3 Ko Tong Hau","INFORM":"The speed limit is 5 knots in this area between 8am and 12 midnight on any Saturday or public holiday or on any day during the period from 1 July to 15 September (both dates inclusive) in any year.","OBJECTID":30}},{"type":"Feature","geometry":{"type":"MultiPolygon","coordinates":[[[[114.1221834,22.2470834],[114.12635,22.2501333],[114.1236197,22.255],[114.1230088,22.256],[114.115193,22.27],[114.1135667,22.2729166],[114.1108388,22.2775699],[114.1095813,22.2797153],[114.1046075,22.2882],[114.1014322,22.2936167],[114.0994,22.2970834],[114.0985668,22.3054166],[114.08885,22.3245834],[114.0790155,22.3498043],[114.0760666,22.3573667],[114.0702333,22.3623666],[114.0566167,22.3623666],[114.0566167,22.3570834],[114.068,22.3570834],[114.0702333,22.3548667],[114.0740529,22.34485],[114.0780869,22.3342509],[114.0788139,22.3323427],[114.0805,22.3279167],[114.0758109,22.3304324],[114.0644036,22.3365527],[114.0613333,22.3382],[114.0535667,22.3482],[114.0519,22.3470833],[114.061896,22.334305],[114.0619,22.3343],[114.0819,22.32375],[114.0844429,22.3176385],[114.0903973,22.303328],[114.0921871,22.2990264],[114.0955305,22.291],[114.0978926,22.2853],[114.102682,22.2737999],[114.1040989,22.2703979],[114.1042583,22.2700147],[114.1046667,22.2690333],[114.1051741,22.2681499],[114.1078206,22.2633833],[114.1119199,22.256],[114.1119218,22.256],[114.1163474,22.2480304],[114.1185667,22.2440334],[114.1221834,22.2470834]]]]},"properties":{"GmlID":"SRZ.31","OBJNAM":"Zone C","INFORM":"The maximum permitted speed is 15 knots.","OBJECTID":31}},{"type":"Feature","geometry":{"type":"MultiPolygon","coordinates":[[[[114.2071114,22.3164641],[114.2071404,22.3165237],[114.2071397,22.3165997],[114.2010709,22.322038],[114.2010809,22.3220613],[114.2008127,22.3221625],[114.2004786,22.3213714],[114.2004853,22.3213635],[114.2004858,22.3213301],[114.2001149,22.3204533],[114.2001124,22.3203368],[114.2000504,22.3202795],[114.2011186,22.319328],[114.2045693,22.3162378],[114.2057353,22.3151908],[114.2057818,22.3152014],[114.2058327,22.3152304],[114.2071114,22.3164641]]],[[[114.0490545,22.2836151],[114.0490155,22.2836101],[114.0564035,22.2629535],[114.0564167,22.2629167],[114.061889,22.256],[114.0626981,22.255],[114.0788776,22.2345834],[114.0994,22.2345833],[114.1063334,22.2345833],[114.1071899,22.2352362],[114.1071848,22.2352874],[114.1071939,22.2353133],[114.1072709,22.2353298],[114.1072902,22.2353127],[114.1077624,22.2356951],[114.1080663,22.2360058],[114.1185667,22.2440334],[114.1163474,22.2480304],[114.1119218,22.256],[114.1119199,22.256],[114.1078206,22.2633833],[114.1051741,22.2681499],[114.1046667,22.2690333],[114.1042583,22.2700147],[114.1040989,22.2703979],[114.102682,22.2737999],[114.0978926,22.2853],[114.0955305,22.291],[114.0921871,22.2990264],[114.0903973,22.303328],[114.0844429,22.3176385],[114.0819,22.32375],[114.0619,22.3343],[114.061896,22.334305],[114.0519,22.3470833],[114.0501569,22.345924],[114.0502841,22.345835],[114.0503944,22.3457543],[114.0505951,22.3456125],[114.0508286,22.3454917],[114.0510915,22.3452287],[114.0511396,22.3450633],[114.0512741,22.3449509],[114.0514729,22.3449155],[114.0515687,22.3449397],[114.0518245,22.3449227],[114.0519008,22.3448207],[114.0518942,22.3447352],[114.0517673,22.3446106],[114.0515999,22.3444497],[114.0515015,22.3442748],[114.0514755,22.3440788],[114.0516747,22.3439998],[114.0518517,22.3438231],[114.0519945,22.3437521],[114.0528115,22.3433458],[114.0530664,22.3435958],[114.0531157,22.3435644],[114.053142,22.343604],[114.0532075,22.3435618],[114.0532717,22.3435204],[114.0533907,22.3434437],[114.053396,22.3434805],[114.0534128,22.3435162],[114.0534757,22.3435357],[114.0535648,22.3435301],[114.0536978,22.3435017],[114.0537507,22.343488],[114.0538745,22.343447],[114.0539754,22.3433317],[114.0541625,22.3430677],[114.054222,22.3429773],[114.0542457,22.3428964],[114.0542495,22.3428045],[114.054234,22.3426585],[114.0542236,22.3426145],[114.0541948,22.3425803],[114.0541451,22.3425579],[114.0540916,22.3425481],[114.0540346,22.3425726],[114.053913,22.3425966],[114.0537707,22.3425144],[114.0537549,22.3423429],[114.0536661,22.3422121],[114.0537861,22.342218],[114.0538833,22.3421738],[114.0541228,22.3420967],[114.0541651,22.3419817],[114.0542482,22.3419751],[114.0543556,22.341913],[114.0544448,22.3417778],[114.0546049,22.3416018],[114.0547068,22.3415578],[114.0549611,22.3414382],[114.0549773,22.341359],[114.0551623,22.3411962],[114.0553058,22.3410647],[114.0553404,22.3410448],[114.0553718,22.3410403],[114.055412,22.341058],[114.0554383,22.3410557],[114.0555029,22.3410237],[114.0555129,22.3410119],[114.0555152,22.3410045],[114.05551,22.3410023],[114.0554881,22.3410024],[114.0554288,22.3410225],[114.055411,22.3410196],[114.0553964,22.341007],[114.0553899,22.3409826],[114.0553936,22.3409604],[114.0554479,22.340882],[114.0555463,22.3408068],[114.0555777,22.3407734],[114.0555683,22.3407054],[114.0556478,22.3406256],[114.0557568,22.3406209],[114.0558339,22.3405346],[114.0558147,22.340447],[114.0557447,22.3402877],[114.0558279,22.3402103],[114.0557663,22.3400229],[114.0555224,22.3399744],[114.0556071,22.3398444],[114.0555291,22.3397386],[114.055591,22.3396691],[114.0555717,22.3394575],[114.0553864,22.3393243],[114.0554094,22.3391792],[114.0553053,22.3390764],[114.0552124,22.3389643],[114.0555451,22.3388218],[114.0559174,22.3386618],[114.0560873,22.3384398],[114.0563174,22.3383083],[114.0564645,22.3381715],[114.0566773,22.3379341],[114.0570193,22.3377212],[114.0571659,22.3376098],[114.0572921,22.3375168],[114.0573533,22.3374017],[114.0573821,22.3372951],[114.0574299,22.3371509],[114.0574397,22.3370447],[114.0574192,22.3369155],[114.0572944,22.3366219],[114.0573407,22.3363877],[114.0573299,22.3363239],[114.0572509,22.3361841],[114.0573264,22.3361004],[114.0574151,22.3360768],[114.0575097,22.3360216],[114.0575358,22.3359679],[114.0575645,22.3357839],[114.057572,22.3356518],[114.0576513,22.3357626],[114.0576907,22.3358062],[114.0578575,22.3358502],[114.0580481,22.3357802],[114.0580954,22.3357595],[114.0582253,22.3356501],[114.0581745,22.3354949],[114.058077,22.3353903],[114.0579138,22.3353405],[114.0576971,22.3354144],[114.0576345,22.3355119],[114.057618,22.3356062],[114.0575798,22.3355972],[114.0575727,22.3354363],[114.0575988,22.3353652],[114.0575472,22.3353333],[114.057474,22.3353024],[114.0574467,22.3353069],[114.0573957,22.3353255],[114.0573539,22.3353148],[114.0573405,22.3352962],[114.0573588,22.3352471],[114.057406,22.3352131],[114.0574563,22.3352017],[114.0574698,22.3351908],[114.0574631,22.3351805],[114.0573904,22.3351875],[114.0573579,22.3352001],[114.0572141,22.3352289],[114.0571716,22.3352136],[114.0570897,22.3352607],[114.056998,22.3352561],[114.0569146,22.3351861],[114.0568213,22.3351374],[114.056723,22.335084],[114.0566641,22.3351053],[114.0565593,22.3350562],[114.0564933,22.3350792],[114.0564228,22.3350397],[114.0564192,22.3349511],[114.0564392,22.3349054],[114.0563289,22.3348816],[114.0562652,22.3348178],[114.0562355,22.3348009],[114.0561943,22.3348071],[114.056142,22.3348556],[114.0561207,22.3348922],[114.0560584,22.334913],[114.0560274,22.334891],[114.0560359,22.3348482],[114.0560147,22.3348227],[114.0559377,22.3348317],[114.0558187,22.3348276],[114.0557175,22.3347401],[114.0556823,22.3346966],[114.0556963,22.334591],[114.0558177,22.334524],[114.0558367,22.3344642],[114.0558483,22.3344036],[114.0558751,22.3342644],[114.0558368,22.3342588],[114.0558233,22.3343837],[114.0558113,22.3344297],[114.0557942,22.3344297],[114.0557699,22.3344702],[114.0556721,22.3345092],[114.0555891,22.3345063],[114.0554537,22.3345429],[114.0552329,22.3345325],[114.05511,22.3345222],[114.054936,22.3345139],[114.054823,22.3342354],[114.0549546,22.3341874],[114.0551198,22.3341273],[114.0551138,22.3341137],[114.054949,22.3341738],[114.0548176,22.3342218],[114.0547607,22.3340254],[114.0547694,22.333917],[114.0548199,22.3338097],[114.0548866,22.3337817],[114.0549114,22.3337236],[114.0549595,22.333658],[114.0550602,22.3336418],[114.0551725,22.3335877],[114.0552369,22.333485],[114.0554408,22.3333842],[114.0559032,22.3332558],[114.0559991,22.3331526],[114.0560218,22.3329557],[114.05596,22.3328952],[114.0558502,22.332841],[114.0557374,22.3327173],[114.0555913,22.332672],[114.0556562,22.3326021],[114.0556647,22.3325456],[114.0556312,22.3325111],[114.0556576,22.3324348],[114.0556346,22.3323707],[114.0556065,22.3323614],[114.0555425,22.3323671],[114.0555152,22.332313],[114.0555533,22.3322677],[114.0556016,22.3322417],[114.0556109,22.3321868],[114.0555984,22.3321376],[114.055533,22.3321521],[114.0555237,22.3322055],[114.0554407,22.3321741],[114.0553571,22.3321069],[114.0553013,22.3319097],[114.0553015,22.3317755],[114.0553623,22.3316897],[114.0555109,22.3316768],[114.0555862,22.3316199],[114.0555053,22.3315495],[114.0554002,22.331486],[114.055398,22.3314072],[114.0554498,22.331385],[114.0554933,22.3314119],[114.0556269,22.3313435],[114.0556154,22.3313007],[114.0555276,22.3312065],[114.0554882,22.3311337],[114.0553791,22.3311209],[114.0553228,22.331049],[114.0552298,22.3309555],[114.0552092,22.330837],[114.0552513,22.3307078],[114.0553096,22.3305638],[114.0554469,22.3303959],[114.0556127,22.3302603],[114.0557622,22.3301598],[114.0561035,22.3303831],[114.0562898,22.3303551],[114.0564196,22.3304116],[114.0565814,22.3304437],[114.0566484,22.3304388],[114.0566991,22.3304877],[114.0567172,22.330486],[114.0567245,22.3304675],[114.0566936,22.3304236],[114.0566966,22.3303584],[114.0567241,22.3303289],[114.0567934,22.3303563],[114.056875,22.3303177],[114.0568244,22.3301525],[114.0568644,22.3300346],[114.0569649,22.3298425],[114.057045,22.3297693],[114.057133,22.3297354],[114.0571621,22.3297079],[114.0571896,22.3296581],[114.0571746,22.3295619],[114.0571816,22.329504],[114.0572379,22.3294671],[114.0573011,22.3294432],[114.0572659,22.3294061],[114.0572238,22.3293887],[114.0571654,22.3293539],[114.0570694,22.3293495],[114.0569724,22.3293584],[114.0569181,22.3293396],[114.0570127,22.3293112],[114.0570152,22.3292812],[114.0569851,22.3292541],[114.0568009,22.3292181],[114.0566197,22.329185],[114.0565568,22.3291912],[114.0564921,22.3292107],[114.0564506,22.3291857],[114.056448,22.329121],[114.0565019,22.3290456],[114.0565952,22.3290233],[114.0566841,22.3289801],[114.0567075,22.3289037],[114.0567008,22.3288752],[114.056625,22.3288743],[114.0565552,22.3288899],[114.0564557,22.3289436],[114.0563725,22.3289325],[114.0563039,22.328877],[114.0563477,22.3288398],[114.0564381,22.3288196],[114.0564958,22.3287086],[114.056539,22.328693],[114.0566355,22.3286776],[114.0566678,22.3286778],[114.0566932,22.3286509],[114.056696,22.3286231],[114.0566747,22.3285965],[114.056637,22.3285991],[114.0564227,22.3285822],[114.0563456,22.3284738],[114.0560581,22.3284919],[114.0560569,22.3283766],[114.0559682,22.3283792],[114.0558787,22.3284321],[114.0557202,22.3284035],[114.0556952,22.3282908],[114.0557201,22.3281879],[114.0556948,22.3279852],[114.0557678,22.3278546],[114.0557721,22.3278161],[114.0556604,22.3277364],[114.0556207,22.3276529],[114.0555355,22.327636],[114.0554497,22.327556],[114.0553798,22.3273434],[114.0553066,22.3272268],[114.0553688,22.327118],[114.0551433,22.327019],[114.0549794,22.3269162],[114.0550046,22.3267476],[114.0550051,22.3266624],[114.054961,22.3265583],[114.0548886,22.3264369],[114.0548793,22.3262099],[114.0548265,22.3261112],[114.0548677,22.3260696],[114.0548445,22.3259634],[114.0548183,22.3258479],[114.0547805,22.3257802],[114.0546617,22.3257235],[114.0546471,22.3256807],[114.0546974,22.3256432],[114.0547623,22.3256223],[114.0547899,22.3255433],[114.0548939,22.3255269],[114.0548956,22.3254258],[114.0548194,22.3254077],[114.0547476,22.3254218],[114.0546917,22.3254159],[114.0546325,22.3253341],[114.0546499,22.3253065],[114.0547319,22.3252885],[114.0549032,22.325259],[114.0549776,22.3251737],[114.0550052,22.325064],[114.0549944,22.3250065],[114.0548876,22.3250393],[114.0548113,22.32495],[114.054755,22.3249509],[114.0547637,22.3248883],[114.0548349,22.3248871],[114.0548638,22.3248366],[114.0547725,22.3247751],[114.0546283,22.3247492],[114.054484,22.3247462],[114.0541981,22.324678],[114.0540925,22.324392],[114.0540453,22.3241905],[114.053997,22.3238795],[114.0539372,22.3236283],[114.0540434,22.3235567],[114.0541048,22.3234682],[114.0541323,22.3233123],[114.054245,22.3233006],[114.0542937,22.3231532],[114.0542733,22.3229964],[114.0543116,22.3228818],[114.0543911,22.3227425],[114.0544404,22.3226392],[114.0545048,22.3226196],[114.0545713,22.3226732],[114.0546333,22.3226806],[114.0546994,22.3226146],[114.0548737,22.3225498],[114.0550344,22.3224918],[114.0550817,22.3224294],[114.0552742,22.3223244],[114.0552748,22.322295],[114.0552239,22.3222193],[114.0552324,22.3221522],[114.0553666,22.3221365],[114.0554516,22.3220266],[114.0554402,22.321917],[114.05553,22.3219126],[114.0556077,22.3218162],[114.0556429,22.3218805],[114.0557083,22.3218878],[114.055769,22.321884],[114.0557848,22.3218507],[114.0558085,22.3217982],[114.0559037,22.3217785],[114.0559391,22.3217052],[114.0559732,22.3215353],[114.0559895,22.3214603],[114.0561206,22.3214033],[114.0560856,22.321313],[114.05619,22.3212623],[114.0562021,22.3212302],[114.0561942,22.3211821],[114.0562204,22.3211234],[114.0562563,22.3210258],[114.0562011,22.3209321],[114.0561952,22.3208853],[114.0562739,22.3208678],[114.0563383,22.3208492],[114.0563639,22.3207759],[114.056379,22.320759],[114.0563755,22.3207392],[114.056353,22.3207234],[114.0562383,22.3207284],[114.0561662,22.3207357],[114.0561121,22.3207204],[114.0561486,22.3206538],[114.0562361,22.3206207],[114.0562936,22.3205699],[114.056284,22.3205388],[114.0562064,22.320515],[114.0561165,22.3204386],[114.0560542,22.3203541],[114.0560367,22.3202807],[114.0559773,22.3202389],[114.0558512,22.3202173],[114.0557984,22.3202156],[114.0557037,22.3202855],[114.0556315,22.3202917],[114.0555399,22.3202899],[114.0555428,22.320336],[114.0556066,22.3203363],[114.0556211,22.320391],[114.0555956,22.3204333],[114.0554784,22.3204563],[114.0554639,22.3204715],[114.0554632,22.320484],[114.0555118,22.3205212],[114.0554942,22.3205557],[114.0554451,22.3206098],[114.0553674,22.3206352],[114.0553528,22.3206527],[114.0553509,22.3206764],[114.0554145,22.3206787],[114.0554127,22.3207311],[114.055409,22.3208293],[114.0551203,22.3210149],[114.0550501,22.3212159],[114.0550082,22.3213097],[114.0549062,22.3213843],[114.0548042,22.32143],[114.0547028,22.3214723],[114.0546292,22.3215268],[114.0545733,22.3216364],[114.0543752,22.3216503],[114.0542363,22.3216321],[114.0541029,22.3215954],[114.0538853,22.3213954],[114.0538857,22.3213822],[114.053946,22.3212487],[114.0539,22.3211589],[114.053817,22.3211216],[114.0538128,22.3210714],[114.0538061,22.3209766],[114.0536909,22.3209471],[114.0536886,22.3208377],[114.0536299,22.3207596],[114.0534624,22.3206484],[114.0533964,22.3206184],[114.0534013,22.3205631],[114.053357,22.3205377],[114.0533461,22.3204705],[114.0533529,22.320418],[114.0534002,22.3204411],[114.0534578,22.3204429],[114.0534767,22.3204238],[114.0534524,22.3203757],[114.0533657,22.3202854],[114.0532761,22.3202288],[114.0532336,22.3202379],[114.0531839,22.3202536],[114.0531408,22.320244],[114.0531249,22.3202225],[114.0531353,22.320187],[114.0531856,22.3201842],[114.0532293,22.3201673],[114.0533332,22.3201465],[114.0533344,22.3201369],[114.0534132,22.3201415],[114.0534169,22.3201218],[114.0533445,22.3201042],[114.0533581,22.3200816],[114.0533454,22.3200348],[114.0532465,22.3199479],[114.0531407,22.3199213],[114.0530909,22.3198889],[114.0530399,22.3198931],[114.0530721,22.319752],[114.0530923,22.3195638],[114.0529805,22.3195453],[114.0530962,22.3194343],[114.0532086,22.3194569],[114.0533254,22.3193303],[114.0533962,22.3192137],[114.0534345,22.3190795],[114.0534232,22.3189583],[114.0534433,22.3187464],[114.0534822,22.318593],[114.0535401,22.3184585],[114.0537607,22.3181065],[114.0540186,22.3176693],[114.0542027,22.3173492],[114.0542962,22.3171877],[114.054414,22.3169578],[114.0545722,22.3166073],[114.0547435,22.3161978],[114.0548692,22.3158821],[114.055028,22.3153855],[114.0551655,22.3148753],[114.0552835,22.3143709],[114.0553716,22.3138715],[114.0554223,22.3133668],[114.0554576,22.312811],[114.0554689,22.3123185],[114.0554513,22.311781],[114.0554313,22.3115091],[114.0554036,22.3112236],[114.055363,22.3108774],[114.0553168,22.3108034],[114.0550439,22.3106362],[114.0531625,22.3097253],[114.052353,22.3093554],[114.0514787,22.3089516],[114.0499309,22.3081882],[114.0495609,22.3080004],[114.048402,22.3074404],[114.0478658,22.3071736],[114.0477233,22.3071216],[114.0476063,22.3070904],[114.0474279,22.30707],[114.0472854,22.3070716],[114.0471344,22.3071027],[114.0463025,22.3072708],[114.0457867,22.3072937],[114.0458008,22.3070906],[114.0462185,22.3070906],[114.0462193,22.3070629],[114.0462131,22.3063008],[114.0462141,22.3057928],[114.0461036,22.3057916],[114.0461018,22.3062158],[114.046103,22.3063302],[114.0459714,22.3063304],[114.0459701,22.3068689],[114.0454363,22.3068685],[114.0454354,22.3063329],[114.0452428,22.3063329],[114.0452353,22.3069595],[114.0452351,22.30709],[114.045605,22.3070904],[114.0456188,22.3072912],[114.0452174,22.3072514],[114.0449663,22.3072],[114.0447177,22.3071258],[114.0443819,22.3069986],[114.0437659,22.3066904],[114.0435165,22.306579],[114.0432596,22.3064642],[114.0427951,22.3063003],[114.0421608,22.3061281],[114.0414762,22.3059791],[114.0406101,22.3058987],[114.0401818,22.3058746],[114.04,22.3058776],[114.04,22.305749],[114.04,22.3056238],[114.04,22.3032985],[114.04,22.3032662],[114.0454897,22.291047],[114.0455734,22.291047],[114.0456679,22.2910527],[114.0457492,22.2910335],[114.0457675,22.2910579],[114.0458031,22.2910714],[114.0458354,22.2910765],[114.0458662,22.291076],[114.0458875,22.2910449],[114.0458875,22.2910331],[114.0458657,22.2909693],[114.0458397,22.2909484],[114.0458094,22.290936],[114.0456906,22.2908614],[114.0456827,22.2908354],[114.0456827,22.2907886],[114.0456121,22.2907844],[114.0489641,22.2837405],[114.0489953,22.2837582],[114.0490118,22.2837605],[114.0490433,22.2837508],[114.0490622,22.2837254],[114.04907,22.283655],[114.049107,22.2836533],[114.0491368,22.2836121],[114.0491302,22.2835845],[114.0490859,22.2835782],[114.0490545,22.2836151]],[[114.1041899,22.2350509],[114.1041906,22.2350739],[114.1041984,22.2351111],[114.1042203,22.2351376],[114.104256,22.235154],[114.104276,22.23515],[114.104339,22.2351163],[114.1043482,22.2351036],[114.1043713,22.2350717],[114.1043385,22.2350321],[114.1043131,22.2349869],[114.1042822,22.2349773],[114.1042282,22.2349948],[114.1041882,22.2350021],[114.1041899,22.2350509]],[[114.0582232,22.329142],[114.0581928,22.3291447],[114.0581849,22.3291492],[114.0581812,22.3291628],[114.0581855,22.3291774],[114.0581922,22.3291814],[114.0582172,22.3291758],[114.0582516,22.3291978],[114.0582734,22.3292091],[114.0583044,22.3292114],[114.0583195,22.3292052],[114.0583268,22.3291906],[114.0583311,22.3291691],[114.0583274,22.3291539],[114.0583154,22.3291403],[114.058285,22.3291278],[114.0582621,22.329129],[114.0582232,22.329142]],[[114.0590598,22.3296787],[114.0591121,22.3296223],[114.0591133,22.3295935],[114.0590812,22.3295732],[114.0590096,22.3295731],[114.0589842,22.3295325],[114.0588319,22.32952],[114.058705,22.3295565],[114.0585625,22.3295496],[114.0584035,22.329571],[114.0582554,22.3296646],[114.0582646,22.3297075],[114.0582978,22.3297227],[114.0583554,22.3297364],[114.0584641,22.3297528],[114.0585041,22.329776],[114.0586709,22.3297563],[114.0588439,22.3297542],[114.0590265,22.3297013],[114.0590598,22.3296787]],[[114.0562885,22.3345507],[114.0562831,22.3345689],[114.0563485,22.3345797],[114.0563971,22.3345735],[114.0564578,22.3345448],[114.0564609,22.3345228],[114.0564366,22.3345194],[114.0563698,22.3345283],[114.0563304,22.3345486],[114.0562885,22.3345507]],[[114.0570126,22.3349719],[114.0570204,22.3349899],[114.0570708,22.334998],[114.0571029,22.3349929],[114.0571224,22.3349725],[114.0570908,22.3349534],[114.0570539,22.3349426],[114.0570126,22.3349719]],[[114.0559261,22.3345405],[114.0558515,22.3346069],[114.0558504,22.3346969],[114.0558832,22.334713],[114.0559599,22.3347035],[114.0559906,22.3346742],[114.0559889,22.3345619],[114.0560543,22.3345535],[114.0561247,22.3345536],[114.0561623,22.3345463],[114.0561677,22.3345169],[114.0561369,22.3345141],[114.0561307,22.334495],[114.0560652,22.3344514],[114.055978,22.3344395],[114.0559064,22.3344773],[114.0559261,22.3345405]],[[114.0794854,22.2855975],[114.0794867,22.2855861],[114.0795,22.285562],[114.0795486,22.2855011],[114.0796317,22.2854577],[114.0796499,22.285443],[114.0796572,22.2854271],[114.0796572,22.2854138],[114.0796572,22.2854102],[114.0796476,22.2853837],[114.0796342,22.285365],[114.0796311,22.285334],[114.0796603,22.2852934],[114.0796804,22.2852805],[114.0797241,22.2852855],[114.0797349,22.2852816],[114.0797368,22.285272],[114.0797277,22.2852629],[114.0796913,22.2852528],[114.0796343,22.2852211],[114.0796313,22.2851929],[114.079638,22.285167],[114.0796271,22.2851281],[114.0796186,22.2851212],[114.0795992,22.2851251],[114.0795901,22.2851381],[114.0795816,22.2851658],[114.0795719,22.2851686],[114.0795501,22.2851432],[114.0795355,22.2851386],[114.079507,22.2851415],[114.0794894,22.2851584],[114.0794997,22.2851872],[114.0794985,22.2851979],[114.079487,22.2851968],[114.0794469,22.2851691],[114.07939,22.2851307],[114.0793433,22.2851086],[114.079304,22.2850821],[114.0792917,22.2850798],[114.0792839,22.2850855],[114.0792723,22.2851199],[114.0792651,22.2851278],[114.0792535,22.2851261],[114.0792474,22.2851176],[114.0792269,22.2851091],[114.0792111,22.2850792],[114.0791862,22.2850667],[114.0791492,22.2850741],[114.0791377,22.285095],[114.0791293,22.2851],[114.0791056,22.285078],[114.0790941,22.2850802],[114.0790716,22.2851142],[114.0790588,22.2851175],[114.0790491,22.2851124],[114.07902,22.285074],[114.0790037,22.2850604],[114.0790129,22.285039],[114.0790073,22.2850034],[114.0790456,22.2849216],[114.079042,22.2848935],[114.0790287,22.2848742],[114.0789911,22.2848516],[114.0789627,22.2848538],[114.0789129,22.2848505],[114.0789037,22.2848464],[114.0788758,22.2848028],[114.0788663,22.2847669],[114.0789003,22.2846585],[114.0789494,22.2845841],[114.0789737,22.2845648],[114.0789508,22.2845314],[114.078895,22.28447],[114.0788568,22.2843526],[114.0789181,22.2843182],[114.078886,22.2842843],[114.078948,22.2840783],[114.0790913,22.2839311],[114.07941,22.2837664],[114.0795784,22.2836741],[114.0796963,22.2835048],[114.0798206,22.2833919],[114.0798334,22.2832639],[114.0798608,22.2830629],[114.0797752,22.282947],[114.0797294,22.2828846],[114.0797119,22.2827468],[114.0796708,22.2826282],[114.0796059,22.2825368],[114.0795593,22.2824164],[114.0795216,22.2823952],[114.0795083,22.2824356],[114.079438,22.2824294],[114.0794314,22.2823955],[114.0794472,22.2823702],[114.0794108,22.282333],[114.0793672,22.2823543],[114.0793435,22.2823763],[114.0793016,22.2823724],[114.0792361,22.2823859],[114.0791912,22.2823366],[114.079147,22.2823175],[114.0791567,22.2822881],[114.0792241,22.2822814],[114.0792373,22.2822757],[114.0792326,22.2822639],[114.0792217,22.2822577],[114.0791719,22.2822413],[114.0791519,22.2821933],[114.0791247,22.2821859],[114.0790919,22.2821944],[114.0790882,22.282239],[114.0790524,22.2822508],[114.0790142,22.2822277],[114.0789924,22.2822005],[114.0789762,22.2821605],[114.0789609,22.2821469],[114.0788287,22.2821559],[114.0787032,22.2821953],[114.0786097,22.2821732],[114.0785994,22.2821925],[114.0786473,22.2822161],[114.0786219,22.2822804],[114.0785909,22.2823171],[114.0785739,22.2823087],[114.0785249,22.2822346],[114.0785449,22.2821924],[114.0785412,22.282172],[114.0784315,22.2821166],[114.0783914,22.2821059],[114.0783339,22.2821239],[114.0782799,22.2821245],[114.0782696,22.2821306],[114.0782623,22.2821454],[114.0782568,22.2821995],[114.078235,22.2822165],[114.0781883,22.2822294],[114.0781695,22.2822175],[114.078144,22.2821644],[114.0781313,22.2821554],[114.0780949,22.2821526],[114.0780695,22.2821633],[114.0780391,22.2822423],[114.0780044,22.2822722],[114.0779681,22.282288],[114.0779159,22.2822839],[114.0778838,22.2822812],[114.077794,22.2823352],[114.0777102,22.2824046],[114.0775574,22.282413],[114.0774839,22.2824321],[114.0774209,22.2824344],[114.077307,22.2823829],[114.0772009,22.2822993],[114.0771875,22.2822802],[114.0771778,22.2822479],[114.0771937,22.2822327],[114.0771948,22.282209],[114.0772339,22.2821969],[114.0772622,22.2821882],[114.0772834,22.2821774],[114.0772998,22.2821616],[114.0773035,22.2821414],[114.0773126,22.2821245],[114.0773186,22.2821132],[114.0773551,22.2820184],[114.0773497,22.2820003],[114.0772842,22.2820228],[114.0772745,22.282003],[114.0772818,22.2819697],[114.0772521,22.2819596],[114.0772181,22.2819606],[114.077144,22.2819894],[114.077129,22.2820057],[114.0771386,22.2820255],[114.0771332,22.2820362],[114.077101,22.2820486],[114.0770949,22.2820571],[114.0771022,22.2820797],[114.0771106,22.2820876],[114.0771234,22.282087],[114.077164,22.2820651],[114.0771798,22.2820713],[114.077238,22.2821124],[114.0772429,22.2821238],[114.0772368,22.2821374],[114.0772046,22.2821627],[114.0771931,22.2821656],[114.0771639,22.282152],[114.0771519,22.2821531],[114.0771355,22.2821718],[114.0771487,22.2822027],[114.0771409,22.2822107],[114.0771033,22.2822084],[114.0770924,22.2822202],[114.0770742,22.2822523],[114.0770796,22.2822839],[114.0770747,22.282293],[114.0770511,22.2822947],[114.0770474,22.282306],[114.0770467,22.2823478],[114.0770522,22.2823585],[114.0770735,22.2823646],[114.0770668,22.2823833],[114.0770492,22.2823974],[114.077034,22.2823952],[114.0770189,22.2823844],[114.0770085,22.2823636],[114.0770286,22.2823162],[114.0770317,22.2822642],[114.0770263,22.2822394],[114.0769948,22.2822043],[114.0769262,22.2821598],[114.0769342,22.2821196],[114.0769294,22.2821107],[114.0769166,22.2821032],[114.0768851,22.2821072],[114.0768371,22.2821372],[114.0768062,22.2821201],[114.0767965,22.2821218],[114.0767552,22.2821602],[114.0767492,22.2821799],[114.076725,22.2821833],[114.0767037,22.2822183],[114.0766818,22.2822228],[114.0766436,22.2822199],[114.0766339,22.2822244],[114.0766309,22.2822335],[114.0766527,22.2822776],[114.0766842,22.2823198],[114.0766737,22.2823514],[114.0767028,22.282382],[114.0767035,22.282391],[114.0766963,22.2823973],[114.0766714,22.2824005],[114.076658,22.2824091],[114.0766519,22.2824321],[114.076641,22.2824576],[114.0765949,22.2824677],[114.0765682,22.2824649],[114.0765609,22.2824552],[114.0765567,22.2824146],[114.0765786,22.2823768],[114.0765726,22.2823656],[114.0765325,22.2823525],[114.0765203,22.2823537],[114.0765119,22.2823604],[114.0765119,22.28237],[114.0765318,22.2824214],[114.0765276,22.2824473],[114.0765105,22.2824666],[114.0764299,22.2824687],[114.0763826,22.2825003],[114.0763493,22.2825127],[114.0763202,22.2825195],[114.0762806,22.2825171],[114.0762425,22.2825307],[114.0762286,22.2825278],[114.0762049,22.2825131],[114.0762019,22.2825035],[114.0762092,22.2824782],[114.0762031,22.282455],[114.0761686,22.2824358],[114.0761146,22.2824724],[114.0760642,22.2824871],[114.0760169,22.2824894],[114.0759599,22.2825186],[114.0759272,22.2825186],[114.0758835,22.2825005],[114.0758835,22.2824893],[114.0759108,22.2824492],[114.0759041,22.2824356],[114.0758235,22.2824186],[114.0757998,22.2823599],[114.0758042,22.2823182],[114.0758557,22.2822848],[114.075849,22.2822651],[114.0756896,22.2822205],[114.0756205,22.2821798],[114.075361,22.2821548],[114.075187,22.2821208],[114.0750402,22.28211],[114.0749504,22.2821471],[114.0747631,22.2820657],[114.0747115,22.2820754],[114.0746723,22.2821009],[114.0746496,22.2821323],[114.0745902,22.2821548],[114.0745496,22.2821311],[114.0745283,22.2821458],[114.0744949,22.282192],[114.0744949,22.2822089],[114.0745603,22.2822524],[114.0746204,22.2822615],[114.0746635,22.2822859],[114.074732,22.2822893],[114.0747338,22.2823102],[114.0747131,22.2823389],[114.0746731,22.2823772],[114.0746682,22.2823993],[114.0746967,22.2824428],[114.0747348,22.2824851],[114.0747566,22.2825009],[114.0748149,22.2825162],[114.07483,22.2825399],[114.0748112,22.2825693],[114.0747687,22.2826099],[114.074756,22.282607],[114.0747275,22.2825849],[114.0746911,22.2825934],[114.0746614,22.2826149],[114.0746716,22.2826414],[114.0746498,22.282664],[114.0746061,22.2826832],[114.0745915,22.282722],[114.0745672,22.2827639],[114.074557,22.2827717],[114.0745321,22.2827717],[114.0745115,22.2827835],[114.0745011,22.2827847],[114.0744763,22.2827688],[114.0744708,22.2827474],[114.0744842,22.2827288],[114.0744842,22.2826988],[114.0744799,22.2826898],[114.0744708,22.2826858],[114.0744612,22.282687],[114.0744497,22.282705],[114.0744297,22.2827034],[114.0743824,22.2826655],[114.0743702,22.2826638],[114.0743641,22.2826717],[114.0743551,22.2827073],[114.0743307,22.2827569],[114.0743071,22.2827919],[114.07431,22.2828337],[114.0742766,22.2828991],[114.0742821,22.2829199],[114.0742991,22.282929],[114.0742882,22.2829459],[114.0742911,22.2829634],[114.07431,22.282973],[114.0743463,22.2829787],[114.0743621,22.2829928],[114.0743633,22.2830036],[114.0743535,22.2830121],[114.074353,22.2830221],[114.0743784,22.2830414],[114.0743936,22.2830691],[114.0743863,22.2830859],[114.0743535,22.283095],[114.0743554,22.2831064],[114.0744003,22.2831052],[114.0744117,22.2831238],[114.07441,22.2831481],[114.0743959,22.2831644],[114.074385,22.2831696],[114.0743328,22.2831825],[114.0743189,22.2832017],[114.0742733,22.2832185],[114.0742666,22.2832287],[114.0742752,22.2833015],[114.0742721,22.2833416],[114.0742811,22.2833597],[114.0742769,22.2833913],[114.0742818,22.2834121],[114.0742744,22.283441],[114.0742587,22.283454],[114.0742223,22.2834555],[114.0742011,22.283464],[114.074164,22.2834695],[114.0741519,22.2834893],[114.0741476,22.2835854],[114.0741348,22.2836152],[114.0741299,22.2836418],[114.074139,22.2836863],[114.074133,22.2836954],[114.0741002,22.283705],[114.0740923,22.2837117],[114.0741007,22.2837298],[114.0741427,22.2837495],[114.0741524,22.2837654],[114.0741055,22.2837845],[114.0740885,22.2838161],[114.0740812,22.2838472],[114.0740971,22.2838607],[114.0741322,22.2838602],[114.0741407,22.2838653],[114.0741431,22.2838772],[114.0741448,22.2838867],[114.0741322,22.2838947],[114.0741012,22.283902],[114.0740927,22.283915],[114.0740914,22.2839352],[114.074083,22.2839448],[114.0740624,22.2839527],[114.0740593,22.283964],[114.0740624,22.283973],[114.0740866,22.284008],[114.074083,22.2840171],[114.0740605,22.2840216],[114.0740308,22.2840119],[114.0740199,22.2840057],[114.0739992,22.2839776],[114.073972,22.2839549],[114.0739629,22.2839515],[114.0739423,22.2839526],[114.0739096,22.2839706],[114.0739016,22.2839893],[114.0739313,22.2840062],[114.07395,22.2840667],[114.0739082,22.2840977],[114.0739039,22.2841084],[114.0739246,22.2841372],[114.0739531,22.2841491],[114.073984,22.2841468],[114.074021,22.2841226],[114.0740659,22.2841102],[114.0741059,22.2841531],[114.0741259,22.2842045],[114.07413,22.2843015],[114.074147,22.284354],[114.0742227,22.2845314],[114.0744312,22.2846472],[114.0744499,22.2847646],[114.074605,22.284969],[114.0748027,22.2850007],[114.0748748,22.2851357],[114.0749977,22.285282],[114.0751305,22.285343],[114.0752766,22.2854932],[114.0754009,22.2856011],[114.0754942,22.2857384],[114.0756992,22.2857435],[114.0758549,22.285792],[114.0759266,22.2858199],[114.0760314,22.2858684],[114.0760731,22.2860034],[114.0761531,22.2860277],[114.0762629,22.2860171],[114.0763848,22.2860448],[114.0765485,22.2860726],[114.0769894,22.2861665],[114.0770742,22.2862795],[114.0771991,22.2863146],[114.0772864,22.2863852],[114.0773823,22.2864056],[114.0774029,22.286348],[114.0775969,22.2863515],[114.0778807,22.2864121],[114.0780238,22.2864393],[114.0781973,22.286449],[114.0782707,22.2865071],[114.0783731,22.2865636],[114.0783724,22.2866302],[114.0784167,22.2866478],[114.0785385,22.2866625],[114.0785961,22.2867128],[114.078678,22.2867896],[114.078735,22.286863],[114.0789836,22.2868841],[114.0790732,22.2868541],[114.0793117,22.2868459],[114.0793833,22.2868397],[114.0794561,22.2868629],[114.0794974,22.2868533],[114.0795737,22.2868579],[114.0796553,22.2868333],[114.0796963,22.2868139],[114.0797157,22.2867908],[114.0797211,22.2867693],[114.0797206,22.2866937],[114.0797261,22.2866847],[114.0797527,22.286665],[114.0797589,22.2866148],[114.0797752,22.2865797],[114.0798081,22.2865391],[114.0798384,22.2864901],[114.0798282,22.2864048],[114.079833,22.2863936],[114.0798615,22.286371],[114.0798651,22.2863518],[114.0798495,22.2863055],[114.0798506,22.2862948],[114.0798805,22.2862502],[114.079878,22.28624],[114.0798659,22.286235],[114.0798447,22.2862355],[114.0798337,22.2862282],[114.0798283,22.2862124],[114.0798489,22.2861808],[114.0798792,22.2861734],[114.0798828,22.2861638],[114.0798763,22.2861452],[114.0798653,22.2861402],[114.0798351,22.2861357],[114.0798259,22.28613],[114.0798198,22.2861192],[114.0798247,22.2860961],[114.0798206,22.2860814],[114.079812,22.2860746],[114.0797417,22.2860526],[114.0796985,22.2860892],[114.0796828,22.286092],[114.0796683,22.2860836],[114.0796422,22.2860593],[114.0796095,22.2860446],[114.0796022,22.2860332],[114.0795956,22.286013],[114.079598,22.2860034],[114.0796198,22.2859955],[114.0796253,22.2859842],[114.0796192,22.2859741],[114.0795968,22.2859555],[114.0795883,22.2859294],[114.0795883,22.2859182],[114.0796065,22.2859012],[114.0795908,22.2858809],[114.0795665,22.2858719],[114.0795599,22.2858589],[114.0795636,22.2858335],[114.0795751,22.2858131],[114.0795647,22.285772],[114.0795515,22.2857703],[114.0795412,22.2857765],[114.0795181,22.2858074],[114.0794811,22.2858086],[114.0794598,22.2858136],[114.0794513,22.2858068],[114.0794477,22.2857978],[114.0794447,22.2857787],[114.0794477,22.2857521],[114.0794259,22.2857007],[114.0794242,22.2856858],[114.0794284,22.2856776],[114.0794345,22.2856675],[114.0794581,22.2856748],[114.0794866,22.2856466],[114.0795206,22.2856523],[114.0795297,22.2856466],[114.0795201,22.285628],[114.0794902,22.2856071],[114.0794854,22.2855975]],[[114.0573427,22.2892898],[114.0573792,22.2892402],[114.0573702,22.2891876],[114.0575208,22.2891433],[114.0576807,22.2891152],[114.0578609,22.2891],[114.0581544,22.2891725],[114.0583841,22.2894317],[114.0585247,22.2895413],[114.0585172,22.2896231],[114.0584955,22.2896507],[114.058516,22.2896695],[114.0585445,22.289674],[114.0585839,22.289657],[114.0586137,22.2896001],[114.0587107,22.2896047],[114.0588023,22.2896459],[114.0589296,22.2896686],[114.0589915,22.2896393],[114.059094,22.2896121],[114.059222,22.2895949],[114.0592385,22.289574],[114.059283,22.2894694],[114.0594673,22.2893433],[114.0595237,22.2893489],[114.0596845,22.2893023],[114.059756,22.2893339],[114.059822,22.2894006],[114.0598622,22.2893594],[114.0598506,22.2892967],[114.059804,22.28922],[114.0598386,22.289137],[114.0599599,22.2891806],[114.0600389,22.289186],[114.0600691,22.2891699],[114.0600818,22.2890993],[114.0601359,22.2890932],[114.0602486,22.2891153],[114.0603057,22.2891097],[114.0603427,22.2890877],[114.06037,22.2890568],[114.0603968,22.2889776],[114.0604738,22.2889071],[114.0604605,22.2888423],[114.0604091,22.2887813],[114.0603096,22.288775],[114.060343,22.2887293],[114.0604952,22.2887294],[114.0605413,22.2887193],[114.0606057,22.2886325],[114.06065,22.2885455],[114.0606708,22.2884818],[114.0605865,22.2883813],[114.0605536,22.2883615],[114.0605094,22.2883817],[114.0604093,22.2884748],[114.0603547,22.2885425],[114.0602607,22.288534],[114.0602341,22.2884871],[114.0602462,22.2884504],[114.060276,22.2883754],[114.0602425,22.288343],[114.0601117,22.2882742],[114.060028,22.2882561],[114.0599874,22.2882889],[114.0598922,22.2883114],[114.0597497,22.2882481],[114.0596915,22.2881379],[114.0595964,22.287999],[114.059511,22.2879391],[114.0594346,22.287847],[114.0591292,22.2878006],[114.0588686,22.2877629],[114.0587876,22.2877037],[114.0586118,22.2876692],[114.0584698,22.2876623],[114.058303,22.2877891],[114.0583077,22.2879004],[114.0582797,22.2879698],[114.0582197,22.2879517],[114.0581548,22.287951],[114.0581409,22.287902],[114.0581015,22.287885],[114.058073,22.2878821],[114.0580493,22.2878951],[114.0579984,22.2879583],[114.0579363,22.2880486],[114.0579072,22.2880275],[114.0579352,22.2879673],[114.0579171,22.2879119],[114.0579505,22.2878741],[114.0579171,22.2878493],[114.0578335,22.2878272],[114.057791,22.2878176],[114.0577772,22.2878333],[114.0577861,22.287883],[114.0577491,22.2879005],[114.0576528,22.2878778],[114.0576065,22.2878754],[114.0575736,22.2878846],[114.0575636,22.2879085],[114.0575913,22.2879681],[114.0576774,22.2881324],[114.0577914,22.288189],[114.0579987,22.2882523],[114.058132,22.2883315],[114.0580555,22.2885295],[114.0580054,22.2886739],[114.0578898,22.2886591],[114.0577175,22.2886743],[114.0575465,22.2887013],[114.057498,22.2887278],[114.0574015,22.288731],[114.0573441,22.2888081],[114.057181,22.2888339],[114.0570914,22.2888008],[114.057024,22.2888137],[114.0570344,22.2888719],[114.0570641,22.2889149],[114.0571551,22.288955],[114.057178,22.2890153],[114.0571737,22.2890656],[114.0571173,22.2890791],[114.0570603,22.2890762],[114.0569664,22.2890457],[114.0569567,22.2890761],[114.0570651,22.289175],[114.057079,22.2892252],[114.0570668,22.289249],[114.057082,22.2892834],[114.0571839,22.2893258],[114.0572149,22.2892852],[114.0572991,22.2892909],[114.0573427,22.2892898]],[[114.0796708,22.2825786],[114.0797169,22.2825893],[114.0797521,22.2825803],[114.0797545,22.2825273],[114.07966,22.2825131],[114.0796569,22.2825543],[114.0796708,22.2825786]],[[114.0797465,22.2869573],[114.0797483,22.2869359],[114.079738,22.286906],[114.0797162,22.2868851],[114.079698,22.286862],[114.0796877,22.2868585],[114.0796673,22.2868658],[114.0796599,22.2868755],[114.0796561,22.2868874],[114.0796246,22.2868969],[114.0795803,22.286885],[114.0795585,22.2868838],[114.0795512,22.2868991],[114.0795476,22.2869177],[114.0795549,22.2869352],[114.0795663,22.2869324],[114.0795833,22.2869425],[114.079592,22.2869604],[114.0795911,22.2869832],[114.0795978,22.2869962],[114.079607,22.2870018],[114.0796312,22.287012],[114.0796439,22.287007],[114.0796482,22.2869974],[114.0796445,22.2869872],[114.0796367,22.2869804],[114.0796325,22.2869703],[114.0796361,22.2869583],[114.0796445,22.2869522],[114.0796555,22.2869488],[114.0796677,22.2869522],[114.079687,22.2869596],[114.0797143,22.2869794],[114.0797247,22.2869787],[114.0797362,22.2869737],[114.0797423,22.2869664],[114.0797465,22.2869573]],[[114.0798517,22.2857416],[114.0798135,22.2857383],[114.0797928,22.2857416],[114.0797904,22.2857518],[114.0797947,22.2857608],[114.0798081,22.2857738],[114.0798438,22.2857705],[114.0798492,22.2857642],[114.0798529,22.2857534],[114.0798517,22.2857416]],[[114.0797563,22.286766],[114.079763,22.2867723],[114.0797854,22.2867643],[114.0797915,22.2867558],[114.0797867,22.2867463],[114.0797788,22.2867412],[114.0797672,22.2867395],[114.0797588,22.2867485],[114.0797532,22.2867564],[114.0797563,22.286766]],[[114.0797235,22.2868332],[114.0797539,22.2868411],[114.0797636,22.2868394],[114.0797575,22.2868196],[114.0797491,22.2868139],[114.0797393,22.2868169],[114.0797235,22.2868332]],[[114.07594,22.2823183],[114.0759182,22.2823143],[114.0758904,22.2823352],[114.0758806,22.2823374],[114.0758551,22.2823346],[114.0758412,22.282338],[114.0758333,22.2823464],[114.0758327,22.2823509],[114.0758387,22.2823571],[114.075849,22.2823611],[114.0758599,22.2823628],[114.0759066,22.2823623],[114.0759291,22.2823572],[114.07594,22.282351],[114.0759485,22.2823436],[114.075954,22.2823329],[114.0759485,22.2823233],[114.07594,22.2823183]],[[114.0770826,22.2863252],[114.0770791,22.2863354],[114.0770832,22.2863432],[114.0770923,22.2863484],[114.0771294,22.2863546],[114.0771403,22.2863523],[114.077153,22.2863393],[114.0771433,22.2863331],[114.077133,22.2863286],[114.0770923,22.2863235],[114.0770826,22.2863252]],[[114.0784845,22.2867489],[114.0784942,22.2867454],[114.0784942,22.2867359],[114.0784883,22.2867279],[114.0784767,22.2867228],[114.0784567,22.28672],[114.0784397,22.2867228],[114.0784318,22.2867319],[114.0784318,22.2867414],[114.0784724,22.2867494],[114.0784845,22.2867489]],[[114.0588258,22.2873923],[114.0588479,22.2874343],[114.0588298,22.287488],[114.0588272,22.2875125],[114.0588526,22.2875243],[114.0589236,22.2875323],[114.0589437,22.2875017],[114.0589516,22.2874719],[114.0589874,22.2874533],[114.059008,22.2874048],[114.0589844,22.2873896],[114.0589638,22.2873599],[114.0589494,22.287304],[114.0589336,22.2872961],[114.0588802,22.2873183],[114.058818,22.2873174],[114.058813,22.2873431],[114.0588258,22.2873923]],[[114.056508,22.2628113],[114.0565153,22.2628272],[114.0564959,22.2628424],[114.0564879,22.2628756],[114.0564982,22.262896],[114.0565298,22.2629135],[114.0565644,22.262918],[114.0565753,22.2628994],[114.0565723,22.2628762],[114.0565553,22.262843],[114.0565432,22.2628322],[114.0565632,22.2628142],[114.0565705,22.2627843],[114.0565608,22.2627747],[114.0565427,22.2627763],[114.0565171,22.2627983],[114.056508,22.2628113]],[[114.0566298,22.2629204],[114.0566213,22.2629118],[114.0566086,22.2629113],[114.0565971,22.2629186],[114.0565916,22.2629321],[114.0565904,22.2629407],[114.0565965,22.2629548],[114.0566091,22.2629593],[114.0566207,22.2629502],[114.056628,22.2629395],[114.0566298,22.2629204]],[[114.0791072,22.2845071],[114.0791047,22.2845122],[114.0791051,22.2845173],[114.0791086,22.2845232],[114.0791133,22.2845275],[114.0791193,22.2845304],[114.0791285,22.2845309],[114.0791337,22.2845299],[114.0791405,22.2845263],[114.0791441,22.2845229],[114.0791476,22.2845176],[114.0791487,22.2845137],[114.0791478,22.2845072],[114.0791445,22.284502],[114.0791391,22.2844984],[114.0791327,22.2844967],[114.0791245,22.2844982],[114.07911,22.2845048],[114.0791072,22.2845071]],[[114.058901,22.329877],[114.0588606,22.3298715],[114.0588446,22.3298955],[114.0588628,22.3299419],[114.0589007,22.3299525],[114.0589576,22.3299958],[114.0589968,22.3299805],[114.0589773,22.3299414],[114.0589834,22.3298912],[114.0589738,22.3298663],[114.058901,22.329877]],[[114.0591729,22.3298152],[114.0591309,22.3298731],[114.0591727,22.3299046],[114.0592525,22.3298964],[114.0592444,22.3298521],[114.0591729,22.3298152]],[[114.059032,22.3292571],[114.0589778,22.3292479],[114.0589072,22.3292571],[114.0588963,22.3292865],[114.0589127,22.3293108],[114.0589416,22.3293318],[114.0589867,22.3293257],[114.059045,22.3293077],[114.0590537,22.3292849],[114.059032,22.3292571]]],[[[114.224082,22.3065546],[114.2240664,22.3065859],[114.2239577,22.3067025],[114.2227875,22.3057969],[114.2227234,22.3058685],[114.2226323,22.3059761],[114.2221736,22.3065179],[114.2220805,22.3066377],[114.2218135,22.3064017],[114.2218318,22.3063409],[114.2218342,22.306331],[114.2218305,22.3063278],[114.2217635,22.3062696],[114.2216792,22.3062416],[114.2212945,22.30591],[114.2212883,22.3059081],[114.2212805,22.3059076],[114.2212739,22.3059086],[114.2212685,22.3059106],[114.2211351,22.3060405],[114.2211346,22.3060462],[114.2211356,22.3060529],[114.221138,22.3060596],[114.2211408,22.3060645],[114.2211463,22.3060717],[114.2211526,22.3060782],[114.2211935,22.3061148],[114.2215127,22.3064006],[114.2215448,22.3064767],[114.2216172,22.3065401],[114.2216909,22.3065228],[114.221961,22.306758],[114.221977,22.3067694],[114.2219112,22.3068538],[114.2210044,22.3080133],[114.2208289,22.307895],[114.2207548,22.3078362],[114.2207856,22.3077967],[114.2207226,22.3077544],[114.2207022,22.3077807],[114.2207094,22.3078145],[114.2208244,22.3079009],[114.2207806,22.307957],[114.220956,22.3080751],[114.2209378,22.3080984],[114.2202994,22.3076659],[114.2202163,22.3076096],[114.220178,22.3076586],[114.2199224,22.3074854],[114.2195938,22.3072627],[114.2188767,22.3067768],[114.2188566,22.3067644],[114.2188281,22.3067548],[114.2188275,22.3067548],[114.2197887,22.3059622],[114.2198045,22.3059554],[114.2198245,22.3059356],[114.2198402,22.3058864],[114.2198347,22.30586],[114.2198287,22.3058476],[114.2198195,22.3058341],[114.2198167,22.3058311],[114.2198056,22.30582],[114.2188453,22.3051485],[114.2187822,22.3051124],[114.2186262,22.3050526],[114.2184698,22.3050357],[114.2183746,22.3050385],[114.2175538,22.3051663],[114.2175266,22.3051781],[114.2175096,22.3051939],[114.2175043,22.3052037],[114.2172651,22.3049987],[114.2172911,22.3049704],[114.217332,22.3048957],[114.2173488,22.3048263],[114.2173454,22.3047486],[114.2173099,22.304641],[114.2172766,22.3045923],[114.2164133,22.303756],[114.2162652,22.3036132],[114.2161977,22.3035429],[114.2159973,22.303345],[114.2159791,22.3033276],[114.2159472,22.3032964],[114.2159274,22.3032816],[114.2159168,22.3032808],[114.2159054,22.3032853],[114.2158941,22.3032958],[114.2158819,22.3033088],[114.215868,22.3033019],[114.2158585,22.3032976],[114.2158526,22.3032951],[114.2158405,22.3032904],[114.2158282,22.3032861],[114.2158157,22.3032824],[114.2158031,22.3032789],[114.2157904,22.3032761],[114.2157775,22.3032736],[114.2157665,22.303272],[114.2157581,22.3032709],[114.215745,22.3032696],[114.2157319,22.3032689],[114.2157188,22.3032686],[114.2157122,22.3032686],[114.2156992,22.303269],[114.2156861,22.3032699],[114.2156697,22.3032717],[114.2156632,22.3032726],[114.2156472,22.3032755],[114.2156345,22.3032782],[114.2156281,22.3032798],[114.2156155,22.3032834],[114.2156031,22.3032873],[114.2155909,22.3032917],[114.2155788,22.3032965],[114.2155611,22.3033046],[114.2155497,22.3033105],[114.2155385,22.3033168],[114.2155275,22.3033235],[114.2155169,22.3033306],[114.2155066,22.3033382],[114.2155015,22.303342],[114.2154884,22.3033528],[114.2151746,22.303634],[114.2148705,22.3039069],[114.2106724,22.3076742],[114.2092339,22.3089676],[114.2091252,22.3090653],[114.2090979,22.3090899],[114.2089884,22.3091884],[114.2089048,22.3092636],[114.2088824,22.309242],[114.2088747,22.3092488],[114.2083021,22.3097628],[114.2081881,22.3097964],[114.207979,22.3098581],[114.2078572,22.3099674],[114.2077924,22.3100258],[114.2070111,22.3107272],[114.2066976,22.3111926],[114.2063772,22.31148],[114.2062793,22.311568],[114.206248,22.3115372],[114.2062026,22.3114928],[114.2061031,22.311581],[114.206142,22.3116186],[114.2062093,22.3115597],[114.2062304,22.3115598],[114.2062581,22.3115875],[114.2060396,22.3117834],[114.2050562,22.3126666],[114.2050162,22.3127025],[114.2042679,22.3133745],[114.2038477,22.3137483],[114.2035108,22.3140482],[114.2031891,22.3143344],[114.2028447,22.3146431],[114.19987,22.3173104],[114.1996188,22.3175351],[114.1995913,22.3175596],[114.1994363,22.3176984],[114.1972211,22.3196816],[114.1971659,22.3197311],[114.1971508,22.319716],[114.1971231,22.3197401],[114.1971386,22.3197555],[114.1960311,22.3207469],[114.1954829,22.320457],[114.1952704,22.3203446],[114.195179,22.3201612],[114.1950623,22.319927],[114.1951065,22.3199066],[114.1949986,22.3196893],[114.1950507,22.3196656],[114.195004,22.3195713],[114.194965,22.3195878],[114.1949057,22.3196131],[114.1946544,22.3191016],[114.1946513,22.3190948],[114.1946763,22.3190742],[114.1946691,22.3190596],[114.1946637,22.3190487],[114.1946313,22.31905],[114.1946275,22.3190469],[114.1945678,22.3189253],[114.1945084,22.3188044],[114.194586,22.3187727],[114.1945598,22.3187202],[114.1944828,22.3187524],[114.1943876,22.3185577],[114.1944695,22.3185228],[114.1943463,22.3182745],[114.194265,22.3183093],[114.1942323,22.3182524],[114.1942218,22.3182311],[114.1941589,22.3181029],[114.1942557,22.3179916],[114.1942779,22.3179662],[114.1942807,22.3179629],[114.1947023,22.3177794],[114.1947144,22.317765],[114.1947266,22.3177472],[114.194729,22.3177337],[114.1947266,22.317701],[114.1947218,22.3176823],[114.1947126,22.3176642],[114.1946938,22.3176394],[114.1946732,22.3176219],[114.1946617,22.3176162],[114.1946308,22.3176123],[114.1945961,22.3176208],[114.1942403,22.3177742],[114.1941824,22.3177991],[114.1940053,22.3177935],[114.1938414,22.3174682],[114.193983,22.3173891],[114.1939895,22.3173996],[114.1940495,22.3173657],[114.1941011,22.3173702],[114.1942854,22.3172686],[114.1943899,22.317211],[114.1944044,22.3172094],[114.1944123,22.3171981],[114.1944111,22.3171845],[114.1943983,22.3171738],[114.194382,22.3171749],[114.1943601,22.3171964],[114.1942801,22.3172401],[114.1940945,22.317342],[114.1940543,22.3173386],[114.1940035,22.3172676],[114.1939913,22.3172557],[114.1940035,22.3172325],[114.1940155,22.3172252],[114.1940192,22.3172127],[114.1940113,22.3171964],[114.1940035,22.3171925],[114.1939864,22.3171941],[114.1939798,22.3171998],[114.1939767,22.3172218],[114.193964,22.3172405],[114.1939372,22.3172557],[114.1939087,22.3172721],[114.1939282,22.3173025],[114.193796,22.3173759],[114.1928557,22.3154743],[114.1927491,22.315259],[114.1926978,22.3151552],[114.1926918,22.3151431],[114.1926856,22.3151454],[114.1925868,22.3149835],[114.1925386,22.314918],[114.1924594,22.3148237],[114.1925204,22.3147628],[114.1925801,22.3147128],[114.1925862,22.3146945],[114.192582,22.3146809],[114.1925343,22.3146315],[114.1922516,22.3144508],[114.1922026,22.3144327],[114.1921641,22.3144349],[114.1921391,22.3144507],[114.1921143,22.3145568],[114.192045,22.3145134],[114.1920039,22.3144789],[114.1919819,22.3140212],[114.1919242,22.3128236],[114.1919061,22.312451],[114.1919052,22.3124313],[114.1918958,22.3122366],[114.1918933,22.3121844],[114.1918444,22.3111693],[114.1918223,22.3107123],[114.191813,22.3105195],[114.1919843,22.3105137],[114.192062,22.310511],[114.1922595,22.3105043],[114.1922449,22.3101696],[114.192006,22.3101796],[114.1917997,22.3101883],[114.1917863,22.3099174],[114.1920376,22.3097265],[114.1922837,22.3095399],[114.1923339,22.309502],[114.1924777,22.3093926],[114.1928784,22.3090879],[114.1931752,22.3088624],[114.1936596,22.3084941],[114.1938082,22.3083812],[114.1938613,22.3083408],[114.1938459,22.308268],[114.1938115,22.3081061],[114.1934886,22.3065846],[114.1934371,22.3063416],[114.1934299,22.3063078],[114.1935244,22.3062423],[114.1935378,22.3063015],[114.1935897,22.3062916],[114.193602,22.3062892],[114.1936725,22.3062758],[114.1937683,22.3062575],[114.1937004,22.3059477],[114.193576,22.3059726],[114.1935212,22.3059836],[114.1934693,22.305994],[114.193516,22.3062056],[114.1934213,22.3062729],[114.1932984,22.3057828],[114.1932303,22.3055114],[114.1932054,22.305412],[114.1929359,22.3043375],[114.1928827,22.3041138],[114.1928189,22.3038462],[114.1928012,22.3037714],[114.1930317,22.3030491],[114.193075,22.3029133],[114.1931153,22.3027871],[114.1931159,22.3027741],[114.1931093,22.3027621],[114.1930389,22.3027141],[114.1930213,22.3027032],[114.1929864,22.3026815],[114.1926943,22.3024997],[114.1925069,22.3023711],[114.1919033,22.3019687],[114.1918525,22.3019337],[114.1917335,22.30184],[114.1916843,22.3018045],[114.1914763,22.3017824],[114.1914497,22.3017848],[114.1912611,22.3018663],[114.1912422,22.301875],[114.1911853,22.3018999],[114.1910724,22.3019495],[114.190851,22.3014726],[114.1904767,22.3013163],[114.1905007,22.301266],[114.1905422,22.3011798],[114.1905434,22.3011724],[114.1905307,22.3011527],[114.1900479,22.3009558],[114.1900431,22.3009568],[114.1900382,22.3009591],[114.1900309,22.3009658],[114.1900024,22.3010235],[114.1899635,22.3011024],[114.1895778,22.3009416],[114.1892818,22.3008203],[114.1892799,22.3007976],[114.1893046,22.3007463],[114.1893055,22.3007446],[114.1893051,22.3006905],[114.1893049,22.3006599],[114.1895341,22.3001847],[114.1895268,22.3001706],[114.1893419,22.3000956],[114.1893303,22.3000978],[114.1893236,22.3001018],[114.1893181,22.3001091],[114.1890907,22.3005742],[114.1890209,22.3006328],[114.1890162,22.3006422],[114.1889979,22.3006797],[114.1889809,22.3006928],[114.1888353,22.3006328],[114.1842105,22.2987084],[114.183815,22.2995308],[114.183038,22.2995257],[114.1830489,22.2984561],[114.1830491,22.2981999],[114.1830492,22.2979403],[114.1830495,22.2976812],[114.1822378,22.2972469],[114.1874556,22.2880504],[114.1874701,22.2880623],[114.187487,22.2880708],[114.1875035,22.2880748],[114.1875247,22.2880765],[114.1875635,22.2880663],[114.1883887,22.2875507],[114.1884761,22.2876442],[114.1890359,22.2882436],[114.1898746,22.2891417],[114.1900524,22.2893229],[114.1907952,22.2900363],[114.192216,22.2912754],[114.1923234,22.2913262],[114.1923837,22.2913319],[114.1924203,22.2913286],[114.1924474,22.2913224],[114.1924552,22.2913206],[114.1924763,22.2913132],[114.1925048,22.2912997],[114.1925236,22.2912882],[114.1925418,22.2912746],[114.1925799,22.2912448],[114.19272,22.2911352],[114.1927367,22.2911219],[114.1929443,22.2909566],[114.1930478,22.2908717],[114.1934606,22.2913299],[114.1934685,22.2913649],[114.1936201,22.2915349],[114.1936638,22.2915512],[114.193713,22.2916064],[114.196,22.2926578],[114.1960882,22.2926984],[114.1966783,22.2928191],[114.1973515,22.2929619],[114.1981372,22.2931258],[114.1982423,22.2931477],[114.1982808,22.2931558],[114.1983001,22.2931598],[114.1983854,22.2931776],[114.1983869,22.293178],[114.1984704,22.2933037],[114.1984712,22.293305],[114.1985064,22.2933225],[114.1984901,22.2936486],[114.1983039,22.2936549],[114.1983057,22.2937006],[114.1987211,22.293687],[114.1987187,22.2936407],[114.1985324,22.2936469],[114.1985459,22.2933459],[114.1985623,22.2932722],[114.1986192,22.2930159],[114.199908,22.2932822],[114.1998913,22.2933551],[114.199822,22.2936586],[114.1997274,22.2937298],[114.1997065,22.2938119],[114.199728,22.2939058],[114.199669,22.2941538],[114.1996094,22.2944011],[114.1996089,22.2944103],[114.1996127,22.2944187],[114.1996195,22.294428],[114.1996242,22.2944318],[114.1996334,22.2944352],[114.1997981,22.2944676],[114.1998107,22.2944679],[114.1998224,22.2944664],[114.1998317,22.2944611],[114.1998406,22.294453],[114.1998441,22.2944456],[114.1998808,22.2943005],[114.1999306,22.294091],[114.1999647,22.2939467],[114.2000196,22.2938762],[114.2000367,22.2938001],[114.1999808,22.2936868],[114.2000652,22.2933143],[114.2003696,22.293377],[114.2008444,22.293474],[114.2008382,22.2935003],[114.2008735,22.2936732],[114.2007827,22.2940679],[114.2007327,22.2941],[114.2007121,22.29419],[114.2007296,22.2942772],[114.2006837,22.2944731],[114.2006104,22.2947817],[114.2006119,22.2947939],[114.2006188,22.2948065],[114.2006265,22.2948134],[114.2006383,22.2948192],[114.200804,22.2948518],[114.2008156,22.2948507],[114.2008263,22.294847],[114.200836,22.2948397],[114.200842,22.2948305],[114.2008453,22.2948188],[114.2008964,22.2946004],[114.2009202,22.2944985],[114.2009614,22.2943205],[114.2010158,22.2942576],[114.2010373,22.2941654],[114.2010076,22.294113],[114.2010552,22.2939099],[114.2010973,22.2937233],[114.2012111,22.2935764],[114.2012171,22.2935512],[114.2017155,22.2936533],[114.2019171,22.2936955],[114.2029789,22.2939179],[114.2030697,22.293932],[114.2031293,22.2939834],[114.2031452,22.2939971],[114.203192,22.2940432],[114.2031975,22.2940979],[114.2031872,22.2942425],[114.2031566,22.2943428],[114.2031521,22.2944384],[114.2031491,22.2945058],[114.2030532,22.2945005],[114.2030463,22.2945957],[114.2030911,22.2945867],[114.2031267,22.2945368],[114.2031474,22.294544],[114.2031464,22.2945651],[114.2032225,22.2945686],[114.2032237,22.2945451],[114.2032567,22.2945929],[114.2032548,22.2946349],[114.2032477,22.2946463],[114.2032424,22.2947341],[114.2032195,22.2951103],[114.2032298,22.2951242],[114.2032445,22.2951245],[114.2032551,22.2951143],[114.2032795,22.2947322],[114.2032855,22.2946402],[114.2032834,22.2946008],[114.2033314,22.2945482],[114.2033299,22.2945731],[114.2034051,22.2945783],[114.2034061,22.2945604],[114.2034255,22.294559],[114.2034542,22.2946117],[114.203496,22.2946235],[114.203498,22.2945293],[114.203408,22.2945239],[114.2034109,22.2944684],[114.2034168,22.2943546],[114.2034147,22.2943267],[114.20341,22.294269],[114.2034087,22.2941198],[114.2034085,22.2941043],[114.203408,22.2940453],[114.2034067,22.2938978],[114.2034065,22.2938711],[114.2034062,22.2938332],[114.2034097,22.2938012],[114.2034187,22.2937621],[114.2034329,22.2937292],[114.2041404,22.2936046],[114.2042199,22.2935906],[114.204273,22.2935812],[114.2043422,22.2935691],[114.2043776,22.2935628],[114.2044794,22.293545],[114.2044867,22.2935807],[114.2045174,22.2935754],[114.2045523,22.2935693],[114.2045455,22.2935334],[114.2047225,22.2935023],[114.2048444,22.2934807],[114.2048766,22.2936411],[114.2049354,22.2936281],[114.2049039,22.2934707],[114.2050861,22.2934385],[114.2051715,22.2934234],[114.2052978,22.2934011],[114.2054297,22.2933778],[114.2055768,22.2933518],[114.2062655,22.2932305],[114.206605,22.2931287],[114.2066648,22.2931096],[114.2066801,22.2931802],[114.2067627,22.293565],[114.2068136,22.2937111],[114.2069127,22.293674],[114.2068092,22.2935509],[114.2067444,22.2932502],[114.2067408,22.2932335],[114.2067937,22.2930705],[114.2071335,22.2929673],[114.2072251,22.2930538],[114.2072522,22.2931316],[114.2073443,22.2933954],[114.2073264,22.2935188],[114.2074255,22.2934816],[114.2074156,22.2934532],[114.2072993,22.2931206],[114.2072712,22.29304],[114.2072904,22.2929201],[114.2077089,22.2927968],[114.2077841,22.2930076],[114.2078642,22.2932324],[114.2079053,22.2933475],[114.2079233,22.2933982],[114.2079522,22.2934792],[114.2080134,22.293651],[114.2080202,22.2936536],[114.2080658,22.293641],[114.208255,22.2935769],[114.2082298,22.293506],[114.2082215,22.2935021],[114.2080435,22.2935588],[114.2080042,22.2934485],[114.2079798,22.2933801],[114.2079239,22.2932236],[114.2078435,22.2929978],[114.20802,22.2929439],[114.2080266,22.2929362],[114.2080021,22.2928673],[114.2079939,22.2928662],[114.207816,22.2929205],[114.2078108,22.292906],[114.2077659,22.2927799],[114.2082291,22.2926406],[114.2084015,22.2925889],[114.208809,22.2924664],[114.2088157,22.2924879],[114.2091791,22.2923771],[114.209327,22.2923321],[114.2093184,22.2923078],[114.2094319,22.2922727],[114.2094513,22.292293],[114.2094734,22.2922864],[114.2094798,22.2922845],[114.2094792,22.2922586],[114.2097095,22.2921869],[114.2097327,22.2922106],[114.2098789,22.2923607],[114.2098948,22.2923562],[114.210127,22.2922925],[114.2102024,22.2922717],[114.210413,22.2922139],[114.2104851,22.292194],[114.2112162,22.2919931],[114.2112361,22.2919851],[114.2140449,22.2907135],[114.214324,22.2905871],[114.2144081,22.2905491],[114.215403,22.2900986],[114.2166802,22.2898709],[114.2167757,22.2898536],[114.2196276,22.2893396],[114.2196535,22.2893284],[114.2205505,22.2889406],[114.2222164,22.2882204],[114.2240418,22.286508],[114.2242335,22.2863283],[114.2243418,22.2862267],[114.2245307,22.2860495],[114.2245975,22.2861111],[114.2246633,22.2861331],[114.2246747,22.286137],[114.2250682,22.2865028],[114.2250885,22.2865103],[114.2251098,22.2865057],[114.225236,22.2863879],[114.2252438,22.2863704],[114.225241,22.2863499],[114.2250519,22.2861744],[114.2248411,22.2859787],[114.2248318,22.2859549],[114.2248085,22.2858932],[114.2247526,22.2858412],[114.2250257,22.2855853],[114.225311,22.2853178],[114.2253674,22.2853712],[114.2254126,22.285386],[114.2254553,22.2854001],[114.2257803,22.2857023],[114.2258402,22.2857584],[114.2258601,22.2857693],[114.2258827,22.2857683],[114.225901,22.2857578],[114.2260152,22.2856503],[114.2260235,22.2856337],[114.2260232,22.2856229],[114.226023,22.2856189],[114.2260135,22.2856013],[114.2257472,22.2853542],[114.2256507,22.2852646],[114.2256245,22.2852403],[114.2256061,22.285186],[114.2255962,22.2851767],[114.2255281,22.2851141],[114.22563,22.2850187],[114.2256712,22.2850553],[114.2256257,22.2850971],[114.2256573,22.2851258],[114.2257264,22.285149],[114.2257701,22.2851072],[114.2256979,22.2850407],[114.22569,22.285048],[114.225644,22.2850056],[114.2256529,22.2849989],[114.2260176,22.2848663],[114.2261443,22.2848175],[114.2262183,22.2847891],[114.2262084,22.2847977],[114.2264852,22.2850515],[114.2265063,22.2850709],[114.2264992,22.285094],[114.2264993,22.2851088],[114.226507,22.2851328],[114.2265734,22.2852041],[114.2266394,22.2852595],[114.2266967,22.2853074],[114.2268956,22.2854972],[114.2270344,22.2856405],[114.2271168,22.2857141],[114.2271883,22.2857762],[114.2272403,22.2858102],[114.227283,22.2858295],[114.227318,22.2858326],[114.2273404,22.2858163],[114.2273593,22.2857935],[114.2273599,22.2857905],[114.2278833,22.2861667],[114.2279686,22.2863507],[114.2279492,22.2863565],[114.2279174,22.2863729],[114.2279051,22.2863792],[114.22788,22.2864075],[114.2278659,22.2864402],[114.2278647,22.2864695],[114.2278723,22.2864964],[114.2278914,22.2865284],[114.2279183,22.2865462],[114.2279563,22.2865491],[114.2280259,22.2865378],[114.2282488,22.286443],[114.2283802,22.2863942],[114.2285132,22.2863782],[114.228783,22.2863889],[114.2290302,22.286389],[114.2291553,22.2863732],[114.2293234,22.2863466],[114.2295933,22.2862789],[114.2297018,22.286244],[114.2298162,22.2861943],[114.2299321,22.2861445],[114.2301953,22.2860378],[114.2315378,22.2854944],[114.2316517,22.2854463],[114.2325007,22.2850929],[114.2326718,22.285022],[114.2327138,22.285004],[114.2329038,22.2849147],[114.2329654,22.2848855],[114.233,22.2848677],[114.2330472,22.2848431],[114.2330783,22.2848253],[114.2331092,22.284807],[114.2331396,22.2847881],[114.2331697,22.2847688],[114.2331994,22.284749],[114.2332288,22.2847287],[114.2332578,22.284708],[114.2332963,22.2846783],[114.2334842,22.284523],[114.2336608,22.2843523],[114.233674,22.2843389],[114.2336061,22.2842863],[114.2337255,22.2842522],[114.2337104,22.2842305],[114.2337115,22.2841825],[114.2337104,22.2842305],[114.2337662,22.2843107],[114.2337945,22.2843109],[114.2338158,22.2843113],[114.2338902,22.2843476],[114.2339451,22.2843745],[114.2340762,22.2844568],[114.2341107,22.2844703],[114.2342301,22.2844838],[114.2343302,22.2844872],[114.2344078,22.2844797],[114.2345129,22.2844595],[114.2345274,22.2845063],[114.2345673,22.2844962],[114.2345558,22.284447],[114.2345759,22.2844368],[114.2346153,22.2844149],[114.2348408,22.2842703],[114.2348541,22.2842482],[114.2348559,22.2842183],[114.2348492,22.2841997],[114.2348087,22.284145],[114.2348232,22.2841359],[114.2348359,22.284159],[114.2348651,22.2841873],[114.2348905,22.2841991],[114.2349069,22.284198],[114.2349203,22.2841918],[114.2349681,22.2841393],[114.2349941,22.2840987],[114.235039,22.2840563],[114.2350912,22.2840906],[114.2351246,22.2840325],[114.2350845,22.2840134],[114.2351366,22.283914],[114.2352833,22.2838343],[114.2353453,22.2838146],[114.2354156,22.2838033],[114.2354313,22.2837891],[114.235469,22.283771],[114.2355434,22.2836921],[114.2355719,22.2836531],[114.2355932,22.2836486],[114.2356247,22.2836316],[114.2356544,22.2835825],[114.2356841,22.2835058],[114.2356992,22.2834267],[114.2357144,22.2833912],[114.2357726,22.2833088],[114.2358593,22.2832139],[114.2359277,22.2831043],[114.2362279,22.2828541],[114.2362594,22.2828255],[114.2362872,22.2827978],[114.2363139,22.2827628],[114.2363487,22.282724],[114.2363503,22.2827221],[114.2364145,22.2826335],[114.2364691,22.2825646],[114.2364763,22.2825414],[114.2364734,22.2825341],[114.2364588,22.2825178],[114.2364582,22.2825071],[114.2364637,22.2824957],[114.2364909,22.2824703],[114.2365224,22.2824636],[114.236531,22.2824584],[114.2365734,22.2824116],[114.2366031,22.2823726],[114.2366218,22.2823462],[114.2366528,22.2822908],[114.2366619,22.2822801],[114.2367692,22.2821937],[114.23678,22.2821902],[114.2367971,22.2821942],[114.236825,22.2822202],[114.2368268,22.2822253],[114.2368171,22.2822456],[114.2368201,22.2822564],[114.2368268,22.2822609],[114.2368456,22.2822625],[114.2368535,22.2822659],[114.2368651,22.2822845],[114.2368711,22.282289],[114.236888,22.2822912],[114.2369475,22.2822625],[114.2369912,22.2822173],[114.237033,22.2821823],[114.2370348,22.2821745],[114.2370287,22.2821574],[114.2370281,22.2821467],[114.2370463,22.2821145],[114.2370433,22.2821038],[114.2370263,22.2820767],[114.2370263,22.2820649],[114.2370371,22.2820468],[114.2370996,22.2819954],[114.2372439,22.2818932],[114.2372791,22.2818639],[114.2373173,22.281826],[114.2373452,22.2818035],[114.2373821,22.2817798],[114.2373906,22.2817758],[114.2374051,22.2817725],[114.2374428,22.2817775],[114.2374682,22.2817718],[114.2375441,22.2817311],[114.237552,22.2817228],[114.2375609,22.2817018],[114.2375676,22.2816967],[114.2375919,22.281699],[114.2376077,22.2816967],[114.2376859,22.281664],[114.2377363,22.2816538],[114.2378102,22.2816216],[114.2379206,22.2815848],[114.2379813,22.2815571],[114.2380673,22.2815363],[114.2381467,22.2815018],[114.2381953,22.2814758],[114.238228,22.2814622],[114.2382632,22.2814544],[114.23833,22.281447],[114.2384529,22.2814047],[114.2385088,22.2813831],[114.2387065,22.2812792],[114.2388981,22.2811707],[114.2389187,22.2811541],[114.2389623,22.2811193],[114.239069,22.2810606],[114.2390763,22.2810522],[114.2390762,22.2810415],[114.239063,22.2810189],[114.2390599,22.2809935],[114.2390465,22.2809748],[114.2390362,22.2809647],[114.2390276,22.2809596],[114.2390228,22.2809567],[114.238998,22.2809484],[114.2389635,22.2809427],[114.2389501,22.2809365],[114.2389392,22.2809252],[114.2388948,22.2808609],[114.2388579,22.2807994],[114.2388421,22.2807605],[114.2388317,22.2807289],[114.2388348,22.280691],[114.2388517,22.2806634],[114.2388833,22.2806244],[114.2388993,22.2806124],[114.2389021,22.2806103],[114.2389238,22.2806013],[114.2389391,22.280599],[114.2389821,22.280604],[114.2390173,22.280617],[114.2390828,22.2806509],[114.2391052,22.2806577],[114.2391289,22.2806604],[114.2391615,22.2806571],[114.2391755,22.2806526],[114.2391914,22.2806452],[114.2392008,22.2806398],[114.239204,22.2806378],[114.2392149,22.2806288],[114.239238,22.2806039],[114.2392617,22.2805639],[114.2392768,22.2805176],[114.2392805,22.2804956],[114.2392811,22.2804494],[114.2392786,22.2804273],[114.2392646,22.2803787],[114.2392446,22.2803353],[114.2392117,22.2802869],[114.2391729,22.2802422],[114.239392,22.2800891],[114.2395642,22.2799688],[114.2408718,22.2790551],[114.2408837,22.2790064],[114.2408954,22.2789582],[114.2409608,22.2788864],[114.2409978,22.2787723],[114.2415119,22.2767269],[114.2415917,22.2764091],[114.2416873,22.276029],[114.241694,22.2759879],[114.2416928,22.2759467],[114.2416837,22.2759133],[114.2416661,22.2758801],[114.2423291,22.2750891],[114.2424419,22.2749553],[114.2425967,22.2747708],[114.2427872,22.2745437],[114.2430462,22.2742349],[114.2431888,22.2743381],[114.2431807,22.274393],[114.2431011,22.2749318],[114.2431471,22.274938],[114.2432397,22.2743155],[114.2432007,22.27431],[114.2431845,22.2743076],[114.2430601,22.2742179],[114.2433789,22.2738379],[114.2443432,22.2726892],[114.2443438,22.2726884],[114.2439712,22.272283],[114.2436862,22.271973],[114.2432393,22.2714854],[114.2431485,22.2713863],[114.2422119,22.2703644],[114.2417526,22.2698645],[114.2418997,22.2696899],[114.2420708,22.2694867],[114.2422328,22.2692943],[114.2426866,22.2687558],[114.2427999,22.2686213],[114.2428632,22.2685449],[114.2431273,22.2682261],[114.2437512,22.268157],[114.2438697,22.2682435],[114.2447927,22.2689172],[114.2455745,22.2694881],[114.2455971,22.2695046],[114.2450025,22.2714651],[114.2454942,22.2719976],[114.2456219,22.2721359],[114.2454209,22.2727952],[114.2453312,22.273039],[114.2452512,22.2731898],[114.2452044,22.2732618],[114.245158,22.2733332],[114.2450646,22.2734507],[114.2449259,22.2735952],[114.2449145,22.27363],[114.2449143,22.2736307],[114.2449161,22.2736426],[114.244941,22.2736816],[114.2449622,22.2736939],[114.2449943,22.2736978],[114.2450557,22.273673],[114.2450792,22.2736504],[114.2453344,22.2733078],[114.2453738,22.2732434],[114.2454477,22.2731046],[114.245495,22.2729955],[114.2455289,22.2728962],[114.2457069,22.2723204],[114.245763,22.2721608],[114.2458075,22.2720343],[114.2458008,22.2719857],[114.2457892,22.2719699],[114.2457789,22.2719609],[114.2457711,22.2719563],[114.2459872,22.2712406],[114.2463136,22.2701698],[114.2465397,22.2694216],[114.2465912,22.2692511],[114.2466276,22.2691303],[114.2466682,22.2689962],[114.2466866,22.2689357],[114.2469336,22.2686392],[114.2474999,22.2679596],[114.2488612,22.2692465],[114.2489378,22.2691764],[114.2489755,22.269142],[114.2491074,22.2690215],[114.250417,22.2678215],[114.2524681,22.2659358],[114.2525743,22.265838],[114.2525914,22.2658347],[114.2526107,22.2658274],[114.2527434,22.265724],[114.2527841,22.2657002],[114.2528064,22.2656833],[114.2528413,22.2656658],[114.2528829,22.2656449],[114.2528896,22.2656324],[114.2528914,22.2656189],[114.252875,22.2655624],[114.2528756,22.2655388],[114.2528792,22.2655286],[114.2528895,22.2655145],[114.2529216,22.2654829],[114.2529332,22.2654591],[114.2529368,22.265457],[114.2529319,22.2654501],[114.2529858,22.2654214],[114.2529828,22.2654134],[114.2529986,22.265405],[114.2530059,22.2654128],[114.253072,22.2653823],[114.253078,22.265388],[114.2531108,22.2653722],[114.2531181,22.2653778],[114.2531617,22.2653541],[114.2531569,22.2653473],[114.2531665,22.2653423],[114.2531726,22.2653479],[114.2531999,22.2653332],[114.2532041,22.2653287],[114.2531999,22.2653225],[114.2532234,22.2653044],[114.2532205,22.2653004],[114.2532344,22.2652835],[114.2532277,22.2652768],[114.253232,22.2652728],[114.253283,22.2652553],[114.2532902,22.265248],[114.253298,22.2652294],[114.2533047,22.2652214],[114.2533156,22.2652203],[114.253335,22.2652271],[114.2533424,22.2652253],[114.2533557,22.265204],[114.2533659,22.2651942],[114.2533993,22.2651852],[114.2534017,22.2651829],[114.2533861,22.2651734],[114.2533848,22.2651688],[114.2533914,22.2651531],[114.2534047,22.2651413],[114.2534394,22.2651271],[114.2534569,22.2651129],[114.2534581,22.2651091],[114.2534503,22.2651028],[114.253446,22.2650898],[114.2534375,22.265087],[114.2533617,22.2651074],[114.253312,22.2651068],[114.253278,22.2651148],[114.2532713,22.2651107],[114.253267,22.2650939],[114.2532659,22.2650809],[114.2532683,22.2650746],[114.2532744,22.2650707],[114.2532998,22.2650696],[114.2533229,22.2650605],[114.2533386,22.2650465],[114.2533628,22.2650176],[114.2533841,22.2649983],[114.2534283,22.2649674],[114.2534525,22.2649453],[114.2534658,22.2649391],[114.2534756,22.2649368],[114.2534835,22.2649436],[114.2535023,22.2649385],[114.2535083,22.2649589],[114.2535144,22.26496],[114.2535429,22.2649521],[114.2535447,22.2649605],[114.2535557,22.264961],[114.2535587,22.264969],[114.2535841,22.2649656],[114.2536169,22.2649543],[114.2536199,22.2649486],[114.2536169,22.264939],[114.2536412,22.2649345],[114.2536424,22.264943],[114.253652,22.2649413],[114.2536581,22.2649548],[114.2537188,22.2649447],[114.2537309,22.2649402],[114.253726,22.26493],[114.2537721,22.264913],[114.2537751,22.2649046],[114.2538048,22.2648932],[114.2538091,22.2648887],[114.2538054,22.2648792],[114.2538393,22.2648707],[114.2538455,22.2648769],[114.2538509,22.2648751],[114.2538927,22.264856],[114.2538958,22.2648537],[114.2538946,22.264843],[114.2539134,22.2648328],[114.2539176,22.2648396],[114.2539218,22.2648401],[114.2539764,22.2648136],[114.2539685,22.264804],[114.2539703,22.2648011],[114.2540036,22.2647797],[114.2540152,22.2647893],[114.254037,22.2647768],[114.2540534,22.2647712],[114.254057,22.2647622],[114.2540486,22.2647497],[114.2540831,22.2647238],[114.2540849,22.2647193],[114.2540709,22.2646989],[114.2540837,22.2646882],[114.2541049,22.2646814],[114.2541232,22.2646781],[114.2541246,22.2646772],[114.2541358,22.2646708],[114.2541474,22.2646622],[114.2542013,22.2646109],[114.2542237,22.264585],[114.2543231,22.2645109],[114.2543401,22.2644946],[114.2543649,22.2644477],[114.2543692,22.2644245],[114.2543806,22.2644088],[114.2543915,22.2644014],[114.2544583,22.2643426],[114.2544686,22.2643348],[114.2544977,22.2643189],[114.2545292,22.2643082],[114.254545,22.2642964],[114.254608,22.2641919],[114.2546097,22.26418],[114.2545976,22.2641529],[114.2545854,22.2641478],[114.2545345,22.2641564],[114.2544976,22.2641727],[114.2544867,22.264175],[114.2544811,22.2641711],[114.2544793,22.2641649],[114.2544909,22.2641519],[114.254503,22.2641462],[114.2545903,22.2641248],[114.254614,22.2641123],[114.2546182,22.2641027],[114.2546236,22.2640987],[114.254674,22.2640835],[114.2546873,22.2640835],[114.2547213,22.2640925],[114.2547486,22.2640913],[114.2547849,22.2640732],[114.2548055,22.264067],[114.2548431,22.2640354],[114.2548722,22.2640196],[114.2549662,22.2639862],[114.2550032,22.2639665],[114.2550971,22.2639389],[114.255113,22.2639264],[114.2551183,22.2639151],[114.255119,22.2639115],[114.2551195,22.2639089],[114.2551172,22.2638767],[114.2551147,22.2638711],[114.2551098,22.263866],[114.2550971,22.2638621],[114.2550941,22.2638581],[114.2550965,22.2638547],[114.2551129,22.2638468],[114.255125,22.2638446],[114.2551311,22.2638416],[114.2551414,22.2638338],[114.255145,22.2638281],[114.2551444,22.2638085],[114.255148,22.2637965],[114.2551662,22.2637784],[114.2551784,22.2637633],[114.2551838,22.263744],[114.2551873,22.263739],[114.2551989,22.2637322],[114.255225,22.2637254],[114.255242,22.2637158],[114.2552808,22.2636717],[114.255308,22.2636446],[114.2553451,22.2635966],[114.2553662,22.2635814],[114.2554044,22.263564],[114.2554249,22.263548],[114.2554638,22.2635035],[114.2554795,22.2634916],[114.2554928,22.2634775],[114.2555135,22.2634436],[114.2555165,22.2634448],[114.2555219,22.2634543],[114.255528,22.2634572],[114.2555342,22.2634577],[114.2555396,22.2634611],[114.2555607,22.2634802],[114.2555736,22.2634847],[114.255582,22.263482],[114.2555863,22.2634775],[114.2555887,22.2634718],[114.2555886,22.263465],[114.2555784,22.2634486],[114.2555778,22.2634362],[114.2555917,22.2634199],[114.2555929,22.2634142],[114.2555911,22.2634007],[114.2555923,22.2633945],[114.2555995,22.2633843],[114.2556177,22.263378],[114.2556317,22.263377],[114.2556838,22.2633792],[114.2556899,22.2633775],[114.2557008,22.2633702],[114.2557148,22.2633487],[114.2557269,22.2633335],[114.2557457,22.2633154],[114.2557596,22.2633047],[114.255773,22.2632905],[114.2557826,22.2632736],[114.2557978,22.263237],[114.2558039,22.2632347],[114.2558105,22.2632363],[114.2558147,22.2632408],[114.2558171,22.2632477],[114.2558226,22.2632493],[114.2558305,22.2632443],[114.2558432,22.2632312],[114.2558523,22.2632148],[114.2558572,22.2631866],[114.2558645,22.2631692],[114.2558717,22.2631584],[114.2558869,22.2631444],[114.2558995,22.2631291],[114.2559087,22.2631122],[114.2559141,22.2630929],[114.2559184,22.2630879],[114.2559292,22.2630806],[114.2559359,22.2630788],[114.2559857,22.263076],[114.2559942,22.2630715],[114.2560008,22.2630506],[114.2560142,22.2630246],[114.2560172,22.2630088],[114.256025,22.2629958],[114.2560341,22.2629885],[114.2560469,22.2629817],[114.2560614,22.2629782],[114.2560857,22.2629755],[114.2561038,22.2629676],[114.2561336,22.2629427],[114.2561541,22.2629303],[114.2561814,22.2629065],[114.256188,22.2628999],[114.2561953,22.2628879],[114.2561984,22.2628794],[114.2562002,22.2628585],[114.2562082,22.2628417],[114.2562184,22.2628315],[114.2562293,22.2628258],[114.2562403,22.2628168],[114.2562729,22.262779],[114.256282,22.2627745],[114.2562966,22.2627745],[114.2563257,22.2627896],[114.2563397,22.2627925],[114.25635,22.2627925],[114.2563688,22.2627885],[114.2563821,22.2627834],[114.2563947,22.2627766],[114.25641,22.2627648],[114.2564348,22.262736],[114.256462,22.2627134],[114.2564639,22.2627106],[114.2564633,22.2627056],[114.2564578,22.2626936],[114.2564609,22.2626801],[114.2564966,22.2626474],[114.2565129,22.2626276],[114.2565185,22.2626095],[114.256519,22.2625915],[114.2565251,22.2625548],[114.2565239,22.2625463],[114.256525,22.2625373],[114.2565281,22.2625288],[114.2565366,22.2625175],[114.2565523,22.2624774],[114.2565608,22.2624729],[114.2565656,22.2624723],[114.2566244,22.2624791],[114.2566341,22.2624785],[114.2566438,22.2624762],[114.2566656,22.2624622],[114.2566699,22.2624565],[114.2566705,22.2624457],[114.2566742,22.2624373],[114.256716,22.2623944],[114.2567299,22.2623644],[114.2567766,22.2623306],[114.2567868,22.2623204],[114.2567954,22.2623091],[114.2568057,22.2622888],[114.256822,22.2622261],[114.2568262,22.2622171],[114.2568353,22.2622273],[114.2568438,22.2622233],[114.2568318,22.2622352],[114.2568311,22.2622379],[114.2568324,22.2622408],[114.2568407,22.2622476],[114.2568378,22.2622504],[114.2568378,22.2622527],[114.256853,22.2622634],[114.256865,22.2622555],[114.2568706,22.2622605],[114.2568669,22.2622645],[114.2568754,22.262273],[114.256879,22.2622735],[114.2568887,22.262265],[114.2569087,22.2622792],[114.2568966,22.2622899],[114.2568972,22.2622928],[114.2569136,22.2623023],[114.2569178,22.2623035],[114.2569203,22.2623017],[114.2569258,22.2623046],[114.256924,22.2623073],[114.25693,22.2623135],[114.2569337,22.2623141],[114.2569372,22.2623113],[114.2569669,22.2622769],[114.2569549,22.2622679],[114.2569712,22.2622514],[114.2569614,22.2622436],[114.256973,22.262234],[114.2569754,22.2622278],[114.2569815,22.2622306],[114.2570051,22.2622097],[114.2569966,22.2622001],[114.2570075,22.2621905],[114.257022,22.2622029],[114.2570269,22.2622029],[114.2570615,22.2621656],[114.2570858,22.2621453],[114.2570863,22.2621396],[114.2570784,22.262134],[114.2571015,22.2621114],[114.2570918,22.2621063],[114.257116,22.2620832],[114.2570991,22.2620685],[114.2571123,22.2620555],[114.2570991,22.2620471],[114.2570906,22.2620364],[114.2570845,22.2620421],[114.2570802,22.262038],[114.2570693,22.2620488],[114.2570554,22.2620381],[114.2570463,22.262037],[114.2570518,22.2620301],[114.2570451,22.2620262],[114.2570454,22.2620254],[114.2570541,22.2620042],[114.2570596,22.2619969],[114.2570748,22.261985],[114.2571317,22.2619709],[114.2571547,22.2619517],[114.2572159,22.2618817],[114.2572305,22.261863],[114.2572415,22.2618444],[114.2572517,22.2618343],[114.2572639,22.2618263],[114.2572796,22.2617986],[114.2572924,22.2617851],[114.2573087,22.261775],[114.2573342,22.2617681],[114.2573481,22.2617625],[114.2573639,22.2617518],[114.2573723,22.2617371],[114.2573735,22.261723],[114.2573723,22.2617139],[114.257365,22.2616993],[114.257362,22.2616857],[114.2573656,22.2616682],[114.2573644,22.2616546],[114.2573613,22.2616468],[114.2573632,22.2616423],[114.2573705,22.2616349],[114.2573856,22.2616248],[114.257405,22.2616084],[114.2574159,22.2615943],[114.2574232,22.2615796],[114.2574292,22.2615722],[114.2574408,22.2615638],[114.2574565,22.261557],[114.2574644,22.2615508],[114.2574699,22.2615434],[114.2574736,22.2615349],[114.2574747,22.2615141],[114.2574692,22.2614729],[114.2574558,22.2614249],[114.2574546,22.2614162],[114.2574534,22.2614068],[114.257454,22.2613933],[114.2574582,22.2613752],[114.2574709,22.2613555],[114.2574719,22.2613522],[114.2767483,22.2624645],[114.2767457,22.2624846],[114.2767166,22.2624954],[114.2767196,22.2625355],[114.2766948,22.2625284],[114.2766911,22.2625487],[114.2766228,22.262543],[114.2766168,22.2625739],[114.2766014,22.2625699],[114.2765957,22.262587],[114.2765969,22.2626376],[114.2765047,22.2626243],[114.2764494,22.2627032],[114.276441,22.2626683],[114.2764042,22.2626509],[114.2763998,22.2626596],[114.276383,22.2626525],[114.2763526,22.2626782],[114.2763392,22.2626724],[114.2763336,22.2627004],[114.2763189,22.2627093],[114.2763316,22.2627289],[114.2762819,22.2627144],[114.2762674,22.2627398],[114.2762709,22.2628151],[114.2762585,22.2628342],[114.276137,22.2628244],[114.2760016,22.262878],[114.2759805,22.2628448],[114.2759992,22.2628028],[114.275993,22.2627552],[114.2759413,22.2627265],[114.2758968,22.2627174],[114.275871,22.2627374],[114.2758527,22.2627303],[114.2758392,22.2627511],[114.2758113,22.2627387],[114.2757822,22.2627738],[114.2757786,22.2627959],[114.275796,22.2628035],[114.2757967,22.2628232],[114.275754,22.2628287],[114.2757218,22.2628575],[114.2756203,22.2628598],[114.2756229,22.2628395],[114.2756019,22.2628201],[114.2755125,22.2627987],[114.2753527,22.2627989],[114.2753524,22.2628086],[114.2753193,22.262808],[114.2753186,22.2628204],[114.2752752,22.2628274],[114.2752725,22.2628425],[114.2752269,22.2628652],[114.2752257,22.262878],[114.2752049,22.2628759],[114.2751886,22.2629418],[114.2751948,22.2629631],[114.2752165,22.2629684],[114.275218,22.2629978],[114.2751735,22.262991],[114.2751706,22.2630035],[114.2751548,22.2630026],[114.2751471,22.2630468],[114.2751347,22.2630465],[114.2751329,22.2630636],[114.2750772,22.2630674],[114.2750786,22.2630972],[114.2750156,22.263103],[114.2750157,22.2631169],[114.2749379,22.2631277],[114.2748436,22.2630822],[114.2747875,22.2630501],[114.2747684,22.2630403],[114.2747229,22.2630171],[114.2746856,22.263],[114.2746042,22.2629663],[114.2745418,22.2629269],[114.2744291,22.2627921],[114.2743608,22.2626549],[114.2742781,22.2625942],[114.2742447,22.2625777],[114.2742002,22.262568],[114.2741098,22.2625679],[114.2740409,22.2625732],[114.2739205,22.2625825],[114.2738311,22.262614],[114.2737931,22.2626343],[114.2737752,22.2626499],[114.2737537,22.2626844],[114.2737435,22.2627009],[114.2737058,22.2628305],[114.2735886,22.2631499],[114.2735087,22.2633206],[114.2733241,22.2636176],[114.2732412,22.2637602],[114.273197,22.2638276],[114.2731402,22.2639351],[114.2731274,22.2639525],[114.2730424,22.2640684],[114.2730016,22.2641668],[114.2729307,22.2642712],[114.2728993,22.2643234],[114.2727459,22.2645781],[114.2726533,22.2647132],[114.2725136,22.2649476],[114.2724343,22.2650846],[114.2722988,22.2652843],[114.2722786,22.2653164],[114.2720875,22.2656199],[114.2720356,22.2657024],[114.2718898,22.2659778],[114.2718652,22.2660222],[114.2718407,22.2660609],[114.271838,22.2660651],[114.2718068,22.266118],[114.2716769,22.266325],[114.2716324,22.2664057],[114.2714088,22.2667813],[114.271377,22.2668382],[114.2712221,22.2670886],[114.2711224,22.2672639],[114.2709729,22.2674965],[114.2708922,22.2676461],[114.2707768,22.2678195],[114.2706565,22.2680182],[114.270573,22.2681465],[114.2704584,22.2683329],[114.2703671,22.2684896],[114.2703208,22.2685602],[114.2701208,22.2689337],[114.2699657,22.2691866],[114.2698724,22.2693319],[114.2698473,22.2693761],[114.2697828,22.2694817],[114.2697703,22.2695019],[114.2697029,22.2696046],[114.2696358,22.2697163],[114.2695932,22.2697876],[114.2695756,22.2698156],[114.2695383,22.2698671],[114.2695171,22.2698966],[114.2694521,22.2700357],[114.2692569,22.2703188],[114.2692163,22.2703567],[114.2691564,22.2703914],[114.2691135,22.2704074],[114.2690401,22.270421],[114.2690476,22.2704367],[114.2689554,22.2704748],[114.2689498,22.270463],[114.2689303,22.2704733],[114.2688986,22.2704869],[114.2688277,22.2705066],[114.2687866,22.2705181],[114.268745,22.2705365],[114.2686621,22.270597],[114.268607,22.2706663],[114.2684865,22.2708649],[114.2683918,22.2710016],[114.2682198,22.2712968],[114.2681198,22.2714432],[114.2680639,22.2715624],[114.2679406,22.2717546],[114.2679359,22.2717726],[114.2679412,22.2717867],[114.2680126,22.2718083],[114.2679976,22.2718398],[114.2680025,22.2718461],[114.2680564,22.271863],[114.2679533,22.2721028],[114.2685061,22.272309],[114.2690103,22.272497],[114.2701069,22.2729063],[114.2695155,22.2742832],[114.2692252,22.2749592],[114.2680128,22.2745078],[114.2674432,22.2742956],[114.2670346,22.2741435],[114.2668471,22.2740738],[114.2667975,22.2741887],[114.2667369,22.2743289],[114.2666471,22.2745392],[114.266638,22.274538],[114.2666265,22.2745185],[114.2666068,22.27451],[114.2665982,22.2744896],[114.2665365,22.2744739],[114.2664076,22.2744608],[114.2662895,22.2744259],[114.266127,22.274426],[114.2661106,22.2744342],[114.2660789,22.2744647],[114.2660672,22.274462],[114.2660687,22.2744315],[114.2660564,22.2744242],[114.2659338,22.2744304],[114.2658913,22.2744377],[114.2657693,22.2744387],[114.2656734,22.2744547],[114.2656014,22.2744962],[114.2655815,22.2745078],[114.2655515,22.2745353],[114.2655134,22.2745956],[114.2654875,22.2746686],[114.2653748,22.2748886],[114.2653712,22.2749614],[114.2653621,22.2749831],[114.265348,22.2749933],[114.2653374,22.2749933],[114.2653163,22.2749783],[114.2653043,22.2749244],[114.2652979,22.2749069],[114.2652896,22.2749042],[114.2652842,22.2749076],[114.2652773,22.2749123],[114.2652716,22.2749152],[114.2652657,22.2749173],[114.2652604,22.2749181],[114.2652562,22.2749179],[114.2652522,22.2749169],[114.2652416,22.2749112],[114.2652348,22.2749089],[114.2652316,22.2749084],[114.2652287,22.2749085],[114.265226,22.274909],[114.2652233,22.2749099],[114.2652197,22.2749119],[114.265216,22.2749147],[114.2652132,22.2749179],[114.2652106,22.2749217],[114.2652085,22.2749305],[114.2652068,22.2749411],[114.2652061,22.2749492],[114.2652062,22.2749556],[114.2652069,22.2749616],[114.2652085,22.2749679],[114.2652112,22.2749751],[114.2652147,22.2749821],[114.2652187,22.2749886],[114.2652232,22.2749945],[114.2652287,22.2749998],[114.265232,22.2750021],[114.2652351,22.2750037],[114.2652468,22.2750076],[114.2652624,22.2750115],[114.2652709,22.2750146],[114.2652228,22.2750635],[114.2652232,22.2751269],[114.2652145,22.2751421],[114.2651815,22.275162],[114.2651692,22.2751607],[114.2651584,22.275141],[114.2651464,22.2750901],[114.2651381,22.2750745],[114.2651249,22.275077],[114.2651236,22.2751406],[114.2651164,22.2751761],[114.265118,22.275248],[114.2651479,22.275348],[114.2651422,22.2753541],[114.2651222,22.2753572],[114.2650746,22.2753496],[114.2650737,22.2753054],[114.2650847,22.2752587],[114.265073,22.2751693],[114.2650667,22.2751367],[114.2650428,22.2751272],[114.2650276,22.2751342],[114.2650116,22.2751573],[114.2649879,22.2751758],[114.2649806,22.2752237],[114.2649894,22.2752705],[114.2649632,22.2753515],[114.2649631,22.2753527],[114.2649556,22.2753952],[114.2649895,22.2754445],[114.2650542,22.2755116],[114.2650754,22.2755514],[114.2650727,22.2755733],[114.265049,22.2756037],[114.2649993,22.2756391],[114.2648994,22.2756682],[114.2648455,22.2756636],[114.264833,22.2756585],[114.2648124,22.2756297],[114.2648123,22.2756022],[114.2648232,22.2755347],[114.2647453,22.2754796],[114.2647212,22.2754782],[114.2647062,22.2754815],[114.2646768,22.2754912],[114.2646528,22.2754996],[114.264638,22.2755053],[114.2646238,22.2755118],[114.2646081,22.2755199],[114.2645901,22.2755307],[114.2645793,22.2755385],[114.2645706,22.2755462],[114.2645641,22.2755539],[114.2645591,22.2755621],[114.2645545,22.275574],[114.2645491,22.2755902],[114.2645454,22.2756034],[114.264545,22.275605],[114.2645425,22.2756171],[114.2645406,22.2756319],[114.2645393,22.2756503],[114.2645437,22.2756747],[114.2645644,22.2757304],[114.2646151,22.2757312],[114.2646472,22.2757175],[114.2646669,22.2757215],[114.2646773,22.2757361],[114.2646724,22.2757748],[114.2646423,22.2757867],[114.2646226,22.275815],[114.2646032,22.2758869],[114.2646333,22.2759719],[114.2646447,22.2760227],[114.2646511,22.2760329],[114.2646921,22.2760349],[114.2647248,22.2760023],[114.264735,22.2760008],[114.2647549,22.2760164],[114.2647636,22.27603],[114.2647836,22.2760281],[114.2648207,22.2760161],[114.26484,22.2760165],[114.2648788,22.2759957],[114.2648935,22.2759927],[114.2649379,22.2759536],[114.264958,22.2759582],[114.2649624,22.275967],[114.2649604,22.2759792],[114.2649336,22.2760051],[114.264932,22.2760185],[114.2649485,22.2760666],[114.2649508,22.2760831],[114.2649471,22.2760928],[114.2649261,22.2761084],[114.2648729,22.2761023],[114.2648593,22.2761096],[114.2648396,22.2761377],[114.264833,22.2761526],[114.2647911,22.2761758],[114.2647821,22.2762011],[114.2647781,22.2762039],[114.2647654,22.2762029],[114.2647467,22.2761829],[114.2647366,22.2761807],[114.2647316,22.2761822],[114.2647026,22.2762034],[114.2646983,22.276226],[114.2646906,22.2762391],[114.2646714,22.2763836],[114.2646707,22.276404],[114.2646746,22.2764181],[114.2646954,22.27644],[114.264717,22.2764413],[114.2647284,22.2764374],[114.2647371,22.2764376],[114.2647428,22.2764434],[114.2647488,22.2764602],[114.2647585,22.2764642],[114.2647722,22.276462],[114.2647958,22.2764492],[114.2648036,22.2764498],[114.2648116,22.2764541],[114.2648164,22.2764727],[114.2648137,22.2765552],[114.2648037,22.2765831],[114.2647935,22.2767273],[114.2647828,22.2767843],[114.2647786,22.2768399],[114.2647517,22.2768837],[114.2647474,22.2769146],[114.2647254,22.276977],[114.2647365,22.2769798],[114.2647562,22.2769706],[114.2647698,22.2769755],[114.2647698,22.2769956],[114.2647512,22.277038],[114.2647485,22.2770557],[114.2647548,22.2770859],[114.2648241,22.2771767],[114.2648418,22.2772151],[114.2648432,22.2772343],[114.2648822,22.2772741],[114.2649194,22.2773204],[114.2649339,22.2773385],[114.2649513,22.2773855],[114.2649513,22.2773979],[114.264947,22.2774072],[114.2649396,22.277411],[114.2649052,22.2774095],[114.2648701,22.277416],[114.2648185,22.2774155],[114.2647969,22.2774188],[114.2647795,22.2774261],[114.2647601,22.277442],[114.2647411,22.2774688],[114.2647238,22.2775021],[114.2647103,22.2775314],[114.2647091,22.2775342],[114.2647041,22.2775497],[114.2646703,22.2775953],[114.2646683,22.2775997],[114.264667,22.2776051],[114.2646665,22.2776101],[114.2646673,22.2776138],[114.2646685,22.277616],[114.2646703,22.2776181],[114.2646727,22.27762],[114.2646757,22.2776218],[114.2646817,22.2776243],[114.2646956,22.2776287],[114.2647033,22.2776319],[114.2647141,22.2776378],[114.2647266,22.2776466],[114.2647329,22.2776505],[114.264741,22.277654],[114.2647495,22.2776564],[114.2647562,22.2776573],[114.264763,22.2776576],[114.2647703,22.277657],[114.2647766,22.2776558],[114.2647835,22.2776535],[114.2647908,22.27765],[114.2647971,22.2776464],[114.2648011,22.2776432],[114.2648036,22.2776397],[114.264809,22.2776283],[114.2648321,22.2775746],[114.2648521,22.2775292],[114.2648623,22.2775116],[114.2648736,22.2775025],[114.2649208,22.277489],[114.2649625,22.2774497],[114.2649869,22.2774329],[114.2649929,22.2774317],[114.2650127,22.2774432],[114.2650194,22.2774536],[114.265017,22.2774627],[114.2649953,22.2774854],[114.2649837,22.2775045],[114.2649663,22.2775499],[114.2649225,22.2775927],[114.2649112,22.2776091],[114.2648909,22.2777823],[114.2648946,22.2778455],[114.26491,22.2779236],[114.2649187,22.2779324],[114.2649564,22.2779293],[114.2649618,22.2779497],[114.2649602,22.2779616],[114.2649414,22.2779851],[114.2649355,22.2780022],[114.2649338,22.2780192],[114.2649364,22.2780382],[114.2649602,22.2780997],[114.2649696,22.2781097],[114.2650049,22.2781315],[114.2650383,22.2781462],[114.2650781,22.2781593],[114.2651014,22.278172],[114.2651086,22.2781797],[114.2651148,22.2782083],[114.2651195,22.2782163],[114.2651259,22.2782196],[114.2651406,22.2782102],[114.2651456,22.2781998],[114.2651429,22.2781864],[114.2651299,22.2781749],[114.2651179,22.2781294],[114.2651199,22.2781148],[114.2651259,22.2781031],[114.2651335,22.2781007],[114.2651884,22.2781304],[114.2652066,22.2781402],[114.2652423,22.2781454],[114.2652694,22.2781404],[114.2653165,22.2780921],[114.2653286,22.2780834],[114.2653429,22.2780843],[114.265347,22.2780916],[114.2653453,22.2781206],[114.2653186,22.2781572],[114.2652902,22.2782102],[114.2652692,22.2782317],[114.2652661,22.2782433],[114.2652661,22.278249],[114.2652732,22.2782527],[114.2653033,22.2782472],[114.2653257,22.2782508],[114.2653183,22.2782875],[114.2652943,22.2783436],[114.265278,22.2783701],[114.2652773,22.2783866],[114.2652941,22.2784088],[114.2652973,22.278429],[114.265307,22.278436],[114.2653134,22.2784345],[114.2653218,22.2784168],[114.2653435,22.2784088],[114.2653598,22.2783926],[114.2653662,22.2783963],[114.2653666,22.2784448],[114.2653917,22.2784695],[114.2654279,22.2784863],[114.2654375,22.2784866],[114.2654723,22.2784725],[114.2655749,22.2785152],[114.2655719,22.2785243],[114.2655676,22.2785277],[114.2655432,22.2785307],[114.2655261,22.2785374],[114.2654944,22.2785628],[114.2654703,22.2785738],[114.265458,22.2785842],[114.2654516,22.278593],[114.2654597,22.278617],[114.2655081,22.2786628],[114.2655159,22.2786667],[114.2655303,22.278664],[114.2655664,22.2786639],[114.2655844,22.2786725],[114.2656263,22.2787074],[114.2656636,22.2787245],[114.2656976,22.2787644],[114.2656873,22.2787828],[114.2656852,22.2787969],[114.2656843,22.2788142],[114.2656892,22.2788238],[114.2656971,22.2788275],[114.2657153,22.278823],[114.2657227,22.2788202],[114.2657349,22.2788291],[114.2658135,22.278861],[114.2658303,22.2788712],[114.2658643,22.2789083],[114.2658976,22.2789113],[114.2659328,22.2788892],[114.2659411,22.2788892],[114.2659486,22.2788968],[114.2659328,22.2789654],[114.2659086,22.2790263],[114.2659069,22.2790483],[114.2659162,22.2790651],[114.2659361,22.2790754],[114.2659421,22.2790801],[114.2659482,22.2790855],[114.2659587,22.2790963],[114.265967,22.2791069],[114.2659761,22.2791212],[114.2659832,22.2791352],[114.2659899,22.2791518],[114.2659955,22.2791694],[114.2660013,22.2791826],[114.2660084,22.2791942],[114.2660264,22.279212],[114.2660957,22.2792142],[114.2661133,22.2792195],[114.2661182,22.2792364],[114.2661035,22.2792914],[114.266113,22.2793505],[114.2662195,22.2794706],[114.2663409,22.279467],[114.2663638,22.2794168],[114.2663854,22.2793869],[114.2664107,22.2793807],[114.266428,22.2793851],[114.2664472,22.2793992],[114.2664317,22.2794213],[114.2663854,22.279445],[114.266386,22.2794563],[114.2664107,22.2794754],[114.2664293,22.2794759],[114.2664411,22.2794574],[114.2664516,22.2794557],[114.2664714,22.2794562],[114.2665269,22.2794788],[114.2665394,22.2794798],[114.266564,22.2794692],[114.2665974,22.2794708],[114.2666383,22.2794341],[114.2666704,22.2794228],[114.2666985,22.2794358],[114.2667418,22.2794426],[114.2667559,22.2794544],[114.2667864,22.2795017],[114.2668147,22.2795643],[114.2668376,22.2796373],[114.2669086,22.2796883],[114.2669552,22.2796868],[114.2670418,22.2798111],[114.2670721,22.2798749],[114.2671425,22.2801283],[114.2672528,22.2803386],[114.2673856,22.280689],[114.267386,22.280718],[114.2673658,22.2807687],[114.2673691,22.2807979],[114.2674006,22.2808452],[114.2673946,22.2808745],[114.2673759,22.2809033],[114.2673563,22.2809619],[114.2673537,22.2810082],[114.2673597,22.2810405],[114.2673464,22.2811763],[114.267347,22.2811916],[114.2673786,22.2812701],[114.2673824,22.2813143],[114.2673972,22.2813597],[114.2673976,22.2814122],[114.2674174,22.2814523],[114.2674693,22.2815018],[114.2675625,22.2815499],[114.2675878,22.2815555],[114.2675946,22.2815668],[114.2675913,22.2816241],[114.2676237,22.2817187],[114.2676114,22.2817304],[114.2675847,22.281744],[114.2675727,22.2817464],[114.2675347,22.2817541],[114.2673529,22.2818578],[114.2673288,22.2818715],[114.2673205,22.2818763],[114.2673037,22.2818858],[114.2672981,22.2818891],[114.2668644,22.282137],[114.2664991,22.2823419],[114.2663479,22.2824429],[114.2663357,22.2824698],[114.2667901,22.2831873],[114.2667108,22.2832335],[114.2666388,22.2832753],[114.2670036,22.283854],[114.2671533,22.2837673],[114.2671693,22.2837949],[114.2673105,22.2840387],[114.2673252,22.2840616],[114.2673423,22.2840884],[114.2673794,22.2841417],[114.2675592,22.2844002],[114.2674216,22.2844764],[114.2677354,22.2849692],[114.2678763,22.2848912],[114.2679592,22.285023],[114.2682498,22.2854853],[114.2684139,22.2857481],[114.2693674,22.2872751],[114.2696623,22.2877406],[114.269832,22.2880088],[114.26998,22.2882336],[114.2700981,22.2884133],[114.269996,22.2884685],[114.2699938,22.2884788],[114.2700893,22.2886235],[114.2701944,22.288568],[114.2702362,22.2886367],[114.2702479,22.2886562],[114.2703713,22.2888597],[114.2703942,22.2888942],[114.2707914,22.2894935],[114.2708829,22.2896257],[114.2709327,22.2897232],[114.2709636,22.2897836],[114.2709605,22.2904456],[114.2709585,22.2908885],[114.2709473,22.2910687],[114.2709662,22.2911206],[114.2710274,22.2911547],[114.2710276,22.2912532],[114.2710295,22.2918849],[114.2705954,22.2918856],[114.2705097,22.2918858],[114.2698824,22.2918871],[114.2683014,22.2918872],[114.2675182,22.2918841],[114.2667102,22.291888],[114.2667102,22.2919165],[114.2667103,22.2922005],[114.2667105,22.2924975],[114.266712,22.2946845],[114.2667125,22.2949463],[114.2667133,22.2954776],[114.2667134,22.2955411],[114.2666525,22.2955724],[114.2666328,22.2956351],[114.2666053,22.2958556],[114.266568,22.2958987],[114.2661689,22.2960388],[114.2660952,22.29606],[114.2658966,22.2961307],[114.2657737,22.2961704],[114.2656622,22.2962167],[114.2655931,22.2962499],[114.2655462,22.2962665],[114.2654581,22.2963087],[114.2652794,22.2964067],[114.2651112,22.2965078],[114.264887,22.2966757],[114.2647033,22.2968394],[114.2645828,22.2969592],[114.2644793,22.2970498],[114.2643709,22.2971788],[114.2643346,22.2972323],[114.2642945,22.2973008],[114.2642806,22.2973316],[114.2642549,22.2974066],[114.2642471,22.2974648],[114.2641555,22.2976809],[114.2640537,22.2976549],[114.2640143,22.2977873],[114.264036,22.2977924],[114.2640086,22.2978785],[114.2639885,22.2978736],[114.2639234,22.2980924],[114.2640215,22.2981167],[114.2640221,22.298147],[114.2640231,22.2982031],[114.2640222,22.2982137],[114.2639985,22.2982717],[114.2639239,22.2987427],[114.2639122,22.2988706],[114.2638927,22.2989621],[114.263886,22.2990596],[114.2638721,22.2991285],[114.2638552,22.29928],[114.2638419,22.2993711],[114.2638387,22.2994056],[114.263806,22.29959],[114.2637972,22.2996802],[114.2637897,22.2998401],[114.2637934,22.2999374],[114.2637966,22.2999756],[114.2638138,22.3001037],[114.2638167,22.3001251],[114.2638234,22.300156],[114.2638475,22.3002419],[114.2638488,22.3002511],[114.2638618,22.3002924],[114.2638717,22.3003332],[114.263884,22.3003661],[114.2639418,22.3005202],[114.2640318,22.3006882],[114.2640669,22.3007723],[114.2641315,22.3008805],[114.264164,22.3009349],[114.2642262,22.3010389],[114.2642914,22.3011688],[114.2643974,22.3013393],[114.2644746,22.3014795],[114.2645238,22.3015693],[114.2645844,22.3016582],[114.2646193,22.3017368],[114.2646397,22.3017829],[114.2647463,22.3019628],[114.2648126,22.3021001],[114.2649335,22.3023221],[114.2649785,22.3023911],[114.2649874,22.3024095],[114.2650142,22.3024653],[114.2650402,22.3025117],[114.2650725,22.3025621],[114.2650788,22.3025669],[114.2651003,22.3025734],[114.265123,22.3025761],[114.2651387,22.3025678],[114.2651576,22.3026017],[114.265613,22.303421],[114.2657626,22.3036901],[114.2657533,22.3037401],[114.2659031,22.3040033],[114.2659628,22.304091],[114.2659951,22.3041721],[114.2660429,22.3042734],[114.2661399,22.3044617],[114.2660711,22.3044954],[114.2660025,22.3045292],[114.2660248,22.3045686],[114.2660843,22.3046737],[114.2661066,22.304713],[114.2661655,22.304684],[114.2662363,22.3046492],[114.2662971,22.3047673],[114.266353,22.3048426],[114.2665632,22.3052293],[114.2666259,22.3053198],[114.2666822,22.3053973],[114.2667589,22.3055559],[114.2668513,22.3057025],[114.2668472,22.3057336],[114.266801,22.3057531],[114.2667214,22.3057649],[114.2665496,22.3058001],[114.266386,22.3058236],[114.2662519,22.305851],[114.266143,22.3058823],[114.2660969,22.3059056],[114.2660341,22.3059604],[114.2660131,22.3060032],[114.265988,22.3060305],[114.2659545,22.306093],[114.2659378,22.3061437],[114.265942,22.30621],[114.2659588,22.3063153],[114.2659861,22.3063955],[114.2660596,22.3066117],[114.266068,22.3066663],[114.2661027,22.3067211],[114.2661643,22.3070111],[114.2661606,22.3071239],[114.2661514,22.3071809],[114.2661321,22.3072411],[114.2661072,22.3073028],[114.2660746,22.3073622],[114.2660319,22.3073976],[114.2658886,22.3075735],[114.2658016,22.3077094],[114.2657769,22.3077771],[114.2657572,22.3078751],[114.2657581,22.3079141],[114.2658031,22.3079572],[114.2658322,22.3079815],[114.2658276,22.3079924],[114.265825,22.3080187],[114.265821,22.3080409],[114.2658155,22.3080591],[114.2658086,22.3080733],[114.2658002,22.3080835],[114.2657769,22.3081027],[114.2657709,22.3081066],[114.2657659,22.3081094],[114.265756,22.3081132],[114.2657323,22.3081188],[114.2657265,22.3081209],[114.265716,22.3081274],[114.2657068,22.3081361],[114.2656972,22.3081425],[114.265692,22.3081445],[114.2656577,22.3081526],[114.2656524,22.3081553],[114.2656487,22.3081597],[114.2656468,22.3081658],[114.2656464,22.3081736],[114.2656478,22.3081831],[114.2656387,22.308188],[114.2656134,22.3081859],[114.2655951,22.3081979],[114.2655886,22.3082031],[114.265577,22.3082148],[114.2655719,22.3082171],[114.2655702,22.3082165],[114.2655693,22.3082145],[114.2655692,22.3082112],[114.2655712,22.3082009],[114.2655705,22.3081959],[114.2655677,22.3081917],[114.2655628,22.3081883],[114.265556,22.3081857],[114.2655491,22.3081842],[114.2655422,22.3081838],[114.2655355,22.3081845],[114.2655289,22.3081862],[114.2655226,22.3081889],[114.2655109,22.3081969],[114.2654962,22.3082126],[114.265489,22.3082219],[114.2654867,22.3082259],[114.2654861,22.308229],[114.2654869,22.3082314],[114.2654893,22.3082329],[114.265518,22.3082402],[114.2655215,22.3082434],[114.2655217,22.3082476],[114.2655184,22.3082531],[114.265513,22.3082596],[114.2655092,22.3082669],[114.2655074,22.3082749],[114.2655075,22.3082836],[114.2655088,22.3082926],[114.2655079,22.3082994],[114.2655044,22.3083037],[114.2654982,22.3083055],[114.2654897,22.3083049],[114.2654819,22.3083034],[114.2654753,22.3083012],[114.2654701,22.3082983],[114.2654527,22.3082821],[114.265436,22.3082683],[114.2654197,22.308257],[114.2654076,22.3082509],[114.2653942,22.308246],[114.2653876,22.3082448],[114.2653813,22.3082444],[114.2653751,22.308245],[114.2653694,22.3082468],[114.2653647,22.3082504],[114.2653612,22.308256],[114.2653588,22.3082635],[114.265356,22.3082887],[114.2653561,22.3083086],[114.2653547,22.308314],[114.2653524,22.3083187],[114.2653491,22.3083227],[114.2653457,22.3083254],[114.2653422,22.3083265],[114.2653388,22.3083261],[114.2653353,22.3083242],[114.2653328,22.3083216],[114.2653316,22.3083187],[114.2653317,22.3083155],[114.2653345,22.3083085],[114.2653349,22.3083052],[114.2653344,22.3083021],[114.265333,22.3082992],[114.2653308,22.3082971],[114.2653279,22.3082966],[114.2653244,22.3082977],[114.2653203,22.3083004],[114.2653116,22.3083097],[114.2653078,22.3083158],[114.2653007,22.3083306],[114.2652968,22.3083372],[114.2652925,22.3083427],[114.2652769,22.308355],[114.2652714,22.3083604],[114.2652543,22.3083803],[114.2652479,22.3083856],[114.2652411,22.3083899],[114.2652272,22.3083966],[114.2652213,22.3084005],[114.2652118,22.3084101],[114.2652089,22.3084153],[114.2652079,22.3084206],[114.2652086,22.308426],[114.2652165,22.308442],[114.2652195,22.3084559],[114.2652216,22.3084586],[114.2652249,22.30846],[114.2652397,22.3084592],[114.2652439,22.3084599],[114.2652476,22.3084613],[114.2652508,22.3084636],[114.2652534,22.3084667],[114.2652555,22.3084709],[114.265258,22.3084819],[114.2652584,22.3084982],[114.2652576,22.308503],[114.2652556,22.3085071],[114.2652522,22.3085105],[114.2652474,22.3085131],[114.2652276,22.3085197],[114.2651919,22.3085359],[114.2651774,22.3085407],[114.2651711,22.3085415],[114.2651654,22.3085409],[114.2651605,22.3085392],[114.2651562,22.3085361],[114.2651523,22.3085318],[114.2651488,22.3085261],[114.2651428,22.3085118],[114.2651393,22.3085061],[114.2651351,22.3085022],[114.2651304,22.3085001],[114.2651204,22.3084983],[114.2651157,22.3084964],[114.2651071,22.3084904],[114.2651023,22.308488],[114.2650966,22.3084868],[114.2650901,22.3084866],[114.2650829,22.3084877],[114.2650758,22.3084898],[114.2650693,22.3084932],[114.2650634,22.3084978],[114.265058,22.3085036],[114.2650544,22.3085098],[114.2650533,22.3085158],[114.2650547,22.3085218],[114.2650586,22.3085277],[114.265064,22.3085327],[114.2650701,22.3085362],[114.265077,22.3085383],[114.2650922,22.3085389],[114.2650988,22.3085401],[114.2651044,22.3085425],[114.2651091,22.3085459],[114.2651127,22.3085501],[114.265115,22.3085547],[114.265116,22.3085596],[114.2651149,22.30857],[114.2651156,22.3085738],[114.265118,22.3085763],[114.2651222,22.3085773],[114.2651328,22.308578],[114.2651368,22.3085798],[114.2651399,22.3085828],[114.265142,22.3085868],[114.2651431,22.3085919],[114.2651422,22.3086059],[114.2651348,22.3086313],[114.2651283,22.3086458],[114.2651228,22.3086519],[114.2651141,22.3086571],[114.2651023,22.3086613],[114.2650805,22.3086668],[114.2650646,22.3086718],[114.265049,22.3086777],[114.2650344,22.3086842],[114.2650179,22.3086938],[114.2649975,22.3087079],[114.2649783,22.3087237],[114.2649718,22.3087309],[114.2649673,22.3087375],[114.2649649,22.3087437],[114.2649642,22.3087496],[114.2649653,22.3087552],[114.2649681,22.3087606],[114.2649873,22.3087825],[114.2649961,22.3087953],[114.265003,22.3088069],[114.2650076,22.3088166],[114.2650117,22.3088302],[114.2650124,22.3088394],[114.2650107,22.3088442],[114.2650076,22.3088494],[114.2650028,22.3088548],[114.26499,22.3088656],[114.2649753,22.3088748],[114.2649253,22.3088979],[114.2649175,22.3089024],[114.2649038,22.308913],[114.264893,22.308925],[114.2648863,22.3089364],[114.2648759,22.30897],[114.264874,22.3089815],[114.2648754,22.308999],[114.2648738,22.3090067],[114.2648706,22.3090156],[114.2648657,22.3090258],[114.2648594,22.3090362],[114.2648525,22.3090448],[114.2648449,22.3090514],[114.2648366,22.309056],[114.2648276,22.3090587],[114.2648168,22.3090601],[114.264804,22.3090604],[114.2647892,22.3090597],[114.2647724,22.3090578],[114.2647013,22.3090239],[114.2646785,22.3090065],[114.2646634,22.3090168],[114.2645802,22.3088989],[114.264604,22.3088852],[114.2644334,22.3086238],[114.2644484,22.3084759],[114.2644399,22.3083275],[114.264409,22.3082367],[114.2643435,22.3080986],[114.2643467,22.308059],[114.2643579,22.3080198],[114.2645176,22.3076279],[114.2647414,22.3070933],[114.2647752,22.3070126],[114.2648532,22.3070412],[114.2648729,22.3069951],[114.2648561,22.3069898],[114.2648632,22.306972],[114.2648018,22.3069497],[114.2648885,22.3067453],[114.2652307,22.3059385],[114.2652538,22.3058529],[114.2653013,22.3057574],[114.265349,22.3055777],[114.2653645,22.3053997],[114.265358,22.3053332],[114.2653635,22.3052836],[114.2653465,22.3051627],[114.2653215,22.3050981],[114.265464,22.3050283],[114.2654417,22.3049889],[114.2653822,22.3048839],[114.2653599,22.3048445],[114.2652414,22.3049027],[114.2652226,22.3048567],[114.2651309,22.3046873],[114.2650109,22.3044832],[114.2649807,22.3044236],[114.2648799,22.3042474],[114.264834,22.3041782],[114.2647481,22.3040231],[114.2646982,22.3039403],[114.2646541,22.303859],[114.2646066,22.3037677],[114.2645306,22.3036216],[114.2644011,22.3033906],[114.2643319,22.3032423],[114.2642821,22.3031716],[114.2642772,22.3031627],[114.2642347,22.3030792],[114.2642102,22.3030353],[114.2641995,22.3030164],[114.2641711,22.302972],[114.2640923,22.3028324],[114.2640542,22.3027556],[114.2640239,22.3026999],[114.2639871,22.3026424],[114.2639633,22.3025908],[114.2639168,22.3025151],[114.2637952,22.3022776],[114.2637061,22.3021309],[114.2636538,22.3020292],[114.2636035,22.301948],[114.2635397,22.3018291],[114.2634313,22.3016913],[114.2632211,22.3015212],[114.2632298,22.3015127],[114.2632408,22.3014974],[114.2632443,22.3014803],[114.2632423,22.3014706],[114.263236,22.3014583],[114.26323,22.3014461],[114.2632143,22.3014144],[114.2631993,22.3013927],[114.2631843,22.301376],[114.2631687,22.3013655],[114.2631445,22.3013585],[114.2631209,22.30136],[114.263099,22.3013696],[114.2630273,22.3014154],[114.2629599,22.3013852],[114.2628892,22.3013637],[114.2628366,22.301351],[114.2627555,22.301334],[114.2622825,22.3013338],[114.2615484,22.3013337],[114.261358,22.3013335],[114.2613574,22.3012062],[114.260964,22.3012043],[114.2609638,22.3013277],[114.2607742,22.3013342],[114.2607376,22.3013354],[114.2604373,22.3013488],[114.2604444,22.3014022],[114.2604441,22.301456],[114.2604365,22.3015093],[114.2604217,22.3015613],[114.2603998,22.3016111],[114.2603713,22.301658],[114.2603367,22.301701],[114.2602964,22.3017397],[114.2602512,22.3017732],[114.2602017,22.3018011],[114.2601489,22.3018229],[114.2600935,22.3018383],[114.2600364,22.301847],[114.2599786,22.3018488],[114.259921,22.3018438],[114.2598675,22.3018236],[114.2598168,22.3017979],[114.2597696,22.3017668],[114.2597265,22.301731],[114.2596882,22.3016907],[114.2596551,22.3016467],[114.2596276,22.3015994],[114.2596061,22.3015495],[114.259591,22.3014976],[114.2595823,22.3014444],[114.2595803,22.3013907],[114.2595848,22.3013371],[114.2595139,22.301336],[114.2591009,22.3013294],[114.2573313,22.3013194],[114.2573167,22.3013193],[114.2572256,22.301319],[114.2569797,22.3011078],[114.2568207,22.3009714],[114.2568076,22.3009695],[114.2567996,22.3009686],[114.2567895,22.3009689],[114.2567603,22.3009806],[114.2566808,22.3009096],[114.2561948,22.3009089],[114.2560899,22.3008402],[114.2560559,22.3007156],[114.2560548,22.2999838],[114.2560544,22.2997989],[114.256139,22.2997953],[114.2561493,22.2997599],[114.2561151,22.2992137],[114.2561269,22.2984142],[114.2561597,22.2982908],[114.2561083,22.2981389],[114.2561102,22.2978904],[114.256139,22.2976072],[114.2562301,22.2972729],[114.2561739,22.2971711],[114.256132,22.2971527],[114.2561078,22.2971421],[114.2560398,22.2971125],[114.2558653,22.2970807],[114.2557886,22.2970708],[114.2557212,22.2970621],[114.255638,22.2970536],[114.2555667,22.2970479],[114.2554991,22.2970442],[114.2554755,22.2970441],[114.2552999,22.2970669],[114.2552523,22.2970886],[114.2552395,22.2970973],[114.2552319,22.2971027],[114.2552164,22.297118],[114.255205,22.2971341],[114.2551869,22.2971662],[114.2551744,22.297198],[114.2551669,22.2972319],[114.2551636,22.29727],[114.2551672,22.2973169],[114.2551747,22.29735],[114.2552361,22.2975474],[114.2552535,22.2976035],[114.2552806,22.2977071],[114.2553011,22.2978157],[114.2553206,22.2979487],[114.2553335,22.2981159],[114.2553336,22.2983238],[114.2553287,22.2986512],[114.255334,22.2989044],[114.2553341,22.2990161],[114.2553342,22.299253],[114.255016,22.2991575],[114.254736,22.2990734],[114.254694,22.2990356],[114.254706,22.2990256],[114.2547086,22.2990048],[114.2546929,22.2989565],[114.2547456,22.2989215],[114.2547531,22.2988985],[114.2547482,22.2988704],[114.2547255,22.298845],[114.2546941,22.2988322],[114.2546469,22.298827],[114.2546458,22.2988101],[114.2546639,22.2987834],[114.2546702,22.298747],[114.2546658,22.2987184],[114.2546516,22.2986809],[114.2546363,22.2986601],[114.2546281,22.2985308],[114.2546509,22.2985495],[114.2547002,22.2985649],[114.2547557,22.2985958],[114.2547955,22.2985988],[114.2548135,22.2985853],[114.2548039,22.2985329],[114.2548201,22.2985187],[114.254837,22.2983969],[114.2548421,22.2983449],[114.2548393,22.2982968],[114.2548388,22.2982507],[114.254836,22.2982067],[114.2548136,22.2981852],[114.2548026,22.2981747],[114.2547627,22.2980842],[114.2547394,22.2980591],[114.2547409,22.2979223],[114.2547236,22.2978765],[114.2546925,22.2978532],[114.254683,22.2977396],[114.2546956,22.2976925],[114.2546947,22.2976445],[114.2546634,22.2975635],[114.2546536,22.2975135],[114.254646,22.2974778],[114.2545943,22.2974403],[114.2545677,22.2973234],[114.2544839,22.2972496],[114.2544111,22.2971144],[114.2543449,22.2971103],[114.2542765,22.2970673],[114.2542588,22.2970732],[114.2542469,22.2971284],[114.2542467,22.2971303],[114.2542443,22.2971598],[114.2542362,22.2971847],[114.2542103,22.2972129],[114.2541776,22.2972317],[114.2541666,22.2972278],[114.2541392,22.2972038],[114.2541295,22.2972007],[114.254108,22.2972054],[114.2540986,22.2972129],[114.254081,22.2972378],[114.2540759,22.2972478],[114.2540563,22.2972995],[114.2540512,22.2973128],[114.2540469,22.2973401],[114.2540421,22.2973488],[114.2540126,22.2973716],[114.2539996,22.2973952],[114.2540002,22.2974076],[114.253987,22.2974176],[114.2539658,22.2974234],[114.2539523,22.2974241],[114.253937,22.2974223],[114.2538942,22.2974093],[114.2538746,22.2973986],[114.2538408,22.29737],[114.2538276,22.2973609],[114.2538136,22.2973554],[114.2538006,22.2973559],[114.2537767,22.2973666],[114.2537622,22.2973677],[114.2537467,22.2973655],[114.2537336,22.2973605],[114.2537244,22.2973534],[114.2537149,22.297333],[114.2537095,22.2973296],[114.2537018,22.2973285],[114.2536706,22.2973328],[114.2536555,22.2973324],[114.2536437,22.2973274],[114.2536321,22.2973186],[114.2535956,22.2972758],[114.2535787,22.2972612],[114.2535663,22.2972551],[114.2535308,22.297242],[114.253522,22.2972367],[114.2535157,22.2972306],[114.2535066,22.2972147],[114.2535014,22.2971958],[114.2535062,22.2971843],[114.2535712,22.2971074],[114.2536271,22.2970516],[114.2536574,22.2970213],[114.2536696,22.2969823],[114.2536924,22.2969095],[114.2536811,22.2968199],[114.2536145,22.2967895],[114.253526,22.296756],[114.2534411,22.2966562],[114.2533605,22.2965525],[114.2533389,22.2965248],[114.2533674,22.2965016],[114.2533052,22.2964286],[114.2533022,22.2964311],[114.25328,22.2964494],[114.2532646,22.296457],[114.2532529,22.2964596],[114.2532509,22.2964574],[114.2532518,22.2964516],[114.253267,22.2964124],[114.2532671,22.2964065],[114.2532644,22.296404],[114.2532526,22.2964044],[114.2532419,22.2964079],[114.2532376,22.2964121],[114.2532273,22.2964294],[114.2532207,22.2964316],[114.2532129,22.2964283],[114.2532037,22.2964187],[114.253174,22.2963875],[114.2531635,22.2963803],[114.2531537,22.2963776],[114.2531324,22.2963788],[114.2530867,22.296349],[114.2530798,22.2963492],[114.2530721,22.2963523],[114.2530407,22.296374],[114.2530342,22.2963761],[114.2530282,22.2963761],[114.2530045,22.2963658],[114.2529919,22.2963672],[114.2529602,22.2963845],[114.2529525,22.2963869],[114.2529457,22.296387],[114.2529275,22.2963791],[114.2529216,22.2963786],[114.2529177,22.2963818],[114.2529081,22.2963975],[114.2528987,22.2964018],[114.2528875,22.2964029],[114.2528746,22.2964008],[114.252859,22.296395],[114.252834,22.2963694],[114.2528085,22.2963411],[114.2527665,22.296253],[114.2526699,22.2961564],[114.25265,22.2961394],[114.2526424,22.296128],[114.2526405,22.2961158],[114.2526406,22.2961073],[114.2526408,22.2960945],[114.2526372,22.2960743],[114.252634,22.2960647],[114.2526235,22.2960495],[114.2525956,22.2960312],[114.2525261,22.295997],[114.2525126,22.2959826],[114.2524978,22.2959563],[114.2524893,22.2959473],[114.2524681,22.2959294],[114.2524402,22.2959119],[114.2524228,22.2958971],[114.2524163,22.2958884],[114.2523941,22.2958483],[114.2523821,22.2958384],[114.2523556,22.2958246],[114.2523428,22.2958222],[114.2523298,22.2958231],[114.2523185,22.2958267],[114.2523035,22.2958363],[114.252294,22.2958396],[114.2522911,22.2958495],[114.2522889,22.2958509],[114.252277,22.2958501],[114.2522697,22.2958522],[114.252263,22.2958566],[114.252256,22.2958639],[114.2522517,22.295873],[114.2522495,22.2958847],[114.2522504,22.2958948],[114.2522549,22.2959058],[114.2522627,22.295919],[114.2522513,22.2959357],[114.2522442,22.2959394],[114.2522341,22.2959407],[114.2521996,22.2959367],[114.2521741,22.2959324],[114.2521596,22.2959257],[114.2521477,22.2959076],[114.2521431,22.2959032],[114.2521191,22.2958971],[114.2521132,22.2958932],[114.2521079,22.2958872],[114.2520934,22.2958606],[114.2520862,22.2958513],[114.252073,22.2958415],[114.2520335,22.2958225],[114.2520176,22.2958113],[114.2520006,22.2957882],[114.2519929,22.2957813],[114.251983,22.2957781],[114.2519534,22.2957778],[114.2519418,22.2957746],[114.2519346,22.2957678],[114.2519217,22.2957452],[114.2519141,22.295737],[114.2519065,22.2957335],[114.2518858,22.2957282],[114.2518785,22.2957231],[114.2518738,22.2956977],[114.2518668,22.2956934],[114.2518407,22.2956904],[114.2518321,22.2956862],[114.2518292,22.2956799],[114.2518273,22.2956629],[114.2518251,22.295656],[114.2518064,22.2956349],[114.2517971,22.2956073],[114.2517911,22.2955993],[114.2517826,22.2955915],[114.2517552,22.295574],[114.2517229,22.2955561],[114.2517007,22.2955471],[114.2516832,22.2955445],[114.2516761,22.2955461],[114.2516704,22.2955492],[114.2516594,22.2955671],[114.2516545,22.2955718],[114.2516415,22.2955762],[114.2516388,22.2955875],[114.251636,22.2955895],[114.2516312,22.2955894],[114.2516093,22.2955816],[114.2516314,22.2955651],[114.2516437,22.2955522],[114.25165,22.2955434],[114.2516568,22.295532],[114.2516688,22.2955046],[114.2516743,22.2955038],[114.2516782,22.2955015],[114.2516796,22.2954855],[114.2516919,22.2954817],[114.2516963,22.2954616],[114.2517052,22.2954579],[114.2517072,22.2954441],[114.2517116,22.2954428],[114.251713,22.2954185],[114.2517116,22.2954121],[114.2517056,22.2954107],[114.2517046,22.2953918],[114.2516897,22.295391],[114.2516917,22.2953832],[114.2516952,22.2953818],[114.2516961,22.2953662],[114.2516931,22.2953598],[114.2516922,22.2953529],[114.2516862,22.2953502],[114.2516867,22.2953359],[114.2516837,22.2953203],[114.2516876,22.2953199],[114.251687,22.2953066],[114.2516906,22.2952978],[114.2516906,22.2952814],[114.2516875,22.2952772],[114.2516859,22.295264],[114.2516875,22.2952603],[114.251693,22.2952598],[114.2516949,22.295246],[114.2516949,22.2952304],[114.2516978,22.2952285],[114.2516988,22.2952245],[114.2516997,22.2952071],[114.2517017,22.2952025],[114.2517071,22.295201],[114.2517071,22.2951864],[114.251709,22.2951762],[114.2517139,22.2951754],[114.2517139,22.2951419],[114.2517238,22.2951386],[114.2517238,22.2951248],[114.2517273,22.2951244],[114.2517306,22.2950991],[114.2517311,22.2950781],[114.251729,22.2950666],[114.2517232,22.2950648],[114.2517216,22.2950524],[114.2517093,22.2950419],[114.2517067,22.2950341],[114.2516968,22.2950277],[114.251696,22.2950255],[114.2516919,22.2950149],[114.2516854,22.2950139],[114.2516845,22.2950162],[114.2516805,22.2950162],[114.2516766,22.2950121],[114.2516697,22.2950112],[114.2516667,22.295014],[114.2516542,22.2950147],[114.2516428,22.2950002],[114.2516226,22.2949746],[114.2516053,22.294959],[114.2515924,22.2949403],[114.2515928,22.2949371],[114.251621,22.294914],[114.2516219,22.2949008],[114.2516015,22.2948467],[114.2515906,22.2947798],[114.2515826,22.294761],[114.2515682,22.2947435],[114.2515487,22.2947065],[114.2515002,22.2946409],[114.2514635,22.2946157],[114.2514353,22.294592],[114.2514097,22.2945778],[114.2513908,22.2945581],[114.2513616,22.2945436],[114.2513314,22.2945372],[114.251318,22.2945307],[114.2513057,22.2945143],[114.2513062,22.2945106],[114.2512982,22.2944978],[114.2512834,22.2944859],[114.2512705,22.2944506],[114.2512407,22.2944244],[114.2511943,22.2944131],[114.2511793,22.2943966],[114.2511195,22.2943568],[114.2511135,22.2943555],[114.2510779,22.2943611],[114.25107,22.2943643],[114.2510508,22.2943822],[114.2510182,22.2943749],[114.2510038,22.2943814],[114.250997,22.2943933],[114.2509885,22.2943965],[114.2509797,22.2944043],[114.2509549,22.294403],[114.2509416,22.2944072],[114.2509376,22.2944191],[114.2509406,22.2944279],[114.2509229,22.2944618],[114.2509239,22.2944733],[114.2509318,22.2944861],[114.2509245,22.2944938],[114.2509043,22.2945004],[114.2508846,22.2945119],[114.2508524,22.2945138],[114.2508375,22.2945234],[114.2508193,22.294528],[114.2508119,22.2945345],[114.2508109,22.2945409],[114.2508158,22.294557],[114.2508292,22.2945574],[114.2508214,22.2945689],[114.250769,22.2945836],[114.250727,22.2945875],[114.2507205,22.294586],[114.250723,22.2945805],[114.2507477,22.2945668],[114.2507541,22.2945589],[114.2507531,22.2945543],[114.2507492,22.2945498],[114.2507174,22.2945352],[114.2506931,22.2945109],[114.2506794,22.2945073],[114.2506695,22.2945009],[114.2506575,22.2944783],[114.2506575,22.2944724],[114.2506902,22.2944503],[114.2507019,22.2944471],[114.2507019,22.2944434],[114.2507202,22.2944355],[114.2507192,22.2944328],[114.2507325,22.2944269],[114.250733,22.2944223],[114.2507375,22.2944218],[114.2507463,22.294413],[114.2507577,22.294408],[114.2507528,22.2943947],[114.2507468,22.2943938],[114.2507404,22.2943856],[114.250721,22.2943801],[114.2506953,22.2943631],[114.2506903,22.2943633],[114.2506736,22.2943472],[114.2506656,22.2943476],[114.2506557,22.2943399],[114.2506498,22.2943407],[114.2506334,22.2943183],[114.2506369,22.294312],[114.2506344,22.2943046],[114.2506374,22.2942991],[114.2506328,22.2942876],[114.2506358,22.2942857],[114.2506219,22.2942524],[114.2506249,22.2942463],[114.2506125,22.2942239],[114.2506149,22.294222],[114.2506179,22.2942253],[114.2506229,22.2942215],[114.2506243,22.2942125],[114.2506199,22.2942042],[114.2506213,22.2942005],[114.2506084,22.2941799],[114.2506,22.2941799],[114.2505836,22.2941583],[114.2505742,22.2941606],[114.2505654,22.2941483],[114.2505692,22.2941433],[114.2505509,22.2941066],[114.2505509,22.2940846],[114.2505557,22.2940753],[114.2505523,22.2940712],[114.2505626,22.294046],[114.2505602,22.2940373],[114.2505626,22.2940235],[114.2505695,22.2940111],[114.2505695,22.2940074],[114.2505629,22.2940038],[114.2505645,22.2939946],[114.2505511,22.2939856],[114.250555,22.2939731],[114.2505516,22.2939635],[114.2505762,22.2939318],[114.2505826,22.2939286],[114.2505999,22.293929],[114.2506222,22.2939396],[114.2506345,22.2939432],[114.250641,22.2939418],[114.2506868,22.293904],[114.2506926,22.2938952],[114.250698,22.2938848],[114.2507068,22.29386],[114.2507121,22.2938357],[114.2507153,22.2938063],[114.2507053,22.2937691],[114.2506542,22.2936702],[114.2506493,22.2936651],[114.250621,22.293662],[114.2506126,22.293666],[114.2505969,22.2936822],[114.2505851,22.2937052],[114.2505806,22.293707],[114.2505697,22.2937025],[114.2505567,22.2936686],[114.2505502,22.2935837],[114.2505472,22.2935622],[114.2505432,22.2935547],[114.2505126,22.2935375],[114.2505056,22.2935383],[114.2504824,22.2935513],[114.2504602,22.2935742],[114.2504558,22.2935765],[114.2504429,22.2935757],[114.250435,22.2935655],[114.2504319,22.2935505],[114.2504344,22.2935274],[114.2504413,22.2935069],[114.2504388,22.293493],[114.2504334,22.2934862],[114.2504219,22.2934775],[114.2504016,22.2934547],[114.2503857,22.2934528],[114.250369,22.2934648],[114.2503611,22.2934615],[114.2503348,22.2934412],[114.2503274,22.2934355],[114.2503215,22.2934278],[114.2503144,22.2934007],[114.250307,22.2933924],[114.250267,22.2933636],[114.2502357,22.2933293],[114.2501689,22.2932748],[114.2501432,22.2932675],[114.2501252,22.2932139],[114.2500999,22.2931874],[114.250082,22.2931618],[114.2500677,22.2931415],[114.2500543,22.2931283],[114.2500425,22.293121],[114.2499801,22.2930743],[114.2499667,22.293042],[114.2499452,22.2930128],[114.2499301,22.2929959],[114.2498902,22.2929647],[114.2498631,22.2929255],[114.2498627,22.2928967],[114.2498608,22.2928889],[114.2498505,22.2928664],[114.2498354,22.2928407],[114.2498285,22.2928315],[114.2498215,22.2928242],[114.2497968,22.292823],[114.2497932,22.2928189],[114.2497891,22.2928107],[114.2497832,22.2927666],[114.2497727,22.292753],[114.2497627,22.2927481],[114.2497424,22.2927455],[114.2497035,22.2927542],[114.2496807,22.2927543],[114.2496604,22.2927468],[114.24963,22.2927228],[114.2495974,22.2926891],[114.2495803,22.2926586],[114.2495704,22.2926554],[114.2495298,22.2926527],[114.2495169,22.2926487],[114.2495139,22.2926441],[114.2495147,22.2926353],[114.2495196,22.2926274],[114.2495196,22.292622],[114.249501,22.2925974],[114.2494797,22.2925894],[114.2494476,22.2925892],[114.2494274,22.2925614],[114.2494051,22.2925529],[114.2493971,22.2925443],[114.249386,22.2925419],[114.2493689,22.2925382],[114.2493648,22.292535],[114.2493623,22.29253],[114.2493637,22.2925199],[114.2493597,22.2925167],[114.2493271,22.2925161],[114.2493083,22.2925135],[114.2493003,22.292509],[114.2492992,22.2925004],[114.2493026,22.2924907],[114.2492979,22.2924811],[114.2492554,22.2924741],[114.2492153,22.2924653],[114.2491795,22.2924955],[114.2491213,22.2925567],[114.2491038,22.2925844],[114.2490989,22.2925853],[114.2489752,22.2925881],[114.2489459,22.2925708],[114.2489127,22.292572],[114.2488699,22.2925794],[114.2488648,22.2925754],[114.2488597,22.2925474],[114.2488537,22.2925438],[114.2488454,22.2925425],[114.248783,22.2925446],[114.2487489,22.2925444],[114.2487385,22.292538],[114.2487306,22.2925294],[114.2487276,22.2925207],[114.248728,22.2925032],[114.2487239,22.2924936],[114.248712,22.29249],[114.24871,22.2924863],[114.2487173,22.2924762],[114.2487257,22.2924711],[114.2487334,22.2924394],[114.248737,22.2924383],[114.2487402,22.2924279],[114.2487452,22.2924259],[114.248752,22.2924145],[114.2487575,22.2924083],[114.2487623,22.2923977],[114.2487663,22.2923904],[114.248772,22.2923818],[114.2487751,22.29237],[114.2487746,22.2923594],[114.2487654,22.2923541],[114.2487522,22.2923549],[114.2487465,22.2923529],[114.2487417,22.292341],[114.2487338,22.2923386],[114.2487255,22.2923378],[114.2487224,22.2923349],[114.2487242,22.2923308],[114.2487347,22.2923272],[114.24874,22.2923223],[114.2487426,22.2923161],[114.2487431,22.2923063],[114.2487421,22.292299],[114.2487395,22.2922917],[114.2487329,22.2922876],[114.2487285,22.2922855],[114.2487329,22.2922815],[114.2487452,22.292277],[114.2487574,22.2922766],[114.2487671,22.2922742],[114.2487758,22.2922713],[114.2487777,22.2922683],[114.2487811,22.2922599],[114.2487789,22.2922505],[114.2487728,22.2922472],[114.2487715,22.2922403],[114.2487711,22.2922354],[114.248767,22.2922326],[114.2487618,22.2922301],[114.2487609,22.292226],[114.2487644,22.2922219],[114.2487666,22.292213],[114.2487649,22.2922061],[114.2487608,22.2921974],[114.2487571,22.2921916],[114.2487489,22.2921792],[114.2487457,22.2921783],[114.2487286,22.2921742],[114.2487109,22.292173],[114.2487025,22.2921744],[114.2486986,22.2921794],[114.2486946,22.2921804],[114.2486672,22.2922192],[114.2486378,22.2922565],[114.2486219,22.2922754],[114.2486165,22.2922836],[114.2486126,22.2922916],[114.2485988,22.2923341],[114.2485926,22.2923603],[114.2485905,22.2923732],[114.2485908,22.2923836],[114.2485928,22.2923912],[114.2486238,22.2924492],[114.2486394,22.2924881],[114.2486406,22.2925101],[114.2486346,22.2925207],[114.2486121,22.2924928],[114.2486038,22.2924869],[114.2485758,22.2924504],[114.2485697,22.2924443],[114.248539,22.2924135],[114.2485201,22.2924108],[114.2484978,22.2923943],[114.2484565,22.2923524],[114.2484294,22.2923035],[114.2484199,22.2922769],[114.2484075,22.2922628],[114.2483603,22.2922388],[114.2483266,22.2922105],[114.2483191,22.2922092],[114.2482982,22.2921905],[114.2482831,22.2921602],[114.2482487,22.2921048],[114.2482397,22.292099],[114.2482278,22.2920812],[114.2482219,22.2920677],[114.2482137,22.2920492],[114.2482043,22.2920338],[114.2481867,22.2920173],[114.2481613,22.2919519],[114.2481495,22.2918213],[114.2481709,22.2916669],[114.2482119,22.2915979],[114.2482607,22.2915579],[114.2482489,22.2915235],[114.2482367,22.2914737],[114.2482276,22.2914618],[114.2482206,22.2914554],[114.2482127,22.2914509],[114.2481924,22.2914478],[114.2481844,22.2914427],[114.2481436,22.2913993],[114.2481066,22.2913408],[114.2480946,22.2913267],[114.2480877,22.2913231],[114.2480739,22.291326],[114.2480675,22.2913251],[114.2480555,22.2913109],[114.248052,22.2912977],[114.2480553,22.2912921],[114.2480637,22.2912852],[114.2480682,22.2912769],[114.2480546,22.2912421],[114.2480466,22.2912335],[114.2480288,22.2912216],[114.2480183,22.2912194],[114.2479642,22.2911843],[114.2479558,22.2911765],[114.2479438,22.2911693],[114.2479319,22.2911647],[114.2479146,22.2911608],[114.2478927,22.2911527],[114.2478664,22.291133],[114.2478481,22.2911304],[114.2478367,22.2911309],[114.2478294,22.2911295],[114.2478114,22.291114],[114.2478015,22.2911018],[114.2477875,22.291088],[114.2477675,22.2910579],[114.2477551,22.2910341],[114.2477422,22.291025],[114.2477303,22.2910242],[114.24772,22.2910302],[114.2477164,22.2910302],[114.2476971,22.2910165],[114.2476733,22.2910112],[114.2476456,22.2910104],[114.2476319,22.2910133],[114.247621,22.2910133],[114.2475862,22.2910025],[114.2475482,22.290999],[114.2475393,22.2910041],[114.2475349,22.2910115],[114.2475275,22.2910165],[114.2475196,22.2910193],[114.2475113,22.2910172],[114.2474685,22.2909931],[114.2474021,22.2909626],[114.2473872,22.2909568],[114.2473238,22.2909398],[114.2473085,22.2909315],[114.247304,22.290922],[114.2473113,22.290915],[114.2473143,22.2909173],[114.2473277,22.2909159],[114.247331,22.2909117],[114.247336,22.2909107],[114.2473405,22.2909163],[114.2473584,22.2909193],[114.2473608,22.2909221],[114.2473708,22.2909271],[114.2473807,22.2909298],[114.247393,22.2909233],[114.2473969,22.2909306],[114.2474024,22.29093],[114.2474049,22.2909346],[114.2474103,22.2909319],[114.2474171,22.290925],[114.2474127,22.2909131],[114.2474215,22.2909061],[114.2474249,22.2909015],[114.2474219,22.2908947],[114.2474258,22.2908919],[114.2474274,22.2908854],[114.2474208,22.290874],[114.2474232,22.2908676],[114.2474212,22.2908621],[114.2474246,22.2908589],[114.2474172,22.2908492],[114.2474116,22.2908355],[114.2474196,22.2908314],[114.247419,22.2908222],[114.2474219,22.2908199],[114.2474163,22.2908044],[114.2474148,22.2907919],[114.2474118,22.2907864],[114.2474049,22.2907856],[114.2473984,22.2907741],[114.2474022,22.2907668],[114.2474003,22.2907608],[114.2473878,22.2907416],[114.2473774,22.290743],[114.2473699,22.2907289],[114.2473575,22.2907147],[114.2473525,22.2907152],[114.24734,22.2906973],[114.2473346,22.2906942],[114.2473291,22.2906956],[114.2473206,22.2906792],[114.247323,22.2906732],[114.2473165,22.2906585],[114.2473249,22.2906525],[114.2473343,22.2906685],[114.2473413,22.2906662],[114.2473413,22.290663],[114.2473526,22.290656],[114.2473535,22.2906538],[114.247352,22.2906459],[114.2473369,22.2906075],[114.2473219,22.290577],[114.2473164,22.2905658],[114.2473104,22.2905654],[114.2472994,22.2905403],[114.2472958,22.2905347],[114.2472904,22.2905325],[114.2472899,22.2905228],[114.2472829,22.2905031],[114.2472779,22.2905005],[114.2472733,22.2904834],[114.2472757,22.2904784],[114.2472672,22.2904514],[114.2472676,22.2904432],[114.2472621,22.2904308],[114.2472556,22.2904222],[114.2472512,22.2904235],[114.2472492,22.2904153],[114.2472372,22.2903965],[114.2472357,22.2903896],[114.2472176,22.2903654],[114.2472092,22.2903678],[114.2471992,22.2903504],[114.2471938,22.2903495],[114.2471898,22.2903408],[114.2471854,22.2903399],[114.2471769,22.2903317],[114.247172,22.2903317],[114.247164,22.2903226],[114.247158,22.2903112],[114.2471425,22.2902938],[114.2471335,22.2902765],[114.2471236,22.2902765],[114.2471131,22.2902638],[114.2471023,22.2902648],[114.2470948,22.290251],[114.2470888,22.2902487],[114.2470789,22.2902511],[114.247069,22.2902425],[114.2470586,22.2902373],[114.2470473,22.2902274],[114.2470415,22.2902152],[114.2470523,22.290209],[114.2470244,22.2901586],[114.2470138,22.2901617],[114.2470114,22.2901295],[114.2470051,22.2901055],[114.246996,22.2900866],[114.2469775,22.2900479],[114.2469728,22.2900427],[114.246957,22.2900327],[114.2469539,22.2900281],[114.246952,22.2900216],[114.2469524,22.2900138],[114.2469559,22.2900027],[114.2469557,22.2899959],[114.2469534,22.2899893],[114.2469446,22.2899766],[114.2469308,22.2899409],[114.2469265,22.2899213],[114.2469252,22.2898991],[114.2469216,22.2898857],[114.2469158,22.2898731],[114.2469052,22.2898605],[114.2468859,22.2898421],[114.2468752,22.2898388],[114.246867,22.2898363],[114.2468228,22.2898552],[114.246787,22.2898636],[114.2467595,22.2898634],[114.2467239,22.2898556],[114.2467092,22.2898571],[114.2466844,22.2898673],[114.2466504,22.2898864],[114.2466015,22.2898558],[114.2465533,22.2898374],[114.2465272,22.2898243],[114.2464922,22.289799],[114.2464569,22.2897596],[114.246435,22.2897411],[114.2464095,22.2897271],[114.2463693,22.2897144],[114.2463582,22.2897055],[114.2463513,22.2896934],[114.2463498,22.2896798],[114.2463538,22.2896666],[114.2463776,22.289643],[114.2463927,22.2896195],[114.2463982,22.2895926],[114.2463934,22.2895656],[114.2463185,22.2894465],[114.2462612,22.2893732],[114.2462314,22.2893298],[114.2461889,22.2893093],[114.2460967,22.2892656],[114.2460612,22.2892409],[114.2460107,22.2891951],[114.2459754,22.28917],[114.2458148,22.2890946],[114.2457644,22.2890657],[114.2457071,22.2890382],[114.2455897,22.2889958],[114.2455751,22.2889933],[114.2455458,22.288996],[114.2455321,22.2890011],[114.245428,22.2890722],[114.2453988,22.289103],[114.2453885,22.2891212],[114.2452715,22.2891103],[114.2451628,22.2891139],[114.245141,22.2891177],[114.2451178,22.2891281],[114.245097,22.289154],[114.2450844,22.2891506],[114.2450673,22.2891381],[114.2450582,22.2891272],[114.245052,22.2891033],[114.2450558,22.2890763],[114.2450749,22.2890239],[114.2450743,22.2890055],[114.245045,22.288986],[114.2450281,22.2889336],[114.2450047,22.2888961],[114.2449957,22.2888752],[114.245005,22.2888568],[114.245018,22.2888402],[114.2450342,22.2888263],[114.2450375,22.2888222],[114.2450406,22.2888164],[114.245044,22.2888066],[114.2450497,22.2887936],[114.2450571,22.2887752],[114.2450672,22.2887552],[114.2450705,22.2887445],[114.2450778,22.288734],[114.2450824,22.2887289],[114.2450947,22.2887254],[114.2451059,22.2887254],[114.2451134,22.288728],[114.2451162,22.2887341],[114.2451209,22.2887377],[114.2451245,22.2887378],[114.245131,22.2887383],[114.2451372,22.2887377],[114.2451404,22.2887336],[114.2451398,22.2887273],[114.2451391,22.2887227],[114.2451434,22.2887146],[114.2451434,22.2887141],[114.2451481,22.288701],[114.2451556,22.2886861],[114.2451565,22.2886696],[114.2451471,22.2886617],[114.2451397,22.2886564],[114.2451388,22.2886486],[114.2451399,22.288641],[114.2451431,22.2886336],[114.2451511,22.2886207],[114.2451642,22.2886072],[114.2451756,22.2885998],[114.2451861,22.2885948],[114.245196,22.2885906],[114.2452073,22.2885881],[114.2452165,22.2885875],[114.2452232,22.2885844],[114.2452264,22.2885819],[114.2452289,22.2885731],[114.2452298,22.2885717],[114.2452338,22.2885533],[114.2452321,22.2885349],[114.2452258,22.2885211],[114.2452233,22.2885001],[114.245231,22.2884823],[114.2452378,22.2884618],[114.2452422,22.2884439],[114.245244,22.2884217],[114.2452447,22.2884046],[114.2452429,22.2883919],[114.2452368,22.288387],[114.2452285,22.2883866],[114.2452169,22.2883889],[114.2452135,22.2883872],[114.2452148,22.288383],[114.2452154,22.2883762],[114.2452135,22.2883711],[114.2452046,22.2883636],[114.2452013,22.2883608],[114.2451921,22.2883597],[114.2451817,22.2883609],[114.2451694,22.2883626],[114.245159,22.2883621],[114.2451559,22.2883575],[114.2451596,22.2883529],[114.2451675,22.2883409],[114.245168,22.2883395],[114.2451651,22.28833],[114.2451565,22.2883209],[114.2451473,22.2883164],[114.2451345,22.2883168],[114.245121,22.2883176],[114.2451099,22.2883164],[114.2451087,22.2883095],[114.2451074,22.288305],[114.2451068,22.288297],[114.245108,22.2882907],[114.2451113,22.2882817],[114.2451134,22.2882687],[114.2451231,22.2882606],[114.2451307,22.288257],[114.2451368,22.2882513],[114.2451368,22.2882451],[114.2451259,22.2882445],[114.2451087,22.2882479],[114.2451006,22.2882411],[114.2450945,22.2882365],[114.245081,22.2882371],[114.245073,22.2882405],[114.2450625,22.2882441],[114.2450589,22.2882462],[114.2450473,22.2882525],[114.2450461,22.288269],[114.2450375,22.2882782],[114.2450313,22.2882885],[114.2450251,22.2882994],[114.2450215,22.288307],[114.2450162,22.2883098],[114.2450129,22.2883057],[114.2450038,22.2883005],[114.2449934,22.2883005],[114.2449805,22.2883044],[114.2449731,22.2883141],[114.2449781,22.2883261],[114.2449819,22.2883369],[114.2449776,22.2883484],[114.2449708,22.2883535],[114.2449604,22.2883627],[114.2449536,22.2883798],[114.2449543,22.2883997],[114.2449482,22.2884162],[114.2449445,22.2884168],[114.2449405,22.2884155],[114.2449337,22.2884041],[114.2449316,22.2883974],[114.2449301,22.2883601],[114.2449219,22.2883579],[114.2449062,22.2883719],[114.2448897,22.2883744],[114.2448854,22.2883464],[114.2449016,22.2882987],[114.2449168,22.2882593],[114.2450053,22.2880291],[114.2450132,22.2879943],[114.2450166,22.2879624],[114.2450264,22.287913],[114.2450307,22.2878785],[114.2450308,22.2878716],[114.2450259,22.2878529],[114.244972,22.287744],[114.2449721,22.287707],[114.2449675,22.2877016],[114.2449435,22.2876903],[114.2449269,22.2876708],[114.2449047,22.2876552],[114.2448874,22.2876374],[114.2448517,22.2875406],[114.2448105,22.287477],[114.2447987,22.2874689],[114.2447737,22.2874631],[114.2447544,22.2874665],[114.2447496,22.2874727],[114.2447482,22.2874747],[114.2447427,22.287476],[114.2447207,22.2874599],[114.244679,22.2874221],[114.2446566,22.2873948],[114.2446218,22.2873428],[114.2445249,22.287247],[114.2445263,22.2872418],[114.2445393,22.2872413],[114.2445416,22.2872349],[114.2445388,22.2872267],[114.2445188,22.2872101],[114.2444804,22.2871897],[114.2444772,22.2871869],[114.2444693,22.2871805],[114.2444379,22.2871432],[114.2443713,22.2870775],[114.2443586,22.2870649],[114.2442997,22.2869899],[114.2442356,22.2869417],[114.2441975,22.2869008],[114.244167,22.2868742],[114.2441196,22.2868452],[114.2440863,22.2868182],[114.2440176,22.2867438],[114.2440024,22.2866983],[114.243999,22.286693],[114.2439601,22.2866735],[114.2439365,22.2866563],[114.2439168,22.2866337],[114.2438983,22.2866087],[114.2438637,22.2865623],[114.243827,22.286535],[114.2438039,22.2865037],[114.2438034,22.2865028],[114.2437129,22.2863325],[114.2436892,22.2862803],[114.2436853,22.286267],[114.2436781,22.2862179],[114.2436697,22.2861828],[114.2436605,22.2861544],[114.2436539,22.2861397],[114.243649,22.286129],[114.243645,22.2861231],[114.2436342,22.2861136],[114.2435875,22.2860912],[114.2435414,22.2860615],[114.2435102,22.2860315],[114.2434916,22.2859942],[114.2434854,22.2859632],[114.2434838,22.2859426],[114.2434834,22.285887],[114.2434828,22.2858619],[114.2434808,22.2858482],[114.2434709,22.2858095],[114.2434418,22.2857669],[114.2434258,22.2857311],[114.2433392,22.2856761],[114.2433014,22.2856523],[114.2432809,22.2856457],[114.2432634,22.2856502],[114.2432506,22.2856594],[114.2432519,22.2856658],[114.2432637,22.2857222],[114.2432881,22.2857886],[114.2432533,22.2858172],[114.2432265,22.285827],[114.243158,22.2858084],[114.243072,22.2857774],[114.2430647,22.285693],[114.2430553,22.285658],[114.2430043,22.2856459],[114.2427849,22.2856196],[114.2426534,22.285627],[114.2426339,22.2855734],[114.2426125,22.2855148],[114.2425689,22.2855323],[114.2425806,22.285579],[114.2425967,22.2856435],[114.242582,22.2856935],[114.2425581,22.2857238],[114.2423434,22.2857866],[114.2422818,22.2857894],[114.2422679,22.2857505],[114.2422501,22.2857565],[114.2422623,22.2857929],[114.2422578,22.2858033],[114.2422397,22.2858105],[114.2421791,22.2858149],[114.2420664,22.2858093],[114.2419278,22.2858393],[114.2419156,22.285844],[114.2419027,22.285849],[114.2418469,22.2859011],[114.2418432,22.2859046],[114.2417859,22.2859412],[114.2417448,22.2859614],[114.2417119,22.2858823],[114.2416079,22.2859014],[114.2414286,22.2859192],[114.2413413,22.2859262],[114.2412382,22.2859438],[114.2412168,22.2859795],[114.2412231,22.2860188],[114.2412489,22.2860636],[114.2411662,22.2860939],[114.2410788,22.2861219],[114.2409776,22.2861204],[114.2408736,22.2861306],[114.2407275,22.2861581],[114.2406856,22.2861131],[114.2406823,22.2860909],[114.2406747,22.2860352],[114.2405666,22.2860496],[114.2404737,22.286062],[114.2403771,22.2861054],[114.2403794,22.2861494],[114.2403525,22.2861746],[114.2403613,22.2862066],[114.2403512,22.2862103],[114.2401563,22.2862051],[114.2401171,22.2861983],[114.2400926,22.2862015],[114.2400628,22.2862115],[114.2400333,22.2862119],[114.2400121,22.2862061],[114.2399889,22.2861932],[114.2399661,22.2861694],[114.2399414,22.2861491],[114.2399169,22.2861456],[114.2398952,22.2861487],[114.2397545,22.2861927],[114.2397367,22.2861998],[114.2397137,22.2862216],[114.2397073,22.286234],[114.2397046,22.2862455],[114.2396732,22.2862276],[114.2396372,22.2862834],[114.2396646,22.2862989],[114.2396388,22.2863593],[114.239627,22.286401],[114.2396236,22.286419],[114.2396228,22.2864321],[114.2396257,22.2864466],[114.2394111,22.2865328],[114.2393079,22.2865743],[114.2390396,22.2866866],[114.2387828,22.2867889],[114.2386553,22.2868311],[114.2385924,22.286871],[114.2385761,22.2869214],[114.2385785,22.2869665],[114.2385309,22.2870279],[114.2385214,22.2870215],[114.2384762,22.2870797],[114.2385016,22.287096],[114.2384411,22.2871526],[114.2383786,22.2870911],[114.2382742,22.2871661],[114.2382883,22.2871829],[114.2381431,22.2872819],[114.2381849,22.2873233],[114.2381426,22.2873556],[114.2381132,22.2873216],[114.2380923,22.2873385],[114.2380502,22.2873724],[114.2380958,22.2874226],[114.2380118,22.2874821],[114.2380028,22.2874725],[114.2378794,22.2875563],[114.2378566,22.2875277],[114.2378045,22.2875622],[114.2378254,22.2875886],[114.2378372,22.2876036],[114.2376672,22.2877212],[114.2376862,22.2877461],[114.2375493,22.2878029],[114.2375302,22.2877769],[114.2374782,22.2878099],[114.2374453,22.287832],[114.2373887,22.2877591],[114.2373534,22.2877817],[114.2373308,22.2877557],[114.2372329,22.2878065],[114.2371629,22.2878912],[114.2372019,22.2879367],[114.2371868,22.2879471],[114.2371628,22.2879604],[114.2370952,22.2879798],[114.2370538,22.2879819],[114.2370195,22.2879794],[114.2369871,22.2879985],[114.2369406,22.2879921],[114.2369258,22.2879923],[114.2369155,22.2879944],[114.2369024,22.2880007],[114.2368769,22.2880167],[114.2368518,22.2880364],[114.236821,22.2880545],[114.2368009,22.2880708],[114.2367949,22.2880681],[114.2367619,22.2880637],[114.2367181,22.288065],[114.2367063,22.2880731],[114.2366957,22.2880852],[114.2366956,22.2880857],[114.2366936,22.2880975],[114.2366993,22.2881212],[114.2367088,22.2881368],[114.2367302,22.2881692],[114.2367402,22.2881749],[114.2367528,22.2881799],[114.2367634,22.2881799],[114.2367723,22.288179],[114.2367818,22.2881767],[114.2367869,22.2881753],[114.2367863,22.2881809],[114.2367859,22.2881878],[114.2367859,22.2882005],[114.2367863,22.2882074],[114.2367879,22.2882164],[114.2367907,22.2882232],[114.2367982,22.2882381],[114.2368018,22.2882466],[114.2368077,22.2882589],[114.2368122,22.2882696],[114.2368147,22.2882771],[114.2368167,22.2882861],[114.2368176,22.288293],[114.2368176,22.2882998],[114.2368172,22.2883044],[114.2368162,22.2883076],[114.2368142,22.2883119],[114.2368118,22.2883158],[114.2368103,22.2883177],[114.2367993,22.288328],[114.2367956,22.2883317],[114.2367909,22.288337],[114.2367842,22.2883451],[114.2367814,22.2883488],[114.2367777,22.2883548],[114.2367755,22.2883589],[114.2367736,22.2883632],[114.2367724,22.2883682],[114.236772,22.2883728],[114.236772,22.2883751],[114.2367732,22.2883882],[114.2367753,22.2884052],[114.2367762,22.2884097],[114.2367782,22.2884163],[114.2367783,22.2884189],[114.2367792,22.288421],[114.2367807,22.2884228],[114.2367828,22.2884241],[114.2368064,22.2884309],[114.2368141,22.2884337],[114.2368295,22.2884415],[114.2368329,22.2884436],[114.236838,22.2884478],[114.2368413,22.2884513],[114.2368451,22.2884567],[114.236848,22.2884664],[114.2368473,22.2884783],[114.236838,22.2884988],[114.2367846,22.2885451],[114.2367427,22.2885814],[114.2368481,22.2886826],[114.2368432,22.2886883],[114.2368359,22.2887107],[114.2368354,22.2887165],[114.2368352,22.288723],[114.2368357,22.2887288],[114.2368405,22.288742],[114.23685,22.2887552],[114.2368578,22.2887637],[114.2369655,22.2888562],[114.2370092,22.2888148],[114.2370586,22.2888582],[114.2369962,22.2889086],[114.2369511,22.2889306],[114.2369426,22.2889348],[114.2368749,22.2889577],[114.2368517,22.2889656],[114.2369201,22.2890324],[114.2369278,22.2890185],[114.236964,22.2889547],[114.2370132,22.2889246],[114.2370671,22.28888],[114.2370764,22.2888936],[114.2370933,22.28891],[114.2370077,22.2889734],[114.2370409,22.2890126],[114.2370694,22.2889996],[114.2371199,22.2890993],[114.2371296,22.289119],[114.2370677,22.2891485],[114.2370356,22.2891636],[114.2370496,22.289186],[114.2370785,22.2891713],[114.2371095,22.2891555],[114.2371161,22.2891695],[114.2371501,22.2891664],[114.2371889,22.2891474],[114.2372081,22.2891877],[114.2372752,22.2891635],[114.2373154,22.2892759],[114.2373192,22.289288],[114.2372386,22.2893163],[114.2372879,22.2894494],[114.2372289,22.2894742],[114.2372548,22.2895296],[114.2372314,22.2895399],[114.2372579,22.2895876],[114.2372853,22.2896368],[114.2373114,22.2896245],[114.237336,22.2896705],[114.2373446,22.28968],[114.2373736,22.289665],[114.2373908,22.2896929],[114.237385,22.2896962],[114.2373756,22.2897298],[114.2373724,22.2897343],[114.237377,22.2897397],[114.237331,22.2897729],[114.2373216,22.2897597],[114.2373124,22.2897653],[114.2372484,22.2898038],[114.23727,22.289834],[114.2373371,22.2897928],[114.2373426,22.2897894],[114.2373348,22.2897783],[114.237382,22.2897455],[114.2373837,22.2897475],[114.2374168,22.2897429],[114.2374381,22.28974],[114.2374488,22.2897546],[114.2374606,22.2897482],[114.237488,22.2897836],[114.2375248,22.2897595],[114.2375374,22.2897785],[114.237576,22.289756],[114.2375894,22.2897766],[114.2375831,22.2897802],[114.2375658,22.2897903],[114.2375445,22.2898035],[114.2375566,22.2898268],[114.2372187,22.2901647],[114.2371937,22.2901443],[114.2371527,22.2901301],[114.2370992,22.2901335],[114.2370607,22.2901508],[114.2365777,22.2906082],[114.2362661,22.2909034],[114.2360519,22.2911062],[114.2358699,22.2912786],[114.235716,22.2914243],[114.235651,22.2914859],[114.2356141,22.2915209],[114.2355837,22.2915497],[114.2353697,22.2917526],[114.2351147,22.2919944],[114.2347217,22.292367],[114.2345183,22.2925598],[114.2333758,22.293643],[114.2332241,22.2941229],[114.2331374,22.294397],[114.2330402,22.2947043],[114.2329609,22.294845],[114.2326983,22.2953115],[114.232711,22.2953178],[114.2329059,22.2954124],[114.2334945,22.2956982],[114.2337152,22.2958055],[114.2344543,22.2961654],[114.2347766,22.2963224],[114.2353265,22.2965901],[114.2356819,22.2967607],[114.2361124,22.2969676],[114.2358897,22.2974491],[114.2357623,22.2977245],[114.2357559,22.2977423],[114.2357412,22.29777],[114.2355363,22.2982123],[114.2353482,22.298618],[114.2351836,22.2985997],[114.2351651,22.2985978],[114.2351607,22.2985922],[114.2351233,22.2986041],[114.2350307,22.2985853],[114.2350062,22.2985739],[114.2348724,22.2985614],[114.2346175,22.2985333],[114.2344712,22.2985121],[114.2344699,22.2985167],[114.2342036,22.2984829],[114.2342092,22.2984493],[114.2342088,22.2984361],[114.2341708,22.2984214],[114.234094,22.2984064],[114.2340588,22.2984045],[114.2339897,22.2984137],[114.2339073,22.2983922],[114.2338799,22.2983826],[114.2338545,22.2983685],[114.2337683,22.2982991],[114.2337246,22.2982754],[114.2336786,22.2982619],[114.2335634,22.2982399],[114.2334153,22.2981971],[114.2333613,22.2981886],[114.233308,22.298187],[114.2331479,22.2981909],[114.2330775,22.2981972],[114.233029,22.2982107],[114.2329407,22.2982455],[114.2328889,22.2982517],[114.2327432,22.2982835],[114.2327105,22.2983039],[114.2325938,22.2982917],[114.2325911,22.2982846],[114.2323111,22.2982521],[114.2320603,22.2982213],[114.2317343,22.2981813],[114.2313624,22.2981355],[114.2313354,22.2981328],[114.2313094,22.2981303],[114.2312956,22.2981291],[114.2309292,22.2981071],[114.2307893,22.2981157],[114.2306716,22.2981229],[114.2306393,22.2981249],[114.2305133,22.2981421],[114.2303745,22.2981651],[114.23021,22.2981997],[114.2301471,22.298215],[114.2299858,22.2982637],[114.2297653,22.2983462],[114.2297309,22.2983591],[114.2295513,22.2984391],[114.2294996,22.2984622],[114.2294753,22.2984763],[114.2294374,22.2984985],[114.2291918,22.2986423],[114.2289629,22.2988222],[114.2288407,22.2989305],[114.2287487,22.2990202],[114.2286336,22.2991436],[114.22858,22.2992082],[114.2285099,22.2993001],[114.2284014,22.2994526],[114.2283032,22.2996128],[114.2280116,22.3001475],[114.2273534,22.3013641],[114.2261174,22.3020059],[114.2260251,22.3020521],[114.2252662,22.3024496],[114.2250562,22.3025603],[114.2244845,22.3031976],[114.2244785,22.3032026],[114.2228095,22.3050622],[114.2226506,22.3052392],[114.2226012,22.3052943],[114.2232624,22.3058134],[114.223947,22.3063288],[114.2240316,22.3063865],[114.2240581,22.3064141],[114.224088,22.3064865],[114.224082,22.3065546]],[[114.2544516,22.2644956],[114.254411,22.2645187],[114.2544074,22.2645255],[114.2544207,22.2645385],[114.2544122,22.2645464],[114.2544081,22.2645578],[114.2544117,22.2645674],[114.2544213,22.2645772],[114.2545033,22.264661],[114.2545075,22.2646609],[114.2545202,22.2646445],[114.2545257,22.2646401],[114.2545324,22.264648],[114.25455,22.2646621],[114.2545566,22.2646643],[114.2545645,22.2646632],[114.254584,22.2646507],[114.2545905,22.2646423],[114.2546282,22.2646129],[114.2546075,22.2645859],[114.254607,22.264583],[114.2546324,22.2645632],[114.2546888,22.2645023],[114.2547414,22.2644514],[114.2547694,22.2644328],[114.2547754,22.2644373],[114.2547833,22.2644492],[114.2547869,22.2644503],[114.2548039,22.2644413],[114.2548221,22.2644272],[114.2548251,22.2644272],[114.2548385,22.264439],[114.2548446,22.2644413],[114.2548591,22.2644322],[114.2548857,22.2644114],[114.2548828,22.2643995],[114.2547978,22.2642906],[114.2547972,22.2642809],[114.2548384,22.2642511],[114.2548256,22.2642318],[114.2548123,22.2642195],[114.2548013,22.2642144],[114.2547947,22.2642166],[114.2547469,22.2642517],[114.2547401,22.2642488],[114.2547323,22.2642392],[114.2547261,22.2642409],[114.2546983,22.2642602],[114.2546165,22.2643064],[114.2546257,22.2643172],[114.2545923,22.2643325],[114.2545674,22.264341],[114.2545552,22.2643302],[114.2545468,22.2643302],[114.2544667,22.2643845],[114.2544067,22.2644442],[114.2544074,22.2644505],[114.2544317,22.2644787],[114.2544516,22.2644956]],[[114.2534047,22.2650351],[114.2534053,22.2650294],[114.2534022,22.2650193],[114.2533986,22.2650181],[114.2533931,22.2650199],[114.2533591,22.265034],[114.2533538,22.2650402],[114.2533538,22.2650538],[114.2533538,22.2650605],[114.2533556,22.265064],[114.2533592,22.2650633],[114.2533659,22.26506],[114.2533726,22.2650497],[114.2533811,22.2650424],[114.2533902,22.2650379],[114.2534016,22.2650368],[114.2534047,22.2650351]],[[114.24908,22.2924451],[114.2490884,22.2924441],[114.2490863,22.2924345],[114.2490897,22.2924332],[114.2490881,22.2924221],[114.2490847,22.2924207],[114.2490821,22.2924098],[114.2490767,22.2924071],[114.2490533,22.2924005],[114.2490513,22.2924023],[114.2490509,22.2924078],[114.2490446,22.2924078],[114.2490415,22.2924098],[114.2490383,22.292419],[114.2490392,22.2924199],[114.2490364,22.2924337],[114.2490315,22.2924355],[114.2490296,22.292442],[114.2490351,22.2924446],[114.2490336,22.2924483],[114.2490355,22.2924515],[114.249047,22.2924551],[114.2490519,22.2924495],[114.2490681,22.2924494],[114.2490702,22.2924452],[114.2490776,22.2924488],[114.24908,22.2924451]],[[114.2490337,22.2922369],[114.2490273,22.2922379],[114.2490234,22.2922452],[114.2490224,22.2922512],[114.2490249,22.2922557],[114.2490216,22.2922549],[114.2490197,22.2922591],[114.2490225,22.2922609],[114.2490151,22.2922646],[114.2490124,22.2922802],[114.2490184,22.2922824],[114.2490184,22.2922851],[114.249013,22.2922861],[114.249013,22.292289],[114.249021,22.2922929],[114.249022,22.2922989],[114.249029,22.2923034],[114.2490339,22.2923011],[114.2490616,22.2923032],[114.2490715,22.2922975],[114.2490738,22.2922911],[114.2490719,22.2922907],[114.2490723,22.2922856],[114.2490772,22.292286],[114.249081,22.2922731],[114.2490781,22.2922713],[114.249076,22.2922598],[114.2490705,22.2922581],[114.249069,22.2922535],[114.2490517,22.2922477],[114.2490506,22.2922421],[114.2490337,22.2922369]],[[114.2398276,22.2860751],[114.2398227,22.2860742],[114.2398147,22.286078],[114.2398125,22.2860869],[114.2398149,22.2860984],[114.2398209,22.2861078],[114.2398246,22.2861109],[114.23983,22.2861136],[114.2398332,22.2861153],[114.2398439,22.2861165],[114.2398501,22.2861124],[114.2398522,22.2861072],[114.2398524,22.2861041],[114.2398527,22.2860977],[114.2398567,22.2860892],[114.2398572,22.286084],[114.2398517,22.2860787],[114.2398362,22.2860796],[114.2398276,22.2860751]],[[114.2401213,22.2860773],[114.2401154,22.2860723],[114.2400991,22.2860655],[114.240093,22.2860654],[114.2400893,22.2860671],[114.2400758,22.2860795],[114.2400726,22.2860856],[114.2400717,22.2860917],[114.2400701,22.2861018],[114.2400728,22.2861127],[114.2400792,22.286118],[114.2400868,22.2861186],[114.2400954,22.2861141],[114.2401188,22.2860957],[114.2401223,22.2860896],[114.2401234,22.2860826],[114.2401213,22.2860773]],[[114.2750494,22.2629668],[114.2750477,22.2629517],[114.2750422,22.2629454],[114.2750249,22.2629451],[114.2750151,22.2629522],[114.274979,22.2629709],[114.2749741,22.262976],[114.2749725,22.2629859],[114.2749722,22.2629944],[114.2749743,22.2630054],[114.2749799,22.2630127],[114.2749918,22.2630226],[114.2750028,22.2630284],[114.2750176,22.2630283],[114.2750307,22.2630148],[114.2750345,22.263007],[114.275038,22.2630046],[114.2750488,22.2630054],[114.2750774,22.2630037],[114.2750903,22.2630076],[114.2750948,22.2630117],[114.2750817,22.2630278],[114.2750799,22.263043],[114.2750844,22.2630471],[114.2750943,22.2630502],[114.2751057,22.2630487],[114.2751164,22.2630431],[114.2751247,22.2630351],[114.2751343,22.2630212],[114.2751328,22.2630135],[114.2751198,22.2629989],[114.2751083,22.2629776],[114.2751047,22.2629647],[114.2750986,22.2629222],[114.2750935,22.2629131],[114.275088,22.262909],[114.2750787,22.2629069],[114.2750718,22.2629079],[114.2750611,22.2629144],[114.2750547,22.2629232],[114.2750553,22.2629296],[114.2750583,22.2629369],[114.275073,22.262962],[114.275072,22.262967],[114.2750598,22.2629694],[114.2750494,22.2629668]],[[114.2672805,22.2810371],[114.26729,22.2810366],[114.2672982,22.2810091],[114.26731,22.2809962],[114.26731,22.2809924],[114.267301,22.2809828],[114.2672941,22.2809779],[114.2672869,22.2809789],[114.2672775,22.2809877],[114.2672723,22.2810006],[114.2672692,22.2810248],[114.2672734,22.2810328],[114.2672805,22.2810371]],[[114.26483,22.2772296],[114.2648332,22.2772095],[114.2648328,22.2772018],[114.2648303,22.2771985],[114.2648251,22.2771938],[114.26482,22.2771919],[114.2648085,22.2771905],[114.2647951,22.2771908],[114.2647925,22.277199],[114.2647935,22.277206],[114.2648031,22.2772317],[114.2648204,22.2772334],[114.26483,22.2772296]],[[114.2664128,22.2743491],[114.2664284,22.274336],[114.2664568,22.2743287],[114.2665281,22.2742423],[114.2665335,22.2742184],[114.2665258,22.2741952],[114.2665011,22.2741887],[114.2664597,22.2741554],[114.2664248,22.2741402],[114.2664066,22.2741402],[114.266388,22.2741604],[114.2663553,22.274162],[114.2663245,22.2741849],[114.2663116,22.2741819],[114.2663067,22.2741711],[114.2662896,22.2741701],[114.266238,22.2741992],[114.2661918,22.2742401],[114.2661694,22.2742774],[114.266158,22.2743593],[114.2661652,22.2743776],[114.2661819,22.274388],[114.2663022,22.2743831],[114.2664128,22.2743491]],[[114.2655282,22.2740254],[114.2655317,22.2740299],[114.2655529,22.2740396],[114.265569,22.2740165],[114.2655697,22.2740056],[114.2655661,22.2740026],[114.2655442,22.2740016],[114.2655336,22.2740071],[114.2655271,22.2740185],[114.2655282,22.2740254]],[[114.2656132,22.2738812],[114.2656157,22.2738698],[114.2656292,22.2738685],[114.2656334,22.2738599],[114.2656344,22.2738515],[114.2656323,22.2738407],[114.2656246,22.2738313],[114.2656187,22.2738278],[114.2656111,22.2738264],[114.2656068,22.2738278],[114.2656042,22.2738309],[114.2656023,22.2738397],[114.2655934,22.2738635],[114.2655936,22.2738736],[114.2655991,22.2738819],[114.2656102,22.2738824],[114.2656132,22.2738812]],[[114.2658342,22.2743163],[114.2658102,22.2743285],[114.2657919,22.2743616],[114.2657911,22.2743997],[114.2657967,22.2744035],[114.2658268,22.2744038],[114.2659529,22.2743981],[114.2660972,22.2743899],[114.2661172,22.2743826],[114.2661233,22.2743748],[114.2661358,22.2742479],[114.2661488,22.2742067],[114.2661658,22.274177],[114.2661593,22.274166],[114.266126,22.274164],[114.266076,22.2741901],[114.2659702,22.2742676],[114.2659032,22.2742944],[114.2658614,22.2743218],[114.2658342,22.2743163]],[[114.2660463,22.2735956],[114.2660527,22.2735532],[114.2660484,22.2735447],[114.2660388,22.2735392],[114.265997,22.2735393],[114.2659793,22.2735522],[114.2659611,22.2735916],[114.265923,22.273624],[114.2659038,22.2736313],[114.2658196,22.2736635],[114.2658122,22.2736786],[114.265803,22.2737088],[114.2657897,22.2737357],[114.2656987,22.2738379],[114.2656411,22.2739731],[114.2655982,22.2740339],[114.2655658,22.2741661],[114.2655632,22.2742171],[114.2655581,22.2742521],[114.2655561,22.274275],[114.2655726,22.2743093],[114.2656293,22.2743452],[114.265699,22.274355],[114.2657166,22.2743511],[114.2657424,22.274337],[114.2657676,22.2743153],[114.2658135,22.2742889],[114.2658913,22.2742344],[114.2660004,22.2741126],[114.2660531,22.2740824],[114.2660597,22.2740462],[114.2660804,22.2740194],[114.2661129,22.273993],[114.2661232,22.2739694],[114.2661614,22.2739511],[114.2661675,22.2739308],[114.2661891,22.2739174],[114.2661947,22.2739071],[114.2661936,22.2738695],[114.2662089,22.2737554],[114.2662046,22.2737449],[114.2661746,22.2737495],[114.2661633,22.273741],[114.266182,22.2737236],[114.2661869,22.2737087],[114.2661519,22.2736857],[114.2661519,22.2736578],[114.2661198,22.2736573],[114.2660973,22.2736634],[114.2660818,22.2736593],[114.266064,22.2736369],[114.2660566,22.2736375],[114.2660372,22.2736634],[114.2660291,22.2736634],[114.2660271,22.2736424],[114.2660463,22.2735956]],[[114.2365335,22.2879098],[114.2365264,22.2879149],[114.2365224,22.2879092],[114.2365062,22.2879018],[114.2365013,22.2878907],[114.236496,22.287883],[114.236489,22.2878775],[114.23648,22.2878756],[114.2364777,22.2878785],[114.2364731,22.2878991],[114.2364658,22.2879032],[114.2364594,22.2879019],[114.236455,22.2879035],[114.2364531,22.2879069],[114.2364466,22.2879301],[114.2364466,22.2879403],[114.2364504,22.2879526],[114.2364553,22.2879631],[114.2364612,22.2879722],[114.2364678,22.2879813],[114.2364884,22.2880063],[114.2364923,22.2880148],[114.236494,22.2880225],[114.2364935,22.2880295],[114.2364906,22.2880359],[114.2364747,22.2880555],[114.2364725,22.2880643],[114.2364795,22.2880851],[114.2364848,22.2880881],[114.2365063,22.2880817],[114.2365286,22.2880705],[114.2365402,22.2880607],[114.2365589,22.2880419],[114.2365645,22.288038],[114.23657,22.288036],[114.2365754,22.2880366],[114.2365819,22.2880406],[114.2365893,22.2880481],[114.2365975,22.2880672],[114.2366136,22.2880696],[114.2366375,22.2880622],[114.2366539,22.2880315],[114.2366609,22.2880186],[114.2366619,22.2880013],[114.2366463,22.2879571],[114.2366418,22.2879536],[114.2366379,22.2879528],[114.2366294,22.2879548],[114.2366194,22.2879516],[114.2366149,22.2879533],[114.236609,22.2879589],[114.2365979,22.2879434],[114.2366011,22.2879308],[114.2365991,22.2879161],[114.2365919,22.287899],[114.2365839,22.2878897],[114.2365809,22.2878822],[114.2365798,22.2878797],[114.236578,22.2878783],[114.2365694,22.2878804],[114.2365601,22.287888],[114.2365485,22.2878941],[114.2365451,22.2878959],[114.2365335,22.2879098]],[[114.2453469,22.2887165],[114.2453537,22.2887102],[114.2453574,22.2887052],[114.2453592,22.2886958],[114.2453612,22.2886772],[114.245374,22.288659],[114.2454066,22.2886227],[114.2454276,22.2886004],[114.2454498,22.2885703],[114.2454755,22.2885519],[114.2454854,22.2885336],[114.2454929,22.2885139],[114.2454914,22.2885048],[114.2454838,22.2884978],[114.245471,22.2884964],[114.2454515,22.2884964],[114.2454432,22.2884761],[114.2454304,22.2884761],[114.2454258,22.2884692],[114.2454251,22.2884565],[114.2454341,22.2884467],[114.2454416,22.2884432],[114.2454453,22.2884374],[114.2454476,22.2884271],[114.2454491,22.2884138],[114.2454439,22.2884033],[114.2454408,22.2883948],[114.245436,22.288387],[114.2454311,22.2883815],[114.2454175,22.288373],[114.2454025,22.2883716],[114.2453844,22.2883751],[114.2453633,22.2883696],[114.245346,22.2883674],[114.2453286,22.2883724],[114.2453165,22.2883822],[114.2452985,22.2883955],[114.2452857,22.2884159],[114.2452775,22.2884845],[114.2452631,22.2885035],[114.2452541,22.2885266],[114.2452609,22.288556],[114.2452722,22.2885742],[114.2452858,22.2885897],[114.2453046,22.2885939],[114.245316,22.2885896],[114.2453212,22.288569],[114.2453317,22.2885674],[114.2453356,22.2885994],[114.2453258,22.2886163],[114.2453092,22.2886289],[114.2453039,22.2886486],[114.2453061,22.2886688],[114.2453113,22.2886828],[114.2453191,22.2886962],[114.2453221,22.2887052],[114.2453251,22.2887123],[114.2453326,22.2887165],[114.2453408,22.2887179],[114.2453469,22.2887165]],[[114.2452323,22.2882285],[114.2452338,22.2882438],[114.2452466,22.2882565],[114.2452534,22.2882753],[114.2452721,22.2882828],[114.2452743,22.2882958],[114.24528,22.2883022],[114.245283,22.2883067],[114.245286,22.2883113],[114.2452898,22.2883157],[114.245303,22.2883163],[114.2453144,22.2883117],[114.2453302,22.2883152],[114.2453429,22.2883229],[114.2453565,22.2883257],[114.2453708,22.2883291],[114.2453865,22.2883376],[114.2453963,22.2883494],[114.2454092,22.2883536],[114.2454443,22.2883626],[114.2454544,22.2883704],[114.245462,22.2883731],[114.2454688,22.2883744],[114.2454752,22.2883732],[114.2454804,22.2883707],[114.2454865,22.2883703],[114.2454913,22.2883692],[114.2454936,22.2883659],[114.2454931,22.2883618],[114.2454883,22.2883586],[114.245485,22.2883551],[114.2454791,22.2883492],[114.2454755,22.2883425],[114.2454707,22.2883361],[114.2454644,22.2883306],[114.24546,22.2883279],[114.2454557,22.2883264],[114.2454498,22.2883254],[114.2454455,22.2883242],[114.2454434,22.2883201],[114.2454439,22.2883166],[114.2454447,22.2883156],[114.2454452,22.2883061],[114.2454399,22.2882969],[114.2454309,22.2882865],[114.2454196,22.2882795],[114.2454106,22.2882704],[114.2454,22.288262],[114.2453911,22.2882599],[114.2453905,22.2882585],[114.245388,22.2882508],[114.2453828,22.2882439],[114.245373,22.2882439],[114.2453685,22.2882495],[114.2453655,22.2882536],[114.2453602,22.2882536],[114.2453593,22.2882513],[114.2453565,22.2882446],[114.2453564,22.288232],[114.2453595,22.2882215],[114.2453598,22.288203],[114.2453583,22.2881982],[114.2453551,22.2881933],[114.2453515,22.2881874],[114.2453249,22.2881632],[114.2453061,22.2881599],[114.2452917,22.2881522],[114.2452797,22.2881487],[114.2452722,22.2881438],[114.2452654,22.2881389],[114.2452489,22.2881347],[114.245238,22.2881342],[114.2452282,22.2881394],[114.2452252,22.2881491],[114.2452203,22.2881613],[114.2452135,22.2881705],[114.2452091,22.2881851],[114.2452091,22.2882033],[114.2452106,22.2882151],[114.2452177,22.2882229],[114.2452323,22.2882285]],[[114.242923,22.2855112],[114.2429119,22.2855009],[114.2428971,22.2855002],[114.242889,22.285514],[114.2428818,22.285528],[114.2428844,22.2855435],[114.2428955,22.2855589],[114.2428996,22.2855781],[114.2429001,22.2855805],[114.2429215,22.2855846],[114.2429227,22.2855814],[114.2429288,22.2855641],[114.2429518,22.2855648],[114.2429518,22.2855551],[114.2429436,22.2855469],[114.2429288,22.2855383],[114.2429347,22.2855317],[114.2429482,22.2855305],[114.2429482,22.2855203],[114.2429316,22.2855177],[114.242923,22.2855112]],[[114.1988738,22.3164893],[114.1988866,22.3164853],[114.1989127,22.3164718],[114.1989491,22.3164402],[114.1989515,22.3164243],[114.1989473,22.3164125],[114.1989375,22.3164046],[114.1989211,22.3164001],[114.1989114,22.3164012],[114.1988847,22.3164092],[114.1988581,22.316412],[114.1988332,22.3164227],[114.1987998,22.3164255],[114.1987731,22.3164243],[114.198769,22.3164295],[114.1987682,22.3164424],[114.1987701,22.3164537],[114.1987755,22.3164571],[114.1987835,22.3164515],[114.1987883,22.3164504],[114.1988084,22.3164554],[114.1988186,22.3164611],[114.1988302,22.316474],[114.1988399,22.3164763],[114.1988569,22.3164887],[114.1988738,22.3164893]],[[114.1966001,22.309699],[114.1965535,22.3096968],[114.1965316,22.3097063],[114.1965085,22.3097306],[114.1965007,22.3097629],[114.1965043,22.3097843],[114.1965413,22.3098255],[114.1974192,22.3102487],[114.1966117,22.3113995],[114.1966052,22.3113951],[114.1965912,22.3113889],[114.196576,22.3113855],[114.1965626,22.311385],[114.1965512,22.3113866],[114.1965391,22.3113906],[114.1965293,22.3113963],[114.1965179,22.3114075],[114.1964887,22.3114493],[114.196257,22.3117778],[114.1961151,22.3119799],[114.196,22.3121433],[114.1946261,22.3140943],[114.1946183,22.3141107],[114.1946152,22.3141294],[114.1946158,22.31414],[114.1946189,22.3141507],[114.1946237,22.3141603],[114.1946304,22.3141705],[114.1946382,22.3141784],[114.1946402,22.3141797],[114.1946,22.3142333],[114.1969333,22.31535],[114.2011317,22.3120403],[114.2011857,22.3120442],[114.2012196,22.3120239],[114.2012311,22.3120076],[114.2012366,22.3119697],[114.2012305,22.3119506],[114.2011989,22.3119195],[114.2009028,22.3117773],[114.1966001,22.309699]],[[114.242146,22.2856798],[114.2421746,22.2856692],[114.2421628,22.2856356],[114.242158,22.285622],[114.2421277,22.2856318],[114.242146,22.2856798]],[[114.2407606,22.2858964],[114.2407615,22.285899],[114.2407621,22.2859002],[114.2407648,22.2859033],[114.2407696,22.2859057],[114.240774,22.2859069],[114.2407823,22.2859081],[114.2407885,22.2859077],[114.2407911,22.2859068],[114.2407951,22.2859034],[114.2408001,22.2858983],[114.240804,22.2858934],[114.2408069,22.2858885],[114.2408087,22.2858837],[114.2408097,22.285879],[114.24081,22.2858743],[114.2408097,22.2858713],[114.2408087,22.2858668],[114.2408066,22.2858628],[114.2408035,22.2858597],[114.2407992,22.2858573],[114.2407939,22.2858556],[114.2407881,22.285855],[114.2407826,22.2858555],[114.2407773,22.2858572],[114.2407723,22.28586],[114.2407677,22.2858639],[114.2407641,22.2858682],[114.2407623,22.2858714],[114.2407604,22.2858764],[114.2407595,22.285882],[114.2407593,22.2858873],[114.2407596,22.2858921],[114.2407606,22.2858964]],[[114.2504738,22.2932541],[114.2504661,22.2932565],[114.2504622,22.2932574],[114.2504579,22.2932579],[114.250453,22.293258],[114.2504473,22.2932587],[114.2504407,22.2932622],[114.2504334,22.2932711],[114.2504365,22.2932911],[114.250446,22.2933106],[114.2504605,22.2933303],[114.2504785,22.2933503],[114.2505175,22.2933903],[114.2505348,22.2934093],[114.2505489,22.2934269],[114.2505593,22.2934427],[114.2505662,22.2934566],[114.2505706,22.2934686],[114.2505775,22.2934937],[114.2505793,22.293499],[114.2505822,22.2935066],[114.2505831,22.2935096],[114.2505845,22.2935206],[114.2505857,22.2935265],[114.2505878,22.2935338],[114.2505909,22.2935426],[114.250595,22.2935526],[114.2506001,22.2935633],[114.2506059,22.2935741],[114.2506122,22.2935844],[114.2506189,22.2935941],[114.2506259,22.2936028],[114.2506328,22.2936103],[114.2506396,22.2936166],[114.2506462,22.2936218],[114.2506527,22.2936257],[114.2506591,22.2936285],[114.2506657,22.2936302],[114.2506727,22.2936309],[114.2506804,22.2936309],[114.2506891,22.2936307],[114.2506991,22.2936306],[114.2507109,22.2936312],[114.2507245,22.2936331],[114.2507399,22.2936363],[114.2507565,22.2936408],[114.2507736,22.2936463],[114.2508049,22.2936569],[114.2508174,22.293661],[114.2508271,22.2936637],[114.2508343,22.2936652],[114.2508395,22.2936656],[114.2508433,22.2936652],[114.2508462,22.2936642],[114.2508484,22.2936628],[114.2508501,22.293661],[114.2508512,22.2936588],[114.2508516,22.2936562],[114.2508514,22.2936533],[114.2508506,22.29365],[114.2508496,22.2936466],[114.2508488,22.293643],[114.2508486,22.2936396],[114.2508492,22.2936364],[114.2508506,22.2936333],[114.2508549,22.2936275],[114.2508571,22.2936243],[114.2508592,22.2936205],[114.2508649,22.2936081],[114.25087,22.2935979],[114.2508773,22.2935841],[114.2508857,22.293567],[114.2508927,22.2935479],[114.2508945,22.293529],[114.2508414,22.2934742],[114.2508152,22.293442],[114.250805,22.2934236],[114.2508028,22.2934128],[114.2508032,22.2934055],[114.2508039,22.2933995],[114.2508042,22.2933943],[114.2508037,22.2933893],[114.2508017,22.293384],[114.2507976,22.293378],[114.2507907,22.2933709],[114.2507806,22.2933623],[114.250767,22.293352],[114.2507502,22.2933403],[114.2507308,22.2933278],[114.2507099,22.2933152],[114.2506889,22.2933035],[114.2506689,22.2932935],[114.2506508,22.2932855],[114.2506351,22.2932797],[114.2506217,22.2932755],[114.2506015,22.2932701],[114.250594,22.2932677],[114.250588,22.293265],[114.250583,22.2932615],[114.2505788,22.2932572],[114.2505751,22.2932519],[114.2505717,22.2932457],[114.2505647,22.2932309],[114.2505605,22.2932229],[114.2505557,22.2932148],[114.2505502,22.2932071],[114.2505442,22.2932],[114.2505378,22.2931938],[114.2505313,22.2931888],[114.2505253,22.2931852],[114.2505198,22.2931832],[114.2505152,22.2931828],[114.2505116,22.2931841],[114.2505089,22.2931869],[114.2505071,22.293191],[114.2505062,22.2931962],[114.2505058,22.2932024],[114.2505058,22.293209],[114.250506,22.2932159],[114.250506,22.2932226],[114.2505057,22.2932287],[114.2505047,22.2932343],[114.2505032,22.293239],[114.2505009,22.2932428],[114.250498,22.2932458],[114.2504946,22.2932481],[114.2504907,22.2932498],[114.2504865,22.293251],[114.2504779,22.293253],[114.2504738,22.2932541]],[[114.2671541,22.2811566],[114.2671528,22.2811458],[114.2671496,22.2811246],[114.2671432,22.2811012],[114.2671272,22.2810657],[114.2671213,22.2810651],[114.2671107,22.2810732],[114.2671002,22.2810893],[114.2670901,22.2811148],[114.2670827,22.2811371],[114.2670802,22.2811465],[114.2670782,22.2811561],[114.267077,22.281164],[114.2670764,22.2811711],[114.2670765,22.2811762],[114.2670772,22.2811812],[114.2670784,22.2811848],[114.2670803,22.2811878],[114.2670826,22.2811899],[114.2670869,22.2811922],[114.267092,22.2811943],[114.2670974,22.2811961],[114.2671071,22.2811981],[114.2671177,22.2811994],[114.2671264,22.2811996],[114.2671344,22.2811988],[114.2671394,22.2811973],[114.267144,22.2811946],[114.2671475,22.2811911],[114.2671504,22.2811865],[114.2671525,22.2811808],[114.2671538,22.2811741],[114.2671544,22.2811655],[114.2671541,22.2811566]],[[114.2764872,22.2625342],[114.2765091,22.2625144],[114.2764241,22.2624734],[114.2763856,22.2624941],[114.2763751,22.2625083],[114.2763976,22.2625276],[114.276451,22.2625397],[114.2764872,22.2625342]],[[114.2364423,22.2882224],[114.2364487,22.2882241],[114.2364547,22.2882238],[114.2364802,22.2882103],[114.2364964,22.2882009],[114.2365032,22.2881949],[114.2365162,22.2881847],[114.2365259,22.2881751],[114.2365347,22.2881679],[114.2365414,22.2881614],[114.2365445,22.2881518],[114.2365428,22.2881455],[114.2365392,22.2881425],[114.2365317,22.2881411],[114.2365219,22.2881418],[114.2364808,22.2881487],[114.2364574,22.2881537],[114.2364424,22.2881586],[114.236431,22.2881648],[114.2364264,22.2881692],[114.2364253,22.2881745],[114.2364256,22.2881915],[114.2364283,22.2882039],[114.2364338,22.2882147],[114.236439,22.2882203],[114.2364423,22.2882224]],[[114.2400196,22.2861625],[114.2400176,22.2861509],[114.2400121,22.2861421],[114.240002,22.2861336],[114.2399949,22.2861316],[114.2399859,22.2861343],[114.2399831,22.2861404],[114.2399846,22.2861451],[114.2399919,22.2861529],[114.2399977,22.2861575],[114.2400019,22.286163],[114.2400059,22.2861717],[114.2400104,22.2861857],[114.2400156,22.286193],[114.2400195,22.2861961],[114.2400295,22.2861995],[114.2400322,22.2862],[114.240036,22.2861989],[114.2400385,22.286197],[114.24004,22.2861943],[114.2400405,22.2861914],[114.2400398,22.2861878],[114.2400335,22.2861785],[114.2400243,22.2861707],[114.2400214,22.2861671],[114.2400196,22.2861625]],[[114.2399663,22.2860909],[114.2399668,22.2860914],[114.2399718,22.2860965],[114.2399761,22.286099],[114.2399841,22.2861016],[114.239991,22.2861021],[114.2399952,22.2861012],[114.2400021,22.2860965],[114.2400035,22.2860956],[114.2400074,22.2860903],[114.2400093,22.2860849],[114.240009,22.2860759],[114.2400074,22.2860716],[114.2400049,22.2860677],[114.2400037,22.2860665],[114.2399838,22.2860553],[114.2399781,22.2860539],[114.2399667,22.2860567],[114.2399547,22.2860575],[114.2399454,22.2860541],[114.2399408,22.2860521],[114.2399248,22.2860499],[114.2399199,22.2860507],[114.2399116,22.2860581],[114.2399093,22.2860678],[114.2399117,22.2860766],[114.2399202,22.2860844],[114.2399285,22.2860875],[114.2399391,22.2860883],[114.239954,22.2860874],[114.2399589,22.2860881],[114.2399663,22.2860909]]],[[[114.1319288,22.2555071],[114.1319069,22.2555393],[114.1317532,22.2557643],[114.131615,22.2559663],[114.1316073,22.2559778],[114.1315923,22.256],[114.1312936,22.2564382],[114.1310187,22.2567978],[114.1305432,22.2574135],[114.1304436,22.2575431],[114.1303236,22.2576994],[114.1301675,22.2578944],[114.129951,22.2581747],[114.1297825,22.2583616],[114.129735,22.25843],[114.1296264,22.258362],[114.1288211,22.2594561],[114.1289185,22.2595185],[114.1289122,22.2596001],[114.128896,22.2596461],[114.1288222,22.2597088],[114.1288609,22.2597349],[114.1288521,22.259747],[114.1288424,22.2597603],[114.1287953,22.2597328],[114.1287569,22.2597951],[114.1284413,22.2602075],[114.1280095,22.260774],[114.1277168,22.2611579],[114.1276592,22.2614076],[114.1275172,22.2615244],[114.1274646,22.2617642],[114.127362,22.2620154],[114.1272743,22.2620431],[114.1272343,22.2620897],[114.1271827,22.262185],[114.1270657,22.2622262],[114.1269386,22.2622704],[114.1267566,22.2623262],[114.1266832,22.2623809],[114.1266407,22.2624351],[114.1266323,22.262476],[114.1266322,22.262649],[114.1265994,22.2628346],[114.1264877,22.2628646],[114.1263689,22.2630366],[114.1261747,22.2632404],[114.1261637,22.2634148],[114.1261517,22.2635536],[114.1260926,22.2636584],[114.1260602,22.2638782],[114.1260144,22.2639012],[114.1258928,22.2638494],[114.1258439,22.2638211],[114.1258004,22.2638002],[114.1257592,22.2638007],[114.1257318,22.2638204],[114.1257118,22.2638452],[114.1257257,22.2638802],[114.1258322,22.2639603],[114.1258777,22.2640131],[114.1256469,22.2645473],[114.1253945,22.2650066],[114.1252602,22.2651414],[114.1251582,22.2652962],[114.1250507,22.2653961],[114.1249057,22.2656208],[114.1248466,22.2657956],[114.1247607,22.2658705],[114.1245137,22.2660352],[114.1244868,22.2661251],[114.1245243,22.2663249],[114.1243846,22.2664442],[114.1243256,22.2664946],[114.1237882,22.2673511],[114.1237059,22.2676311],[114.1237103,22.2677109],[114.1236652,22.2677818],[114.1235024,22.2678588],[114.1234358,22.2678971],[114.1233659,22.2679744],[114.1233764,22.2684081],[114.1233635,22.2684684],[114.1231532,22.2688738],[114.1229741,22.2692407],[114.1228837,22.2694136],[114.122732,22.2697043],[114.1227051,22.2697847],[114.1226761,22.2698293],[114.1226899,22.2699338],[114.1227025,22.2699894],[114.1226842,22.270037],[114.1226651,22.2700872],[114.1226282,22.2701795],[114.1225792,22.2702147],[114.1224904,22.270307],[114.1224449,22.2702942],[114.122435,22.2703236],[114.1224864,22.2703385],[114.1224335,22.2703722],[114.1223544,22.2704479],[114.1222701,22.2705338],[114.1222426,22.2705656],[114.1221959,22.2706196],[114.1221487,22.2706543],[114.1220779,22.2707063],[114.1220206,22.270772],[114.1219138,22.2708556],[114.1217842,22.2709614],[114.1216505,22.2710395],[114.1215492,22.2711064],[114.1214391,22.2711711],[114.1213096,22.2712103],[114.121263,22.2711474],[114.1212503,22.2711544],[114.1212979,22.2712182],[114.1212029,22.2712668],[114.1211644,22.2712911],[114.1210793,22.2713324],[114.1209256,22.2714116],[114.1207615,22.2715009],[114.1207242,22.2715175],[114.1206698,22.2715509],[114.1205098,22.2716414],[114.1204722,22.2716133],[114.1203989,22.271582],[114.1202431,22.271547],[114.1201474,22.2715577],[114.1200769,22.271569],[114.1199951,22.271631],[114.1198902,22.2716535],[114.1198671,22.2716377],[114.119758,22.271679],[114.1196841,22.2717397],[114.119603,22.271778],[114.1195212,22.2718236],[114.1194523,22.2718792],[114.119393,22.2719947],[114.1193263,22.2719876],[114.1192977,22.2719498],[114.119279,22.2719604],[114.1193027,22.2719956],[114.1192853,22.2720061],[114.119236,22.272149],[114.1191562,22.2722585],[114.1191117,22.2723429],[114.1190352,22.2724501],[114.119003,22.2725115],[114.1189766,22.2725623],[114.1189194,22.272622],[114.1188595,22.2726573],[114.1188091,22.2727033],[114.1187462,22.2726866],[114.1186999,22.2726991],[114.1186305,22.2727587],[114.1185926,22.2727975],[114.1185879,22.2728616],[114.1185795,22.2728938],[114.1185544,22.2729213],[114.1184376,22.273003],[114.1183856,22.2730431],[114.1183265,22.2730877],[114.1182911,22.2731307],[114.1182315,22.2732339],[114.1181666,22.2733473],[114.1180865,22.273505],[114.1180385,22.2735574],[114.1179719,22.2736372],[114.1179539,22.2736777],[114.1179424,22.2737218],[114.117927,22.273748],[114.1179129,22.273754],[114.1178923,22.2737552],[114.117868,22.2737444],[114.1178436,22.2737456],[114.1178193,22.2737552],[114.1177258,22.2738267],[114.1176488,22.2738576],[114.1174592,22.2739172],[114.1173911,22.2739348],[114.1172438,22.2739731],[114.1172028,22.2739898],[114.1171681,22.2740124],[114.1171336,22.2740386],[114.1170796,22.2741041],[114.117063,22.2741303],[114.1170157,22.2741769],[114.1169042,22.2742423],[114.1168119,22.2743116],[114.1167107,22.2743876],[114.1166756,22.274422],[114.1135667,22.2729166],[114.115193,22.27],[114.1230088,22.256],[114.1236197,22.255],[114.12635,22.2501333],[114.1319209,22.2544987],[114.1319091,22.2545462],[114.1318972,22.2546239],[114.1318899,22.2546997],[114.1318891,22.254709],[114.1318891,22.2547756],[114.131909,22.2548422],[114.1319487,22.2548904],[114.1319846,22.2549386],[114.1320005,22.2549681],[114.1320148,22.2550385],[114.1320163,22.2550458],[114.1320123,22.2550866],[114.1320004,22.2551051],[114.1319884,22.2551347],[114.1319725,22.2551606],[114.1319764,22.2552013],[114.1320003,22.2552383],[114.1320282,22.2552458],[114.1320607,22.2552639],[114.132068,22.255268],[114.13209,22.2553],[114.1320761,22.2553184],[114.1320677,22.2553296],[114.1319758,22.2554384],[114.1319288,22.2555071]],[[114.1190421,22.2724085],[114.1190651,22.2724012],[114.1190693,22.2723882],[114.1190578,22.2723672],[114.119013,22.2723418],[114.1189906,22.2723396],[114.1189796,22.2723542],[114.118996,22.2723813],[114.1190421,22.2724085]],[[114.1205943,22.2715539],[114.120603,22.2715627],[114.1206187,22.2715644],[114.1206337,22.2715594],[114.1206408,22.2715454],[114.1206397,22.2715336],[114.1206277,22.2715133],[114.120604,22.2715105],[114.1205889,22.2715234],[114.12059,22.2715369],[114.1205943,22.2715539]],[[114.1178801,22.2736833],[114.1178921,22.2736703],[114.1179016,22.2736563],[114.1179021,22.2736403],[114.1178947,22.2736279],[114.1178865,22.2736271],[114.1178565,22.2736312],[114.1178355,22.2736426],[114.1178003,22.2736759],[114.1177783,22.2737068],[114.1177814,22.2737226],[114.1177948,22.2737291],[114.1178163,22.2737252],[114.1178316,22.2737179],[114.1178591,22.273703],[114.1178801,22.2736833]]],[[[114.0638747,22.3539728],[114.0637048,22.3539468],[114.0636308,22.3539066],[114.0635944,22.3539415],[114.0635392,22.3539251],[114.0634265,22.3537873],[114.0633755,22.3537179],[114.0633265,22.353636],[114.0632992,22.3535615],[114.0632666,22.35336],[114.0632583,22.3531917],[114.0632742,22.3530213],[114.0633064,22.3528368],[114.0634806,22.3528363],[114.0634795,22.3528042],[114.0636561,22.3528043],[114.0636913,22.3528044],[114.0640066,22.3529088],[114.0641695,22.3529626],[114.0649026,22.3532054],[114.0649123,22.3531974],[114.0650065,22.3529576],[114.0649957,22.3529362],[114.0645945,22.3528007],[114.0641192,22.3526404],[114.0641188,22.3525425],[114.0641187,22.3524999],[114.0640944,22.3524136],[114.0640424,22.3523514],[114.0639835,22.3523322],[114.0639053,22.3523214],[114.0637736,22.3523185],[114.0637149,22.3523316],[114.0634539,22.3523898],[114.0634306,22.3523397],[114.0633664,22.3522742],[114.0632676,22.3522198],[114.0631924,22.3521781],[114.0631079,22.352127],[114.0630531,22.3520757],[114.0630267,22.3520427],[114.063079,22.3519847],[114.0630712,22.3519539],[114.0630459,22.3519264],[114.0630245,22.3519033],[114.0629955,22.3518821],[114.0629493,22.3518867],[114.0628785,22.3519465],[114.0628733,22.3519821],[114.0628171,22.3519864],[114.0626978,22.3519584],[114.0625677,22.3519116],[114.0624194,22.3518379],[114.0622481,22.3517095],[114.0622742,22.3516891],[114.0623124,22.3516841],[114.0623295,22.3516723],[114.0623355,22.3516553],[114.0622797,22.3516339],[114.0622342,22.3516377],[114.0621596,22.3516383],[114.0619936,22.3515523],[114.0618815,22.3514314],[114.0617893,22.3512844],[114.061754,22.3511926],[114.0617365,22.3509745],[114.0617121,22.3508606],[114.0616936,22.3507095],[114.061683,22.3505732],[114.0616783,22.3504146],[114.0616815,22.3503172],[114.0617059,22.3501639],[114.061737,22.3500115],[114.0617421,22.349817],[114.0617362,22.3496631],[114.0617373,22.3495414],[114.061749,22.3494104],[114.0617722,22.3492793],[114.0618224,22.3491376],[114.0618598,22.3490527],[114.0619276,22.3489408],[114.0619955,22.3489781],[114.0620435,22.3489911],[114.0620781,22.3489771],[114.0620908,22.3489398],[114.0621261,22.3488619],[114.0621849,22.3487887],[114.0622521,22.3487134],[114.0622714,22.3486408],[114.0623546,22.3486106],[114.0626214,22.3486302],[114.0629052,22.3486762],[114.0632281,22.3487303],[114.0636442,22.3487822],[114.063886,22.348841],[114.0638607,22.3489304],[114.0641968,22.3490242],[114.0642455,22.348885],[114.0643504,22.3488816],[114.064459,22.3488478],[114.0645829,22.3487395],[114.0646231,22.3486792],[114.0646631,22.3485596],[114.064738,22.3483247],[114.0647444,22.3482518],[114.0647188,22.3481041],[114.0646606,22.3480047],[114.064617,22.3478963],[114.0646292,22.3478129],[114.0646797,22.3476599],[114.0647236,22.347507],[114.0649596,22.3467722],[114.0651316,22.3462723],[114.0652863,22.346277],[114.06558,22.3463715],[114.0657762,22.3464238],[114.0658511,22.3464439],[114.0659585,22.3464485],[114.0660629,22.3463797],[114.0661037,22.346308],[114.0661364,22.3462177],[114.0662058,22.3459621],[114.0662399,22.3458741],[114.0662375,22.3457928],[114.0661842,22.3457595],[114.066231,22.3456144],[114.0651767,22.3453208],[114.0651604,22.3452496],[114.065064,22.3451841],[114.0649858,22.3451564],[114.0646733,22.345085],[114.0645322,22.345049],[114.0644307,22.34502],[114.0645041,22.3449692],[114.0644192,22.3449178],[114.0644022,22.3449094],[114.0643094,22.34492],[114.0642809,22.3449041],[114.0642773,22.3448748],[114.0642888,22.3448596],[114.0643192,22.3448427],[114.0643373,22.3448184],[114.0643745,22.3447947],[114.0644261,22.3447294],[114.0645571,22.3447277],[114.0645924,22.3447142],[114.0646597,22.3446437],[114.0646737,22.3445963],[114.0646411,22.3445319],[114.0646289,22.3445155],[114.0646617,22.3444885],[114.0646805,22.3444947],[114.0647042,22.3444896],[114.064723,22.3444682],[114.0647108,22.34444],[114.06468,22.3444213],[114.0646241,22.3444297],[114.0645507,22.3443698],[114.0645095,22.3443218],[114.064455,22.3442372],[114.064316,22.3442766],[114.0641886,22.3442539],[114.0641517,22.3441839],[114.0639933,22.3441866],[114.0639526,22.3442514],[114.0637402,22.3442547],[114.0635504,22.3441964],[114.0633302,22.3441952],[114.0632877,22.3442448],[114.0631712,22.3442198],[114.0630796,22.3441509],[114.0631112,22.3441171],[114.0630972,22.344103],[114.0630632,22.3441396],[114.0629899,22.3439963],[114.0628268,22.3438871],[114.0626983,22.3437764],[114.0626717,22.343694],[114.0627179,22.3436653],[114.0627239,22.3436489],[114.0627045,22.3436144],[114.0626153,22.3436144],[114.0625322,22.3435545],[114.0623077,22.3436085],[114.0621136,22.3435672],[114.0619898,22.3435513],[114.0619006,22.3435613],[114.0616823,22.3435188],[114.0614421,22.3433646],[114.0613123,22.3433409],[114.061029,22.3432485],[114.0609158,22.3432546],[114.0608367,22.3431759],[114.0607552,22.3430305],[114.0607125,22.342909],[114.0608575,22.342791],[114.0609006,22.3427004],[114.0609892,22.3426214],[114.0610725,22.3425294],[114.0610907,22.3424962],[114.0611053,22.3424693],[114.0609308,22.3423895],[114.0608652,22.3425001],[114.0607225,22.3426369],[114.0606206,22.3427291],[114.0605684,22.3427449],[114.0605295,22.3427335],[114.0603761,22.3426651],[114.0602875,22.3426075],[114.0600789,22.3426182],[114.0600006,22.3425468],[114.0599139,22.3425936],[114.0597992,22.3425975],[114.0596407,22.3426363],[114.0595388,22.3426719],[114.0594654,22.3426226],[114.0593241,22.3426118],[114.0592385,22.342632],[114.0591657,22.3426608],[114.0591644,22.3426919],[114.0592517,22.3427449],[114.0592724,22.342806],[114.0592984,22.3428985],[114.0591362,22.3431146],[114.0589923,22.3432917],[114.0587445,22.3434941],[114.0587195,22.3436143],[114.0586605,22.3437768],[114.058633,22.3438832],[114.0586283,22.3439439],[114.0585675,22.3440228],[114.0584239,22.3442208],[114.058213,22.3443953],[114.0580517,22.3444894],[114.0578917,22.3445704],[114.0578074,22.3445471],[114.0578226,22.3445229],[114.0576829,22.3445403],[114.0575581,22.3445588],[114.0574251,22.3445672],[114.0572886,22.3446258],[114.0571132,22.3446511],[114.0569783,22.3447613],[114.0569031,22.3448563],[114.0568539,22.3449438],[114.0567985,22.3450848],[114.0567778,22.3451622],[114.0567535,22.3453128],[114.056743,22.3454681],[114.0567594,22.3455672],[114.0568096,22.3456769],[114.0568756,22.3457628],[114.0568453,22.3457903],[114.0568493,22.3458567],[114.0567389,22.3459263],[114.0567237,22.3460381],[114.0565654,22.3462101],[114.0565645,22.3462451],[114.05671,22.346236],[114.056798,22.3463294],[114.056841,22.3464134],[114.0568658,22.346492],[114.0568518,22.3465947],[114.0568414,22.3466658],[114.0568007,22.3467171],[114.0567988,22.34683],[114.0567605,22.346904],[114.0567598,22.3469344],[114.0566992,22.3469158],[114.0566712,22.3469165],[114.0566227,22.3469105],[114.0565621,22.3469269],[114.0565505,22.3469546],[114.0565572,22.3470123],[114.0565699,22.3470234],[114.0566336,22.3470189],[114.0567131,22.3470235],[114.056721,22.3470658],[114.0567319,22.3470687],[114.0567349,22.3471562],[114.0567256,22.3472035],[114.0567019,22.3472306],[114.0567008,22.3472865],[114.0567353,22.3473034],[114.056782,22.3473103],[114.0568567,22.3473082],[114.0568795,22.3473962],[114.0568541,22.347396],[114.0568432,22.3474119],[114.0568546,22.3474334],[114.0568992,22.3474503],[114.0569153,22.3474718],[114.0569451,22.3474831],[114.0570136,22.3474821],[114.0570542,22.347477],[114.0570785,22.3474646],[114.0571368,22.3474522],[114.0571902,22.3474692],[114.0570929,22.347692],[114.0570844,22.3477243],[114.0570939,22.3479162],[114.0571176,22.347915],[114.0571038,22.3477988],[114.0571123,22.347705],[114.0572102,22.3474754],[114.057401,22.3474584],[114.0575516,22.3475018],[114.0577907,22.3474734],[114.0579334,22.3475432],[114.0580231,22.3476804],[114.0581134,22.3477668],[114.0581182,22.347812],[114.0580241,22.3478649],[114.0579657,22.3480218],[114.0578898,22.3481104],[114.0576477,22.3481492],[114.0576403,22.3482197],[114.057584,22.348205],[114.057581,22.3480982],[114.0574627,22.3480728],[114.0572164,22.3480839],[114.0569342,22.3481277],[114.0568977,22.3481028],[114.0569095,22.3479861],[114.0569435,22.3478652],[114.0569157,22.3478561],[114.0568809,22.3479713],[114.0568669,22.3481232],[114.0568401,22.3481536],[114.0567224,22.3482054],[114.056513,22.3482368],[114.0564506,22.3481701],[114.0564106,22.3481606],[114.0563226,22.3481871],[114.0561426,22.3482774],[114.0562198,22.3483929],[114.056068,22.3484984],[114.055974,22.3485384],[114.0559789,22.3484311],[114.0559085,22.34843],[114.0559048,22.3485028],[114.0558544,22.3484413],[114.0558285,22.34836],[114.0557733,22.3483384],[114.055695,22.3483451],[114.0558458,22.3482187],[114.0559409,22.3481388],[114.0559166,22.3481185],[114.0558047,22.3482114],[114.0556932,22.348304],[114.0555173,22.348266],[114.0555937,22.3480981],[114.0556128,22.3480403],[114.0555721,22.3480239],[114.0556059,22.3479198],[114.0556208,22.3478738],[114.0553964,22.3478081],[114.0553955,22.3478106],[114.0553877,22.3478347],[114.0553714,22.3478849],[114.0555467,22.3479392],[114.0555631,22.347967],[114.0555467,22.3480166],[114.0555176,22.3480086],[114.0555036,22.3480109],[114.0554987,22.348026],[114.055461,22.3481441],[114.0554591,22.3482305],[114.0553918,22.3482365],[114.0552612,22.3482805],[114.055186,22.3482725],[114.055141,22.34829],[114.0549845,22.3483993],[114.0548922,22.3484348],[114.0548717,22.3484106],[114.0548522,22.3483992],[114.0548188,22.3484184],[114.0547727,22.3484421],[114.0546791,22.3485001],[114.054636,22.3485193],[114.0545632,22.3485435],[114.054474,22.3485643],[114.0544612,22.3485734],[114.0544612,22.3485824],[114.0544358,22.3486083],[114.0544024,22.3486315],[114.0543756,22.3486433],[114.0543138,22.348659],[114.0542671,22.348657],[114.0542379,22.3486437],[114.0535746,22.3482027],[114.0535667,22.3482],[114.0613333,22.3382],[114.0644036,22.3365527],[114.0758109,22.3304324],[114.0805,22.3279167],[114.0788139,22.3323427],[114.0780869,22.3342509],[114.0740529,22.34485],[114.0702333,22.3548667],[114.068,22.3570834],[114.0566167,22.3570834],[114.056619,22.3553217],[114.0566556,22.3553644],[114.0567322,22.3553669],[114.0569658,22.3555299],[114.0571674,22.3555273],[114.057304,22.355533],[114.0574043,22.3555027],[114.0576565,22.3554934],[114.0577617,22.3554987],[114.0578928,22.3554968],[114.0580062,22.3554828],[114.0580672,22.3556279],[114.0581018,22.3556527],[114.0581921,22.3556289],[114.0582963,22.3556895],[114.0583574,22.3556941],[114.0595021,22.3557803],[114.0598199,22.3556828],[114.0598903,22.3556657],[114.0599408,22.3556819],[114.0599952,22.3556651],[114.0600187,22.3557304],[114.0599627,22.3557475],[114.0599128,22.355806],[114.0599153,22.355845],[114.0599882,22.3558211],[114.0600155,22.3558615],[114.0600681,22.3558896],[114.0602357,22.3558195],[114.0605439,22.3556904],[114.0605774,22.3556634],[114.0606029,22.3556283],[114.0606703,22.3554896],[114.0607152,22.3554687],[114.0607227,22.3554361],[114.0607098,22.3554159],[114.0606283,22.3554279],[114.0606133,22.3553917],[114.0606331,22.3553417],[114.0607135,22.3552883],[114.0607551,22.3552434],[114.0607632,22.3551756],[114.060795,22.3551262],[114.0608478,22.3550712],[114.0609813,22.3549866],[114.0610148,22.3549776],[114.0610514,22.354972],[114.0610912,22.3549658],[114.0612077,22.3549315],[114.0612879,22.3548881],[114.0613353,22.3548311],[114.0613863,22.3547595],[114.0615193,22.3546958],[114.0616674,22.3546626],[114.061759,22.3546649],[114.0618535,22.3546605],[114.0619404,22.3546396],[114.0619962,22.3546374],[114.0620853,22.3546426],[114.0622049,22.3546443],[114.0623081,22.3546907],[114.0623766,22.3547405],[114.0623689,22.3547733],[114.0623565,22.3548104],[114.0623674,22.354827],[114.0624142,22.3548235],[114.0624456,22.3547834],[114.0624773,22.3548021],[114.0624784,22.3548387],[114.0624601,22.3548708],[114.0624134,22.3548901],[114.0623837,22.3549347],[114.0623818,22.354956],[114.0624103,22.3549786],[114.0624589,22.3549951],[114.0625564,22.3550221],[114.0625979,22.3548679],[114.0626095,22.3548309],[114.0626592,22.3548027],[114.0627254,22.3548157],[114.0628418,22.3548735],[114.0628873,22.3549067],[114.0629309,22.3549643],[114.0629649,22.3549994],[114.0630328,22.3550756],[114.0630795,22.3551045],[114.0631607,22.355188],[114.0631966,22.3552004],[114.0632281,22.3552372],[114.0632772,22.3552875],[114.0632899,22.3553219],[114.0633129,22.3554004],[114.0633383,22.3554421],[114.0633528,22.3554675],[114.0633778,22.3554794],[114.0634596,22.3554908],[114.0635583,22.3554928],[114.0635653,22.3554883],[114.0636648,22.355461],[114.0637433,22.3554765],[114.0638224,22.3555192],[114.0638649,22.355556],[114.0638958,22.3555905],[114.0638909,22.3556277],[114.063868,22.3556909],[114.0638563,22.3557146],[114.0638341,22.3557568],[114.06378,22.3557305],[114.0637713,22.3557465],[114.0638353,22.355777],[114.0638611,22.3557823],[114.0639096,22.3557445],[114.0639376,22.3557186],[114.0639746,22.355788],[114.0640273,22.3558028],[114.064156,22.3558129],[114.0642591,22.3558543],[114.0644235,22.3559096],[114.0644186,22.3558369],[114.0644952,22.3557777],[114.0645401,22.3557856],[114.0645722,22.3558314],[114.0646565,22.3558935],[114.064728,22.3559127],[114.0648397,22.3558857],[114.0648968,22.3558564],[114.0649204,22.3558293],[114.0649717,22.3558017],[114.0651347,22.355821],[114.0651566,22.3557911],[114.0652281,22.3558262],[114.0652785,22.3557568],[114.0651155,22.3556952],[114.0650786,22.3556618],[114.0651233,22.3555771],[114.0651634,22.3555253],[114.0652078,22.3554898],[114.06522,22.3554491],[114.0653153,22.35539],[114.0652892,22.3553222],[114.0652528,22.3552709],[114.0652226,22.3552093],[114.065236,22.3551528],[114.065236,22.3551116],[114.0651783,22.3550636],[114.0651068,22.3550455],[114.0650094,22.3550012],[114.0649661,22.3549963],[114.0648884,22.3549466],[114.0648248,22.3548754],[114.0647527,22.3548104],[114.0646805,22.3546935],[114.0646126,22.3546099],[114.064643,22.3545671],[114.0646078,22.354483],[114.0646329,22.3544193],[114.0645899,22.3542934],[114.06448,22.3542572],[114.0644098,22.3542385],[114.0643751,22.3542887],[114.0643114,22.3542638],[114.0643321,22.3541883],[114.0642708,22.3541165],[114.0640324,22.3540192],[114.0638747,22.3539728]],[[114.0633691,22.3400362],[114.0634354,22.3400689],[114.0635082,22.3400901],[114.0636033,22.3400875],[114.0636435,22.3400717],[114.0636983,22.3400414],[114.0637413,22.340071],[114.0638242,22.3400421],[114.0638737,22.3400146],[114.0638883,22.339941],[114.0639187,22.3399066],[114.0639058,22.3398811],[114.0638726,22.3398667],[114.063806,22.3398083],[114.0637617,22.3397482],[114.0637871,22.3397084],[114.0638138,22.3396622],[114.0638776,22.3396644],[114.0638903,22.3396227],[114.0638425,22.3395786],[114.0637163,22.3395255],[114.0636878,22.3394916],[114.0635477,22.3394165],[114.0635671,22.3393701],[114.0635934,22.3392742],[114.0635703,22.3392342],[114.0635236,22.3391879],[114.0634484,22.3391551],[114.0633077,22.3391335],[114.0632719,22.3391442],[114.0631749,22.3391215],[114.0631233,22.3390928],[114.0629879,22.3390752],[114.0629159,22.3390655],[114.0628035,22.3390829],[114.0627441,22.3391048],[114.0626767,22.3391286],[114.0626332,22.3391501],[114.0626098,22.339174],[114.0625703,22.3391832],[114.062561,22.3392095],[114.0625136,22.3392084],[114.0624382,22.3391741],[114.0623863,22.3391521],[114.0623389,22.3391817],[114.0622966,22.3391976],[114.0622332,22.3392279],[114.0621696,22.3392531],[114.0621297,22.3392841],[114.0621,22.3393179],[114.0621535,22.3393698],[114.0621359,22.3394079],[114.0621135,22.3394224],[114.0620532,22.3395094],[114.0620795,22.3395956],[114.0620238,22.3396674],[114.0619991,22.339684],[114.0619927,22.339716],[114.0620102,22.3397598],[114.0619674,22.339792],[114.0619629,22.3398085],[114.0619944,22.3398827],[114.0620287,22.3399298],[114.0619794,22.3399474],[114.061964,22.3399728],[114.0619893,22.3399985],[114.0620881,22.3399866],[114.0621319,22.3400269],[114.0622043,22.3400558],[114.0621938,22.3401036],[114.0621684,22.3401583],[114.0621147,22.3402129],[114.0620528,22.340255],[114.0619691,22.3402388],[114.061931,22.3402269],[114.0618656,22.3402065],[114.0618399,22.3401901],[114.0618236,22.3401647],[114.0617625,22.3401751],[114.0617633,22.3401984],[114.0617551,22.3402121],[114.0617721,22.340237],[114.0617878,22.3402823],[114.061821,22.3403037],[114.0618507,22.3402993],[114.0618768,22.340316],[114.0618747,22.3403708],[114.0618352,22.3404767],[114.0617982,22.3405293],[114.0617525,22.3405623],[114.0616379,22.3406212],[114.0615426,22.3406469],[114.061461,22.3406521],[114.0614397,22.3406728],[114.0614535,22.3406906],[114.0614981,22.3407209],[114.0615445,22.3407791],[114.0615877,22.3408049],[114.0616618,22.3408246],[114.0617762,22.3408659],[114.0618538,22.3408679],[114.0619041,22.3408679],[114.0619731,22.340915],[114.0620756,22.3409227],[114.0621166,22.3409784],[114.062079,22.3411029],[114.0621294,22.3411692],[114.0621629,22.3412157],[114.0622077,22.3412332],[114.0623015,22.3412385],[114.0623818,22.341318],[114.0624129,22.3413156],[114.0624647,22.3412508],[114.06251,22.341217],[114.0625869,22.341244],[114.0626909,22.3411303],[114.0625707,22.340999],[114.0625941,22.3409298],[114.0626763,22.340932],[114.0627729,22.3408491],[114.0627888,22.3407891],[114.0627796,22.3407535],[114.062834,22.3406677],[114.0628577,22.3405881],[114.0629038,22.3403942],[114.0629578,22.3403097],[114.0629849,22.340259],[114.0630869,22.3401673],[114.0631963,22.3401412],[114.0632996,22.3400757],[114.0633691,22.3400362]],[[114.0613615,22.340468],[114.0613287,22.3405024],[114.0613281,22.3405194],[114.061351,22.3405482],[114.0613905,22.3405584],[114.0614755,22.3405697],[114.0615033,22.3405562],[114.0615368,22.3405223],[114.0615575,22.3404721],[114.0615587,22.3404462],[114.061529,22.3404236],[114.0614993,22.3404219],[114.0614222,22.3404506],[114.0613615,22.340468]],[[114.0612489,22.3408236],[114.0612623,22.3408715],[114.0612786,22.3408868],[114.0613921,22.3409066],[114.0614606,22.3409298],[114.0615115,22.3409575],[114.0616146,22.3409739],[114.0616462,22.3409446],[114.0616613,22.3409192],[114.0616505,22.3408864],[114.0615474,22.3408609],[114.0614661,22.3408005],[114.0614236,22.3407915],[114.0613388,22.3407801],[114.0612914,22.3407536],[114.0612526,22.340749],[114.0612065,22.3407739],[114.0611992,22.3408077],[114.0612489,22.3408236]],[[114.0652921,22.3557315],[114.0653193,22.3557947],[114.0654406,22.3558219],[114.0654785,22.3557624],[114.0652921,22.3557315]],[[114.0669648,22.3558293],[114.0669561,22.3558392],[114.0669561,22.3558483],[114.0670434,22.3559106],[114.0670667,22.3559097],[114.0670677,22.355889],[114.066991,22.3558284],[114.0669648,22.3558293]],[[114.0671227,22.3488334],[114.0670796,22.3489164],[114.0670553,22.3489705],[114.0669962,22.3491696],[114.0669763,22.3492366],[114.0669493,22.3493277],[114.0669184,22.3494636],[114.0669134,22.3495517],[114.0669418,22.3497148],[114.066989,22.3498063],[114.0671073,22.3499379],[114.0672255,22.3500328],[114.0673334,22.3500882],[114.0674135,22.3501108],[114.067403,22.3502789],[114.0673993,22.3503377],[114.0676779,22.3503537],[114.0676821,22.3502905],[114.0676932,22.3501183],[114.0677903,22.3500924],[114.0679151,22.3500541],[114.0679917,22.3500162],[114.0680131,22.3500057],[114.068072,22.3499561],[114.0681882,22.3498385],[114.0682517,22.3497676],[114.0682973,22.3497033],[114.0684072,22.3493621],[114.0684124,22.3493416],[114.0684142,22.3491915],[114.0683931,22.3490521],[114.0683247,22.348859],[114.0682859,22.3488025],[114.0682216,22.3487353],[114.0680803,22.3486314],[114.0680002,22.3485919],[114.0678814,22.3485545],[114.06776,22.3485279],[114.0676508,22.34853],[114.0675039,22.3485644],[114.0674527,22.3485825],[114.0672568,22.3486851],[114.067206,22.3487165],[114.0671677,22.34876],[114.0671227,22.3488334]],[[114.0644103,22.3520497],[114.0643307,22.3520621],[114.0643047,22.3520936],[114.064327,22.3521991],[114.0643596,22.3522161],[114.0644338,22.3522624],[114.0645279,22.3522451],[114.0645776,22.3521864],[114.064619,22.3521356],[114.064619,22.3520825],[114.06454,22.3520774],[114.0644854,22.3520847],[114.0644103,22.3520497]],[[114.0622869,22.3487822],[114.0622154,22.3487933],[114.0622359,22.3488467],[114.0623428,22.3489009],[114.0623993,22.348889],[114.0623997,22.3488238],[114.0623291,22.3487918],[114.0622869,22.3487822]]],[[[114.0760666,22.3573667],[114.0790155,22.3498043],[114.08885,22.3245834],[114.0985668,22.3054166],[114.1032833,22.3143],[114.1076507,22.3166762],[114.1133,22.31975],[114.1226404,22.3238561],[114.1263032,22.3249319],[114.1294895,22.3258677],[114.1327115,22.3268142],[114.1354036,22.327605],[114.1344642,22.3303777],[114.1341195,22.3305413],[114.1335974,22.330388],[114.1267274,22.3283712],[114.1267135,22.3283784],[114.1254005,22.3322422],[114.1242881,22.3355156],[114.1296272,22.3370815],[114.1292057,22.3383268],[114.1287446,22.3397125],[114.1233947,22.3381427],[114.1225155,22.3407485],[114.1216142,22.3434194],[114.1207107,22.3460739],[114.1198336,22.348644],[114.1154996,22.3473764],[114.1154723,22.347378],[114.1154535,22.3473966],[114.115389,22.3475868],[114.115397,22.3476144],[114.1154102,22.3476257],[114.1155188,22.3476568],[114.1154243,22.3479322],[114.1152104,22.3485546],[114.1151737,22.3486616],[114.1150946,22.3488916],[114.1150727,22.3489553],[114.1150413,22.3490468],[114.1150018,22.3491619],[114.1148969,22.3491309],[114.1147617,22.3495264],[114.1147088,22.3496811],[114.1146147,22.3499569],[114.1144077,22.3505625],[114.1145236,22.3506602],[114.1144713,22.3507909],[114.1142108,22.3514423],[114.1141091,22.3515029],[114.1140044,22.3515653],[114.113698,22.3523386],[114.1136653,22.3524213],[114.1136235,22.3524073],[114.1136047,22.3524719],[114.1136011,22.3525421],[114.1136398,22.3526641],[114.1137083,22.352764],[114.1138199,22.3528622],[114.1139393,22.3529487],[114.1140704,22.3530232],[114.1142063,22.353078],[114.1143367,22.3531091],[114.1143813,22.3531149],[114.1143829,22.3531146],[114.1145159,22.3538784],[114.114465,22.3539003],[114.1144365,22.3539371],[114.1144303,22.353988],[114.1144404,22.3540393],[114.1144571,22.3541573],[114.1144629,22.3542355],[114.1144559,22.3543825],[114.1144095,22.3545825],[114.1143319,22.3547564],[114.114098,22.3551115],[114.1132209,22.3562408],[114.1131156,22.3563219],[114.1129539,22.3565089],[114.1129259,22.3564994],[114.1128466,22.3565459],[114.1128092,22.3565882],[114.1127833,22.3566364],[114.1127833,22.3567034],[114.1128297,22.3567407],[114.1127593,22.3568332],[114.1125813,22.3570586],[114.1124868,22.3571741],[114.1124156,22.3572662],[114.112323,22.3573986],[114.1121905,22.3576192],[114.1121224,22.3577524],[114.1120866,22.3578305],[114.112077,22.3578542],[114.1120668,22.3578798],[114.1120343,22.3579707],[114.1120201,22.3580164],[114.1119742,22.3580572],[114.1119232,22.3581297],[114.1119038,22.3583089],[114.111943,22.3583616],[114.1119324,22.3586394],[114.1119388,22.3586864],[114.1119491,22.358714],[114.1119607,22.3587327],[114.1119685,22.3587399],[114.111986,22.3587564],[114.1120051,22.3587671],[114.1120274,22.3587736],[114.1120489,22.3587742],[114.1121,22.3592162],[114.1120825,22.3592137],[114.1120253,22.3592276],[114.1119647,22.3592719],[114.1119329,22.3593232],[114.1119044,22.3593853],[114.1117958,22.3596616],[114.1117537,22.359781],[114.1117407,22.3598324],[114.1117267,22.3598878],[114.111671,22.3601484],[114.1116674,22.3601654],[114.1116171,22.3604006],[114.111493,22.3609808],[114.1114464,22.3611997],[114.1114179,22.3612057],[114.1114062,22.3612197],[114.1114067,22.361243],[114.1114254,22.3612783],[114.1114337,22.361344],[114.1113964,22.3615154],[114.1113717,22.3617288],[114.1113764,22.3618672],[114.1114112,22.3620017],[114.1117288,22.3627409],[114.1119556,22.3632746],[114.111999,22.3633767],[114.1120575,22.3635143],[114.1123663,22.3642413],[114.11234,22.3642834],[114.1123846,22.3644262],[114.1124121,22.3646253],[114.1123863,22.364723],[114.1123359,22.3648296],[114.1122708,22.3649528],[114.1122375,22.3650064],[114.112008,22.3653556],[114.111804,22.3656208],[114.1115251,22.3659359],[114.1113681,22.3661102],[114.1111233,22.3663468],[114.111022,22.3664447],[114.1108302,22.3666071],[114.110808,22.3665837],[114.1108939,22.3665136],[114.1108985,22.366518],[114.1109203,22.3665],[114.1109011,22.3664804],[114.1108794,22.3664983],[114.1108852,22.3665043],[114.1107994,22.3665744],[114.1107768,22.3665503],[114.1107669,22.3665398],[114.1106023,22.3666739],[114.1105925,22.366682],[114.1105779,22.3666939],[114.1105681,22.3667019],[114.1105441,22.3667216],[114.1105764,22.3667558],[114.1104901,22.3668253],[114.1104847,22.3668188],[114.1104629,22.366837],[114.1104816,22.3668575],[114.1105036,22.3668397],[114.1104993,22.366835],[114.110585,22.366765],[114.1106128,22.3667945],[114.1102705,22.3670681],[114.1101964,22.3669726],[114.1101482,22.3670052],[114.1099979,22.3671069],[114.1100048,22.3671156],[114.1100737,22.367204],[114.1099403,22.3672659],[114.1098862,22.367293],[114.109551,22.3674893],[114.1095673,22.3675183],[114.1094596,22.3675681],[114.1094435,22.3675379],[114.1093609,22.3675753],[114.1093757,22.3676058],[114.1092659,22.3676527],[114.1092482,22.3676171],[114.1090134,22.3677104],[114.1088636,22.3674377],[114.1087986,22.3674625],[114.1087956,22.3674698],[114.1089478,22.3677481],[114.1087833,22.3678412],[114.1086541,22.3679286],[114.1085429,22.3680194],[114.1084263,22.3681306],[114.1083237,22.3682457],[114.1082053,22.368407],[114.1081148,22.3685645],[114.1080749,22.3686544],[114.1080066,22.3688506],[114.1079739,22.3689618],[114.1079489,22.369117],[114.1079759,22.3691361],[114.1079895,22.3691458],[114.1079791,22.3692744],[114.1079877,22.369602],[114.1079905,22.3697124],[114.1076932,22.3699932],[114.1063383,22.3712731],[114.1060727,22.3715253],[114.1055605,22.3720135],[114.1054039,22.3720306],[114.1042815,22.3721527],[114.1042088,22.3721606],[114.1040166,22.3721815],[114.1037977,22.3720162],[114.1030164,22.3714276],[114.1029982,22.3713762],[114.1029606,22.3713339],[114.1014538,22.3701756],[114.1004325,22.369412],[114.1003462,22.3693475],[114.100203,22.369286],[114.0991671,22.3685015],[114.0987882,22.3684906],[114.0986969,22.3684052],[114.0984736,22.3683313],[114.098511,22.3682899],[114.0984984,22.3682801],[114.0985227,22.3682531],[114.0985383,22.3682653],[114.0985783,22.3682211],[114.0985306,22.3681856],[114.0985218,22.3681958],[114.0984928,22.3682294],[114.0985056,22.3682393],[114.0984814,22.3682663],[114.0984687,22.3682565],[114.0984339,22.3682954],[114.0984025,22.3683309],[114.098304,22.3682704],[114.0982364,22.3682141],[114.0981661,22.3682464],[114.0980955,22.3682414],[114.0980084,22.3682354],[114.097852,22.3682015],[114.0977163,22.3681507],[114.0976163,22.3681766],[114.0975588,22.3681652],[114.097475,22.3681805],[114.0974392,22.3681571],[114.0974043,22.3681341],[114.0972144,22.3681221],[114.0971295,22.3681243],[114.0967092,22.3681353],[114.0964003,22.3681625],[114.0960257,22.3681519],[114.095346,22.3680691],[114.0953033,22.368101],[114.0947502,22.3680313],[114.0947013,22.3679606],[114.0945355,22.3678806],[114.0942847,22.3678669],[114.0941217,22.3678221],[114.0940215,22.3678283],[114.0938359,22.3678711],[114.0938295,22.3677283],[114.0937484,22.36773],[114.0936581,22.3677586],[114.0935944,22.3677242],[114.0934226,22.36775],[114.09328,22.3678065],[114.0932011,22.3677712],[114.0930731,22.3678045],[114.0930153,22.3678076],[114.0928715,22.3676576],[114.0928165,22.3676207],[114.0927191,22.3675833],[114.0926684,22.3675639],[114.0924652,22.3674966],[114.0922777,22.3674452],[114.0920414,22.367385],[114.0921093,22.3671899],[114.0921122,22.3671818],[114.0921112,22.3671775],[114.0921094,22.3671766],[114.0921052,22.3671774],[114.092104,22.3671791],[114.0921004,22.3671895],[114.0920337,22.367383],[114.0919743,22.3674067],[114.0916104,22.3673395],[114.09163,22.3671739],[114.0916203,22.3671729],[114.0916008,22.3673376],[114.0914732,22.3673195],[114.0914392,22.3672795],[114.091461,22.3671533],[114.0914629,22.3671421],[114.0914534,22.3671406],[114.0914514,22.3671521],[114.0914311,22.36727],[114.0914113,22.3672467],[114.0913385,22.3672387],[114.0913064,22.3672155],[114.0912141,22.3671867],[114.0911316,22.3671924],[114.0910332,22.3672302],[114.0910126,22.3671923],[114.0909886,22.3671707],[114.0909659,22.3671711],[114.0909251,22.3671892],[114.0908869,22.3672339],[114.0908973,22.367253],[114.0908204,22.3672601],[114.0907346,22.3672773],[114.0905705,22.367312],[114.0904131,22.3673367],[114.0903126,22.3673529],[114.0901606,22.3673541],[114.0900337,22.3673482],[114.0898938,22.3673336],[114.0897718,22.3673286],[114.0896107,22.3673222],[114.0894488,22.3673233],[114.0893083,22.3673142],[114.0890897,22.3672951],[114.0889605,22.367272],[114.0888482,22.3672706],[114.0887039,22.3672749],[114.0885967,22.3672851],[114.0884852,22.3672763],[114.0883595,22.3672606],[114.0882556,22.367269],[114.0881481,22.3673038],[114.0879865,22.3672918],[114.0878625,22.3673093],[114.0873631,22.3673172],[114.0873297,22.3672788],[114.0872295,22.3673199],[114.087087,22.3673428],[114.086911,22.3673231],[114.0867295,22.3673405],[114.0865991,22.367363],[114.0863198,22.3674543],[114.085952,22.3675257],[114.0857178,22.3674788],[114.0857039,22.3674268],[114.0856444,22.3674064],[114.0855949,22.3674241],[114.0855995,22.3673954],[114.0855918,22.3673783],[114.0855669,22.3673679],[114.0855364,22.3673707],[114.0855109,22.3673814],[114.085496,22.3674021],[114.0854448,22.3674041],[114.0851918,22.3674282],[114.0849736,22.3674479],[114.0849795,22.3674341],[114.0849717,22.3674274],[114.0849353,22.3674155],[114.0849415,22.367382],[114.0849509,22.3673132],[114.0849611,22.3673157],[114.0849612,22.3672972],[114.0849339,22.3672892],[114.0849286,22.367334],[114.0849219,22.367406],[114.084909,22.3674171],[114.0849079,22.3673934],[114.0848698,22.3673961],[114.0848775,22.3674604],[114.0847262,22.3675087],[114.0846826,22.367525],[114.0845399,22.3675938],[114.084447,22.3676553],[114.0842928,22.367785],[114.0842754,22.3677651],[114.0842831,22.3677332],[114.0842884,22.3676811],[114.0842864,22.3676696],[114.0842726,22.3676356],[114.0842584,22.3676322],[114.0842681,22.3676595],[114.0842734,22.3676882],[114.0842731,22.367712],[114.0842608,22.3677619],[114.0840933,22.3678628],[114.0840591,22.3678414],[114.0840407,22.3677999],[114.0840277,22.3677542],[114.0840177,22.367758],[114.0840314,22.367805],[114.0840377,22.3678242],[114.084054,22.3678793],[114.0840741,22.3679477],[114.0840348,22.3679794],[114.0840029,22.3679555],[114.0839548,22.3678773],[114.0839004,22.3679181],[114.0839443,22.3679935],[114.0838766,22.3679267],[114.0838455,22.3678951],[114.0838105,22.3678624],[114.0838013,22.3678688],[114.0838175,22.3678854],[114.0838067,22.3678933],[114.0838051,22.3679059],[114.0838117,22.3679135],[114.0838512,22.3679457],[114.0838587,22.3679598],[114.0839258,22.3680088],[114.0838532,22.3680659],[114.0837933,22.3681026],[114.0836844,22.3681708],[114.0836153,22.368067],[114.0836097,22.3680708],[114.0836793,22.3681739],[114.0835852,22.3682238],[114.0834669,22.3682791],[114.0833992,22.3681737],[114.0833892,22.3681798],[114.0834576,22.3682836],[114.0833397,22.3683279],[114.0832009,22.3683846],[114.083085,22.3684186],[114.0830516,22.368366],[114.0830261,22.3683781],[114.0830841,22.3684701],[114.0830526,22.3684843],[114.0830646,22.3685024],[114.0826865,22.3686849],[114.0826816,22.3686762],[114.0826448,22.3686101],[114.0826211,22.3685475],[114.0826019,22.3685574],[114.0826209,22.3685932],[114.0826743,22.3686795],[114.0824473,22.3687941],[114.0824537,22.3688051],[114.0821898,22.3689416],[114.0821806,22.3689256],[114.0821324,22.3689477],[114.0821071,22.3689122],[114.0817795,22.369072],[114.0817911,22.36909],[114.0816165,22.3691408],[114.08154,22.3691387],[114.0813591,22.3691816],[114.0812347,22.3691927],[114.0812206,22.3691427],[114.0812054,22.3691289],[114.0811854,22.3691351],[114.0811824,22.3691551],[114.0811977,22.3692035],[114.0811089,22.3692273],[114.0809232,22.3692447],[114.080672,22.3692441],[114.0805573,22.3692371],[114.0802399,22.3692048],[114.0800905,22.3691683],[114.0799845,22.3691453],[114.0797976,22.369108],[114.0796611,22.3690515],[114.0793066,22.368841],[114.0794647,22.3686489],[114.0794514,22.3686389],[114.0792912,22.3688319],[114.0791595,22.3687537],[114.0791007,22.3686922],[114.0790789,22.3685957],[114.0791088,22.3684467],[114.0791488,22.3683654],[114.0792637,22.3682402],[114.079328,22.3681606],[114.0793657,22.3680992],[114.0794228,22.3679907],[114.0794921,22.3679],[114.079537,22.367821],[114.0795492,22.3677838],[114.0795298,22.3677323],[114.0794637,22.3676212],[114.079371,22.3675686],[114.0793467,22.3675358],[114.079374,22.3675133],[114.0794001,22.3674868],[114.0794074,22.3674704],[114.079405,22.3674427],[114.0793636,22.3673784],[114.0793249,22.3673185],[114.0792995,22.3672897],[114.079234,22.3672355],[114.0791867,22.3672073],[114.0791315,22.3671953],[114.0790854,22.3672089],[114.0790544,22.3672359],[114.0789896,22.3671772],[114.078782,22.3669891],[114.0786312,22.3668525],[114.0784965,22.3668877],[114.0779722,22.3670248],[114.0778156,22.3670657],[114.0777461,22.3670839],[114.0776271,22.367253],[114.0774875,22.3674387],[114.0773246,22.3677411],[114.0772123,22.3676801],[114.0769487,22.3676638],[114.0765773,22.3676525],[114.0758366,22.3676276],[114.0756361,22.3676228],[114.0754974,22.3676462],[114.0754854,22.367587],[114.075432,22.3675446],[114.0752616,22.3674881],[114.0751766,22.3674722],[114.0750587,22.3675731],[114.0748015,22.3675426],[114.0746838,22.3675306],[114.0746231,22.3675187],[114.0745472,22.3674876],[114.0744359,22.3673996],[114.074372,22.3673317],[114.074269,22.3672673],[114.0742296,22.3672255],[114.0742259,22.3671831],[114.0742496,22.3671403],[114.0741819,22.3671089],[114.0741458,22.3670922],[114.0740766,22.3671047],[114.074008,22.3670961],[114.0738747,22.36703],[114.0737958,22.3669555],[114.0736419,22.3668286],[114.0735278,22.3666477],[114.0734817,22.3665873],[114.0733987,22.3665133],[114.073255,22.366416],[114.073187,22.366363],[114.0731688,22.366342],[114.0731203,22.3662591],[114.0731678,22.3662156],[114.0731332,22.3661857],[114.073118,22.3662015],[114.0730896,22.3661778],[114.073061,22.3662025],[114.0729912,22.3661128],[114.0729257,22.3660744],[114.0727682,22.3660339],[114.0726969,22.366095],[114.0724899,22.3659656],[114.0725321,22.3658139],[114.0725734,22.3657491],[114.0725716,22.3656954],[114.0725314,22.3656356],[114.0725255,22.3656294],[114.0724473,22.3656078],[114.0723842,22.3655575],[114.072329,22.3655305],[114.0722719,22.365527],[114.0721961,22.3655032],[114.0721403,22.365493],[114.072045,22.3655015],[114.0719717,22.3654738],[114.0719062,22.3653924],[114.0718213,22.365345],[114.0716702,22.3653082],[114.0716083,22.3652636],[114.0715549,22.3652455],[114.0714521,22.3652394],[114.0713158,22.3652674],[114.0711187,22.3650974],[114.0708944,22.3648934],[114.0708606,22.364754],[114.070837,22.3645987],[114.0708,22.3644615],[114.0708196,22.3643949],[114.070907,22.3643205],[114.0710053,22.3642557],[114.071046,22.36421],[114.0710854,22.3641439],[114.0711108,22.3640825],[114.0711397,22.3640266],[114.0711403,22.3639284],[114.0711748,22.3639285],[114.0713545,22.3639291],[114.0713544,22.3639828],[114.0714143,22.3639829],[114.0715908,22.3639833],[114.0716463,22.3639835],[114.0716554,22.3639655],[114.0716555,22.3639108],[114.0716458,22.3638932],[114.0715879,22.3638932],[114.0715031,22.3638931],[114.0711429,22.3638929],[114.0711209,22.3638928],[114.0710536,22.3638533],[114.071002,22.3638533],[114.0709948,22.3637177],[114.0709646,22.3635952],[114.0708663,22.3635715],[114.0707304,22.3635647],[114.0705847,22.363603],[114.0705429,22.3636419],[114.0704578,22.3636819],[114.0703455,22.3637207],[114.0702702,22.3637844],[114.070124,22.3637942],[114.0700172,22.3638368],[114.0699127,22.3638531],[114.0698188,22.3638952],[114.0696902,22.3639284],[114.069493,22.364015],[114.0694266,22.3640237],[114.0693095,22.3640926],[114.0691,22.3639724],[114.0691351,22.3638926],[114.0691511,22.3638097],[114.0691558,22.3637528],[114.069154,22.3637172],[114.0691365,22.3636481],[114.0691149,22.3636111],[114.0690659,22.3635658],[114.0689818,22.3635663],[114.068863,22.3635732],[114.0687875,22.3635572],[114.0687723,22.3635169],[114.0687142,22.3635067],[114.0686808,22.3635077],[114.0686326,22.3635316],[114.0686209,22.3635798],[114.0685835,22.3635756],[114.0684864,22.3635386],[114.0683812,22.3634915],[114.0683244,22.3634608],[114.0682599,22.3634023],[114.0682872,22.3633103],[114.0682505,22.3632456],[114.0682104,22.3632347],[114.0681607,22.3632474],[114.0681017,22.3632737],[114.0679688,22.3633143],[114.067898,22.363284],[114.0677864,22.3633227],[114.0677407,22.3633569],[114.067675,22.3634209],[114.0675717,22.3634141],[114.0674312,22.3634319],[114.0672796,22.363455],[114.0671657,22.3634803],[114.0671247,22.3634684],[114.0670687,22.3634983],[114.0669231,22.3634737],[114.0668489,22.3634616],[114.0668703,22.3634354],[114.0668711,22.3634136],[114.066859,22.3633976],[114.0668212,22.3633821],[114.0667838,22.3633921],[114.0667453,22.363419],[114.066636,22.3634778],[114.0665595,22.3635519],[114.0665227,22.3636832],[114.0665276,22.3637164],[114.0664067,22.363778],[114.0661475,22.3639155],[114.0660519,22.3639688],[114.0659731,22.3640177],[114.0659331,22.3639994],[114.0657924,22.3639648],[114.0656359,22.3639506],[114.0654993,22.3639481],[114.0648013,22.3639433],[114.0645678,22.36396],[114.0644647,22.3639875],[114.0644185,22.3640321],[114.0642733,22.364251],[114.0640671,22.3645486],[114.0637234,22.365065],[114.0636894,22.3651057],[114.0636542,22.3651335],[114.0636056,22.3651721],[114.0635516,22.3651987],[114.0634642,22.3652177],[114.063181,22.3652275],[114.0630461,22.3652322],[114.0630309,22.3652581],[114.0630337,22.3654455],[114.0628727,22.3654378],[114.0626953,22.3654294],[114.0625734,22.3654244],[114.0624415,22.3654173],[114.0621135,22.3654064],[114.0608761,22.3653472],[114.0607723,22.3653422],[114.0606501,22.3656174],[114.0604525,22.3660627],[114.0602747,22.3664634],[114.0600414,22.3663774],[114.0600672,22.3663229],[114.0598182,22.3662374],[114.0597968,22.3662408],[114.0597803,22.3662893],[114.0583562,22.3658054],[114.0582797,22.3658533],[114.0577691,22.3656031],[114.0577315,22.3655674],[114.0578715,22.3652871],[114.0579525,22.365125],[114.0580932,22.3651856],[114.0581462,22.3650811],[114.0579338,22.3649879],[114.057881,22.3650934],[114.0579234,22.3651121],[114.0578515,22.3652558],[114.0577048,22.3655487],[114.0574495,22.3654218],[114.056895,22.3651988],[114.0569919,22.3650042],[114.0570673,22.3648532],[114.0570792,22.3648587],[114.0571029,22.3648142],[114.0570838,22.3648054],[114.0570612,22.364795],[114.057038,22.3648396],[114.0570486,22.3648448],[114.0569732,22.3649972],[114.0568773,22.3651915],[114.0566993,22.3651145],[114.0566194,22.36508],[114.0566167,22.3623666],[114.0702333,22.3623666],[114.0760666,22.3573667]],[[114.090835,22.3414901],[114.0909162,22.3415415],[114.0909502,22.3415592],[114.091179,22.3416798],[114.091324,22.3418134],[114.0914452,22.3418735],[114.0913806,22.3419632],[114.0913468,22.3419831],[114.0912733,22.342044],[114.0912491,22.3420734],[114.0912143,22.3421123],[114.09084,22.3426512],[114.0907206,22.3428242],[114.0906095,22.342976],[114.0904388,22.3432271],[114.0904218,22.3433152],[114.0903248,22.3434546],[114.0902717,22.3431274],[114.090259,22.3430495],[114.0901827,22.3430602],[114.0901608,22.3429221],[114.0901268,22.3429218],[114.0901886,22.3433421],[114.090085,22.3433555],[114.0901202,22.3435687],[114.0900668,22.3435744],[114.0897632,22.3436151],[114.0897855,22.343755],[114.0893925,22.3438076],[114.0892852,22.3431387],[114.0892392,22.3431449],[114.0891868,22.3431521],[114.0892929,22.3438201],[114.0887555,22.3438933],[114.0886511,22.3432233],[114.0886025,22.3432301],[114.0885537,22.343237],[114.0886488,22.3438477],[114.0885609,22.3438593],[114.0885707,22.3439174],[114.0880476,22.3439878],[114.0879273,22.3432273],[114.0878791,22.3432345],[114.0878301,22.343242],[114.0879492,22.3440019],[114.0859208,22.344277],[114.0858442,22.3442875],[114.0858399,22.3442606],[114.0858583,22.3442513],[114.0857934,22.3438216],[114.0857381,22.3434534],[114.0860466,22.3429517],[114.086175,22.3430189],[114.0861413,22.3430742],[114.0861704,22.3430897],[114.0861861,22.3430982],[114.0862251,22.3431192],[114.0862983,22.3430013],[114.0862465,22.3429734],[114.0862146,22.3429563],[114.0862113,22.3429625],[114.0861807,22.3429461],[114.0858782,22.3427858],[114.0858938,22.3427564],[114.0858368,22.3427241],[114.0858716,22.342664],[114.0858591,22.3426572],[114.0857857,22.3426175],[114.0857743,22.3426208],[114.0857433,22.3426682],[114.0857439,22.3426794],[114.0856107,22.3428973],[114.0856016,22.3428986],[114.085575,22.3429423],[114.0855736,22.3429574],[114.0856425,22.3429939],[114.0856576,22.343002],[114.0856912,22.3429463],[114.0857537,22.3429788],[114.0857871,22.3429252],[114.0858721,22.3429712],[114.0855894,22.3434318],[114.0856644,22.3439017],[114.0857287,22.3443031],[114.0855342,22.3443279],[114.085512,22.3441883],[114.0853191,22.3442154],[114.0853381,22.3443533],[114.0852447,22.3443657],[114.0851395,22.3443797],[114.0842693,22.3444882],[114.0842792,22.3445385],[114.0843068,22.3446786],[114.0843192,22.3447414],[114.0842946,22.3447484],[114.0842581,22.3447587],[114.084252,22.3448014],[114.0842854,22.3450175],[114.0843449,22.3454027],[114.0842624,22.3454136],[114.0843338,22.3458639],[114.0844322,22.3458499],[114.0844457,22.3459458],[114.0844744,22.3461491],[114.0845044,22.3463628],[114.0845202,22.3464746],[114.0845912,22.3464989],[114.0846078,22.3466054],[114.0846307,22.3467518],[114.0842853,22.3467997],[114.0842966,22.3468643],[114.0846408,22.3468176],[114.0846746,22.3470288],[114.08465,22.3470522],[114.0846366,22.3470913],[114.084642,22.3471265],[114.0848238,22.3483126],[114.0848353,22.3483577],[114.0848588,22.3484086],[114.0848904,22.3484554],[114.0847515,22.3484836],[114.0846888,22.3484964],[114.0833849,22.3487621],[114.083372,22.3487722],[114.0833995,22.348976],[114.0834424,22.3492945],[114.0834934,22.3496777],[114.083523,22.3498965],[114.0835402,22.3500231],[114.0836526,22.350854],[114.0836734,22.3510075],[114.083572,22.3511062],[114.0832503,22.3510946],[114.0827455,22.3510764],[114.0827474,22.3510052],[114.0826308,22.3510015],[114.0826007,22.3510006],[114.0825963,22.3510713],[114.0823579,22.3510628],[114.082249,22.351059],[114.0820208,22.3510509],[114.0815539,22.3510343],[114.0814976,22.3510324],[114.0814696,22.3510315],[114.0814615,22.3512302],[114.0814518,22.3512377],[114.081417,22.3512649],[114.0813544,22.3512221],[114.0812741,22.3511917],[114.081257,22.3512115],[114.0812492,22.3512622],[114.081277,22.3513442],[114.0813498,22.3514413],[114.0813461,22.3515643],[114.081335,22.3516789],[114.0812586,22.351764],[114.0811371,22.3518634],[114.0810375,22.3519333],[114.0809519,22.3519699],[114.0808987,22.3520162],[114.0808687,22.3520426],[114.0807431,22.3520945],[114.0806534,22.3521182],[114.0805635,22.3520599],[114.0804477,22.3520384],[114.0803918,22.3521067],[114.0803637,22.3522991],[114.0803024,22.3523211],[114.0802454,22.3523504],[114.0801597,22.3524184],[114.0800923,22.3525021],[114.0800534,22.3525932],[114.0799302,22.3529477],[114.0799142,22.3530309],[114.0799129,22.3531196],[114.0799444,22.353237],[114.0799827,22.3533063],[114.0801726,22.3535268],[114.0802603,22.3536288],[114.0802151,22.3540098],[114.0800558,22.35431],[114.0799818,22.3544617],[114.0799646,22.354582],[114.0799002,22.3548455],[114.0800066,22.3549264],[114.0803641,22.3551077],[114.0804085,22.355174],[114.080404,22.3553232],[114.0804009,22.3553849],[114.080392,22.3555648],[114.0803514,22.3563693],[114.0803477,22.3564423],[114.0803397,22.3565928],[114.0801749,22.3566382],[114.0800436,22.3566803],[114.0799089,22.3567974],[114.0798111,22.3569042],[114.0797371,22.3570081],[114.0796761,22.3571559],[114.0795634,22.3573715],[114.0794699,22.3575165],[114.0793089,22.3576079],[114.0791796,22.3577579],[114.0791612,22.3578978],[114.0791175,22.3580638],[114.079189,22.3582681],[114.0791501,22.3583313],[114.0790215,22.3582811],[114.0789832,22.3583047],[114.0789674,22.3583432],[114.0789704,22.3584277],[114.0789552,22.3584932],[114.07899,22.3585117],[114.0790486,22.358491],[114.0790286,22.3585542],[114.0790213,22.3586038],[114.0790327,22.3586422],[114.0791255,22.3586654],[114.0793628,22.3586809],[114.07937,22.3587598],[114.0794851,22.3589608],[114.0796155,22.3590767],[114.0797211,22.3591523],[114.0798988,22.3592925],[114.0801323,22.3594732],[114.0802257,22.3595697],[114.0801691,22.3596481],[114.0801722,22.3596911],[114.0801971,22.359712],[114.0802813,22.3597216],[114.0804003,22.359716],[114.0804384,22.3597973],[114.0805664,22.3599159],[114.080621,22.3598589],[114.080737,22.3598602],[114.0808565,22.3599087],[114.0809543,22.3599295],[114.0811422,22.3599389],[114.0813406,22.3599774],[114.0814827,22.3600051],[114.0816144,22.3599679],[114.0816033,22.3600278],[114.0816095,22.3601029],[114.081619,22.3601375],[114.0816348,22.3601719],[114.0816748,22.3602344],[114.0817463,22.3602892],[114.0818683,22.3603265],[114.0819917,22.3603127],[114.0820613,22.3602792],[114.0821008,22.3602476],[114.0821408,22.3601919],[114.0825279,22.3603213],[114.0827293,22.3603383],[114.0836184,22.3608022],[114.0838953,22.3609467],[114.0845763,22.3613011],[114.0847767,22.3614052],[114.0853698,22.3617589],[114.0854969,22.3617277],[114.0858632,22.361657],[114.086121,22.3617553],[114.0865159,22.3619243],[114.0869771,22.3619562],[114.0871815,22.3619434],[114.0874649,22.3620508],[114.0877021,22.3621777],[114.0878538,22.3621802],[114.0878531,22.362264],[114.0878523,22.3623506],[114.0880286,22.3623531],[114.088557,22.3623607],[114.0889192,22.362366],[114.0889144,22.3628216],[114.0896782,22.3628349],[114.0896852,22.3623995],[114.0898929,22.362399],[114.0898933,22.3623057],[114.0898997,22.3618996],[114.0899011,22.3618082],[114.0899032,22.3616667],[114.0899668,22.3616884],[114.0900121,22.3616961],[114.0900412,22.3616963],[114.0900417,22.3617861],[114.0901583,22.3617854],[114.0901577,22.3616969],[114.0902163,22.3616964],[114.0902162,22.3618501],[114.0902162,22.3619361],[114.090216,22.3624345],[114.0902315,22.362434],[114.0902307,22.3619381],[114.0902305,22.3618518],[114.0902303,22.3616963],[114.0902349,22.3616963],[114.0902353,22.3617162],[114.0906819,22.3617128],[114.0906825,22.3618771],[114.0906828,22.3619997],[114.0906845,22.3624858],[114.0907013,22.3624856],[114.0906958,22.3620011],[114.0906947,22.3619028],[114.0908105,22.3619023],[114.0908107,22.3619285],[114.0909201,22.3619283],[114.0909222,22.3620154],[114.0909213,22.3624752],[114.0909476,22.3624756],[114.0909429,22.3620159],[114.0909427,22.361847],[114.0909443,22.3618137],[114.091037,22.3618149],[114.0910364,22.3618443],[114.0910362,22.3619392],[114.0911492,22.3619394],[114.0911494,22.3618429],[114.0911496,22.361729],[114.0911863,22.3617269],[114.0911866,22.3618426],[114.0911868,22.3619077],[114.0912934,22.3619071],[114.0912934,22.3620327],[114.0912955,22.3624303],[114.0913196,22.3624317],[114.0913116,22.3620346],[114.0913132,22.361974],[114.0913789,22.3619743],[114.0913997,22.3619443],[114.0914309,22.3618713],[114.0914323,22.361847],[114.0914309,22.3617727],[114.091469,22.3617691],[114.0914686,22.3618303],[114.0915737,22.3618332],[114.0915743,22.3617556],[114.0915973,22.3617349],[114.091597,22.3618584],[114.0915964,22.3620782],[114.0915942,22.3625493],[114.091614,22.3625495],[114.0916152,22.3620822],[114.0916153,22.362035],[114.0918617,22.3620347],[114.0919928,22.3620347],[114.0919923,22.361884],[114.0920092,22.3612219],[114.0920705,22.3612226],[114.0920897,22.3614709],[114.0920897,22.3618951],[114.0920907,22.3621869],[114.0920912,22.362309],[114.0922775,22.3623103],[114.0922763,22.3622288],[114.0922768,22.3619258],[114.092277,22.361804],[114.0927584,22.3618048],[114.0927595,22.3619385],[114.0927608,22.3620951],[114.0930997,22.362091],[114.0931006,22.3623408],[114.0931009,22.36263],[114.093117,22.3626303],[114.093117,22.3623416],[114.0931184,22.3620911],[114.0931188,22.3618983],[114.0931186,22.3618499],[114.0931184,22.361746],[114.0931735,22.3617091],[114.0931718,22.3618464],[114.0931711,22.361898],[114.0932946,22.3618992],[114.0932952,22.36185],[114.0932968,22.3617103],[114.0933363,22.3617213],[114.0933354,22.3618523],[114.0933323,22.3622894],[114.0933296,22.3626686],[114.0933477,22.3626689],[114.0933504,22.3622747],[114.0933532,22.3618534],[114.0933546,22.3616554],[114.09345,22.3616552],[114.0934511,22.3618587],[114.0934527,22.3621475],[114.0934552,22.3626083],[114.0934798,22.3626064],[114.093476,22.3621184],[114.093474,22.3618596],[114.0934727,22.3616989],[114.0935749,22.3617477],[114.0936746,22.361777],[114.093706,22.361751],[114.0937092,22.3616733],[114.0938101,22.3616911],[114.0939054,22.3617173],[114.0939036,22.3618331],[114.0939036,22.3619455],[114.0939022,22.3620882],[114.0938939,22.36212],[114.0939024,22.3623247],[114.0939074,22.3624542],[114.0939374,22.3627599],[114.0939556,22.362761],[114.0939245,22.3624536],[114.093918,22.3623247],[114.0939121,22.3621513],[114.0939114,22.3621249],[114.0939197,22.3620883],[114.0939193,22.3616702],[114.0939535,22.361664],[114.0939964,22.3616135],[114.0940789,22.3616038],[114.0942094,22.3615843],[114.0942535,22.3615986],[114.0942485,22.3616246],[114.0942704,22.3616701],[114.0943132,22.3616905],[114.0943684,22.3616857],[114.0944047,22.3616498],[114.0944906,22.3616631],[114.094487,22.3620063],[114.0944884,22.3627759],[114.0945179,22.3627768],[114.0945082,22.3616675],[114.0946748,22.3616611],[114.0947638,22.3617004],[114.0947675,22.3618681],[114.0947777,22.3623033],[114.0947911,22.3623033],[114.0947821,22.3618872],[114.0947938,22.3618679],[114.094926,22.3618665],[114.0949251,22.3617924],[114.0949926,22.3617924],[114.0950002,22.3619009],[114.0951174,22.3619067],[114.0951322,22.3626967],[114.0951503,22.3626954],[114.095126,22.3616511],[114.0952533,22.3616404],[114.0952585,22.3617988],[114.0953488,22.3617964],[114.0953574,22.3622589],[114.0953866,22.3622589],[114.0953787,22.3617963],[114.0953795,22.3617885],[114.095621,22.3617847],[114.0956549,22.3628401],[114.0956789,22.3628386],[114.0956449,22.3616156],[114.0958038,22.3616321],[114.0959737,22.3616163],[114.0959785,22.3617947],[114.0959954,22.3620272],[114.0960092,22.3622569],[114.0960201,22.3623653],[114.0962869,22.3623465],[114.096285,22.3623273],[114.0960744,22.3623423],[114.0960452,22.3622728],[114.09604,22.3621619],[114.0960338,22.3620237],[114.0960323,22.3619901],[114.0961027,22.3619855],[114.0961008,22.3618783],[114.0961504,22.3618766],[114.0961467,22.361706],[114.0962393,22.3617137],[114.0964342,22.3618191],[114.0967107,22.3619685],[114.0973077,22.3622911],[114.0973036,22.3623263],[114.0973153,22.3623525],[114.0973384,22.3623754],[114.0975082,22.3624756],[114.0985689,22.3630508],[114.0995198,22.3635492],[114.099678,22.3635993],[114.0997282,22.3635945],[114.099797,22.3635589],[114.0999534,22.3634191],[114.1001322,22.3634507],[114.1001856,22.3636278],[114.1002263,22.3637159],[114.1003032,22.3637774],[114.1004083,22.3638006],[114.1006589,22.3637942],[114.1012994,22.363778],[114.1023587,22.3637512],[114.1034807,22.363723],[114.1035905,22.3636994],[114.1040567,22.3635534],[114.1041592,22.3635055],[114.1043601,22.3633848],[114.1045701,22.3632969],[114.104769,22.3632427],[114.104939,22.3632141],[114.1052352,22.3632038],[114.1054046,22.363198],[114.1061406,22.3631814],[114.1073667,22.36315],[114.1077741,22.3620143],[114.1084839,22.3611131],[114.1085281,22.3610492],[114.108625,22.3608978],[114.1087288,22.3607095],[114.1088659,22.3604144],[114.1089571,22.360163],[114.1089927,22.3600487],[114.1090203,22.3599436],[114.1090693,22.3597109],[114.1090862,22.3596222],[114.1090954,22.3595544],[114.1091045,22.359488],[114.1091153,22.3593843],[114.1091159,22.3593448],[114.1091206,22.359272],[114.1091239,22.3591953],[114.1091247,22.3590508],[114.1091125,22.358813],[114.1091072,22.3587388],[114.1091037,22.3587107],[114.1090996,22.3586319],[114.1090865,22.3584946],[114.1090778,22.3584045],[114.1090566,22.3580898],[114.109048,22.3579474],[114.1090352,22.3576535],[114.1089924,22.3576504],[114.1089934,22.3575289],[114.1089944,22.3572116],[114.1090345,22.3572112],[114.1090402,22.356996],[114.1090426,22.3566647],[114.1090534,22.356388],[114.1090694,22.3561645],[114.109094,22.3558259],[114.1091249,22.355546],[114.1091521,22.3553377],[114.1092028,22.3551094],[114.109266,22.3548757],[114.1093241,22.3546944],[114.109427,22.3547273],[114.1094496,22.3547156],[114.1097032,22.3539837],[114.1096981,22.3539713],[114.1096934,22.3539696],[114.1095637,22.3539311],[114.1098043,22.3532186],[114.1098548,22.3530693],[114.1099249,22.3529088],[114.1100097,22.3529283],[114.1100318,22.3527434],[114.1101231,22.3527529],[114.1102138,22.3520333],[114.1102731,22.3518659],[114.1107807,22.3508285],[114.1109025,22.3508802],[114.1115477,22.3496334],[114.1119021,22.3489522],[114.1120401,22.3486871],[114.1122335,22.3483155],[114.1122272,22.3482125],[114.1122138,22.3481467],[114.1121581,22.3478716],[114.1120825,22.3474981],[114.1122053,22.3471361],[114.1125675,22.3460689],[114.1128429,22.3452571],[114.1128609,22.3452039],[114.1128678,22.3451837],[114.1130178,22.3447415],[114.1134237,22.3435438],[114.1143434,22.3408301],[114.1150462,22.3387638],[114.1150508,22.3387501],[114.1159671,22.3360499],[114.1168419,22.333472],[114.1176825,22.3309947],[114.1155503,22.328651],[114.1155108,22.328682],[114.1154374,22.3287398],[114.1154124,22.3287596],[114.1153255,22.3288281],[114.1151741,22.3286616],[114.1149389,22.328403],[114.1148398,22.3282941],[114.1146987,22.3281388],[114.1145376,22.3279619],[114.1141848,22.3275741],[114.1141278,22.3275115],[114.1141014,22.327487],[114.1140656,22.3274645],[114.1140258,22.327449],[114.1139896,22.3274418],[114.1139852,22.3274413],[114.1139789,22.3274408],[114.1134567,22.3274077],[114.1128323,22.3273683],[114.1128285,22.3273684],[114.1128086,22.3273751],[114.1127963,22.3273889],[114.1127907,22.3274372],[114.1126587,22.3274289],[114.1125995,22.3282396],[114.1128143,22.3282531],[114.1129385,22.3282611],[114.112899,22.3288016],[114.1126085,22.3287833],[114.1126185,22.3286453],[114.1126347,22.328423],[114.1125766,22.3284193],[114.112563,22.3286074],[114.1125559,22.3287034],[114.1125309,22.3287018],[114.1112789,22.3286226],[114.1103635,22.3285648],[114.1102413,22.3285571],[114.1102685,22.3281856],[114.1103177,22.3275124],[114.1103345,22.3272819],[114.1103003,22.3272797],[114.1102271,22.3272752],[114.1102401,22.3270978],[114.1102512,22.3269448],[114.1102545,22.326922],[114.1102624,22.3268942],[114.110269,22.3268781],[114.1102832,22.3268526],[114.1102972,22.3268337],[114.1103133,22.3268162],[114.1103362,22.326797],[114.1103513,22.326787],[114.1103671,22.3267781],[114.1103952,22.3267662],[114.1104189,22.3267592],[114.110437,22.3267557],[114.1104615,22.3267532],[114.1104862,22.3267532],[114.1112976,22.3268045],[114.1115896,22.3268319],[114.1116163,22.3268292],[114.1116371,22.3268213],[114.1116551,22.3268089],[114.1116692,22.3267928],[114.1116787,22.3267739],[114.1116804,22.3267656],[114.1116823,22.3267576],[114.1116818,22.3267368],[114.1116758,22.3267166],[114.1116647,22.3266985],[114.1116454,22.3266812],[114.1116339,22.3266747],[114.1116215,22.3266699],[114.1115995,22.3266659],[114.1113085,22.3266564],[114.110622,22.326613],[114.1104987,22.3266053],[114.1104617,22.3266056],[114.1104309,22.3266084],[114.1104005,22.3266133],[114.110363,22.3266229],[114.1103472,22.3266277],[114.1103076,22.3266437],[114.1102858,22.3266547],[114.1102547,22.3266734],[114.110235,22.3266873],[114.1102031,22.3267144],[114.1101824,22.3267357],[114.1101564,22.3267679],[114.1101374,22.3267974],[114.1101213,22.3268285],[114.1101124,22.3268499],[114.1101019,22.3268829],[114.1100931,22.3269281],[114.1100884,22.3270026],[114.1100805,22.3270363],[114.1100636,22.3270734],[114.1100355,22.3271111],[114.1099938,22.3271452],[114.1099501,22.3271666],[114.1099025,22.3271784],[114.1098593,22.3271804],[114.1098241,22.3271782],[114.1095035,22.327158],[114.1090788,22.3271312],[114.1090524,22.3271355],[114.1090262,22.3271503],[114.1090085,22.3271735],[114.1090037,22.3271871],[114.109002,22.3271987],[114.1089133,22.3271927],[114.1088552,22.3271888],[114.1081292,22.3271404],[114.10814,22.3269964],[114.1081409,22.3269841],[114.1081464,22.3269104],[114.1081564,22.3267762],[114.1081764,22.3267786],[114.1082085,22.3263834],[114.1081858,22.3263808],[114.1082281,22.3257722],[114.108357,22.3257805],[114.1083583,22.3257669],[114.1085985,22.3258412],[114.1085914,22.3258624],[114.1086507,22.3258811],[114.1086575,22.3258604],[114.1087679,22.3258944],[114.1087601,22.3260144],[114.108979,22.3260292],[114.1089984,22.3260204],[114.1089766,22.3259548],[114.1089824,22.325886],[114.1089871,22.3258301],[114.1087725,22.3258165],[114.1087721,22.3258324],[114.1086784,22.3258032],[114.1086852,22.3257838],[114.1086282,22.3257645],[114.10862,22.3257847],[114.1083635,22.325704],[114.1083692,22.3256209],[114.1083747,22.3255384],[114.1080268,22.3255195],[114.1080207,22.3256098],[114.1080166,22.3256716],[114.1077213,22.3257058],[114.1077194,22.3256878],[114.1076562,22.3256934],[114.1076585,22.3257131],[114.1074496,22.3257371],[114.1074274,22.3257148],[114.1072844,22.3257065],[114.1072214,22.325756],[114.1071627,22.3258023],[114.1071572,22.3258609],[114.1071943,22.3258797],[114.10753,22.3258998],[114.1075363,22.3258246],[114.1075151,22.3258033],[114.1076675,22.3257867],[114.1076686,22.3257953],[114.1077296,22.3257894],[114.1077287,22.3257804],[114.108009,22.325751],[114.1080084,22.325757],[114.1081352,22.3257644],[114.1080931,22.3263743],[114.108018,22.3263701],[114.1079877,22.3267652],[114.108066,22.3267712],[114.1080538,22.3269238],[114.1080489,22.326986],[114.1080373,22.3271328],[114.1079939,22.32713],[114.1080042,22.326986],[114.1080087,22.3269238],[114.1080113,22.3268876],[114.1078581,22.3268786],[114.1078558,22.3269073],[114.1078505,22.3269756],[114.1078392,22.3271203],[114.106665,22.3270489],[114.1062144,22.3270216],[114.1046306,22.3280157],[114.104349,22.3281916],[114.1041841,22.3282947],[114.1039438,22.3298668],[114.1038319,22.3299677],[114.1037027,22.3300341],[114.1036182,22.330021],[114.1038812,22.328313],[114.1038731,22.3283136],[114.103854,22.3283111],[114.1020946,22.3280859],[114.1021064,22.3280086],[114.1021156,22.3279489],[114.1021263,22.3278786],[114.1021369,22.3278096],[114.1021729,22.327813],[114.1022132,22.3275546],[114.1021755,22.3275509],[114.102214,22.3272996],[114.102254,22.3270386],[114.1023371,22.3270486],[114.1023818,22.327054],[114.1023905,22.3269936],[114.1024061,22.3268904],[114.1020249,22.3268408],[114.1020094,22.3269426],[114.1020008,22.3270038],[114.102131,22.3270214],[114.1020904,22.3272853],[114.1020239,22.3277178],[114.1020014,22.3278638],[114.1019888,22.3279464],[114.1019697,22.32807],[114.1016548,22.3280282],[114.1013347,22.327986],[114.1010404,22.3279471],[114.101029,22.3279456],[114.1008979,22.3279283],[114.1008867,22.3279267],[114.1002723,22.3278478],[114.0999614,22.3278074],[114.0998847,22.3277968],[114.0998748,22.3277956],[114.0996648,22.3277688],[114.0960892,22.3273043],[114.0953046,22.3272025],[114.095234,22.3271933],[114.0952631,22.3271704],[114.0952783,22.3270408],[114.095239,22.3267643],[114.0952018,22.3265659],[114.0951675,22.3263932],[114.0951404,22.326291],[114.0951248,22.3262535],[114.0950868,22.3262147],[114.0950277,22.3261744],[114.0950129,22.3261675],[114.0949816,22.3261528],[114.094922,22.3261373],[114.0948355,22.3261296],[114.0946848,22.3261293],[114.0943488,22.3261213],[114.0939763,22.3261132],[114.0939783,22.3260013],[114.0939793,22.325949],[114.0939817,22.3258167],[114.0939852,22.325626],[114.0939933,22.3251888],[114.0941955,22.3251905],[114.0943527,22.325193],[114.0943524,22.3252109],[114.094387,22.3252115],[114.0943876,22.3251809],[114.0946262,22.3252348],[114.0946261,22.3252637],[114.0946851,22.325263],[114.0947371,22.3252992],[114.0947369,22.3253965],[114.0949922,22.3253983],[114.0951238,22.3253992],[114.095124,22.3252926],[114.0951142,22.3252925],[114.094971,22.3252924],[114.094971,22.3252605],[114.0949329,22.3252605],[114.0949328,22.3252909],[114.0948129,22.3252907],[114.0946842,22.325197],[114.094684,22.3251855],[114.094659,22.3251858],[114.0946264,22.3251861],[114.0943886,22.325129],[114.0943891,22.3250994],[114.0943907,22.325015],[114.094196,22.3250119],[114.0939052,22.3250076],[114.0939037,22.3250953],[114.0939032,22.3251243],[114.0936097,22.3251698],[114.0935519,22.3251696],[114.0935516,22.3251827],[114.0933378,22.3253029],[114.0933379,22.3252915],[114.0931161,22.3252886],[114.0931143,22.3253723],[114.0930853,22.3253942],[114.0930838,22.3254173],[114.0933666,22.3254204],[114.0933674,22.3253968],[114.0933373,22.3253781],[114.0933375,22.325355],[114.0935504,22.3252336],[114.09355,22.3252483],[114.093608,22.3252488],[114.0936085,22.3252241],[114.0939021,22.3251761],[114.0938954,22.3256482],[114.0938924,22.3258533],[114.0938913,22.3259367],[114.0938903,22.3260056],[114.0938887,22.3261158],[114.0936961,22.3261116],[114.0927396,22.3261053],[114.0924077,22.3260998],[114.0921495,22.3260961],[114.0920944,22.3260968],[114.0920596,22.3261124],[114.0920452,22.3261367],[114.0919798,22.3261357],[114.0919047,22.3261346],[114.0910594,22.3277733],[114.0904123,22.3290278],[114.0903208,22.3291604],[114.0891584,22.3308466],[114.0894153,22.3315284],[114.0901103,22.3333735],[114.0908144,22.3352337],[114.0908274,22.3352679],[114.0909453,22.3352317],[114.0910272,22.3353564],[114.0908749,22.3353998],[114.0909009,22.3354391],[114.0909218,22.335471],[114.09253,22.3379113],[114.0928024,22.3383257],[114.0926471,22.3384255],[114.0924214,22.3385707],[114.0919073,22.3389013],[114.0917179,22.3390233],[114.0916627,22.3390587],[114.091467,22.3391847],[114.0912576,22.3390043],[114.0911831,22.339067],[114.0909847,22.3392347],[114.0909408,22.3392716],[114.0909015,22.3393048],[114.0907435,22.3391355],[114.0907137,22.339096],[114.0906873,22.3390744],[114.0906451,22.3390287],[114.0906216,22.3390053],[114.0906147,22.3389985],[114.0905415,22.3389396],[114.09041,22.3388825],[114.0903611,22.338881],[114.0903196,22.3388936],[114.0902689,22.3389453],[114.0901191,22.3392175],[114.0900673,22.3393023],[114.0899253,22.3395353],[114.0898294,22.3396927],[114.0897517,22.3396663],[114.0896109,22.3396184],[114.0893965,22.3395455],[114.0888557,22.339362],[114.0888992,22.3392498],[114.0889312,22.3392599],[114.0890556,22.3389389],[114.0889579,22.338908],[114.0889117,22.3388935],[114.0888473,22.3390607],[114.0887884,22.3392132],[114.0888311,22.3392279],[114.0887842,22.3393454],[114.0887423,22.3393318],[114.0887011,22.3394426],[114.0889288,22.3395171],[114.0889246,22.3395273],[114.0889719,22.3395434],[114.0889937,22.3394882],[114.0890225,22.339498],[114.0890107,22.3395296],[114.0890331,22.3395369],[114.0890448,22.3395055],[114.0892159,22.3395631],[114.0891953,22.3396153],[114.089241,22.3396309],[114.0892573,22.3395894],[114.0893585,22.3396246],[114.0893479,22.3396572],[114.0893717,22.3396642],[114.0893825,22.3396325],[114.0895069,22.3396721],[114.0895241,22.3396778],[114.0895098,22.3397172],[114.0896187,22.3397531],[114.0896729,22.339771],[114.0896742,22.3406501],[114.0899949,22.3410987],[114.0900135,22.3410878],[114.0901618,22.3410002],[114.0902595,22.3410754],[114.0903299,22.3411664],[114.0903237,22.341194],[114.090331,22.3412014],[114.0903716,22.3411964],[114.0903952,22.3412173],[114.0904366,22.3412392],[114.0904638,22.3412748],[114.0902988,22.3413648],[114.090144,22.3414491],[114.08989,22.3412764],[114.0897873,22.3412067],[114.0897309,22.3412784],[114.0901293,22.3415484],[114.0901792,22.3414733],[114.0903139,22.3413996],[114.0904929,22.3413019],[114.0905416,22.3413489],[114.0905444,22.3413516],[114.0905808,22.3413838],[114.0906366,22.3413883],[114.0907646,22.3414675],[114.090835,22.3414901]],[[114.1128204,22.3477137],[114.1127975,22.3477157],[114.1127745,22.347719],[114.1127355,22.34773],[114.1127235,22.3477513],[114.1127202,22.3477588],[114.1127179,22.3477692],[114.1127171,22.3477837],[114.1127182,22.3477922],[114.112721,22.3477996],[114.1127277,22.3478071],[114.1127349,22.3478118],[114.112752,22.3478188],[114.1127662,22.347822],[114.1127748,22.3478221],[114.1128042,22.3478184],[114.1128868,22.3478393],[114.1129007,22.3478292],[114.1129046,22.3478254],[114.1129079,22.3478209],[114.1129137,22.3478082],[114.1129148,22.3477976],[114.1129131,22.3477843],[114.1129073,22.3477602],[114.112895,22.3477379],[114.1128898,22.3477317],[114.1128831,22.3477268],[114.1128692,22.3477214],[114.1128551,22.3477179],[114.1128204,22.3477137]],[[114.1149681,22.3490278],[114.1149892,22.3489335],[114.11498,22.3489241],[114.1149748,22.3489201],[114.1149705,22.348917],[114.1149598,22.3489113],[114.1149363,22.348905],[114.1149227,22.3489045],[114.1149092,22.3489061],[114.1148975,22.3489095],[114.1148606,22.3489997],[114.1148638,22.3490059],[114.114873,22.3490181],[114.114879,22.3490237],[114.1148849,22.349028],[114.1148923,22.3490323],[114.1149,22.3490357],[114.114907,22.3490379],[114.1149228,22.3490403],[114.1149314,22.3490402],[114.114946,22.3490377],[114.1149541,22.3490351],[114.1149619,22.3490315],[114.1149681,22.3490278]],[[114.1138,22.3487378],[114.1138124,22.3487336],[114.1138195,22.3487299],[114.1138211,22.3487289],[114.1138492,22.348636],[114.1138401,22.348626],[114.1138294,22.3486177],[114.1138172,22.3486113],[114.1138054,22.3486072],[114.1137917,22.3486048],[114.113779,22.3486046],[114.1137653,22.3486065],[114.1137519,22.3486106],[114.1137178,22.348702],[114.1137213,22.3487081],[114.1137262,22.3487147],[114.1137364,22.3487245],[114.1137418,22.3487283],[114.1137486,22.3487322],[114.1137622,22.3487373],[114.1137694,22.3487389],[114.1137841,22.3487399],[114.1138,22.3487378]],[[114.1138686,22.3480338],[114.1138606,22.3480512],[114.1138587,22.3480675],[114.1138717,22.3480994],[114.1139249,22.3481037],[114.1140242,22.3481266],[114.1140481,22.3481225],[114.1140576,22.3481177],[114.1140631,22.348109],[114.1140704,22.3480854],[114.114062,22.3480488],[114.1140108,22.3480059],[114.1139738,22.3479992],[114.1139477,22.3479983],[114.1139185,22.3480015],[114.1138828,22.3480198],[114.1138686,22.3480338]],[[114.1094963,22.3597009],[114.1094506,22.3597394],[114.1094431,22.3597763],[114.1094028,22.3599725],[114.1093952,22.3600095],[114.1093891,22.360041],[114.1093875,22.3600495],[114.109415,22.3600987],[114.1094865,22.3601118],[114.1095326,22.3600753],[114.1095331,22.3600728],[114.1095408,22.3600351],[114.1095472,22.3600035],[114.1095891,22.3597996],[114.1095971,22.3597631],[114.1095703,22.3597144],[114.1095165,22.3597045],[114.1094963,22.3597009]],[[114.1110628,22.3603416],[114.1110654,22.3603282],[114.1111167,22.3600699],[114.1111229,22.3600422],[114.1111246,22.3600346],[114.1110974,22.359983],[114.1110249,22.3599698],[114.11098,22.3600075],[114.1109568,22.3601223],[114.11092,22.3603044],[114.1109179,22.360315],[114.1109447,22.3603668],[114.1110158,22.3603795],[114.1110628,22.3603416]],[[114.0791149,22.358261],[114.0791279,22.3582411],[114.0791026,22.3581422],[114.0790751,22.3581327],[114.0790084,22.3581757],[114.0790107,22.3582379],[114.0790374,22.3582599],[114.0791149,22.358261]],[[114.0802273,22.3638213],[114.0801506,22.3637835],[114.0800166,22.3637168],[114.0797828,22.3636003],[114.0797318,22.3635742],[114.0796124,22.3635445],[114.079512,22.3635539],[114.0794537,22.3636062],[114.0794151,22.3636554],[114.079331,22.3638136],[114.079284,22.3639353],[114.0792626,22.3640338],[114.0792339,22.3641438],[114.0793578,22.3641979],[114.0794663,22.3642411],[114.0798145,22.3644177],[114.0799259,22.3644557],[114.0800613,22.3644644],[114.0801518,22.3644214],[114.0801995,22.3643395],[114.0802479,22.3642631],[114.0803268,22.3642977],[114.0803856,22.3641801],[114.0803002,22.3641423],[114.0803369,22.3640791],[114.0803514,22.3640364],[114.0803498,22.3639549],[114.0803042,22.3638794],[114.0802273,22.3638213]],[[114.0927801,22.3675796],[114.0928025,22.3675422],[114.0927628,22.3675213],[114.0927402,22.3675589],[114.0927801,22.3675796]],[[114.1109382,22.3604833],[114.1109288,22.3604955],[114.1109235,22.3605088],[114.11092,22.3605285],[114.1109115,22.3605766],[114.1109006,22.3606545],[114.1109015,22.360668],[114.1109054,22.3606753],[114.1109141,22.3606828],[114.1109222,22.3606849],[114.1109306,22.3606817],[114.1109416,22.3606728],[114.1109469,22.3606633],[114.1109535,22.3606424],[114.1109824,22.3604955],[114.1109709,22.36048],[114.1109557,22.3604734],[114.1109382,22.3604833]],[[114.1094541,22.3601973],[114.109443,22.360192],[114.1094205,22.3601992],[114.1094113,22.3602135],[114.109374,22.3603855],[114.1093805,22.3604024],[114.1093922,22.3604067],[114.1094153,22.3604046],[114.1094266,22.3603849],[114.1094591,22.3602166],[114.1094541,22.3601973]],[[114.1133727,22.349498],[114.1134123,22.3495126],[114.1134666,22.3495327],[114.1135829,22.3492621],[114.1134892,22.3492276],[114.1133919,22.3494534],[114.1133727,22.349498]],[[114.1126765,22.3480216],[114.1126619,22.3480363],[114.1126045,22.348228],[114.1126092,22.3482477],[114.1127384,22.348282],[114.1127533,22.3482667],[114.1128107,22.3480745],[114.112809,22.3480635],[114.1128077,22.3480546],[114.1126765,22.3480216]],[[114.090021,22.3433615],[114.0899776,22.3433577],[114.0899988,22.3434862],[114.0900882,22.3434743],[114.0900787,22.3434171],[114.090021,22.3433615]],[[114.114957,22.3486118],[114.1149425,22.348626],[114.1148852,22.348818],[114.1148897,22.3488391],[114.115019,22.3488721],[114.1150343,22.348857],[114.1150919,22.348665],[114.1150866,22.3486445],[114.114957,22.3486118]],[[114.1102367,22.3664004],[114.1104885,22.366664],[114.1105205,22.3666975],[114.110545,22.3666775],[114.110555,22.3666696],[114.1105696,22.3666577],[114.1105795,22.3666497],[114.1106083,22.3666262],[114.1105596,22.3665754],[114.1103246,22.3663293],[114.1102367,22.3664004]],[[114.0876403,22.332652],[114.0873732,22.3327771],[114.0873216,22.3329227],[114.0875601,22.3333633],[114.0884105,22.3349341],[114.088544,22.335181],[114.0887004,22.3352291],[114.0889674,22.3351041],[114.0890191,22.3349585],[114.088631,22.3342412],[114.0877967,22.3327001],[114.0877165,22.3326753],[114.0876403,22.332652]],[[114.1118517,22.3568666],[114.1117595,22.3569661],[114.111745,22.3570352],[114.1117748,22.3571505],[114.1117776,22.3571611],[114.1118397,22.357173],[114.1118564,22.3571539],[114.1119337,22.3570662],[114.111943,22.3570039],[114.1119109,22.3568788],[114.1118517,22.3568666]],[[114.1106885,22.3575649],[114.1107479,22.3575739],[114.1108252,22.3574791],[114.1108281,22.3574676],[114.1108455,22.3573973],[114.1108064,22.3572715],[114.1107444,22.3572608],[114.1106601,22.3573637],[114.1106489,22.3574377],[114.1106754,22.3575228],[114.1106885,22.3575649]],[[114.112394,22.3488243],[114.1122785,22.3490932],[114.1123723,22.3491283],[114.1124879,22.3488592],[114.112394,22.3488243]],[[114.1146748,22.3496683],[114.1145814,22.3496332],[114.114509,22.3498012],[114.1144656,22.3499022],[114.1144844,22.349909],[114.1145594,22.3499363],[114.1146748,22.3496683]],[[114.1096034,22.3579628],[114.1096642,22.3579681],[114.1097429,22.3578614],[114.1097526,22.3577848],[114.1097082,22.3576627],[114.1096457,22.357656],[114.1095681,22.3577639],[114.1095574,22.3578382],[114.1096034,22.3579628]],[[114.1138165,22.3483164],[114.113802,22.3483313],[114.113745,22.3485233],[114.1137465,22.34853],[114.1137494,22.3485428],[114.1137802,22.3485507],[114.1138794,22.3485765],[114.1138937,22.3485619],[114.1139513,22.3483695],[114.1139478,22.3483503],[114.1138165,22.3483164]],[[114.0885982,22.342953],[114.0885215,22.3429637],[114.088533,22.3430351],[114.0885714,22.3430297],[114.0886098,22.3430244],[114.0885982,22.342953]],[[114.0878767,22.3429614],[114.0877999,22.3429721],[114.0878115,22.3430435],[114.0878499,22.3430381],[114.0878883,22.3430328],[114.0878767,22.3429614]],[[114.0892339,22.3428692],[114.0891571,22.34288],[114.0891686,22.3429514],[114.089207,22.3429459],[114.0892454,22.3429407],[114.0892339,22.3428692]],[[114.0856098,22.3432916],[114.0855669,22.3433105],[114.0855904,22.3433569],[114.085599,22.3433531],[114.0856446,22.3433332],[114.085621,22.3432867],[114.0856098,22.3432916]],[[114.0855097,22.3430621],[114.0854603,22.3431416],[114.0855586,22.3431916],[114.0855619,22.3431859],[114.0856051,22.3431107],[114.0855795,22.3430977],[114.0855097,22.3430621]],[[114.0857658,22.3434729],[114.0858417,22.3434885],[114.0858584,22.3434179],[114.0857825,22.3434024],[114.0857658,22.3434729]],[[114.0859934,22.3424929],[114.0859027,22.3424418],[114.0858557,22.3425179],[114.0859219,22.3425532],[114.0859454,22.3425658],[114.0859844,22.3425065],[114.0859934,22.3424929]],[[114.0861023,22.3424855],[114.086154,22.342511],[114.0861836,22.3424581],[114.0861641,22.3424486],[114.0861206,22.3424273],[114.0860908,22.34248],[114.0861023,22.3424855]],[[114.0863703,22.3423108],[114.0863858,22.3423192],[114.0864194,22.3422645],[114.0864123,22.3422607],[114.0863558,22.3422315],[114.0863241,22.3422855],[114.0863703,22.3423108]],[[114.0865573,22.342048],[114.0864906,22.342012],[114.0864563,22.3420665],[114.0865136,22.3420954],[114.086524,22.3421008],[114.0865573,22.342048]],[[114.0864106,22.3424947],[114.0863586,22.3424692],[114.0863341,22.3425126],[114.0863551,22.3425228],[114.086386,22.3425381],[114.0864106,22.3424947]],[[114.0862972,22.3428626],[114.0862892,22.3428582],[114.0862579,22.3429145],[114.0862753,22.3429236],[114.0863289,22.3429516],[114.0863628,22.3428986],[114.0862972,22.3428626]],[[114.0860887,22.3431844],[114.0861588,22.3432232],[114.0861934,22.3431658],[114.0861412,22.3431393],[114.0861225,22.3431299],[114.0860887,22.3431844]],[[114.0853627,22.3438347],[114.0854227,22.3438668],[114.085457,22.3438079],[114.085451,22.3438051],[114.085394,22.3437785],[114.0853627,22.3438347]],[[114.0855532,22.3435707],[114.0855306,22.3435582],[114.085497,22.3436143],[114.0855495,22.3436394],[114.085562,22.3436454],[114.0855936,22.3435931],[114.0855532,22.3435707]],[[114.088949,22.3387964],[114.0889965,22.3388122],[114.0890902,22.3388435],[114.0891007,22.3388165],[114.0891231,22.3387584],[114.0890488,22.3387336],[114.0889818,22.3387113],[114.088949,22.3387964]],[[114.0954369,22.325256],[114.0953968,22.3251705],[114.0953279,22.3251985],[114.0953352,22.325214],[114.095368,22.325284],[114.0954369,22.325256]],[[114.0951861,22.3252345],[114.0951853,22.3252673],[114.0952403,22.3252685],[114.0952414,22.325223],[114.0952416,22.3252157],[114.0951866,22.3252145],[114.0951861,22.3252345]],[[114.0937591,22.3250035],[114.0937566,22.3251],[114.0938595,22.3251023],[114.0938597,22.3250944],[114.0938621,22.3250058],[114.0937591,22.3250035]],[[114.0945411,22.3251104],[114.0945437,22.3250156],[114.094436,22.3250133],[114.0944369,22.3251008],[114.094437,22.3251054],[114.0945411,22.3251104]],[[114.0929301,22.3251589],[114.0928403,22.3251585],[114.0928384,22.3252392],[114.0929291,22.3252398],[114.0929301,22.3251589]],[[114.1026114,22.3269259],[114.102598,22.3270212],[114.1026855,22.3270329],[114.1026876,22.3270208],[114.1027015,22.3269387],[114.1026114,22.3269259]],[[114.1030153,22.3273164],[114.1030117,22.3273565],[114.1030817,22.3273623],[114.1030847,22.3273321],[114.103091,22.327268],[114.1030199,22.3272634],[114.1030153,22.3273164]],[[114.1033442,22.3273543],[114.1033467,22.327343],[114.10329,22.3273323],[114.1032856,22.3273522],[114.1032763,22.3273955],[114.1033329,22.3274062],[114.1033442,22.3273543]],[[114.1036794,22.3273448],[114.103686,22.3272824],[114.1036165,22.3272761],[114.1036125,22.3273147],[114.10361,22.3273386],[114.1036794,22.3273448]],[[114.1018147,22.3269159],[114.1018263,22.3268183],[114.1017365,22.3268053],[114.1017237,22.3269055],[114.1018147,22.3269159]],[[114.1006966,22.3268771],[114.1006794,22.3269372],[114.1007451,22.3269534],[114.1007537,22.3269229],[114.1007622,22.3268933],[114.1006966,22.3268771]],[[114.1013255,22.3270728],[114.1013322,22.3270382],[114.1012642,22.3270269],[114.1012581,22.3270583],[114.1012524,22.327088],[114.1013204,22.3270993],[114.1013255,22.3270728]],[[114.1068472,22.3256473],[114.1068507,22.3255946],[114.1068027,22.3255922],[114.1067606,22.3255901],[114.1067555,22.3256689],[114.1067953,22.3256711],[114.1068454,22.3256739],[114.1068472,22.3256473]],[[114.1070694,22.3257114],[114.1070818,22.3256741],[114.107012,22.325654],[114.1069995,22.3256914],[114.1069874,22.3257276],[114.1070572,22.3257478],[114.1070694,22.3257114]],[[114.1077566,22.3255095],[114.1077548,22.3256163],[114.1078529,22.3256178],[114.1078532,22.325599],[114.1078552,22.3255164],[114.1077566,22.3255095]],[[114.1086314,22.3256694],[114.1086433,22.325568],[114.1085323,22.3255617],[114.1085287,22.3256445],[114.1085274,22.3256635],[114.1086048,22.3256678],[114.1086314,22.3256694]],[[114.1091561,22.3258463],[114.1091641,22.3258871],[114.1092416,22.3258739],[114.1092338,22.3258339],[114.1092257,22.3257923],[114.1091482,22.3258055],[114.1091561,22.3258463]],[[114.109473,22.3258391],[114.109478,22.3257599],[114.1093879,22.325755],[114.1093844,22.325811],[114.1093829,22.3258342],[114.109473,22.3258391]],[[114.1126387,22.3483086],[114.1126267,22.34831],[114.112614,22.3483135],[114.112597,22.3483559],[114.1125774,22.348405],[114.1125814,22.3484124],[114.1125904,22.3484237],[114.1125966,22.3484294],[114.1126038,22.3484343],[114.1126103,22.3484379],[114.1126243,22.3484431],[114.112633,22.3484448],[114.1126406,22.3484456],[114.1126481,22.3484455],[114.1126568,22.3484446],[114.1126643,22.348443],[114.1126794,22.3484371],[114.1126858,22.3484332],[114.1127039,22.3483369],[114.1126959,22.3483286],[114.1126858,22.3483211],[114.112675,22.3483152],[114.1126624,22.348311],[114.1126507,22.3483089],[114.1126387,22.3483086]]],[[[114.208702,22.3126822],[114.2096327,22.3118493],[114.2109856,22.3131521],[114.2109038,22.3132254],[114.2108611,22.3132636],[114.2103251,22.3137432],[114.2100803,22.3139623],[114.2083333,22.3155256],[114.208263,22.3155885],[114.2075028,22.3162689],[114.2061534,22.3149647],[114.2061109,22.3149025],[114.2061042,22.3148578],[114.2061295,22.3148351],[114.2073068,22.3137803],[114.2082826,22.3129061],[114.2083333,22.3128928],[114.2083439,22.3128901],[114.2083857,22.3128706],[114.2084228,22.312906],[114.2085419,22.3127988],[114.2086148,22.3128697],[114.2087096,22.3127841],[114.2086833,22.312735],[114.2086852,22.31271],[114.208702,22.3126822]]]]},"properties":{"GmlID":"SRZ.32","OBJNAM":"Zone B","INFORM":"The maximum permitted speed for a vessel of an overall length of 60 metres or less is 15 knots, and for a vessel of an overall length more than 60 metres is 10 knots.","OBJECTID":32}},{"type":"Feature","geometry":{"type":"MultiPolygon","coordinates":[[[[114.1226637,22.3237429],[114.1226456,22.3237959],[114.122631,22.323839],[114.1226404,22.3238561],[114.1133,22.31975],[114.1076507,22.3166762],[114.1032833,22.3143],[114.0985668,22.3054166],[114.0994,22.2970834],[114.1014322,22.2936167],[114.1046075,22.2882],[114.1095813,22.2797153],[114.1108388,22.2775699],[114.1135667,22.2729166],[114.1166756,22.274422],[114.116498,22.274596],[114.1164446,22.2746667],[114.116372,22.2747433],[114.1163457,22.2748132],[114.1163442,22.2750635],[114.1163544,22.2752036],[114.1162912,22.2752244],[114.1162655,22.2752653],[114.1162434,22.2753491],[114.116261,22.2753806],[114.1162831,22.2753971],[114.1162911,22.2753933],[114.1163215,22.2753793],[114.1163776,22.2753429],[114.1164068,22.2754537],[114.1163708,22.2755588],[114.1164165,22.2756703],[114.116441,22.2758694],[114.1164631,22.2759749],[114.1164492,22.2760314],[114.1163861,22.2760117],[114.1163794,22.2760287],[114.1164061,22.2761236],[114.1164531,22.2761289],[114.1164854,22.2761889],[114.1164964,22.2762848],[114.1164881,22.2763665],[114.1164642,22.2764348],[114.1164026,22.2765241],[114.1164335,22.2765861],[114.1164578,22.2766118],[114.1165366,22.2766559],[114.1165568,22.2767717],[114.1165032,22.2770362],[114.116452,22.2770651],[114.1164214,22.2771324],[114.1164055,22.277208],[114.116397,22.2772953],[114.1164268,22.2773139],[114.1164686,22.2772986],[114.1164662,22.2773319],[114.1163861,22.2774408],[114.1163594,22.2773844],[114.1163367,22.2773852],[114.1163222,22.2775447],[114.1163729,22.277699],[114.116423,22.2778417],[114.1164738,22.2780059],[114.1164952,22.2780953],[114.1164908,22.2781704],[114.1165468,22.2782349],[114.1165825,22.2783247],[114.116607,22.2783473],[114.116743,22.2783428],[114.1168169,22.2783715],[114.1169308,22.2785427],[114.1169008,22.2785971],[114.1169117,22.2786326],[114.117028,22.2787631],[114.1170668,22.2788893],[114.1171312,22.2790302],[114.1171666,22.2790947],[114.1171895,22.2791581],[114.1172319,22.2794493],[114.1172499,22.2795197],[114.1172805,22.2795637],[114.117233,22.2796311],[114.1173239,22.2796856],[114.1173552,22.2797332],[114.1173442,22.2798088],[114.1173757,22.2798364],[114.1174451,22.2798658],[114.1175038,22.279901],[114.1174804,22.2799132],[114.1173922,22.2799591],[114.1173977,22.2799675],[114.1174798,22.2799245],[114.1175105,22.2799083],[114.1175415,22.2799812],[114.117539,22.2801375],[114.1176395,22.2801691],[114.1176796,22.2802087],[114.1176619,22.280247],[114.117705,22.2803272],[114.1178038,22.2803436],[114.1178699,22.2804074],[114.1179591,22.2804582],[114.1180114,22.2805278],[114.1180741,22.2805407],[114.1181282,22.2805656],[114.1182222,22.2806813],[114.1184688,22.2808699],[114.1185527,22.2809891],[114.1186748,22.2811626],[114.1188271,22.2813791],[114.119132,22.2814793],[114.1198992,22.2817316],[114.1200138,22.2817693],[114.1219389,22.2824024],[114.1218723,22.2825791],[114.1217658,22.2828619],[114.121752,22.2828986],[114.1217145,22.2829515],[114.1215845,22.283135],[114.121964,22.2833773],[114.1229432,22.284003],[114.1231096,22.2837795],[114.1220892,22.2831249],[114.1219975,22.2830662],[114.1221739,22.2826078],[114.1222179,22.2824934],[114.1226421,22.2826318],[114.1229351,22.2827274],[114.1230066,22.2827506],[114.1234282,22.2828884],[114.1234148,22.2829246],[114.1236318,22.2829956],[114.1237142,22.2830225],[114.1237093,22.2830349],[114.1237381,22.2830444],[114.123779,22.283058],[114.1237838,22.2830452],[114.1238103,22.2830539],[114.1238242,22.283015],[114.1240146,22.2830765],[114.1239282,22.2833061],[114.1238939,22.2833977],[114.1240084,22.2834344],[114.1240914,22.2832144],[114.1241085,22.2831691],[114.1244998,22.2832951],[114.1245203,22.2832427],[114.1247696,22.2833218],[114.1247532,22.2833652],[114.1248035,22.2833815],[114.125,22.2834452],[114.1252485,22.2835257],[114.1252656,22.2834828],[114.1253133,22.2834996],[114.1254003,22.2835302],[114.1254081,22.2835709],[114.125396,22.2835975],[114.1254018,22.2836249],[114.1254366,22.2836184],[114.125452,22.283691],[114.1254697,22.2837748],[114.1254507,22.2838252],[114.1253975,22.2839672],[114.1253339,22.2839472],[114.1253338,22.2839431],[114.1253335,22.2839413],[114.1253325,22.2839384],[114.125331,22.2839353],[114.1253285,22.283932],[114.1253253,22.283929],[114.1253216,22.2839268],[114.125319,22.2839257],[114.1253144,22.2839245],[114.1253112,22.2839243],[114.1253088,22.2839243],[114.125304,22.2839252],[114.1253013,22.2839261],[114.1252975,22.2839281],[114.1252959,22.2839293],[114.1252933,22.2839316],[114.1252909,22.2839347],[114.1252887,22.2839391],[114.1252878,22.2839427],[114.1252876,22.2839472],[114.1252881,22.2839506],[114.1252908,22.2839569],[114.1252936,22.2839605],[114.125297,22.2839632],[114.1253038,22.2839664],[114.1253085,22.2839673],[114.1253117,22.2839674],[114.1253188,22.2839661],[114.1253228,22.2839643],[114.1253257,22.2839623],[114.1253291,22.2839591],[114.1253313,22.2839559],[114.1253945,22.2839754],[114.1253869,22.283997],[114.1254441,22.2840156],[114.1254511,22.283996],[114.1255141,22.284014],[114.1255142,22.2840171],[114.125515,22.2840209],[114.1255175,22.2840262],[114.1255197,22.284029],[114.125523,22.2840319],[114.1255264,22.2840341],[114.1255294,22.2840353],[114.1255342,22.2840365],[114.1255396,22.2840367],[114.1255448,22.2840357],[114.1255505,22.2840333],[114.1255541,22.2840307],[114.1255586,22.2840253],[114.1255611,22.2840187],[114.1255614,22.284013],[114.1255602,22.2840073],[114.1255578,22.2840029],[114.1255542,22.2839987],[114.1255492,22.2839953],[114.1255447,22.2839935],[114.1255407,22.2839927],[114.125534,22.2839928],[114.1255312,22.2839934],[114.1255251,22.2839959],[114.1255231,22.2839973],[114.125519,22.284001],[114.1255168,22.2840043],[114.1254547,22.283986],[114.1254962,22.2838676],[114.1255156,22.2838124],[114.125509,22.2838104],[114.1255158,22.2837958],[114.1255947,22.2837281],[114.1256376,22.2836914],[114.1256567,22.2837128],[114.1256691,22.2837022],[114.125669,22.2836945],[114.1257271,22.2836523],[114.1265712,22.2837976],[114.1265571,22.2838707],[114.1265523,22.2838959],[114.1265882,22.2839015],[114.1265996,22.2838441],[114.1266077,22.2838038],[114.1273638,22.2839345],[114.1275567,22.283965],[114.12755,22.2840016],[114.1275942,22.2840408],[114.127708,22.2841417],[114.1279037,22.2843156],[114.1283378,22.2847007],[114.1284623,22.2848112],[114.1323214,22.2882357],[114.13473,22.287886],[114.1344549,22.2888358],[114.1338128,22.2889297],[114.1334727,22.2889792],[114.1317629,22.2892284],[114.1317206,22.2892346],[114.1317691,22.2895241],[114.1318329,22.2895147],[114.1327837,22.2893744],[114.1343547,22.2891428],[114.1351231,22.2893365],[114.1350889,22.2894533],[114.1350223,22.289682],[114.135166,22.2897188],[114.1352348,22.2894852],[114.135268,22.2893728],[114.135966,22.2895479],[114.1359537,22.2895915],[114.1359333,22.2896621],[114.1358658,22.2898967],[114.1360047,22.2899317],[114.1360648,22.2897261],[114.1361067,22.2895836],[114.1369866,22.2898045],[114.1369537,22.289925],[114.1368901,22.2901578],[114.1370308,22.2901922],[114.1370984,22.2899602],[114.1371328,22.2898412],[114.1383233,22.2901436],[114.138309,22.2901944],[114.138292,22.2902536],[114.1382832,22.2902845],[114.1383268,22.2902959],[114.1382723,22.2904827],[114.138228,22.290472],[114.1382237,22.2904877],[114.1383674,22.2905233],[114.1383717,22.2905076],[114.1383298,22.2904974],[114.1383599,22.2903943],[114.1383845,22.2903094],[114.13843,22.2903213],[114.1384372,22.2902963],[114.1384707,22.2901808],[114.1388411,22.2902734],[114.1387977,22.2904225],[114.138741,22.2906171],[114.1388332,22.2906403],[114.1389032,22.2903999],[114.1389333,22.2902965],[114.1404065,22.2906683],[114.1404537,22.2906655],[114.1404568,22.2907242],[114.1405806,22.2907203],[114.1405787,22.2906616],[114.140845,22.2906536],[114.1418093,22.2906247],[114.1450189,22.2905233],[114.1455818,22.2905041],[114.1464609,22.2902876],[114.1467529,22.2902157],[114.1468646,22.2901883],[114.1469985,22.290155],[114.1477607,22.2899656],[114.148854,22.2896939],[114.1498437,22.2894481],[114.1498742,22.2894406],[114.1507302,22.2884236],[114.1507696,22.2884146],[114.150815,22.2884378],[114.1514774,22.2882713],[114.151651,22.2882276],[114.152204,22.2880886],[114.1522271,22.2880834],[114.1524,22.2880446],[114.1524454,22.2880345],[114.1530586,22.2878829],[114.1530689,22.2879178],[114.1531184,22.2878779],[114.1537572,22.2877198],[114.1537913,22.2877114],[114.1538034,22.2876419],[114.1538331,22.2875905],[114.1539119,22.2875788],[114.1542267,22.2873965],[114.154724,22.2878752],[114.1550383,22.2881721],[114.1551731,22.2882995],[114.1552897,22.2884098],[114.1553004,22.2884202],[114.155348,22.2884658],[114.155421,22.2885357],[114.1558276,22.2889263],[114.1559076,22.2889071],[114.1558017,22.2885167],[114.1557888,22.2884696],[114.155764,22.2883607],[114.1557495,22.288298],[114.1560582,22.288222],[114.1561292,22.288113],[114.1563296,22.2880641],[114.1563947,22.2880999],[114.1564051,22.2881374],[114.156544,22.2886383],[114.1565752,22.2887512],[114.1568383,22.288688],[114.1568265,22.2886456],[114.1566653,22.288064],[114.1566577,22.2880366],[114.156696,22.2879759],[114.1568524,22.2879381],[114.1568547,22.2879485],[114.1569528,22.2879335],[114.1570937,22.2878907],[114.157092,22.2878801],[114.1572555,22.2878406],[114.1573216,22.2878768],[114.1574758,22.2884254],[114.157498,22.2885044],[114.1575192,22.2885157],[114.1577345,22.2884666],[114.1577485,22.2884457],[114.1577195,22.2883418],[114.1575802,22.2878427],[114.1575728,22.2878158],[114.1576122,22.2877571],[114.1577749,22.2877177],[114.1577774,22.2877272],[114.1578764,22.287712],[114.1580171,22.2876692],[114.1580144,22.2876595],[114.1581767,22.28762],[114.1582118,22.2876511],[114.1582435,22.2876793],[114.1583633,22.2881077],[114.1584132,22.288286],[114.1584277,22.2882974],[114.158446,22.2882996],[114.1586595,22.288246],[114.1586734,22.2882172],[114.1585764,22.2878696],[114.1585358,22.2877238],[114.158511,22.287634],[114.1584952,22.2875777],[114.1585358,22.2875281],[114.1586748,22.2874923],[114.1586778,22.287502],[114.1588091,22.2874774],[114.1589539,22.2874291],[114.1589515,22.287421],[114.1590769,22.2873888],[114.1591751,22.2874328],[114.1591767,22.2874377],[114.1591995,22.2875102],[114.1593642,22.2880316],[114.1594025,22.2880412],[114.1595983,22.2879887],[114.1596123,22.2879679],[114.1595175,22.2876824],[114.159418,22.2873828],[114.159411,22.2873618],[114.1594547,22.2872765],[114.1595902,22.2872347],[114.1595934,22.2872441],[114.1597366,22.2872092],[114.1598555,22.2871619],[114.1598526,22.2871538],[114.1599708,22.2871174],[114.1600559,22.2871553],[114.1600757,22.2871642],[114.1601038,22.2872346],[114.1603074,22.2877462],[114.1603383,22.2877597],[114.1604528,22.2877212],[114.160533,22.2876943],[114.1605499,22.2876666],[114.160334,22.2871268],[114.1603173,22.2870851],[114.1603111,22.2870694],[114.160353,22.2869859],[114.1604813,22.2869399],[114.1604847,22.2869493],[114.16062,22.2869115],[114.1607455,22.286855],[114.160753,22.2868516],[114.1607498,22.2868437],[114.160869,22.2868009],[114.1609698,22.2868392],[114.1609737,22.286848],[114.1609991,22.286905],[114.1612256,22.287415],[114.1612638,22.2874274],[114.1614488,22.2873518],[114.161467,22.2873179],[114.1612372,22.2868309],[114.1612032,22.2867591],[114.1612406,22.2866795],[114.1612507,22.2866581],[114.1614154,22.2865897],[114.1617615,22.286446],[114.1617665,22.2864572],[114.1618292,22.2864799],[114.1618554,22.2865382],[114.1620957,22.2870732],[114.1621282,22.2870821],[114.1623292,22.2870041],[114.1623416,22.2869684],[114.1621168,22.2864652],[114.1620985,22.286424],[114.1622396,22.2860419],[114.162252,22.2860363],[114.1623888,22.2860801],[114.1628666,22.286233],[114.1628902,22.2862373],[114.1629078,22.2862367],[114.1629247,22.2862327],[114.1629368,22.2862277],[114.1629513,22.2862186],[114.1629635,22.2862069],[114.1629709,22.2861968],[114.1629766,22.2861857],[114.1629813,22.28617],[114.1629825,22.2861578],[114.1629818,22.2861456],[114.1629791,22.2861336],[114.1629726,22.2861184],[114.1629628,22.2861048],[114.1629504,22.2860933],[114.1629358,22.2860843],[114.1629238,22.2860794],[114.1625305,22.2859535],[114.1623088,22.2858826],[114.1623028,22.285871],[114.1625015,22.2853331],[114.1625138,22.2853275],[114.1628894,22.2854476],[114.1631306,22.2855249],[114.1631391,22.285527],[114.1631478,22.2855282],[114.1631565,22.2855286],[114.1631653,22.2855283],[114.163174,22.2855271],[114.1631825,22.2855251],[114.1631908,22.2855224],[114.1631987,22.2855188],[114.1632062,22.2855146],[114.1632098,22.2855122],[114.1632165,22.285507],[114.1632226,22.2855012],[114.1632306,22.2854913],[114.1632349,22.2854843],[114.16324,22.285473],[114.1632423,22.2854651],[114.1632438,22.2854571],[114.1632444,22.2854448],[114.1632441,22.2854407],[114.163243,22.2854327],[114.1632409,22.2854247],[114.1632363,22.2854132],[114.1632322,22.285406],[114.1632274,22.2853992],[114.1632218,22.2853929],[114.1632156,22.2853871],[114.1632088,22.2853819],[114.1632016,22.2853774],[114.1631897,22.285372],[114.1631579,22.2853616],[114.1625706,22.2851738],[114.1625646,22.2851623],[114.1627344,22.2847029],[114.1628841,22.2846121],[114.162999,22.2845449],[114.1631342,22.2844685],[114.1631423,22.2844641],[114.1631707,22.2843611],[114.163235,22.2843371],[114.1635485,22.2842201],[114.1638822,22.2840957],[114.165,22.2836788],[114.1656161,22.2834488],[114.1658728,22.2833531],[114.1659531,22.2833904],[114.1659926,22.2834089],[114.1665552,22.2833077],[114.16686,22.2832661],[114.1672669,22.2832248],[114.1673574,22.2832185],[114.1675254,22.2832069],[114.1676573,22.283164],[114.1677678,22.2830902],[114.1679295,22.2829985],[114.1681039,22.2829246],[114.1681982,22.2828936],[114.1682896,22.2828659],[114.1684803,22.2828251],[114.1686093,22.2828079],[114.1689191,22.2827816],[114.169063,22.2827723],[114.1693353,22.2827501],[114.169686,22.2827218],[114.1697704,22.282707],[114.1698243,22.2826925],[114.169893,22.2826694],[114.1700077,22.2826344],[114.170163,22.2826029],[114.1702751,22.2825962],[114.1704095,22.2826012],[114.1704995,22.2826146],[114.1706012,22.2826319],[114.1707373,22.2826642],[114.1708532,22.2827043],[114.1709513,22.2827513],[114.1711477,22.282872],[114.1712759,22.2829875],[114.1713843,22.2831328],[114.171458,22.2832568],[114.171548,22.2834411],[114.1716118,22.2835335],[114.1716277,22.283554],[114.1716501,22.283583],[114.1716947,22.2836298],[114.1717436,22.2836753],[114.1717953,22.2837123],[114.1718386,22.2836714],[114.1718673,22.2836925],[114.1719214,22.2838485],[114.1719591,22.2839747],[114.171988,22.2840718],[114.1720622,22.2843028],[114.1720293,22.2843206],[114.1720043,22.2843511],[114.1719959,22.2844033],[114.1720247,22.2844577],[114.1721792,22.2846005],[114.1723343,22.2847052],[114.1725234,22.2847925],[114.1726984,22.2848427],[114.1728193,22.284862],[114.1730018,22.2848659],[114.1731468,22.2848551],[114.1732843,22.2848311],[114.1734043,22.2847917],[114.1734968,22.2847558],[114.1736238,22.2846861],[114.1741855,22.284687],[114.17425,22.2846871],[114.17422,22.2847919],[114.1741582,22.2850078],[114.1741533,22.2850288],[114.1741523,22.2850575],[114.1741575,22.2850843],[114.1741656,22.2851048],[114.1741782,22.2851253],[114.1741861,22.285135],[114.174203,22.2851507],[114.1742143,22.2851589],[114.1742393,22.2851719],[114.174264,22.2851796],[114.1742769,22.2851818],[114.1743059,22.2851831],[114.1743315,22.2851794],[114.1743446,22.2851759],[114.1743574,22.2851714],[114.1743804,22.2851596],[114.1744009,22.2851409],[114.1744144,22.2851217],[114.1744216,22.2851059],[114.1744311,22.2850727],[114.1744916,22.2848622],[114.1746151,22.2844325],[114.1746293,22.2843833],[114.174528,22.2843589],[114.1745582,22.2843184],[114.174558,22.284292],[114.1744628,22.2839797],[114.1745377,22.2839606],[114.1745199,22.2839002],[114.1744454,22.2839202],[114.1744138,22.2838052],[114.1744852,22.2837875],[114.1744679,22.283727],[114.1743558,22.2837526],[114.1743592,22.2836966],[114.17439,22.2831721],[114.1744056,22.2831311],[114.1744188,22.2831033],[114.1744434,22.2830593],[114.1744896,22.2829976],[114.1745434,22.2829511],[114.1745796,22.2829286],[114.1746092,22.2829097],[114.1746612,22.2828861],[114.1747095,22.2828729],[114.1747509,22.2828675],[114.1748052,22.2828675],[114.1748669,22.2828703],[114.1749181,22.282874],[114.1749855,22.2828806],[114.1750191,22.2828846],[114.1760959,22.2829914],[114.1760891,22.282998],[114.176087,22.2830007],[114.176086,22.2830039],[114.176087,22.2830094],[114.1761317,22.283051],[114.1761345,22.2830563],[114.1761353,22.2830609],[114.1761181,22.283208],[114.1760646,22.2836851],[114.1760648,22.2836883],[114.1760671,22.283696],[114.1760689,22.2836993],[114.1760726,22.2837037],[114.1760781,22.2837078],[114.1760812,22.2837094],[114.1760874,22.2837114],[114.1762929,22.2837316],[114.176297,22.2837316],[114.1762975,22.2837314],[114.176298,22.2837314],[114.1763045,22.2837299],[114.1763072,22.2837287],[114.1763098,22.2837272],[114.1763103,22.283727],[114.1763135,22.2837247],[114.176316,22.2837223],[114.1763191,22.2837185],[114.1763224,22.2837111],[114.1763474,22.2834944],[114.1763711,22.2832858],[114.1763933,22.2830881],[114.1763941,22.2830846],[114.1763972,22.283079],[114.1764017,22.2830749],[114.1764193,22.2830647],[114.1764491,22.2830466],[114.176453,22.2830431],[114.1764541,22.2830397],[114.1764528,22.2830346],[114.1764468,22.2830258],[114.1769531,22.2830829],[114.1771531,22.2831113],[114.1773746,22.2831421],[114.1775334,22.2831637],[114.1775807,22.2831702],[114.1778926,22.2832116],[114.1781271,22.2832457],[114.1782216,22.2832304],[114.1783018,22.283188],[114.1783482,22.2831417],[114.1784169,22.2830827],[114.1785364,22.2830161],[114.1786675,22.2829719],[114.1788051,22.2829519],[114.1789443,22.2829566],[114.1790261,22.2829742],[114.1790801,22.2829859],[114.1797313,22.2834942],[114.1807429,22.2842831],[114.1808134,22.2843142],[114.1808382,22.2843165],[114.1808624,22.2843159],[114.1808702,22.2843145],[114.1809097,22.284304],[114.1809273,22.2842956],[114.1809509,22.2842792],[114.1809649,22.2842662],[114.18098,22.2842476],[114.1809916,22.2842272],[114.1809994,22.2842058],[114.1810037,22.2841832],[114.1810043,22.2841601],[114.1810013,22.2841375],[114.1809946,22.2841155],[114.1809703,22.2840754],[114.1809466,22.2840528],[114.1801239,22.2834134],[114.1799358,22.2832671],[114.1799565,22.2832133],[114.1800904,22.2828654],[114.1802311,22.2825002],[114.1809061,22.2827288],[114.1811158,22.2828315],[114.1812998,22.2829188],[114.1814556,22.2829944],[114.1816573,22.2830925],[114.181881,22.2832013],[114.1819047,22.2832129],[114.181892,22.2834903],[114.1818772,22.2838161],[114.181786,22.2838503],[114.1817805,22.2839964],[114.181794,22.2839968],[114.1818315,22.2839981],[114.1818583,22.2840199],[114.1818522,22.284246],[114.1818257,22.2842315],[114.1818147,22.284236],[114.1818349,22.2843106],[114.1818364,22.2843103],[114.1818437,22.2843424],[114.1817983,22.2843745],[114.1817805,22.2843869],[114.1817997,22.284448],[114.1814642,22.2845274],[114.1814282,22.284536],[114.1814361,22.2845631],[114.1814449,22.2845609],[114.1818063,22.2844704],[114.1818694,22.2844545],[114.1818703,22.284475],[114.1819861,22.2845286],[114.181998,22.2845894],[114.182008,22.2846415],[114.1820286,22.2846686],[114.1820727,22.2847142],[114.1821032,22.2847437],[114.1821202,22.284751],[114.1821463,22.2847516],[114.1823223,22.2847273],[114.1824192,22.2847528],[114.182482,22.2847697],[114.1826223,22.2848069],[114.1825254,22.2850262],[114.1823886,22.2853359],[114.1823518,22.2854192],[114.1823082,22.2855177],[114.182306,22.285523],[114.1823038,22.2855314],[114.1823031,22.28554],[114.1823034,22.2855463],[114.1823037,22.2855486],[114.1823049,22.2855542],[114.1823067,22.2855597],[114.1823091,22.285565],[114.182312,22.2855701],[114.1823155,22.2855748],[114.1823195,22.2855793],[114.1823239,22.2855833],[114.1823263,22.2855851],[114.1823312,22.2855885],[114.1823339,22.28559],[114.1823394,22.2855926],[114.1823451,22.2855947],[114.1823511,22.2855962],[114.1823571,22.2855971],[114.1823633,22.2855975],[114.1823664,22.2855975],[114.1823695,22.2855974],[114.1823757,22.2855966],[114.1823787,22.285596],[114.1823845,22.2855944],[114.1823875,22.2855934],[114.1823931,22.285591],[114.1823984,22.2855881],[114.1824008,22.2855865],[114.1824057,22.2855828],[114.1824101,22.2855788],[114.1824118,22.2855768],[114.1824121,22.2855766],[114.1824158,22.285572],[114.1824189,22.285567],[114.1824215,22.2855618],[114.1824254,22.2855529],[114.1829633,22.2857183],[114.1829571,22.28575],[114.1829632,22.2857766],[114.182976,22.2857975],[114.1829863,22.2858082],[114.1829989,22.2858166],[114.1830129,22.2858229],[114.1874713,22.287013],[114.1874864,22.2870153],[114.1875,22.2870143],[114.187505,22.287902],[114.1874627,22.2879286],[114.1874349,22.2879674],[114.1874306,22.2879912],[114.1874336,22.2880143],[114.1874422,22.2880341],[114.1874556,22.2880504],[114.1822378,22.2972469],[114.181996,22.2976376],[114.1821227,22.2977053],[114.1823758,22.297841],[114.182585,22.2979532],[114.1825844,22.2980781],[114.1825831,22.2984493],[114.1825749,22.2994129],[114.1825734,22.2995872],[114.1820925,22.2995817],[114.1819397,22.2995799],[114.1817546,22.2995778],[114.1815903,22.299576],[114.1815939,22.2994625],[114.1812493,22.299459],[114.1812457,22.2995703],[114.181193,22.2995686],[114.181002,22.299408],[114.1808351,22.2992677],[114.1808561,22.299141],[114.1808636,22.2990961],[114.1808849,22.2989793],[114.180869,22.2989596],[114.180857,22.2989577],[114.1806295,22.2989234],[114.1806274,22.2989247],[114.1806095,22.2989359],[114.1806033,22.2989694],[114.1805924,22.299029],[114.1805355,22.2990211],[114.1804733,22.2989713],[114.1804869,22.2989563],[114.1803511,22.2988437],[114.1803378,22.2988564],[114.1800576,22.2986234],[114.1798055,22.2984152],[114.1798184,22.2984017],[114.1796694,22.2982781],[114.1796572,22.2982907],[114.1795437,22.2981962],[114.1791389,22.297862],[114.1791516,22.2978485],[114.1790132,22.2977325],[114.1789994,22.2977454],[114.1787043,22.2974985],[114.17842,22.2972625],[114.1784314,22.2972497],[114.1782923,22.2971344],[114.1782799,22.2971465],[114.1781601,22.2970466],[114.178062,22.2969648],[114.177928,22.2968532],[114.1776823,22.2966511],[114.177696,22.2966365],[114.177591,22.2965482],[114.1775765,22.2965631],[114.1771448,22.2962048],[114.1770982,22.2961663],[114.1770771,22.296147],[114.1770401,22.2961081],[114.1766192,22.2956137],[114.1765942,22.295581],[114.1765585,22.2955234],[114.1762504,22.2946981],[114.1761316,22.2944763],[114.1761181,22.2944579],[114.1760078,22.2943077],[114.1755222,22.2937753],[114.1754389,22.2936839],[114.1752042,22.2934267],[114.1748785,22.2930698],[114.1748615,22.293054],[114.174859,22.293052],[114.174847,22.2930427],[114.1747888,22.2930162],[114.1747009,22.293002],[114.1746558,22.2929988],[114.1746208,22.2929965],[114.1742168,22.2929682],[114.1733143,22.2929026],[114.1732816,22.2929026],[114.1732276,22.2929144],[114.1731919,22.2929331],[114.1731639,22.292954],[114.173084,22.293017],[114.1729089,22.2931549],[114.1727885,22.2932498],[114.1727863,22.2932496],[114.1726478,22.2932392],[114.1725319,22.2932304],[114.1723619,22.2932175],[114.172188,22.2932045],[114.1721517,22.2932017],[114.1719342,22.2931853],[114.1710205,22.2931164],[114.1709308,22.2930211],[114.1706882,22.2930028],[114.1697834,22.2929346],[114.1695783,22.2929194],[114.1695188,22.2929561],[114.1695101,22.2929847],[114.1693911,22.2933765],[114.1693538,22.2934991],[114.1693247,22.2935024],[114.1692531,22.2935148],[114.169136,22.2935481],[114.169077,22.2934787],[114.1690615,22.2934606],[114.168956,22.2934273],[114.1688717,22.2933838],[114.1687818,22.2932767],[114.1685296,22.2929763],[114.1684878,22.2929583],[114.1684405,22.2929707],[114.1684236,22.2929869],[114.1684132,22.293009],[114.168412,22.2930186],[114.1684169,22.2930502],[114.1684277,22.2930677],[114.1687613,22.2934668],[114.1687843,22.293556],[114.1685919,22.2937669],[114.1684446,22.2939285],[114.168367,22.2938889],[114.1681809,22.2936661],[114.1680267,22.2934814],[114.1680225,22.2934764],[114.1680141,22.2934695],[114.1679795,22.2934572],[114.1679437,22.2934622],[114.1679237,22.2934747],[114.1679152,22.2934837],[114.1679042,22.2935018],[114.1679012,22.2935125],[114.1679042,22.2935463],[114.1679165,22.2935678],[114.1680087,22.2936774],[114.1681804,22.2938819],[114.168247,22.2939612],[114.1683081,22.2940887],[114.1683523,22.2941222],[114.1683677,22.2941339],[114.1684562,22.2942101],[114.1685125,22.2942524],[114.168359,22.2949269],[114.1682538,22.2949062],[114.1680701,22.2948703],[114.1674075,22.2947405],[114.166967,22.2946543],[114.1667673,22.2946152],[114.1664725,22.2945575],[114.1656182,22.2943904],[114.165,22.2942695],[114.1647667,22.2942239],[114.1647564,22.2942245],[114.1647388,22.2942414],[114.1646757,22.2945171],[114.1645956,22.2948673],[114.1645962,22.2948797],[114.1646162,22.2948995],[114.165,22.2949746],[114.165,22.2949746],[114.165,22.2949746],[114.1656625,22.2951043],[114.1660594,22.2951821],[114.1670004,22.2953665],[114.1672032,22.2954066],[114.1677517,22.2955151],[114.1676984,22.2957444],[114.1678187,22.2959124],[114.1681236,22.2959718],[114.1681211,22.2959827],[114.1678336,22.297269],[114.1676433,22.297232],[114.1672286,22.2971515],[114.1670002,22.2971072],[114.1661542,22.2969457],[114.1661438,22.2969436],[114.166128,22.2969429],[114.1661054,22.2969496],[114.1660942,22.2969616],[114.1660761,22.2970373],[114.1660856,22.29706],[114.1661137,22.2970774],[114.1674857,22.2973424],[114.1674385,22.2975541],[114.1674759,22.2975611],[114.1675792,22.2975808],[114.1677543,22.2976143],[114.1676326,22.2981592],[114.1675469,22.2981423],[114.1673946,22.2981125],[114.1673403,22.298102],[114.1671103,22.2980566],[114.1670001,22.2980353],[114.1655554,22.29775],[114.1655053,22.2979762],[114.1670628,22.2982816],[114.1674062,22.2983495],[114.16748,22.2983642],[114.1675741,22.298383],[114.1675803,22.2983892],[114.1675559,22.2984978],[114.1674318,22.2990495],[114.1673985,22.2991973],[114.1673223,22.2991826],[114.1673112,22.2991588],[114.1673431,22.2991653],[114.167361,22.2990895],[114.1672612,22.2990691],[114.1669998,22.2990159],[114.166982,22.2990917],[114.1671432,22.2991246],[114.167127,22.2991394],[114.167,22.2991144],[114.165,22.298722],[114.165,22.298722],[114.165,22.298722],[114.1648936,22.2987012],[114.16488,22.2987002],[114.1648643,22.2987009],[114.1648487,22.2987034],[114.1648379,22.2987064],[114.1648233,22.2987121],[114.1648115,22.2987183],[114.1648006,22.2987258],[114.1647906,22.2987343],[114.1647817,22.2987437],[114.1647752,22.2987524],[114.1647696,22.2987614],[114.164764,22.2987729],[114.1647584,22.298791],[114.1647561,22.298814],[114.1647588,22.2988368],[114.1647656,22.2988569],[114.1647715,22.2988682],[114.1647775,22.2988771],[114.1647858,22.2988871],[114.1647936,22.2988946],[114.1648057,22.2989041],[114.164819,22.2989119],[114.1648312,22.2989174],[114.1648462,22.2989221],[114.1648717,22.2989284],[114.1648787,22.2989295],[114.165,22.2989531],[114.165,22.2989531],[114.165,22.2989531],[114.1650593,22.2989648],[114.1651201,22.2989766],[114.1655177,22.2990544],[114.1655351,22.2990577],[114.1661031,22.2991688],[114.1661204,22.2991721],[114.1664334,22.2992333],[114.1664303,22.2992466],[114.1668704,22.2993339],[114.1668839,22.2993366],[114.1669046,22.2993676],[114.1668758,22.2994909],[114.1668629,22.2995455],[114.1668821,22.2995492],[114.167,22.2995725],[114.1670863,22.299589],[114.1670536,22.2997284],[114.1667879,22.2996739],[114.1667064,22.2996571],[114.1666966,22.2996567],[114.1666917,22.2996573],[114.1666826,22.2996607],[114.1666785,22.2996633],[114.1666717,22.2996699],[114.1666671,22.2996781],[114.1666659,22.2996824],[114.1666655,22.2996915],[114.1666677,22.2997004],[114.1666727,22.2997083],[114.1666798,22.2997146],[114.1666888,22.2997189],[114.1667971,22.2997404],[114.1669999,22.2997807],[114.1670392,22.2997888],[114.1670168,22.2998935],[114.167105,22.2999107],[114.1670828,22.3001045],[114.1670458,22.3001013],[114.1670479,22.3000837],[114.1670133,22.3000799],[114.166993,22.3000777],[114.1669949,22.3000536],[114.1667132,22.3000253],[114.1667112,22.3000407],[114.1667102,22.3000485],[114.1666971,22.3000475],[114.1666884,22.3001214],[114.1670392,22.3001569],[114.167041,22.3001392],[114.1670785,22.3001425],[114.1670467,22.300421],[114.1670112,22.3004174],[114.1670137,22.3003947],[114.1666574,22.3003589],[114.1666484,22.3004361],[114.1670043,22.3004727],[114.1670063,22.300453],[114.1670426,22.3004568],[114.1670408,22.3004725],[114.1670841,22.3004777],[114.167039,22.3008798],[114.167007,22.3009019],[114.1667187,22.3008819],[114.1664852,22.3008664],[114.1664097,22.3008613],[114.1663381,22.3008566],[114.1663055,22.3008511],[114.1662737,22.300842],[114.1662434,22.3008295],[114.1662226,22.3008161],[114.165832,22.3005666],[114.1658262,22.3005678],[114.1657766,22.3006342],[114.1657776,22.3006399],[114.1659697,22.3007652],[114.166233,22.3009324],[114.1658444,22.3008519],[114.1657868,22.3008548],[114.1657576,22.3008723],[114.1652948,22.3008169],[114.165293,22.3008327],[114.1652705,22.3008299],[114.1652724,22.3008141],[114.165,22.3007819],[114.165,22.3007819],[114.165,22.3007819],[114.163176,22.300567],[114.1631695,22.3004774],[114.1627074,22.3004338],[114.1625279,22.300417],[114.1624578,22.3004088],[114.1620681,22.3003633],[114.161659,22.3003064],[114.1616259,22.3003018],[114.1615944,22.3003029],[114.1615501,22.3003198],[114.1615283,22.3003412],[114.1615185,22.30037],[114.1607075,22.3002736],[114.1602297,22.3002169],[114.1595817,22.2999844],[114.1590349,22.2997884],[114.1590549,22.2997257],[114.1590481,22.2997111],[114.1590222,22.2996896],[114.1589864,22.2996845],[114.1588281,22.2995473],[114.1587759,22.2995207],[114.158634,22.299391],[114.1585679,22.2993401],[114.158343,22.2990488],[114.1582859,22.299006],[114.1581586,22.2987706],[114.1581121,22.2987029],[114.158081,22.2986577],[114.1580439,22.2986228],[114.1579966,22.2986023],[114.1577643,22.2986009],[114.1574046,22.2985989],[114.1571824,22.2985976],[114.1570038,22.2985966],[114.1568094,22.2985998],[114.1567054,22.2986016],[114.1564997,22.2986151],[114.1557355,22.298606],[114.1553485,22.2986116],[114.1552975,22.2986239],[114.1550318,22.2987824],[114.1548899,22.2988785],[114.1547971,22.2989629],[114.1547547,22.2990015],[114.1546144,22.2991532],[114.1545223,22.2992527],[114.1543902,22.2994269],[114.1543015,22.2995439],[114.1543109,22.3006664],[114.1542982,22.3008437],[114.1543195,22.3009396],[114.1543084,22.3011162],[114.1543094,22.3011244],[114.1543163,22.3011851],[114.1543175,22.3014312],[114.1543144,22.3014594],[114.1542981,22.3016073],[114.154312,22.3018416],[114.1543277,22.3019488],[114.1543538,22.3020549],[114.1543956,22.3021785],[114.1544538,22.302306],[114.1545387,22.3024648],[114.1545878,22.3025386],[114.1546685,22.302647],[114.1547776,22.3027712],[114.1548146,22.3028028],[114.1548443,22.3028531],[114.1548528,22.3028938],[114.1548557,22.3029884],[114.1548564,22.3030105],[114.1548357,22.3031783],[114.1548346,22.3032549],[114.1548347,22.3032554],[114.1548405,22.3033085],[114.1548758,22.3033995],[114.1548782,22.3034723],[114.1548818,22.3035292],[114.1548818,22.3035591],[114.1548751,22.3035969],[114.1548769,22.3040643],[114.1548678,22.30414],[114.1548653,22.3041511],[114.1548538,22.3042037],[114.1548204,22.3043018],[114.1547974,22.3043741],[114.1547312,22.3044531],[114.1546808,22.3045057],[114.1546323,22.3045446],[114.1545401,22.304596],[114.1544588,22.3046258],[114.154417,22.3046371],[114.1543084,22.3046562],[114.1542065,22.3046619],[114.1541846,22.3046748],[114.154164,22.304694],[114.1541398,22.304737],[114.1541349,22.3047776],[114.154141,22.3047985],[114.1541495,22.3048126],[114.1541749,22.3048346],[114.154201,22.3048471],[114.1542229,22.3048526],[114.1542635,22.3048476],[114.1543282,22.3048289],[114.1556053,22.3059547],[114.1555759,22.3059586],[114.1554824,22.30598],[114.1553878,22.3060155],[114.1552397,22.3060906],[114.1551548,22.3061268],[114.1551069,22.3061577],[114.1550815,22.3061797],[114.1550499,22.3062154],[114.1550287,22.3062475],[114.1549959,22.3063169],[114.154965,22.3063581],[114.1549461,22.3063902],[114.1549225,22.306436],[114.1548927,22.3065201],[114.1548824,22.3065697],[114.1548757,22.3066324],[114.1548593,22.3067002],[114.1548528,22.3067442],[114.1548544,22.3067944],[114.1548618,22.3068287],[114.1548696,22.3075253],[114.1548786,22.3076607],[114.1548713,22.3080039],[114.1548876,22.3080671],[114.1548846,22.3081845],[114.1548706,22.3082844],[114.1548675,22.3086298],[114.1548797,22.308714],[114.1548615,22.3088127],[114.1548704,22.3089053],[114.1548693,22.309144],[114.1548856,22.3092716],[114.1548765,22.309525],[114.154877,22.3099788],[114.1548904,22.310033],[114.1548703,22.3101724],[114.1548672,22.3103885],[114.1548696,22.3104461],[114.1548775,22.3104924],[114.1548701,22.3107046],[114.1548922,22.3108535],[114.1548973,22.310888],[114.1548864,22.311772],[114.1548858,22.3124547],[114.1548856,22.3126399],[114.154872,22.3135966],[114.1548642,22.3136503],[114.1548733,22.3137852],[114.1548665,22.3138665],[114.1548526,22.313893],[114.1548295,22.3139979],[114.1547355,22.3141402],[114.1546032,22.3142418],[114.1544691,22.3143129],[114.1543715,22.3143393],[114.1541822,22.3143563],[114.1541282,22.3144285],[114.1541488,22.3144799],[114.1541888,22.3145211],[114.1542604,22.3145324],[114.1542807,22.3145282],[114.1549185,22.3157536],[114.1549117,22.315755],[114.1549039,22.3157579],[114.1548899,22.315777],[114.1548832,22.3157945],[114.1548832,22.3158566],[114.1548694,22.3159078],[114.154865,22.3159238],[114.154871,22.3159491],[114.1548729,22.315987],[114.1548656,22.3160219],[114.1548661,22.3161941],[114.1548746,22.3162669],[114.1548758,22.3163374],[114.1548655,22.3164397],[114.154872,22.316688],[114.1548648,22.3167269],[114.1548617,22.3168087],[114.1548678,22.3168403],[114.1548847,22.3168786],[114.154889,22.3168883],[114.1549115,22.3169092],[114.1549248,22.3169154],[114.1549399,22.3169194],[114.1549403,22.3200997],[114.1549403,22.3202331],[114.1549403,22.32035],[114.1549404,22.3210362],[114.1541624,22.3222914],[114.1536734,22.3226727],[114.1526303,22.3215003],[114.1526006,22.3214952],[114.1520909,22.3218937],[114.1520842,22.3219235],[114.1531299,22.3230921],[114.1528586,22.3233037],[114.1524382,22.3236259],[114.1524266,22.3236327],[114.1523203,22.3235129],[114.1520567,22.323216],[114.1519796,22.3232765],[114.1519975,22.3232966],[114.1523629,22.3237065],[114.1519182,22.3240503],[114.1515336,22.3236235],[114.1514548,22.323685],[114.1518381,22.3241117],[114.1516895,22.3242263],[114.1516556,22.3242507],[114.1513005,22.3245068],[114.1511628,22.3243589],[114.1511003,22.3244096],[114.1512338,22.3245569],[114.1503456,22.3252448],[114.1500501,22.3249178],[114.1499094,22.3247621],[114.1497626,22.3248789],[114.1498663,22.3249953],[114.1501938,22.3253632],[114.1493947,22.3259982],[114.1490107,22.3255599],[114.1489677,22.3255109],[114.1488112,22.3256288],[114.1488755,22.3257001],[114.1492479,22.3261132],[114.1485258,22.326673],[114.1484376,22.3267241],[114.1482508,22.3268327],[114.1472188,22.3274331],[114.1467724,22.3276926],[114.146407,22.3279053],[114.1461929,22.3280299],[114.1457997,22.3282594],[114.1451839,22.3286189],[114.1450027,22.3287234],[114.1447672,22.3288593],[114.1445717,22.3289721],[114.1444771,22.3288302],[114.1443303,22.3286097],[114.1446762,22.3284089],[114.1446452,22.3283637],[114.1442988,22.328564],[114.1442254,22.3284561],[114.1445755,22.3282531],[114.1445252,22.3281774],[114.1441793,22.3283827],[114.1440871,22.3282473],[114.1444366,22.3280448],[114.1444099,22.3280132],[114.1440647,22.3282146],[114.1439406,22.3280323],[114.1438354,22.3278759],[114.1441279,22.3277054],[114.1441013,22.3276615],[114.1441566,22.3276293],[114.1440774,22.327512],[114.1440266,22.3275412],[114.1439994,22.3274988],[114.1440491,22.3274701],[114.1440207,22.3274362],[114.1439448,22.3273143],[114.1439175,22.3272753],[114.1435693,22.3274785],[114.1435092,22.3273904],[114.1436761,22.3272951],[114.14365,22.3272572],[114.1434898,22.3273481],[114.143411,22.3272352],[114.1435711,22.3271393],[114.1435482,22.3271031],[114.1433861,22.327195],[114.1431963,22.3269269],[114.1431101,22.3267927],[114.1430282,22.326665],[114.1436424,22.326305],[114.1435956,22.326235],[114.1429015,22.3266339],[114.1430319,22.3268361],[114.1424731,22.3271536],[114.1415374,22.3277052],[114.1413421,22.3278205],[114.1405465,22.3266419],[114.1418965,22.3258904],[114.1419359,22.3259078],[114.1419507,22.3259054],[114.1419712,22.3259023],[114.1427754,22.3254558],[114.143468,22.3250714],[114.1436439,22.3249738],[114.1436585,22.3249657],[114.1436742,22.3249527],[114.1436852,22.3249352],[114.1436901,22.324916],[114.1436876,22.3248963],[114.1436791,22.3248777],[114.1436652,22.324863],[114.143647,22.3248528],[114.1436257,22.3248483],[114.1435912,22.3248545],[114.1433975,22.3249616],[114.1433034,22.3249151],[114.1432711,22.3248992],[114.1427522,22.3246432],[114.1421911,22.3242266],[114.1414884,22.3235715],[114.1415089,22.3235523],[114.1415639,22.3236034],[114.1417549,22.3234253],[114.1417,22.3233743],[114.1415228,22.3235393],[114.141509,22.3235266],[114.1414886,22.3235456],[114.1412547,22.3233283],[114.141241,22.323341],[114.1412063,22.3233086],[114.1416402,22.3229074],[114.1416365,22.322904],[114.1416588,22.3228841],[114.1418027,22.3230185],[114.1418165,22.3230056],[114.1416725,22.3228714],[114.1417124,22.3228344],[114.1418564,22.3229687],[114.1418701,22.3229559],[114.1417262,22.3228217],[114.1417383,22.3228111],[114.1417421,22.3228147],[114.1421584,22.3224363],[114.1424512,22.3227072],[114.1424895,22.3226711],[114.1424644,22.322647],[114.1425684,22.3225538],[114.1425903,22.3225746],[114.1425987,22.3225751],[114.1426557,22.3225215],[114.1426557,22.3225136],[114.1423653,22.3222369],[114.1424368,22.3221721],[114.1426764,22.3224002],[114.1427177,22.3223704],[114.1427177,22.3223629],[114.1424739,22.3221321],[114.1431286,22.3215317],[114.143738,22.3221013],[114.1431126,22.3226808],[114.1431859,22.3227458],[114.1436428,22.3223237],[114.1436865,22.3223666],[114.1438576,22.3222074],[114.1439025,22.3222476],[114.1437368,22.3224005],[114.1437363,22.3224106],[114.1437708,22.3224422],[114.1439413,22.322286],[114.1441108,22.3224447],[114.1440737,22.3224793],[114.1442094,22.3226058],[114.1442463,22.3225716],[114.1444191,22.3227336],[114.1442839,22.3228589],[114.1442821,22.3228657],[114.1448231,22.3233647],[114.1450591,22.3231452],[114.1452295,22.3232966],[114.1449856,22.3235183],[114.1450644,22.3235915],[114.1451,22.3236247],[114.1452337,22.3237492],[114.1452775,22.32379],[114.1453556,22.3238626],[114.1451583,22.323971],[114.145064,22.3240245],[114.1450335,22.3240418],[114.1445704,22.3243055],[114.1445516,22.324341],[114.1445576,22.3243812],[114.1445862,22.324411],[114.1446281,22.3244208],[114.1450496,22.3241847],[114.1451583,22.324124],[114.1453819,22.3239881],[114.1454472,22.3239484],[114.1454727,22.3239406],[114.1455138,22.3239423],[114.1455381,22.3239339],[114.1460435,22.3236184],[114.1461844,22.3235598],[114.146612,22.3234114],[114.1468189,22.3233494],[114.1468568,22.3232859],[114.1469737,22.3230903],[114.1470514,22.3228922],[114.147099,22.3227793],[114.1471697,22.3226118],[114.1471892,22.322518],[114.1472334,22.3224757],[114.1472608,22.3224249],[114.147327,22.3223702],[114.1473415,22.3223228],[114.147353,22.3223025],[114.1474033,22.3222721],[114.1474046,22.3222624],[114.1473985,22.3222528],[114.1473724,22.322233],[114.1473748,22.3222172],[114.1474319,22.3221823],[114.1474313,22.3221918],[114.1474368,22.3221998],[114.1474476,22.3222043],[114.1474597,22.3222032],[114.1475223,22.3221405],[114.1475241,22.3221247],[114.1475114,22.3221141],[114.1474969,22.3221146],[114.1474853,22.3221197],[114.1474792,22.322127],[114.1474926,22.3220062],[114.1475035,22.3219904],[114.1475569,22.3219413],[114.147566,22.321925],[114.1475709,22.321899],[114.1475321,22.3217686],[114.1475339,22.3217415],[114.1475509,22.3216851],[114.1475504,22.3216546],[114.14754,22.321632],[114.1474945,22.3215609],[114.1474867,22.3215236],[114.1474903,22.3215271],[114.1475704,22.3214384],[114.1475753,22.3214423],[114.1476214,22.3213967],[114.1476165,22.3213921],[114.147668,22.3213413],[114.1476729,22.3213453],[114.1476912,22.3213273],[114.1476869,22.3213233],[114.1477397,22.3212708],[114.1477446,22.3212748],[114.1477622,22.3212573],[114.1477573,22.3212527],[114.1478113,22.3211991],[114.1478161,22.3212036],[114.1478331,22.3211861],[114.1478234,22.3211777],[114.1478465,22.3211534],[114.1478634,22.3211511],[114.147875,22.3211472],[114.1478779,22.3211439],[114.1478773,22.3211365],[114.1478744,22.3211331],[114.1478665,22.3211298],[114.1478568,22.3211281],[114.1478477,22.3211241],[114.147832,22.3211111],[114.1478174,22.3211055],[114.1478083,22.3211077],[114.1478016,22.3211128],[114.1477949,22.3211314],[114.1477894,22.3211404],[114.1477894,22.3211461],[114.1477943,22.3211511],[114.1478021,22.3211545],[114.1478119,22.3211557],[114.1478306,22.321154],[114.1478149,22.3211704],[114.1478052,22.321162],[114.1477876,22.3211794],[114.1477924,22.3211833],[114.147739,22.3212364],[114.1477342,22.3212325],[114.1477161,22.32125],[114.1477208,22.3212545],[114.147668,22.3213069],[114.1476633,22.3213029],[114.147645,22.321321],[114.1476499,22.321325],[114.1475983,22.3213764],[114.1475934,22.3213718],[114.1475473,22.321418],[114.1475521,22.3214221],[114.1474922,22.3214819],[114.1474873,22.321478],[114.1474763,22.321488],[114.1474562,22.32147],[114.147452,22.3214745],[114.1474042,22.3213932],[114.1473677,22.3213673],[114.1473216,22.3213412],[114.1472616,22.321321],[114.1471682,22.3213128],[114.147164,22.3213124],[114.1470954,22.3212972],[114.1468989,22.3212221],[114.1467606,22.3211888],[114.1465762,22.3211226],[114.1464706,22.3210759],[114.1462747,22.3209787],[114.1460776,22.3208511],[114.1458586,22.3207252],[114.1457027,22.3206015],[114.1456239,22.3205462],[114.1454898,22.3204277],[114.1453086,22.3202442],[114.1452769,22.3202001],[114.1452461,22.3201731],[114.1451604,22.3200593],[114.1451593,22.3200579],[114.1451072,22.3200082],[114.1450386,22.3199134],[114.1449981,22.3198473],[114.144992,22.3198129],[114.1450101,22.3197541],[114.1449933,22.3197114],[114.1449239,22.3196626],[114.1448847,22.3196351],[114.1448491,22.3196005],[114.14475,22.3195042],[114.1444996,22.3192157],[114.1444729,22.3191806],[114.1444208,22.3190734],[114.1443395,22.31896],[114.1442716,22.3187884],[114.1442667,22.3187325],[114.1442916,22.3186267],[114.1443087,22.3185547],[114.1443396,22.3184565],[114.1443348,22.3183949],[114.1443051,22.3183311],[114.1443143,22.3182324],[114.1443561,22.318124],[114.1444023,22.3180247],[114.1444277,22.317997],[114.1444932,22.317966],[114.1444872,22.3179903],[114.1444726,22.3179948],[114.1444677,22.318],[114.1444671,22.3180106],[114.1444689,22.3180197],[114.1444799,22.3180361],[114.1444926,22.3180428],[114.1445211,22.3180484],[114.1445447,22.3180677],[114.1445538,22.3180716],[114.1445672,22.3180722],[114.144592,22.3180626],[114.1446127,22.3180497],[114.1446188,22.318044],[114.1446072,22.3180338],[114.1446097,22.3180327],[114.1446212,22.3180332],[114.1446267,22.3180378],[114.1446436,22.3180332],[114.1446473,22.3180367],[114.144646,22.3180457],[114.1446491,22.318049],[114.1446661,22.3180445],[114.1447031,22.318026],[114.1447067,22.3180129],[114.1447268,22.3180022],[114.144725,22.317991],[114.144728,22.3179813],[114.1447243,22.3179757],[114.1447116,22.3179746],[114.1447074,22.3179723],[114.1447043,22.3179615],[114.144697,22.3179554],[114.1446959,22.3179509],[114.1447,22.3179474],[114.144722,22.3179549],[114.144731,22.3179554],[114.1447383,22.3179531],[114.1447493,22.3179311],[114.1447498,22.3179188],[114.1447469,22.3179125],[114.1447383,22.317904],[114.1447286,22.3178972],[114.1446935,22.3178872],[114.1446837,22.3178872],[114.144674,22.3178899],[114.1446619,22.317904],[114.1446594,22.3179045],[114.1446522,22.3178955],[114.1446461,22.317891],[114.1446164,22.3178831],[114.1446086,22.3178826],[114.1445873,22.3178865],[114.1445727,22.3178938],[114.1445703,22.3178927],[114.144569,22.3178892],[114.1445703,22.3178836],[114.1445884,22.3178549],[114.1445884,22.3178504],[114.1445824,22.3178441],[114.1445625,22.3178452],[114.1445576,22.3178441],[114.1445588,22.3178408],[114.1445649,22.3178357],[114.1445733,22.3178215],[114.1445691,22.317817],[114.1445479,22.3178136],[114.1445253,22.3178148],[114.1445054,22.3178209],[114.1444999,22.317826],[114.1444975,22.3178357],[114.1444999,22.3178498],[114.1445102,22.3178622],[114.1445212,22.317865],[114.144543,22.3178605],[114.1445442,22.3178661],[114.1445369,22.3178747],[114.144529,22.3178746],[114.1445066,22.3178679],[114.1444993,22.3178679],[114.1444551,22.317878],[114.1444417,22.3178836],[114.144432,22.3178904],[114.1443751,22.3177751],[114.1443167,22.3176567],[114.1442088,22.3174563],[114.1441585,22.317379],[114.1441561,22.3173699],[114.144235,22.3173106],[114.144258,22.3173372],[114.1442709,22.3173265],[114.144238,22.3172899],[114.1441367,22.3173677],[114.14411,22.3173225],[114.1440652,22.3172763],[114.1441822,22.3171785],[114.1442611,22.3171126],[114.1438657,22.3167056],[114.1437435,22.3168087],[114.1436757,22.3168658],[114.1435308,22.3167157],[114.1432415,22.3167715],[114.1431991,22.3167297],[114.1431639,22.3166529],[114.1431354,22.3166275],[114.1431202,22.3166015],[114.1430851,22.3165734],[114.1430698,22.3165513],[114.143066,22.3165348],[114.1430359,22.3164028],[114.1430196,22.3162155],[114.1429911,22.3161234],[114.1429893,22.3160495],[114.1429778,22.3160049],[114.1429348,22.315949],[114.1428821,22.3158565],[114.1428341,22.3157295],[114.1427184,22.315577],[114.142674,22.3155471],[114.142543,22.3154206],[114.1425091,22.3153642],[114.1424873,22.3153501],[114.142449,22.3153032],[114.1424363,22.3152948],[114.142415,22.3152936],[114.1423988,22.3152484],[114.1423587,22.3152439],[114.1423314,22.3152525],[114.1423241,22.31528],[114.1423004,22.3152846],[114.1422834,22.3152778],[114.1422507,22.3152873],[114.1422373,22.3153077],[114.1422392,22.3153337],[114.1422294,22.3153528],[114.1421464,22.3153992],[114.142119,22.3154245],[114.1420996,22.3154194],[114.1420735,22.3153776],[114.1420529,22.3153771],[114.1420511,22.3153935],[114.1420778,22.3154296],[114.142076,22.3154629],[114.1419516,22.3156203],[114.1419128,22.3156254],[114.14186,22.3156051],[114.1418139,22.3156219],[114.1418047,22.3156535],[114.1418285,22.3156846],[114.1418411,22.3157253],[114.1417969,22.3158263],[114.1417021,22.3159363],[114.1415935,22.3160362],[114.1415383,22.3160763],[114.1415025,22.3161248],[114.1413975,22.3161964],[114.1413072,22.3162439],[114.1412866,22.3162156],[114.1411125,22.3163251],[114.1411257,22.3163504],[114.141062,22.3164143],[114.1409946,22.3165067],[114.1408004,22.316846],[114.1407646,22.3168641],[114.1407222,22.3169187],[114.140704,22.3169621],[114.1407131,22.3169972],[114.1406561,22.3170976],[114.1406153,22.3170785],[114.1405007,22.3173183],[114.1405061,22.3173211],[114.1402592,22.3175637],[114.1400989,22.3177211],[114.1399885,22.3178114],[114.1398192,22.3179317],[114.1397877,22.3179621],[114.1397362,22.317983],[114.1397085,22.3179908],[114.1396675,22.3180027],[114.1396718,22.3180174],[114.1396009,22.3180332],[114.1395996,22.3180275],[114.1395002,22.3180348],[114.1392866,22.318081],[114.1392945,22.318068],[114.1392933,22.3180624],[114.1392902,22.3180596],[114.1392714,22.3180494],[114.1392593,22.3180359],[114.1392539,22.3180359],[114.1392417,22.318041],[114.1392277,22.318041],[114.1392218,22.3180291],[114.1392175,22.3180274],[114.1392145,22.3180308],[114.1392102,22.3180218],[114.1392047,22.3180173],[114.1391956,22.3180151],[114.139195,22.3180071],[114.1391908,22.3180003],[114.1391926,22.3179964],[114.1391938,22.3179761],[114.1392011,22.3179664],[114.139209,22.3179602],[114.139212,22.3179388],[114.1392181,22.3179338],[114.1392278,22.3179315],[114.1392388,22.3179219],[114.1392539,22.3179032],[114.1392539,22.3178942],[114.1392442,22.3178858],[114.1392345,22.3178846],[114.1392162,22.3178949],[114.1392065,22.3179038],[114.1392029,22.31791],[114.1391951,22.3179112],[114.1391738,22.3178908],[114.1391654,22.3178874],[114.1391502,22.3178846],[114.1391483,22.3178773],[114.1391496,22.3178728],[114.1391478,22.3178706],[114.139135,22.3178677],[114.1391107,22.3178722],[114.1390938,22.317866],[114.1390889,22.317866],[114.1390956,22.3178563],[114.1390956,22.3178422],[114.1390889,22.3178354],[114.1390792,22.3178332],[114.139067,22.3178361],[114.139055,22.3178417],[114.1390441,22.3178524],[114.1390434,22.3178615],[114.1390452,22.317867],[114.1390318,22.3178789],[114.1390089,22.3178716],[114.1389997,22.3178727],[114.1389949,22.317875],[114.1389876,22.317884],[114.1389894,22.3178886],[114.1389681,22.3178924],[114.1389385,22.3179066],[114.1389373,22.3179116],[114.1389421,22.317915],[114.1389433,22.317919],[114.1389409,22.3179212],[114.1389008,22.3179286],[114.1388742,22.3179393],[114.1388644,22.3179415],[114.1388535,22.3179393],[114.1388354,22.3179302],[114.1388231,22.3179291],[114.1388038,22.3179319],[114.1387868,22.3179404],[114.1387801,22.3179472],[114.1387753,22.3179567],[114.1387764,22.3179658],[114.138782,22.3179715],[114.1387953,22.3179776],[114.1388414,22.3179912],[114.1388535,22.3179929],[114.1388492,22.3180053],[114.1388408,22.318016],[114.138842,22.3180296],[114.1388347,22.3180392],[114.1388328,22.3180504],[114.1388231,22.3180521],[114.1387637,22.3180539],[114.1387546,22.318056],[114.1387473,22.3180634],[114.1387461,22.3180724],[114.1387479,22.318082],[114.138734,22.3180844],[114.138701,22.3180787],[114.1384863,22.3180415],[114.138477,22.3180891],[114.1383785,22.3180726],[114.1379395,22.3179927],[114.1379486,22.3179487],[114.1379211,22.3179425],[114.1380391,22.3173503],[114.1385111,22.3149833],[114.1355191,22.3144665],[114.1354686,22.3145001],[114.1354435,22.3145547],[114.1353939,22.3145461],[114.1353331,22.3145356],[114.1352144,22.3145152],[114.1351964,22.3146082],[114.1353356,22.3146324],[114.1354249,22.3146479],[114.1381671,22.3151227],[114.1381521,22.3151974],[114.1381034,22.3154413],[114.1374695,22.3185958],[114.1372691,22.3185613],[114.1372655,22.3185785],[114.1374665,22.3186136],[114.1374556,22.3186676],[114.1372548,22.3186333],[114.1372509,22.3186503],[114.1373525,22.3186681],[114.1373172,22.3188457],[114.1372189,22.3188286],[114.1335898,22.3182014],[114.1343318,22.3144805],[114.1343424,22.3144273],[114.1343518,22.31438],[114.1343525,22.3143072],[114.1343421,22.3142722],[114.134327,22.3142441],[114.1343246,22.3142394],[114.1343223,22.3142364],[114.1343027,22.3142118],[114.134279,22.3141903],[114.1342608,22.3141804],[114.1342184,22.3141576],[114.1343187,22.313736],[114.1343187,22.3136881],[114.1343101,22.3136627],[114.1342786,22.3136213],[114.134258,22.3136068],[114.1342349,22.3135954],[114.1342101,22.3135887],[114.1341579,22.3135892],[114.134133,22.3135965],[114.1341082,22.3136089],[114.1340705,22.3136451],[114.1340518,22.3136902],[114.1333652,22.3171307],[114.131719,22.3179703],[114.1315735,22.3180445],[114.131497,22.3180574],[114.1313294,22.3180384],[114.1313169,22.3180371],[114.1312651,22.3180454],[114.1312366,22.3180463],[114.1311797,22.3180437],[114.1311464,22.3180573],[114.1310456,22.3181172],[114.1309705,22.3181414],[114.1309256,22.3181605],[114.130874,22.3181645],[114.1309262,22.3180138],[114.1308051,22.3179738],[114.1294645,22.3175313],[114.1274708,22.3185461],[114.1271417,22.3187137],[114.1270077,22.3187819],[114.1269272,22.3188229],[114.1216282,22.3215227],[114.1216767,22.3216081],[114.1217104,22.3216677],[114.1217156,22.3217005],[114.1217192,22.3217339],[114.1217217,22.3217674],[114.1217144,22.3217997],[114.1216878,22.321879],[114.1215261,22.3223628],[114.1215229,22.3223836],[114.1215261,22.3223944],[114.1215367,22.3224095],[114.1216874,22.3225751],[114.1219281,22.3228402],[114.1222631,22.323207],[114.1223593,22.3233122],[114.1223594,22.3233124],[114.1226443,22.3236242],[114.1226988,22.3236405],[114.1226809,22.3236927],[114.1226637,22.3237429]],[[114.1426251,22.3149267],[114.142636,22.3149059],[114.1426409,22.3148788],[114.1426371,22.3148522],[114.1426299,22.3148371],[114.142616,22.3148252],[114.142599,22.3148213],[114.1425832,22.3148218],[114.1425717,22.3148263],[114.1425626,22.3148325],[114.1425499,22.3148466],[114.1425487,22.3148552],[114.1425644,22.3148749],[114.1425681,22.3148839],[114.1425702,22.3148856],[114.1425808,22.3148946],[114.1425868,22.3149093],[114.1425978,22.3149252],[114.1426111,22.314933],[114.1426159,22.3149324],[114.1426251,22.3149267]],[[114.1423859,22.3151644],[114.1423878,22.3151587],[114.1423945,22.3151593],[114.1423988,22.3151536],[114.1424079,22.3151677],[114.1424097,22.3151768],[114.1424072,22.3151886],[114.1423945,22.3152016],[114.1423951,22.3152079],[114.1424042,22.3152141],[114.1424242,22.3152146],[114.1424382,22.3152118],[114.1424436,22.315205],[114.1424546,22.3152101],[114.1424582,22.3152096],[114.1424613,22.3152061],[114.1424606,22.3152005],[114.1424521,22.3151898],[114.1424436,22.3151723],[114.1424382,22.3151559],[114.1424382,22.3151424],[114.1424345,22.3151361],[114.1424376,22.3151261],[114.142437,22.3151163],[114.1424424,22.3150983],[114.1424412,22.3150877],[114.1424334,22.3150791],[114.1424194,22.3150775],[114.1424194,22.3150656],[114.1424024,22.3150611],[114.1424018,22.3150561],[114.1423757,22.315038],[114.1423691,22.3150306],[114.1423611,22.315017],[114.1423568,22.3150154],[114.1423406,22.3150187],[114.1423339,22.3150232],[114.1423326,22.315034],[114.1423393,22.3150481],[114.1423284,22.315048],[114.1423303,22.315065],[114.1423223,22.3150684],[114.1423187,22.3150752],[114.1423193,22.3150916],[114.1423217,22.315095],[114.142318,22.3150977],[114.1423169,22.3151017],[114.1423206,22.3151073],[114.142315,22.3151125],[114.1423053,22.3151344],[114.1423157,22.3151559],[114.1423278,22.3151655],[114.142326,22.31517],[114.1423295,22.3151734],[114.1423247,22.3151898],[114.1423302,22.3152005],[114.1423332,22.3152028],[114.1423411,22.3152028],[114.1423532,22.3151723],[114.1423611,22.3151712],[114.1423684,22.3151672],[114.1423739,22.3151695],[114.1423811,22.3151689],[114.1423859,22.3151644]],[[114.1425504,22.315082],[114.1425516,22.3150945],[114.1425571,22.3151018],[114.1425741,22.3151136],[114.1425849,22.3151193],[114.1425983,22.3151226],[114.1426111,22.3151215],[114.1426207,22.315117],[114.1426244,22.3151103],[114.1426245,22.315099],[114.1426215,22.3150899],[114.1426159,22.3150815],[114.142605,22.3150724],[114.1425916,22.3150679],[114.1425668,22.3150679],[114.1425571,22.3150713],[114.1425504,22.315082]],[[114.1421106,22.315118],[114.1420985,22.3151327],[114.1420815,22.3151451],[114.1420748,22.3151547],[114.142073,22.3151614],[114.1420742,22.315166],[114.1420858,22.3151795],[114.1421039,22.3151835],[114.1421209,22.3151774],[114.1421264,22.3151722],[114.1421306,22.3151638],[114.1421336,22.3151503],[114.1421519,22.3151051],[114.1421519,22.3150994],[114.1421476,22.3150989],[114.1421276,22.3151112],[114.1421106,22.315118]],[[114.1421391,22.3153009],[114.1421433,22.3152981],[114.1421658,22.3152987],[114.1421828,22.3152919],[114.1421955,22.3152789],[114.1422071,22.3152728],[114.1422209,22.3152728],[114.1422416,22.3152778],[114.1422598,22.3152743],[114.1422659,22.3152648],[114.1422683,22.3152563],[114.1422689,22.3152445],[114.1422623,22.3152304],[114.1422507,22.315223],[114.142241,22.3152208],[114.1422325,22.3152214],[114.1422253,22.3151999],[114.1422241,22.3151712],[114.1422174,22.3151638],[114.1422089,22.3151609],[114.1422015,22.3151609],[114.1421926,22.3151644],[114.1421869,22.3151689],[114.1421816,22.3151774],[114.1421773,22.3151785],[114.1421731,22.3151762],[114.1421737,22.3151655],[114.1421724,22.3151621],[114.1421701,22.3151614],[114.1421615,22.3151699],[114.1421378,22.3152083],[114.1421384,22.3152157],[114.1421403,22.3152173],[114.1421555,22.3152117],[114.1421676,22.3152128],[114.1421713,22.3152157],[114.1421743,22.3152253],[114.1421815,22.3152292],[114.1421895,22.3152298],[114.1421912,22.3152321],[114.1421918,22.3152467],[114.1421766,22.3152592],[114.142167,22.3152716],[114.1421627,22.3152743],[114.1421567,22.3152749],[114.1421142,22.3152687],[114.1420875,22.315267],[114.1420772,22.3152733],[114.1420761,22.3152772],[114.1420761,22.3152817],[114.142082,22.3152851],[114.1420996,22.3152862],[114.142113,22.3152913],[114.1421281,22.3153071],[114.1421354,22.3153076],[114.1421391,22.3153009]],[[114.1417533,22.3155424],[114.1417508,22.315543],[114.1417466,22.3155582],[114.141749,22.3155813],[114.1417532,22.3155841],[114.1417616,22.3155841],[114.1417756,22.3155734],[114.1417884,22.3155661],[114.1417986,22.3155504],[114.1418023,22.3155469],[114.141812,22.3155295],[114.141809,22.3155209],[114.1417969,22.3155142],[114.1417762,22.3154978],[114.1417684,22.3154939],[114.141763,22.3154944],[114.1417598,22.3155007],[114.1417606,22.3155085],[114.1417508,22.3155159],[114.1417514,22.3155243],[114.1417568,22.3155356],[114.1417611,22.3155401],[114.1417647,22.3155486],[114.1417623,22.3155497],[114.1417562,22.3155436],[114.1417533,22.3155424]],[[114.1430227,22.3159542],[114.1430337,22.3159846],[114.1430403,22.3159897],[114.1430499,22.3159903],[114.1430422,22.3159937],[114.1430397,22.3159976],[114.1430349,22.3160208],[114.1430349,22.3160376],[114.1430421,22.3160524],[114.1430597,22.3160794],[114.1430725,22.316084],[114.1430871,22.316084],[114.1430912,22.3160794],[114.1430942,22.3160705],[114.1430888,22.3160496],[114.14311,22.3160518],[114.1431295,22.3160484],[114.1431405,22.3160337],[114.1431434,22.3160253],[114.1431405,22.316014],[114.1431374,22.31601],[114.1431307,22.3160067],[114.1431204,22.3160067],[114.1431119,22.3160117],[114.1430864,22.3160377],[114.1430755,22.3159982],[114.1430804,22.316001],[114.1430871,22.3159999],[114.1430888,22.3159824],[114.1430974,22.3159789],[114.1431192,22.3159937],[114.1431265,22.3159949],[114.1431344,22.315992],[114.143175,22.3159648],[114.1431793,22.3159587],[114.1431799,22.3159519],[114.1431768,22.3159468],[114.1431428,22.3159181],[114.1431368,22.3159181],[114.1431228,22.3159248],[114.143104,22.3159209],[114.1430748,22.3159265],[114.1430458,22.3159383],[114.1430227,22.3159542]],[[114.1413819,22.3160853],[114.1413933,22.3160921],[114.1414048,22.3161011],[114.1414121,22.3161112],[114.141417,22.3161152],[114.1414274,22.3161152],[114.1414358,22.3161084],[114.1414461,22.316105],[114.1414522,22.3160994],[114.1414698,22.3160886],[114.141471,22.3160836],[114.1414674,22.3160768],[114.1414625,22.3160734],[114.1414485,22.3160683],[114.1414394,22.3160598],[114.1414353,22.3160576],[114.1414188,22.3160627],[114.1414103,22.3160643],[114.1413939,22.3160632],[114.1413867,22.3160667],[114.14138,22.3160757],[114.1413794,22.3160819],[114.1413819,22.3160853]],[[114.1412635,22.3161106],[114.1412575,22.3161259],[114.1412562,22.3161327],[114.1412581,22.316141],[114.1412617,22.3161445],[114.1412775,22.3161479],[114.1412877,22.316149],[114.1412975,22.3161473],[114.1413035,22.3161434],[114.1413163,22.3161254],[114.1413163,22.3161163],[114.1413084,22.3161094],[114.1412915,22.3161083],[114.1412872,22.3161118],[114.1412824,22.3161101],[114.1412744,22.3161028],[114.1412695,22.3161033],[114.1412635,22.3161106]],[[114.1430955,22.3161964],[114.1430979,22.3162041],[114.1431281,22.3162223],[114.1431446,22.316237],[114.1431501,22.3162414],[114.143155,22.3162414],[114.1431597,22.316238],[114.1431615,22.3162313],[114.1431615,22.3162183],[114.1431519,22.3161884],[114.1431421,22.3161828],[114.143127,22.3161821],[114.1431221,22.3161771],[114.1431143,22.3161771],[114.143107,22.3161793],[114.1430973,22.3161901],[114.1430955,22.3161964]],[[114.1409929,22.3162624],[114.1409887,22.3162748],[114.1409905,22.3162788],[114.141002,22.316281],[114.1409984,22.3162872],[114.1409977,22.3163087],[114.1410002,22.316315],[114.1410063,22.31632],[114.1410457,22.3163256],[114.1410554,22.3163211],[114.1410602,22.3163104],[114.1410608,22.3163014],[114.1410566,22.3162799],[114.1410499,22.3162714],[114.1410432,22.3162686],[114.1410311,22.3162703],[114.1410323,22.3162607],[114.1410276,22.3162528],[114.1410214,22.3162488],[114.1410074,22.3162477],[114.1409929,22.3162624]],[[114.1430536,22.3163318],[114.1430536,22.3163419],[114.1430608,22.3163532],[114.1430693,22.3163589],[114.143079,22.31636],[114.1430919,22.3163577],[114.1431038,22.3163464],[114.1431094,22.3163341],[114.1431118,22.3163193],[114.1431105,22.316312],[114.1431045,22.3163041],[114.1430955,22.3163012],[114.1430845,22.3163035],[114.1430657,22.3163143],[114.143056,22.3163244],[114.1430536,22.3163318]],[[114.1404972,22.3169046],[114.140536,22.3169057],[114.140548,22.316904],[114.1405772,22.3169074],[114.1405845,22.3169069],[114.1405863,22.3169051],[114.1405882,22.316891],[114.140579,22.3168741],[114.1405736,22.3168667],[114.1405693,22.3168645],[114.1405335,22.316864],[114.1405051,22.3168594],[114.1404977,22.3168617],[114.1404929,22.3168667],[114.1404911,22.3168735],[114.1404929,22.3168994],[114.1404972,22.3169046]],[[114.1444537,22.3183803],[114.1444427,22.3183944],[114.1444427,22.3183984],[114.1444512,22.3184024],[114.1444744,22.3184079],[114.1444931,22.3184091],[114.1444979,22.3184079],[114.1444998,22.3184029],[114.1444992,22.3183973],[114.1445089,22.3183865],[114.1445083,22.3183798],[114.1445035,22.3183763],[114.1444725,22.3183679],[114.1444677,22.318369],[114.1444646,22.3183708],[114.144461,22.3183786],[114.1444537,22.3183803]],[[114.1443232,22.3185202],[114.144319,22.3185243],[114.1443178,22.3185338],[114.144331,22.3185468],[114.1443384,22.3185529],[114.1443475,22.3185564],[114.144362,22.3185586],[114.1443741,22.3185581],[114.1443838,22.3185553],[114.14439,22.3185513],[114.1443948,22.3185429],[114.1443954,22.3185373],[114.1443936,22.3185327],[114.1443893,22.318531],[114.1443724,22.3185378],[114.1443651,22.3185366],[114.144362,22.3185293],[114.1443639,22.3185129],[114.1443584,22.3185084],[114.1443512,22.318509],[114.1443377,22.3185124],[114.1443317,22.3185197],[114.1443232,22.3185202]],[[114.1482798,22.3204977],[114.1482592,22.3204819],[114.1482452,22.3204767],[114.14823,22.3204751],[114.1481887,22.3204808],[114.1481681,22.320492],[114.148156,22.320505],[114.1481493,22.3205163],[114.1481457,22.3205304],[114.1481482,22.3205377],[114.1481608,22.3205496],[114.1481693,22.3205547],[114.1482021,22.320571],[114.1482166,22.320575],[114.1482414,22.3205783],[114.148256,22.3205778],[114.1482858,22.3205716],[114.1482991,22.3205648],[114.1483088,22.3205547],[114.1483131,22.3205429],[114.1483113,22.3205249],[114.1483021,22.3205113],[114.1482962,22.3205056],[114.1482798,22.3204977]],[[114.1480467,22.3207398],[114.1480407,22.3207454],[114.1480492,22.3207481],[114.1480347,22.3207502],[114.1480333,22.3207505],[114.1480285,22.3207533],[114.1480291,22.3207606],[114.1480333,22.3207652],[114.1480589,22.3207777],[114.1480764,22.3207822],[114.1480934,22.3207838],[114.1480969,22.3207831],[114.1481316,22.3207765],[114.1481389,22.3207686],[114.1481395,22.3207647],[114.1481365,22.3207562],[114.1481298,22.3207511],[114.148111,22.3207466],[114.1481031,22.3207392],[114.1481098,22.3207313],[114.1481274,22.3207217],[114.1481316,22.3207127],[114.1481304,22.3207076],[114.1481135,22.3206963],[114.1480934,22.3206901],[114.148102,22.3206873],[114.148111,22.3206811],[114.148119,22.3206709],[114.1481207,22.3206619],[114.1481171,22.3206563],[114.1481098,22.3206528],[114.1480971,22.3206533],[114.1480814,22.32065],[114.1480735,22.3206518],[114.1480699,22.3206551],[114.1480705,22.32065],[114.148068,22.3206461],[114.1480601,22.3206377],[114.1480473,22.3206297],[114.1480322,22.3206258],[114.1480195,22.3206263],[114.1480055,22.3206325],[114.1480006,22.3206422],[114.1480019,22.3206483],[114.1480116,22.3206557],[114.1480128,22.3206618],[114.1480085,22.3206652],[114.1479964,22.3206675],[114.1479945,22.3206743],[114.1479988,22.3206788],[114.1479691,22.3206793],[114.1479661,22.3206828],[114.1479648,22.3206901],[114.1479679,22.3206963],[114.14798,22.3207099],[114.1479886,22.3207259],[114.1479915,22.3207313],[114.1479994,22.3207375],[114.1480073,22.3207386],[114.1480107,22.3207376],[114.1480188,22.3207352],[114.1480231,22.3207301],[114.1480244,22.3207222],[114.1480219,22.3207042],[114.1480327,22.3206991],[114.1480456,22.3206985],[114.1480528,22.3206844],[114.1480576,22.3206816],[114.1480637,22.3206811],[114.1480692,22.3206867],[114.1480765,22.3206901],[114.1480607,22.3206958],[114.1480479,22.3207031],[114.14804,22.3207121],[114.1480321,22.3207268],[114.1480358,22.320737],[114.1480467,22.3207398]],[[114.1479557,22.320733],[114.1479527,22.3207183],[114.1479576,22.3207109],[114.1479565,22.320709],[114.1479508,22.3206985],[114.1479534,22.3206901],[114.1479521,22.3206844],[114.1479472,22.3206793],[114.1479011,22.3206692],[114.1478872,22.320672],[114.147887,22.3206722],[114.1478751,22.3206816],[114.1478715,22.3206934],[114.1478732,22.3207104],[114.1478969,22.3207307],[114.1479054,22.3207516],[114.1479017,22.3207561],[114.1478938,22.3207611],[114.1478877,22.3207707],[114.147886,22.3207877],[114.1478877,22.3207979],[114.1478981,22.3208182],[114.1479054,22.3208238],[114.1479163,22.3208284],[114.1479229,22.3208289],[114.1479405,22.3208261],[114.1479667,22.3208081],[114.1479739,22.320799],[114.1479763,22.3207911],[114.1479751,22.3207787],[114.1479612,22.3207572],[114.1479478,22.3207481],[114.1479497,22.320742],[114.1479545,22.3207375],[114.1479557,22.320733]],[[114.1481608,22.3207579],[114.1481438,22.3207777],[114.1481365,22.3207963],[114.1481323,22.3208018],[114.1481292,22.3208058],[114.1481135,22.3208131],[114.1480934,22.320812],[114.1480788,22.3208154],[114.1480721,22.3208227],[114.1480691,22.3208379],[114.1480637,22.3208408],[114.1480565,22.3208397],[114.1480456,22.3208306],[114.1480382,22.3208324],[114.1480291,22.3208397],[114.1480224,22.3208379],[114.14802,22.3208351],[114.14802,22.3208312],[114.1480254,22.3208256],[114.1480261,22.3208222],[114.148023,22.3208188],[114.1480158,22.3208159],[114.1479915,22.3208138],[114.1479799,22.3208182],[114.1479739,22.3208244],[114.1479696,22.3208351],[114.1479715,22.3208419],[114.1479715,22.32086],[114.1479679,22.3208735],[114.1479623,22.3208843],[114.147966,22.3209029],[114.1479636,22.3209074],[114.1479545,22.3209147],[114.147955,22.3209209],[114.1479605,22.3209249],[114.1479727,22.3209288],[114.147986,22.3209372],[114.1479933,22.3209384],[114.1479988,22.3209372],[114.1480182,22.3209277],[114.1480254,22.3209147],[114.1480389,22.3209051],[114.1480527,22.3209006],[114.1480715,22.3208995],[114.1480782,22.3208967],[114.1480855,22.3208906],[114.1480995,22.320886],[114.1481031,22.320882],[114.1481098,22.3208673],[114.1481311,22.320856],[114.1481395,22.3208481],[114.1481492,22.3208425],[114.1481607,22.3208385],[114.1481723,22.3208374],[114.1481869,22.3208385],[114.1481909,22.3208416],[114.1481912,22.3208419],[114.1482002,22.3208437],[114.1482093,22.3208414],[114.1482154,22.3208346],[114.1482177,22.3208289],[114.1482141,22.3208069],[114.1482244,22.3207855],[114.1482202,22.320776],[114.1481917,22.3207544],[114.1481856,22.3207517],[114.148171,22.3207528],[114.1481608,22.3207579]],[[114.1478659,22.3212003],[114.14787,22.3212036],[114.1478907,22.3212087],[114.1479126,22.3212087],[114.1479175,22.3212076],[114.1479204,22.3212042],[114.1479242,22.3211874],[114.1479228,22.321175],[114.1479199,22.3211704],[114.1479138,22.3211665],[114.1478986,22.3211647],[114.1478822,22.3211828],[114.1478671,22.321193],[114.1478659,22.3212003]],[[114.1474649,22.3211782],[114.1474534,22.3211737],[114.147443,22.3211765],[114.1474358,22.321176],[114.1474261,22.3211692],[114.1474176,22.3211663],[114.1473885,22.3211708],[114.1473758,22.3211749],[114.1473508,22.3211884],[114.1473466,22.3211957],[114.1473466,22.3212002],[114.1473515,22.3212058],[114.1473618,22.3212081],[114.1474139,22.3212047],[114.1474103,22.3212138],[114.1474115,22.3212233],[114.1474146,22.3212267],[114.1474218,22.3212296],[114.1474297,22.3212301],[114.1474411,22.3212188],[114.1474637,22.3212138],[114.1474703,22.3211985],[114.1474691,22.3211855],[114.1474649,22.3211782]],[[114.1475292,22.3212278],[114.1475207,22.3212307],[114.1475165,22.3212369],[114.1475177,22.3212606],[114.1475207,22.3212651],[114.1475279,22.3212668],[114.1475498,22.3212628],[114.1475571,22.3212567],[114.1475632,22.3212476],[114.147565,22.3212414],[114.1475632,22.3212357],[114.1475576,22.3212319],[114.1475486,22.321229],[114.1475382,22.3212296],[114.1475292,22.3212278]],[[114.1473278,22.3212544],[114.1473241,22.3212599],[114.147323,22.3212718],[114.1473375,22.3212843],[114.1473472,22.3212871],[114.1473538,22.3212848],[114.1473587,22.321273],[114.1473745,22.321264],[114.1473758,22.3212578],[114.1473739,22.3212537],[114.1473648,22.3212487],[114.1473502,22.3212454],[114.1473392,22.3212476],[114.1473278,22.3212544]],[[114.1478646,22.3214972],[114.1478585,22.3215017],[114.1478573,22.3215101],[114.1478778,22.3215265],[114.1478864,22.3215293],[114.1478955,22.3215293],[114.1479125,22.321526],[114.1479282,22.3215107],[114.1479312,22.3215045],[114.1479306,22.3215012],[114.1479276,22.3214989],[114.1479167,22.3214972],[114.1479047,22.3214915],[114.147898,22.3214904],[114.1478834,22.3214915],[114.1478646,22.3214972]],[[114.1474683,22.3222647],[114.1474513,22.3222704],[114.147447,22.3222726],[114.147444,22.3222782],[114.1474452,22.3222845],[114.1474513,22.3222884],[114.147458,22.3222895],[114.1474531,22.3223088],[114.1474427,22.3223324],[114.1474373,22.3223398],[114.1474112,22.3223612],[114.1474088,22.3223697],[114.14741,22.3223764],[114.1474192,22.322382],[114.1474288,22.3223804],[114.1474391,22.3223725],[114.1474537,22.3223685],[114.1474616,22.3223634],[114.1474804,22.3223206],[114.1474791,22.3222902],[114.1474955,22.3222845],[114.1475065,22.3222777],[114.1475089,22.3222737],[114.1475077,22.3222675],[114.1475047,22.3222641],[114.147495,22.3222613],[114.1474864,22.3222613],[114.1474683,22.3222647]],[[114.1463621,22.3235688],[114.1463602,22.3235818],[114.1463651,22.3235863],[114.146373,22.3235879],[114.1463844,22.3235879],[114.1464027,22.3235818],[114.1464118,22.3235756],[114.1464185,22.3235705],[114.1464227,22.3235643],[114.1464197,22.323553],[114.1464069,22.323549],[114.1463936,22.323549],[114.146382,22.3235525],[114.1463706,22.3235593],[114.1463621,22.3235688]],[[114.1422235,22.3150673],[114.1422102,22.3150883],[114.1422149,22.3151041],[114.1422253,22.3151199],[114.1422356,22.3151261],[114.1422433,22.3151234],[114.1422489,22.3151147],[114.1422527,22.3150962],[114.1422517,22.315084],[114.1422451,22.3150726],[114.1422376,22.3150665],[114.1422291,22.3150647],[114.1422235,22.3150673]],[[114.140405,22.3160516],[114.1403814,22.316072],[114.1403778,22.3161161],[114.1404076,22.3161325],[114.1404369,22.3161214],[114.1404516,22.3160822],[114.1404424,22.3160617],[114.140405,22.3160516]],[[114.1413658,22.3159555],[114.1413543,22.3159763],[114.1413635,22.3160041],[114.1413882,22.3160143],[114.1414112,22.3160028],[114.1414166,22.3159845],[114.1414087,22.3159651],[114.1413938,22.3159503],[114.1413658,22.3159555]],[[114.1414472,22.315951],[114.1414354,22.3159695],[114.1414317,22.3159918],[114.1414497,22.3160099],[114.1414679,22.3160076],[114.1414848,22.3159939],[114.141487,22.3159654],[114.1414809,22.3159526],[114.1414724,22.315945],[114.141459,22.3159436],[114.1414472,22.315951]],[[114.1407739,22.3159891],[114.140814,22.3159901],[114.140822,22.3159625],[114.1408195,22.3159545],[114.1408179,22.3159497],[114.1407702,22.3159332],[114.1407422,22.315959],[114.1407569,22.3159783],[114.1407574,22.3159791],[114.1407739,22.3159891]],[[114.1402975,22.3173813],[114.1402914,22.3173524],[114.1402558,22.317334],[114.1401838,22.3174109],[114.1401861,22.3174221],[114.1402103,22.3174285],[114.1402543,22.3173841],[114.1402838,22.3173933],[114.1402975,22.3173813]],[[114.1401331,22.316795],[114.1401372,22.3168078],[114.1401532,22.3168242],[114.140169,22.3168223],[114.1402006,22.3168092],[114.1402045,22.3167908],[114.1402004,22.3167724],[114.1401809,22.316762],[114.1401567,22.3167636],[114.1401389,22.3167747],[114.1401331,22.316795]],[[114.1406018,22.3165175],[114.1405758,22.3165326],[114.1405772,22.3165616],[114.1405983,22.3165781],[114.1406183,22.3165813],[114.1406479,22.3165694],[114.1406536,22.3165502],[114.140621,22.3165207],[114.1406018,22.3165175]],[[114.1404181,22.3169856],[114.1403926,22.3169975],[114.1403785,22.3170237],[114.1403955,22.3170448],[114.1404181,22.3170475],[114.1404563,22.3170251],[114.1404648,22.3170014],[114.1404521,22.3169843],[114.1404181,22.3169856]],[[114.1405587,22.3166968],[114.1405469,22.3167061],[114.1405425,22.3167284],[114.1405609,22.3167481],[114.1406005,22.3167494],[114.1406185,22.3167424],[114.1406303,22.316733],[114.1406361,22.316722],[114.140636,22.316711],[114.140626,22.3166963],[114.1406061,22.3166873],[114.1405883,22.3166892],[114.1405587,22.3166968]],[[114.1405113,22.3165087],[114.1404861,22.3165253],[114.140492,22.3165382],[114.1405278,22.3165397],[114.1405436,22.3165305],[114.1405434,22.3165175],[114.1405275,22.3165103],[114.1405113,22.3165087]],[[114.1406869,22.3166517],[114.1406689,22.3166646],[114.1406615,22.3166798],[114.1406669,22.3167049],[114.1406997,22.3167101],[114.1407248,22.3166994],[114.1407287,22.3166736],[114.1407228,22.3166571],[114.1406869,22.3166517]],[[114.1390483,22.3177991],[114.1390496,22.3178158],[114.1390728,22.3178207],[114.1390908,22.3178146],[114.1390973,22.3178051],[114.139096,22.3177943],[114.1390844,22.3177882],[114.1390664,22.3177882],[114.1390483,22.3177991]],[[114.1391162,22.3178045],[114.1391059,22.3178117],[114.1391059,22.3178249],[114.1391253,22.3178309],[114.1391407,22.3178309],[114.1391536,22.317825],[114.1391575,22.317813],[114.1391537,22.3178022],[114.1391356,22.3177997],[114.1391162,22.3178045]],[[114.1426106,22.3149891],[114.1426147,22.3150056],[114.1426325,22.3150165],[114.1426523,22.315009],[114.1426619,22.3149722],[114.1426499,22.3149557],[114.142636,22.314954],[114.1426223,22.3149687],[114.1426106,22.3149891]],[[114.1457439,22.3238321],[114.1457322,22.3238505],[114.1457402,22.3238633],[114.1457601,22.3238614],[114.1457924,22.32385],[114.1458015,22.3238408],[114.1457954,22.3238298],[114.1457796,22.3238235],[114.1457558,22.3238246],[114.1457439,22.3238321]],[[114.1473525,22.3226332],[114.1473121,22.3226202],[114.1472753,22.3226316],[114.1472681,22.3226469],[114.1472745,22.3226669],[114.1472876,22.3226791],[114.1473074,22.3226886],[114.1473312,22.3226847],[114.1473524,22.3226666],[114.1473525,22.3226332]],[[114.1457524,22.3239179],[114.1457716,22.3238972],[114.1457536,22.3238783],[114.1457311,22.3238808],[114.1456929,22.3238966],[114.1456733,22.3239218],[114.1456798,22.32394],[114.1457154,22.3239373],[114.1457524,22.3239179]],[[114.1415323,22.3154478],[114.1415377,22.3154727],[114.1415484,22.3154827],[114.1415819,22.3154865],[114.1416114,22.3154789],[114.1416207,22.3154653],[114.1416167,22.3154404],[114.1415886,22.3154267],[114.141543,22.3154354],[114.1415323,22.3154478]],[[114.1408818,22.3156724],[114.1408378,22.3156707],[114.1408176,22.3156997],[114.1408225,22.3157106],[114.1408601,22.3157365],[114.1408935,22.3157395],[114.1409126,22.3157284],[114.1409147,22.3157129],[114.1409074,22.3156929],[114.1408818,22.3156724]],[[114.1408479,22.3157712],[114.1408085,22.3157686],[114.1407901,22.3158025],[114.140814,22.3158355],[114.1408432,22.3158465],[114.1408742,22.3158283],[114.1408744,22.3157987],[114.1408479,22.3157712]],[[114.1400235,22.3171863],[114.140004,22.3172074],[114.14001,22.317236],[114.1400419,22.317256],[114.1400636,22.3172484],[114.1400804,22.3172205],[114.1400563,22.3171903],[114.1400235,22.3171863]],[[114.1400359,22.3171321],[114.1400402,22.3171571],[114.1400615,22.3171739],[114.1400852,22.3171774],[114.1401008,22.3171405],[114.1400908,22.3171258],[114.1400586,22.3171163],[114.1400359,22.3171321]],[[114.1404149,22.3171035],[114.140415,22.3171229],[114.140441,22.3171412],[114.1404806,22.3171371],[114.1404941,22.3171233],[114.1404983,22.3171049],[114.1404801,22.3170912],[114.1404366,22.317086],[114.1404149,22.3171035]],[[114.1408031,22.3161353],[114.1407982,22.3161364],[114.1407867,22.3161539],[114.1407831,22.3161698],[114.1407873,22.3161822],[114.1408019,22.3162048],[114.1408049,22.3162132],[114.1408054,22.3162223],[114.1407994,22.3162471],[114.140803,22.3162567],[114.1408067,22.3162601],[114.140823,22.3162658],[114.1408322,22.3162714],[114.1408467,22.3162906],[114.1408498,22.3162939],[114.1408521,22.3162939],[114.140857,22.3162816],[114.1408631,22.3162381],[114.1408728,22.3162139],[114.1408753,22.3161958],[114.1408734,22.3161907],[114.1408637,22.3161811],[114.1408529,22.3161755],[114.1408419,22.3161642],[114.1408267,22.3161545],[114.1408111,22.3161388],[114.1408031,22.3161353]],[[114.1396712,22.3179598],[114.1396682,22.3179513],[114.1396736,22.3179372],[114.1396701,22.3179299],[114.1396604,22.3179281],[114.1396524,22.3179293],[114.1396361,22.3179254],[114.1396251,22.3179265],[114.1396173,22.3179304],[114.1396167,22.317927],[114.1396082,22.3179192],[114.1396076,22.3179141],[114.1395736,22.3179225],[114.1395591,22.3179175],[114.1395499,22.317918],[114.1395268,22.3179231],[114.1395233,22.3179259],[114.1395256,22.3179311],[114.1395238,22.3179411],[114.139528,22.3179462],[114.1395402,22.3179507],[114.1395148,22.3179592],[114.1395117,22.3179648],[114.1395141,22.3179688],[114.1395439,22.3179738],[114.1395693,22.3179722],[114.1395687,22.3179818],[114.1395705,22.3179863],[114.1395784,22.3179931],[114.1395973,22.3179954],[114.1396124,22.3179913],[114.1396197,22.3179852],[114.1396251,22.3179745],[114.1396238,22.3179643],[114.139616,22.3179524],[114.1396173,22.3179446],[114.1396275,22.3179417],[114.1396373,22.3179452],[114.1396421,22.3179581],[114.139647,22.3179654],[114.1396507,22.3179672],[114.1396507,22.3179706],[114.1396694,22.3179965],[114.1396918,22.3179903],[114.1397052,22.3179853],[114.1397082,22.3179819],[114.1397095,22.3179728],[114.1397082,22.3179694],[114.1397034,22.3179688],[114.1396998,22.3179592],[114.1396955,22.3179565],[114.1396882,22.3179565],[114.1396712,22.3179598]],[[114.144831,22.3179983],[114.1448353,22.3179876],[114.1448342,22.317983],[114.1448232,22.3179751],[114.1448142,22.3179717],[114.1447947,22.3179751],[114.1447711,22.3179881],[114.144768,22.3179994],[114.1448008,22.3180462],[114.1448135,22.3180553],[114.1448202,22.3180553],[114.1448323,22.3180581],[114.144862,22.3180536],[114.1448639,22.3180497],[114.1448578,22.3180344],[114.1448318,22.3180028],[114.144831,22.3179983]],[[114.1445895,22.3184831],[114.1445931,22.3184667],[114.1445901,22.3184554],[114.1445804,22.3184453],[114.1445543,22.3184278],[114.1445513,22.3184238],[114.144544,22.3184029],[114.1445404,22.3183995],[114.1445356,22.3183984],[114.1445283,22.3184012],[114.1445247,22.3184119],[114.1445222,22.3184142],[114.1445119,22.318417],[114.144504,22.3184221],[114.1445035,22.3184265],[114.1444979,22.318434],[114.1444986,22.3184419],[114.1444864,22.3184537],[114.1444895,22.3184571],[114.1444833,22.3184661],[114.144484,22.3184706],[114.1444889,22.3184751],[114.1445028,22.3184808],[114.1445198,22.3184943],[114.1445325,22.318496],[114.1445319,22.3185096],[114.1445367,22.3185175],[114.1445463,22.3185226],[114.1445755,22.3185383],[114.1445859,22.3185389],[114.1445931,22.3185265],[114.1446054,22.3185153],[114.1446065,22.3185017],[114.1445998,22.3184898],[114.1445931,22.3184876],[114.1445737,22.3184859],[114.144572,22.3184837],[114.1445762,22.3184814],[114.1445895,22.3184831]],[[114.1407069,22.3153135],[114.140675,22.3152971],[114.1406413,22.3152992],[114.1406161,22.3153048],[114.1406156,22.3153049],[114.1406132,22.3153067],[114.140596,22.3153198],[114.140604,22.3153454],[114.1406359,22.3153636],[114.1406695,22.3153655],[114.1407092,22.3153594],[114.140721,22.3153538],[114.1407288,22.3153372],[114.1407069,22.3153135]],[[114.1444488,22.3185801],[114.1444682,22.318579],[114.1444718,22.3185756],[114.1444718,22.318571],[114.1444694,22.3185683],[114.1444475,22.318562],[114.1444312,22.3185677],[114.1444081,22.3185649],[114.1444039,22.3185677],[114.144396,22.3185846],[114.1443973,22.3185885],[114.1444015,22.3185908],[114.1444129,22.3185925],[114.1444242,22.3185958],[114.1444348,22.3185988],[114.1444421,22.3185988],[114.1444464,22.3185959],[114.1444494,22.3185926],[114.1444501,22.3185846],[114.1444488,22.3185801]],[[114.1426517,22.3151641],[114.1426681,22.3151819],[114.142684,22.3151873],[114.1427036,22.315165],[114.1427034,22.3151521],[114.1426935,22.3151412],[114.1426851,22.3151374],[114.1426775,22.3151339],[114.1426618,22.3151396],[114.1426517,22.3151641]],[[114.1473204,22.3223964],[114.1472971,22.3224184],[114.1473044,22.3224539],[114.147336,22.3224692],[114.1473447,22.3224736],[114.1473825,22.3224732],[114.147408,22.3224584],[114.1474038,22.3224197],[114.1473919,22.3224089],[114.147348,22.322389],[114.1473204,22.3223964]],[[114.1530604,22.2884438],[114.1528698,22.2884912],[114.1528911,22.2885679],[114.1528534,22.2885776],[114.1528219,22.2884698],[114.1525446,22.2885398],[114.1524453,22.2885651],[114.1523677,22.2885844],[114.1518005,22.2887255],[114.1516172,22.2887711],[114.1513463,22.2888386],[114.1513777,22.2889461],[114.1513772,22.2889465],[114.1513262,22.2889605],[114.1513032,22.2888798],[114.1511188,22.2889261],[114.1510314,22.2890627],[114.1510642,22.2891766],[114.1512079,22.2892484],[114.151396,22.2892015],[114.1513735,22.2891236],[114.1514238,22.2891101],[114.1514464,22.2891889],[114.1514559,22.2892219],[114.1524772,22.2889656],[114.152648,22.2889231],[114.1529341,22.2888519],[114.1529015,22.2887406],[114.1529372,22.288731],[114.1529589,22.2888096],[114.1531525,22.288761],[114.1531588,22.2887511],[114.1532319,22.2886357],[114.1531979,22.2885173],[114.1530604,22.2884438]],[[114.1393657,22.3175935],[114.1394206,22.3175425],[114.1393658,22.3174914],[114.1393109,22.3175425],[114.1393657,22.3175935]],[[114.1391571,22.317723],[114.139212,22.317672],[114.1391571,22.3176209],[114.1391022,22.3176719],[114.1391571,22.317723]],[[114.1397028,22.3172461],[114.1397577,22.3171951],[114.1397029,22.317144],[114.139648,22.3171951],[114.1397028,22.3172461]],[[114.1395352,22.3173803],[114.1395901,22.3173293],[114.1395352,22.3172782],[114.1394803,22.3173293],[114.1395352,22.3173803]],[[114.1530279,22.2894461],[114.1530025,22.2893593],[114.1527849,22.2894137],[114.1526191,22.2894551],[114.1524451,22.2894986],[114.1513576,22.2897688],[114.1512794,22.2898946],[114.1513139,22.2900103],[114.1513545,22.2900369],[114.1534446,22.2895129],[114.1534689,22.2894751],[114.1534355,22.2893605],[114.1532967,22.2892854],[114.1531498,22.289322],[114.1531753,22.2894093],[114.153134,22.2894196],[114.1531086,22.2893328],[114.1530408,22.2893497],[114.1530656,22.2894366],[114.1530279,22.2894461]],[[114.1449288,22.3238721],[114.1451256,22.3236873],[114.1450731,22.323639],[114.1448764,22.3238238],[114.1449288,22.3238721]],[[114.1431214,22.3241788],[114.1430755,22.3241359],[114.1430512,22.3241585],[114.1430971,22.3242013],[114.1431214,22.3241788]],[[114.1427013,22.3219617],[114.1428927,22.3221394],[114.1429475,22.3220882],[114.1427562,22.3219105],[114.1427013,22.3219617]],[[114.1420491,22.3225733],[114.1422404,22.3227511],[114.1422952,22.3227],[114.1421149,22.3225324],[114.142104,22.3225223],[114.1420491,22.3225733]],[[114.142048,22.3229425],[114.1422392,22.3231203],[114.1422941,22.3230691],[114.1421028,22.3228915],[114.142048,22.3229425]],[[114.141848,22.3227564],[114.1420393,22.3229341],[114.1420942,22.3228829],[114.1419028,22.3227052],[114.141848,22.3227564]],[[114.1428983,22.3243928],[114.1430893,22.3242148],[114.1430344,22.3241639],[114.1428433,22.3243418],[114.1428983,22.3243928]],[[114.1428891,22.3244032],[114.1428341,22.3243522],[114.1426431,22.3245301],[114.1426981,22.3245812],[114.1428891,22.3244032]],[[114.1425336,22.3241196],[114.1427246,22.3239417],[114.1426696,22.3238906],[114.1424786,22.3240686],[114.1425336,22.3241196]],[[114.1423346,22.324306],[114.1425256,22.3241281],[114.1424706,22.324077],[114.1422796,22.324255],[114.1423346,22.324306]],[[114.14193,22.3239438],[114.1421211,22.3237659],[114.1420661,22.3237148],[114.1418751,22.3238928],[114.14193,22.3239438]],[[114.1422779,22.3231467],[114.1423235,22.3231035],[114.1422989,22.3230812],[114.1422533,22.3231243],[114.1422779,22.3231467]],[[114.142755,22.3239059],[114.1427091,22.3238631],[114.1426847,22.3238857],[114.1427307,22.3239286],[114.142755,22.3239059]],[[114.141781,22.3233889],[114.141735,22.323346],[114.1417107,22.3233686],[114.1417567,22.3234114],[114.141781,22.3233889]],[[114.1421474,22.323731],[114.1421015,22.3236882],[114.1420771,22.3237107],[114.1421231,22.3237536],[114.1421474,22.323731]],[[114.1440728,22.3230645],[114.1441278,22.3231154],[114.1443187,22.3229375],[114.1442638,22.3228865],[114.1440728,22.3230645]],[[114.1438725,22.3232567],[114.1438464,22.323281],[114.1438951,22.3233262],[114.1439215,22.3233015],[114.1438725,22.3232567]],[[114.1463642,22.3277308],[114.1461427,22.3274265],[114.1460347,22.3274946],[114.146261,22.3278054],[114.1463243,22.3278925],[114.146373,22.3278619],[114.1464323,22.3278245],[114.1463642,22.3277308]],[[114.1456829,22.3279554],[114.1455676,22.3280191],[114.1457164,22.328252],[114.145771,22.3282218],[114.1458316,22.3281883],[114.1457178,22.3280102],[114.1456829,22.3279554]],[[114.1461194,22.3274298],[114.145918,22.3271532],[114.1458551,22.3271927],[114.1460565,22.3274694],[114.1461194,22.3274298]],[[114.1447324,22.3239586],[114.1447847,22.3240069],[114.1449214,22.3238786],[114.1448691,22.3238303],[114.1447324,22.3239586]],[[114.1438452,22.3269346],[114.1435591,22.3270969],[114.143583,22.3271332],[114.143869,22.326971],[114.1438452,22.3269346]],[[114.1441171,22.3267736],[114.1438591,22.32692],[114.1438889,22.3269654],[114.144147,22.3268191],[114.1441171,22.3267736]],[[114.1446497,22.3273417],[114.1443989,22.3274879],[114.1444277,22.3275308],[114.1446786,22.3273845],[114.1446497,22.3273417]],[[114.1443852,22.3274958],[114.144171,22.3276198],[114.1442003,22.3276633],[114.1444141,22.3275387],[114.1443852,22.3274958]],[[114.1446614,22.3269778],[114.1443422,22.3272065],[114.1443683,22.327238],[114.1446874,22.3270093],[114.1446614,22.3269778]],[[114.1443206,22.327222],[114.1440648,22.3274051],[114.1440915,22.3274374],[114.1443472,22.3272542],[114.1443206,22.327222]],[[114.1445033,22.3271812],[114.1443355,22.32729],[114.1443606,22.3273235],[114.1445283,22.3272144],[114.1445033,22.3271812]],[[114.144291,22.327319],[114.1440711,22.3274616],[114.1440961,22.327495],[114.144316,22.3273523],[114.144291,22.327319]],[[114.1112727,22.2856171],[114.1112448,22.2856345],[114.1112357,22.2856588],[114.1112321,22.2856871],[114.111303,22.2857452],[114.111357,22.2857379],[114.1114377,22.2856821],[114.1114631,22.2857041],[114.1114824,22.285795],[114.1115292,22.2858395],[114.1115971,22.2858757],[114.1116401,22.2858944],[114.1116838,22.2859146],[114.1117123,22.2859532],[114.1117347,22.2859554],[114.1117087,22.2859102],[114.1118196,22.2859209],[114.1118632,22.285947],[114.1118742,22.2860412],[114.1119561,22.2860672],[114.1120009,22.2861146],[114.1120397,22.28614],[114.1121664,22.2861526],[114.1122634,22.2861757],[114.1123502,22.286165],[114.1124364,22.2861678],[114.1125551,22.2861832],[114.1125819,22.2862075],[114.1126309,22.2862532],[114.1126788,22.2862671],[114.1126922,22.2862617],[114.1126995,22.2862414],[114.1126928,22.286229],[114.1126776,22.2862193],[114.1126971,22.2861922],[114.1127256,22.2861855],[114.1128499,22.2861958],[114.1129142,22.2861823],[114.1130178,22.2862071],[114.1130828,22.2861845],[114.1131823,22.286171],[114.113235,22.2861784],[114.1132569,22.2861699],[114.1133156,22.2861875],[114.1133375,22.2861902],[114.1133521,22.2861863],[114.1134157,22.2861418],[114.113451,22.2861276],[114.1135043,22.2861306],[114.1135407,22.2861509],[114.1135529,22.2861497],[114.113565,22.2861141],[114.1135826,22.2860855],[114.1135886,22.2860358],[114.1136554,22.285963],[114.1137209,22.2859077],[114.1138569,22.2857988],[114.1139332,22.2857695],[114.1141242,22.2858192],[114.1141892,22.2858142],[114.11429,22.2857696],[114.1143657,22.2857172],[114.1147388,22.2854188],[114.1147649,22.2854464],[114.1147946,22.285478],[114.1147333,22.2855271],[114.1147594,22.2855536],[114.1147752,22.2855497],[114.1148608,22.2854815],[114.1148082,22.2854249],[114.1147759,22.28539],[114.1149039,22.2852913],[114.1150083,22.2851682],[114.1150653,22.2850796],[114.1150939,22.2850057],[114.1151048,22.2849386],[114.1150981,22.2848754],[114.1151424,22.2848709],[114.1151892,22.2847952],[114.1152463,22.2847654],[114.1152686,22.2847004],[114.1153045,22.2846485],[114.1152856,22.2846254],[114.1152766,22.2845667],[114.1153063,22.2845775],[114.1153203,22.2845729],[114.115327,22.2845459],[114.1153081,22.2845317],[114.1153125,22.2844691],[114.11533,22.2844449],[114.1153715,22.2843706],[114.1153319,22.2842507],[114.1153223,22.2841993],[114.1152841,22.2841456],[114.115238,22.2841264],[114.1151537,22.2840141],[114.1149847,22.2839096],[114.1149052,22.2838441],[114.1148536,22.2838339],[114.1147718,22.2837933],[114.1147347,22.2837892],[114.114702,22.2837503],[114.1146596,22.2837328],[114.1146201,22.2837],[114.114591,22.2837079],[114.114562,22.2836995],[114.114522,22.2837073],[114.1144559,22.2836881],[114.1144268,22.2835984],[114.1143189,22.2835436],[114.1142849,22.2835063],[114.114217,22.2835271],[114.1141873,22.2835469],[114.1141509,22.2835452],[114.1141315,22.2835593],[114.1141018,22.2835632],[114.1140393,22.2835902],[114.1139925,22.2835751],[114.1139289,22.2835767],[114.1139077,22.2835479],[114.1138283,22.2835146],[114.1138027,22.2835304],[114.113804,22.2835467],[114.1137615,22.283575],[114.1137318,22.2835196],[114.1136863,22.2835258],[114.1136469,22.2835467],[114.1136269,22.2835348],[114.1135765,22.2835331],[114.1135498,22.2835382],[114.1135358,22.2835229],[114.1135565,22.2835178],[114.1135571,22.2835037],[114.1135365,22.2834846],[114.1135025,22.2834783],[114.1134413,22.2835003],[114.1134243,22.283515],[114.1133794,22.2835076],[114.1133424,22.2835217],[114.1133188,22.2835223],[114.1133079,22.2835324],[114.113286,22.2835358],[114.1132587,22.283551],[114.1132302,22.283542],[114.1131914,22.2835409],[114.1131665,22.2835747],[114.1131471,22.2835888],[114.1130944,22.2835612],[114.1130883,22.2835736],[114.1130883,22.2836176],[114.113078,22.2836271],[114.1130344,22.2836407],[114.1129761,22.2836412],[114.1129373,22.2836497],[114.1128493,22.2836965],[114.1128341,22.2836936],[114.1128093,22.283671],[114.1127676,22.2836],[114.1127432,22.2835825],[114.1127184,22.2836089],[114.1126959,22.2836123],[114.1126692,22.2836258],[114.1126213,22.2835926],[114.1126262,22.2835801],[114.1126122,22.2835638],[114.1125965,22.2835626],[114.1125649,22.2835835],[114.1125334,22.2836247],[114.1125261,22.2836224],[114.1125224,22.2836021],[114.1125431,22.2835514],[114.1125425,22.2835343],[114.1125189,22.2835135],[114.1124716,22.2835118],[114.1124582,22.2835044],[114.1124309,22.2834541],[114.1124273,22.2833131],[114.1124385,22.2832782],[114.1124535,22.2832313],[114.1124421,22.2832195],[114.1124966,22.2831743],[114.1125112,22.2831895],[114.1125536,22.2831534],[114.1125645,22.2831647],[114.1125991,22.2831376],[114.1125409,22.2830755],[114.1125282,22.2830864],[114.1125094,22.2831026],[114.1125178,22.2831127],[114.1124944,22.2831302],[114.1124718,22.2831471],[114.1124863,22.2831624],[114.112428,22.2832035],[114.1124195,22.2831923],[114.1122982,22.2833131],[114.112277,22.2833152],[114.1122406,22.2833034],[114.1122066,22.2832734],[114.1122139,22.2832532],[114.1121715,22.2832227],[114.1121327,22.2832035],[114.1120969,22.2831966],[114.1121231,22.2831328],[114.112146,22.2830962],[114.1121522,22.2830782],[114.1121164,22.2830669],[114.1120794,22.2830837],[114.1120527,22.2831115],[114.1120326,22.2831041],[114.1120382,22.2830883],[114.11204,22.283068],[114.1120206,22.2830656],[114.1119926,22.2830753],[114.1119673,22.2830686],[114.1119296,22.2830877],[114.1118702,22.2831029],[114.1118398,22.283091],[114.1117622,22.2830701],[114.1117307,22.2830486],[114.1117082,22.2830396],[114.1116798,22.2830447],[114.1116367,22.2830175],[114.1116064,22.2829814],[114.1115597,22.2829469],[114.1114742,22.2829125],[114.1114135,22.2828758],[114.111376,22.282847],[114.1113378,22.2828289],[114.1113111,22.2828492],[114.111237,22.2829017],[114.1112188,22.2829621],[114.1112049,22.2829914],[114.1111272,22.2830631],[114.1110702,22.2831194],[114.1110581,22.2831516],[114.1110629,22.2831663],[114.1109949,22.2832177],[114.1109798,22.2832177],[114.1109561,22.2831961],[114.1109255,22.2831888],[114.1109173,22.2832012],[114.1109222,22.2832142],[114.1109543,22.2832537],[114.1108942,22.2832718],[114.1108572,22.2833096],[114.1108457,22.2833446],[114.1108476,22.2833565],[114.110862,22.2834462],[114.1108432,22.2834846],[114.1108377,22.2835055],[114.1108463,22.2835653],[114.1108414,22.2836347],[114.1108504,22.2836861],[114.1108273,22.2837228],[114.1108291,22.2838147],[114.1108436,22.283913],[114.1108386,22.2839875],[114.1108526,22.2840298],[114.1109501,22.2842172],[114.1109926,22.2842421],[114.1110041,22.2843301],[114.1109567,22.2843724],[114.1109719,22.2845667],[114.1109209,22.2845983],[114.1109342,22.2846936],[114.1109627,22.28482],[114.1110001,22.2848449],[114.1110172,22.2849182],[114.1109807,22.2849397],[114.1109364,22.2849764],[114.1109273,22.2849871],[114.110928,22.2850017],[114.1109468,22.2850148],[114.1109545,22.2850498],[114.1109292,22.2850717],[114.110903,22.2851417],[114.1109231,22.2851484],[114.1109528,22.2851197],[114.1109563,22.2851998],[114.1109406,22.285219],[114.1109266,22.2852794],[114.1109442,22.2853037],[114.1109551,22.2853127],[114.1109727,22.28531],[114.1109903,22.2852919],[114.1110242,22.2852902],[114.1110654,22.2853168],[114.1110588,22.2853455],[114.111063,22.2853524],[114.1110703,22.2853562],[114.1110909,22.2853472],[114.1111067,22.2853597],[114.1110836,22.2853856],[114.1110866,22.2854059],[114.1111,22.2854121],[114.111126,22.2853991],[114.1111565,22.2853924],[114.1111558,22.2854596],[114.1112012,22.2855194],[114.1112491,22.2855747],[114.1112727,22.2856171]],[[114.114602,22.2836328],[114.1145947,22.2836346],[114.1145827,22.2836419],[114.1145529,22.2836487],[114.1145468,22.2836526],[114.1145444,22.2836606],[114.1145455,22.2836679],[114.1145535,22.2836797],[114.1145681,22.2836814],[114.114581,22.2836773],[114.1145892,22.2836747],[114.1146196,22.2836526],[114.1146232,22.2836459],[114.1146232,22.2836391],[114.1146166,22.2836357],[114.114602,22.2836328]],[[114.1166416,22.2862283],[114.1166597,22.2862831],[114.1166719,22.286309],[114.1167022,22.28633],[114.1167186,22.2863198],[114.1167404,22.2863141],[114.1167531,22.2863215],[114.1167677,22.2863378],[114.1167901,22.2863412],[114.1168017,22.2863492],[114.1168107,22.2863616],[114.1168174,22.2863644],[114.1168308,22.2863593],[114.1168381,22.2863469],[114.1168386,22.2863396],[114.1168289,22.2863294],[114.1167998,22.2863328],[114.1167925,22.28633],[114.1167962,22.2863243],[114.1168241,22.2863165],[114.1168362,22.2862989],[114.1168642,22.2862679],[114.1168769,22.2862419],[114.1168933,22.2862329],[114.1169066,22.2862509],[114.1169266,22.2862595],[114.1169491,22.2862554],[114.1169666,22.2862787],[114.1169939,22.2862849],[114.1170164,22.286312],[114.1170637,22.2862962],[114.117094,22.2862782],[114.1171135,22.2862573],[114.1171135,22.2862342],[114.1171335,22.2862206],[114.1171468,22.286198],[114.1171712,22.2861806],[114.1171741,22.2861557],[114.1171826,22.2861366],[114.1171711,22.2861066],[114.1171808,22.2860778],[114.1171796,22.2860643],[114.1171815,22.2860503],[114.1171905,22.2860169],[114.1172167,22.2859847],[114.1172039,22.2859593],[114.1172027,22.2859384],[114.1171724,22.285895],[114.1171979,22.2858662],[114.1172222,22.2858041],[114.117261,22.2857809],[114.1172919,22.2857578],[114.1173429,22.2857065],[114.1173818,22.2856743],[114.1173861,22.2856235],[114.1174121,22.2855672],[114.1174018,22.2855429],[114.1173722,22.285522],[114.11736,22.2855095],[114.1173746,22.2854627],[114.1174031,22.2854514],[114.1174079,22.2854317],[114.1173965,22.2854125],[114.1173764,22.2854034],[114.1173674,22.2853673],[114.1173565,22.2853261],[114.1173323,22.285299],[114.117348,22.2852668],[114.1173304,22.2852318],[114.1173529,22.285203],[114.1173407,22.2851551],[114.1173402,22.2851251],[114.1173305,22.2851144],[114.117308,22.2851071],[114.1172777,22.2851037],[114.1172704,22.2851008],[114.117268,22.2850946],[114.1172734,22.2850828],[114.1172771,22.2850624],[114.117282,22.2850517],[114.1172783,22.2850388],[114.1172619,22.2850241],[114.1172535,22.2850122],[114.1172473,22.2849778],[114.1172414,22.2849738],[114.1172292,22.2849767],[114.1172165,22.2849997],[114.1171996,22.2849953],[114.1171904,22.2849761],[114.1171923,22.2849123],[114.1171778,22.2849095],[114.1171711,22.2849016],[114.1171698,22.2848661],[114.1171541,22.2848339],[114.1171468,22.2848299],[114.1171129,22.2848327],[114.1170904,22.2848377],[114.1170631,22.2848513],[114.1170583,22.2848564],[114.1170559,22.284862],[114.1170624,22.284875],[114.1170624,22.2848807],[114.1170479,22.2848835],[114.1170406,22.2848812],[114.1170388,22.2848744],[114.1170479,22.2848259],[114.1170498,22.2847898],[114.1170468,22.2847739],[114.1170317,22.2847582],[114.1170243,22.2847553],[114.1170171,22.2847553],[114.1170067,22.2847661],[114.1169952,22.2847712],[114.11698,22.2847671],[114.1169722,22.2847678],[114.1169655,22.2847711],[114.1169606,22.2847819],[114.1169547,22.2847863],[114.1169485,22.2847897],[114.1169407,22.2847909],[114.1169346,22.2847942],[114.1169255,22.284806],[114.1169218,22.2848157],[114.1169267,22.284836],[114.1169272,22.2848925],[114.1169255,22.2849133],[114.1169212,22.2849195],[114.1169145,22.2849224],[114.1169085,22.2849179],[114.1168981,22.2848925],[114.1168861,22.2848834],[114.1168781,22.284884],[114.1168727,22.284897],[114.1168715,22.2849111],[114.1168678,22.2849168],[114.1168605,22.2849184],[114.1168526,22.284915],[114.1168521,22.2849008],[114.1168424,22.2848958],[114.116835,22.2848941],[114.1168181,22.2849105],[114.1168107,22.2849279],[114.1168169,22.2849454],[114.1168065,22.2849816],[114.1168217,22.2850036],[114.1168017,22.2850127],[114.1167738,22.2850116],[114.1167562,22.2849973],[114.1167301,22.2849911],[114.1166956,22.2849737],[114.1166731,22.2849725],[114.1166592,22.284977],[114.1166525,22.2849804],[114.1166464,22.2849872],[114.116633,22.284994],[114.1166276,22.284999],[114.1166209,22.285012],[114.1166215,22.2850261],[114.1166294,22.2850605],[114.11663,22.2850723],[114.1166276,22.2850797],[114.1166173,22.2850904],[114.1165978,22.2851023],[114.1165772,22.2851187],[114.1165475,22.2851249],[114.1165305,22.285131],[114.1165001,22.2851361],[114.1164511,22.2851587],[114.116445,22.2851626],[114.1164432,22.2851682],[114.1164438,22.2851818],[114.1164413,22.2851886],[114.1164365,22.2851942],[114.1164329,22.2851948],[114.1164128,22.2851846],[114.1163989,22.2851812],[114.1163776,22.285188],[114.116348,22.285188],[114.116334,22.2851936],[114.1163291,22.2851987],[114.1163267,22.285206],[114.1163297,22.2852122],[114.1163413,22.2852212],[114.1163334,22.2852432],[114.1163242,22.2852783],[114.1163182,22.2852828],[114.1163011,22.2852811],[114.1162897,22.2852856],[114.11628,22.2853042],[114.1162703,22.285338],[114.1162435,22.2853826],[114.1162283,22.285399],[114.116215,22.285408],[114.1161871,22.2854215],[114.1161816,22.2854267],[114.1161768,22.2854318],[114.1161708,22.2854453],[114.1161695,22.2854526],[114.11617,22.2854718],[114.1161671,22.285478],[114.1161538,22.2854859],[114.1161392,22.2854899],[114.1161198,22.2855022],[114.1161113,22.2855141],[114.1161058,22.2855266],[114.1161063,22.2855728],[114.1161106,22.2856168],[114.1161039,22.2856879],[114.1161094,22.2857167],[114.1161033,22.2857376],[114.1160887,22.285772],[114.1160747,22.2858409],[114.1160905,22.285859],[114.1160911,22.2858788],[114.1160765,22.285903],[114.1160819,22.2859217],[114.1160819,22.2859566],[114.1161057,22.2859826],[114.116128,22.2859911],[114.1161244,22.2860119],[114.1161383,22.2860537],[114.1161541,22.2860695],[114.116168,22.2860724],[114.1161966,22.2860487],[114.116228,22.2860306],[114.1162433,22.2860018],[114.1162784,22.2859843],[114.1163039,22.2860018],[114.1163087,22.2860323],[114.1163579,22.2860634],[114.1163845,22.2860622],[114.1164015,22.2860758],[114.1164069,22.2860849],[114.1163906,22.2861097],[114.11639,22.2861165],[114.1164026,22.2861176],[114.1164385,22.2861047],[114.1164773,22.2860956],[114.1164948,22.2861165],[114.1164985,22.2861396],[114.1165325,22.2861515],[114.1165646,22.2861662],[114.1165913,22.28616],[114.1166174,22.2862204],[114.1166416,22.2862283]],[[114.1168428,22.2784428],[114.1168338,22.2784344],[114.1168126,22.2784231],[114.1167889,22.278414],[114.1167762,22.2784169],[114.1167749,22.2784406],[114.1167816,22.2784553],[114.1168106,22.2784744],[114.1168271,22.2784728],[114.1168356,22.278462],[114.1168428,22.2784428]],[[114.1108882,22.2831233],[114.1109107,22.2831217],[114.1109216,22.2831121],[114.1109331,22.2830935],[114.1109369,22.2830805],[114.110921,22.2830652],[114.1108999,22.2830578],[114.1108768,22.2830578],[114.1108568,22.2830691],[114.1108489,22.2830799],[114.1108488,22.2830946],[114.1108603,22.2831126],[114.1108882,22.2831233]],[[114.1131781,22.2835065],[114.1131884,22.2835058],[114.1131908,22.2834985],[114.1131866,22.283485],[114.1132024,22.2834906],[114.1132097,22.283489],[114.1132157,22.283485],[114.1132218,22.2834765],[114.1132181,22.2834562],[114.1132151,22.2834494],[114.1132097,22.2834449],[114.1131957,22.2834393],[114.1131806,22.2834381],[114.1131733,22.2834393],[114.1131666,22.2834421],[114.1131612,22.2834472],[114.1131593,22.2834545],[114.1131599,22.2834613],[114.1131623,22.2834669],[114.1131551,22.2834652],[114.1131478,22.2834675],[114.1131417,22.283472],[114.1131393,22.2834782],[114.1131399,22.2834855],[114.1131429,22.2834923],[114.1131545,22.283502],[114.1131623,22.2835048],[114.1131781,22.2835065]],[[114.1163637,22.277351],[114.1163721,22.2773381],[114.116374,22.2773116],[114.1163698,22.2772995],[114.1163649,22.277285],[114.11636,22.2772794],[114.116354,22.2772783],[114.1163485,22.2772822],[114.1163425,22.2773054],[114.116343,22.2773279],[114.1163485,22.2773455],[114.1163576,22.2773528],[114.1163637,22.277351]],[[114.1162308,22.2774786],[114.1162368,22.2774904],[114.1162502,22.2774933],[114.1162669,22.2774815],[114.1162812,22.2774633],[114.1162951,22.277434],[114.1162988,22.2774036],[114.116288,22.2773957],[114.1162734,22.2773951],[114.1162502,22.2773974],[114.1162375,22.2774075],[114.1162302,22.2774199],[114.1162265,22.2774543],[114.1162308,22.2774786]],[[114.1433395,22.3245328],[114.1432867,22.3244826],[114.1430222,22.3247314],[114.1430822,22.3247803],[114.1433395,22.3245328]],[[114.1433511,22.3245219],[114.1433754,22.3244994],[114.1433295,22.3244566],[114.1433052,22.3244791],[114.1433511,22.3245219]],[[114.1432336,22.324859],[114.1432881,22.3248878],[114.1434991,22.3247728],[114.1434954,22.324767],[114.1434633,22.3247182],[114.1434296,22.3247373],[114.1434346,22.3247451],[114.1432336,22.324859]],[[114.1438741,22.3232499],[114.143929,22.3233009],[114.14412,22.3231229],[114.1440651,22.3230719],[114.1438741,22.3232499]],[[114.1164205,22.2762058],[114.1164175,22.2762182],[114.1164239,22.2762677],[114.1164456,22.276299],[114.1164545,22.2762962],[114.1164871,22.2762628],[114.1164876,22.2762508],[114.1164719,22.276226],[114.1164205,22.2762058]],[[114.1162161,22.2747891],[114.1162061,22.2748006],[114.1162051,22.274821],[114.1162093,22.2748422],[114.1162267,22.2748622],[114.1162418,22.274872],[114.1162579,22.2748762],[114.116275,22.2748688],[114.116282,22.2748514],[114.1162828,22.2748342],[114.1162823,22.2748136],[114.1162732,22.2748001],[114.1162606,22.2747913],[114.1162469,22.2747859],[114.116232,22.2747829],[114.1162161,22.2747891]],[[114.1161661,22.2746013],[114.1161684,22.2746254],[114.1161794,22.2746458],[114.1162004,22.2746538],[114.1162249,22.274657],[114.116248,22.2746426],[114.1162572,22.2746172],[114.1162503,22.2745921],[114.1162325,22.2745743],[114.1162139,22.2745668],[114.1161967,22.2745718],[114.1161772,22.2745827],[114.1161661,22.2746013]],[[114.174627,22.2840187],[114.1747013,22.2839987],[114.1745913,22.2836457],[114.1745145,22.2836663],[114.1744824,22.2836747],[114.1744709,22.2836778],[114.1744591,22.2836807],[114.1745648,22.2840357],[114.1745856,22.28403],[114.174627,22.2840187]],[[114.1658712,22.2997118],[114.1657911,22.3002423],[114.1658365,22.3002483],[114.1658645,22.300252],[114.1659268,22.2998391],[114.1659445,22.2997215],[114.1658712,22.2997118]],[[114.16566,22.2991274],[114.1655259,22.2991012],[114.1655086,22.2990977],[114.1652425,22.2990458],[114.1652259,22.2991187],[114.1656447,22.2992005],[114.16566,22.2991274]],[[114.1662265,22.2993143],[114.1662432,22.2992414],[114.1661114,22.2992155],[114.1660941,22.2992121],[114.1658226,22.2991591],[114.1658073,22.2992324],[114.1662265,22.2993143]]]]},"properties":{"GmlID":"SRZ.33","OBJNAM":"Zone A","INFORM":"The maximum permitted speed for a vessel of an overall length of 60 metres or less is 10 knots, and for a vessel of an overall length more than 60 metres is 8 knots.","OBJECTID":33}},{"type":"Feature","geometry":{"type":"MultiPolygon","coordinates":[[[[114.1601266,22.2462043],[114.1599333,22.24635],[114.1599272,22.2463546],[114.1595466,22.2466465],[114.1595466,22.2466465],[114.1594034,22.2467565],[114.1593439,22.2468033],[114.159184,22.246848],[114.159184,22.246848],[114.1584429,22.2470555],[114.1580819,22.2469769],[114.1580819,22.2469769],[114.1572563,22.2467974],[114.1572563,22.2467974],[114.1570666,22.2467561],[114.1570331,22.2467487],[114.1570331,22.2467487],[114.1567697,22.2466901],[114.1567697,22.2466901],[114.1566379,22.2466608],[114.156532,22.2466592],[114.156532,22.2466592],[114.1563535,22.2466566],[114.1563535,22.2466566],[114.1549833,22.2466362],[114.1547626,22.2467558],[114.154671,22.2468038],[114.1546357,22.246841],[114.1544269,22.2470621],[114.1544269,22.2470621],[114.1542877,22.2472095],[114.1542732,22.247212],[114.1542732,22.247212],[114.1542568,22.247119],[114.1542785,22.2471157],[114.1542605,22.246984],[114.1541942,22.2469938],[114.1542167,22.2471265],[114.1542423,22.2471223],[114.1542611,22.247214],[114.1542611,22.247214],[114.1540506,22.2472485],[114.1540506,22.2472485],[114.1540483,22.2471651],[114.154076,22.2471584],[114.1540532,22.2469959],[114.1539737,22.2470072],[114.1539962,22.2471729],[114.1540226,22.2471674],[114.1540264,22.2472524],[114.1540264,22.2472524],[114.1539713,22.2472615],[114.1539713,22.2472615],[114.1539582,22.2471805],[114.1539733,22.2471765],[114.1539446,22.2470304],[114.1538916,22.2470417],[114.1539167,22.2471832],[114.1539372,22.2471778],[114.1539521,22.2472651],[114.1539521,22.2472651],[114.1537827,22.247293],[114.1537827,22.247293],[114.1537709,22.2472109],[114.1537922,22.2472078],[114.1537814,22.2471381],[114.153721,22.2471482],[114.1537327,22.2472195],[114.1537552,22.2472139],[114.1537691,22.2472953],[114.1537691,22.2472953],[114.1536788,22.2473102],[114.1536788,22.2473102],[114.1536665,22.2472384],[114.1536939,22.2472335],[114.1536753,22.2471185],[114.1536079,22.2471287],[114.1536245,22.2472435],[114.1536476,22.2472402],[114.1536618,22.247313],[114.1536618,22.247313],[114.1534745,22.247344],[114.1534745,22.247344],[114.1534616,22.2472785],[114.1534844,22.2472751],[114.1534642,22.2471503],[114.153407,22.247157],[114.1534254,22.2472832],[114.1534468,22.2472797],[114.1534572,22.2473469],[114.1534572,22.2473469],[114.1534315,22.2473511],[114.1534315,22.2473511],[114.153235,22.2473834],[114.153235,22.2473834],[114.1532212,22.2473092],[114.1533583,22.2472772],[114.1533397,22.2471979],[114.1531166,22.2472453],[114.1531294,22.2473184],[114.153203,22.2473037],[114.1532194,22.247386],[114.1532194,22.247386],[114.1531177,22.2474023],[114.1531177,22.2474023],[114.1531055,22.2473373],[114.1531185,22.2473342],[114.153085,22.247175],[114.1530182,22.2471875],[114.1530527,22.2473429],[114.1530618,22.2473406],[114.1530764,22.2474089],[114.1530764,22.2474089],[114.1527766,22.247457],[114.1527766,22.247457],[114.1527611,22.2473777],[114.1527752,22.2473746],[114.1527529,22.2472741],[114.1526963,22.2472852],[114.1527199,22.2473857],[114.1527361,22.2473817],[114.1527549,22.2474606],[114.1527549,22.2474606],[114.1526274,22.2474814],[114.1526274,22.2474814],[114.152615,22.2473877],[114.1526297,22.2473857],[114.1526172,22.2472808],[114.1525699,22.2472876],[114.1525853,22.2473905],[114.1525969,22.2473922],[114.1526088,22.2474844],[114.1526088,22.2474844],[114.15252,22.2474989],[114.15252,22.2474989],[114.1525116,22.2474098],[114.1525254,22.2474072],[114.1525129,22.2472782],[114.1524672,22.2472806],[114.1524792,22.2474103],[114.1524918,22.2474072],[114.1525062,22.2475012],[114.1525062,22.2475012],[114.152429,22.2475142],[114.152429,22.2475142],[114.1524207,22.2474418],[114.152431,22.2474373],[114.1524236,22.2473471],[114.1523835,22.2473508],[114.152392,22.2474438],[114.1524049,22.2474434],[114.1524114,22.247517],[114.1524114,22.247517],[114.1523273,22.2475316],[114.1523273,22.2475316],[114.1523245,22.2474743],[114.1523378,22.247471],[114.1523202,22.2473719],[114.1522813,22.2473767],[114.1522922,22.2474508],[114.1523046,22.2474495],[114.1523136,22.2475346],[114.1523136,22.2475346],[114.1522986,22.2475336],[114.1522986,22.2475336],[114.1522969,22.2475238],[114.1522382,22.2475286],[114.1522302,22.2474773],[114.1521315,22.2474912],[114.1521334,22.2475057],[114.1521078,22.2475101],[114.1521132,22.2475375],[114.1520984,22.2475404],[114.1520918,22.2475119],[114.1520501,22.2475219],[114.1520526,22.2474937],[114.1520378,22.2473928],[114.1519999,22.2473989],[114.1520139,22.2474988],[114.1520272,22.2475264],[114.1519822,22.2475359],[114.1519831,22.2475663],[114.1519348,22.2475797],[114.1519249,22.2475521],[114.1519269,22.2475202],[114.1519432,22.2475223],[114.151924,22.247388],[114.151855,22.2474002],[114.1518794,22.2475303],[114.1518928,22.2475269],[114.151906,22.2475554],[114.1519038,22.2475841],[114.1518853,22.2475884],[114.1518779,22.2475523],[114.1516574,22.2475851],[114.1516624,22.2476242],[114.1516315,22.2476309],[114.151622,22.2475835],[114.1515665,22.2475938],[114.1515726,22.2476391],[114.1515452,22.2476447],[114.1515377,22.247612],[114.1515377,22.247612],[114.151509,22.2476157],[114.1515153,22.2476478],[114.151488,22.2476533],[114.1514781,22.247624],[114.1514467,22.2476326],[114.1514428,22.2476155],[114.1513879,22.2476284],[114.151398,22.2476756],[114.151398,22.2476756],[114.1511564,22.2477136],[114.1511564,22.2477136],[114.1511106,22.2477209],[114.1506022,22.2478359],[114.1506022,22.2478359],[114.1505346,22.2478512],[114.1505346,22.2478512],[114.1505118,22.247763],[114.1505118,22.247763],[114.1504953,22.2476996],[114.1504953,22.2476996],[114.1504716,22.2476079],[114.1503903,22.2476293],[114.1504189,22.2477438],[114.1504189,22.2477438],[114.1504296,22.2477869],[114.1504296,22.2477869],[114.1504502,22.2478693],[114.1504502,22.2478693],[114.1503609,22.2478896],[114.1503609,22.2478896],[114.1500028,22.2479713],[114.1493204,22.2478757],[114.1493204,22.2478757],[114.1488636,22.2478118],[114.148823,22.2478209],[114.148823,22.2478209],[114.1487787,22.247655],[114.1487806,22.2476533],[114.1487642,22.2476087],[114.1486956,22.2476262],[114.148712,22.2477001],[114.1487489,22.2478367],[114.1487489,22.2478367],[114.1487283,22.2478414],[114.1487283,22.2478414],[114.1484137,22.247913],[114.1484137,22.247913],[114.1480742,22.2479903],[114.1480742,22.2479903],[114.1479063,22.2480285],[114.1479063,22.2480285],[114.1471957,22.2481905],[114.1471957,22.2481905],[114.1468352,22.2482727],[114.1468352,22.2482727],[114.1467123,22.2483008],[114.1467123,22.2483008],[114.1466472,22.2482967],[114.1466472,22.2482967],[114.1440439,22.2481376],[114.1440439,22.2481376],[114.1438256,22.248053],[114.1438256,22.248053],[114.144102,22.2474053],[114.1443802,22.2467538],[114.1444639,22.2465659],[114.1448043,22.2457565],[114.1447854,22.2457113],[114.1447854,22.2457113],[114.1447744,22.245715],[114.1447744,22.245715],[114.1451492,22.2448355],[114.1451492,22.2448355],[114.1451567,22.2448411],[114.1451985,22.2448603],[114.1452307,22.244866],[114.1455894,22.2448892],[114.1455894,22.2448892],[114.1461533,22.2449259],[114.1461533,22.2449259],[114.1464895,22.2449477],[114.1464895,22.2449477],[114.1472084,22.2449945],[114.1475466,22.2451962],[114.1475466,22.2451962],[114.14777,22.2453294],[114.14777,22.2453294],[114.1478643,22.2453855],[114.1478643,22.2453855],[114.1480583,22.2455013],[114.1480583,22.2455013],[114.1480834,22.2455163],[114.1480834,22.2455163],[114.1481215,22.245539],[114.1481215,22.245539],[114.1481826,22.2455755],[114.1482184,22.2455247],[114.148236,22.2455349],[114.1482196,22.245558],[114.1482155,22.2455768],[114.1482122,22.2455713],[114.1481953,22.2455759],[114.1482031,22.2456002],[114.1481818,22.2456061],[114.1481692,22.2456048],[114.1481679,22.2456163],[114.1481856,22.2456181],[114.148207,22.2456123],[114.1482161,22.2456408],[114.1482319,22.2456365],[114.1482319,22.2456365],[114.1482457,22.2456499],[114.1483041,22.2456828],[114.1483398,22.2456964],[114.1483833,22.2457039],[114.1483999,22.2457025],[114.1484353,22.2456858],[114.1485095,22.2456664],[114.1485095,22.2456664],[114.1485324,22.24564],[114.1485684,22.24561],[114.1486372,22.2455721],[114.14869,22.2455531],[114.1487562,22.2455321],[114.1487562,22.2455321],[114.1487847,22.2455345],[114.1488938,22.2455626],[114.1490122,22.245574],[114.1490122,22.245574],[114.1490751,22.2455802],[114.14913,22.2455673],[114.14913,22.2455673],[114.1491375,22.2455655],[114.1492169,22.2455683],[114.1492751,22.2455505],[114.1492751,22.2455505],[114.1492885,22.2455464],[114.1494075,22.2455274],[114.1494075,22.2455274],[114.149415,22.245573],[114.1494288,22.2455741],[114.1494271,22.245585],[114.1494454,22.2455859],[114.1494454,22.2455859],[114.1494607,22.2455867],[114.14946,22.2455703],[114.1495549,22.2455941],[114.1495894,22.245607],[114.1496533,22.2456155],[114.1497034,22.2456361],[114.1497975,22.2456271],[114.1498558,22.2456109],[114.1498556,22.2456043],[114.1498633,22.2456052],[114.1498833,22.2456419],[114.1499263,22.2456639],[114.1500682,22.2456617],[114.1500687,22.2456769],[114.1502239,22.2456741],[114.1502229,22.2456013],[114.1502829,22.2455906],[114.1502902,22.2456053],[114.1504489,22.2456426],[114.1504489,22.2456426],[114.1506241,22.245684],[114.1506241,22.245684],[114.1507617,22.2457165],[114.152328,22.2452992],[114.1526487,22.245013],[114.1540245,22.2445956],[114.1542511,22.2446723],[114.1542511,22.2446723],[114.1542296,22.244746],[114.1542063,22.2447395],[114.1541862,22.2448027],[114.1542461,22.2448185],[114.1542656,22.244756],[114.1542479,22.2447511],[114.154269,22.2446784],[114.154269,22.2446784],[114.1547748,22.2448497],[114.1547748,22.2448497],[114.1549921,22.2449233],[114.1549921,22.2449233],[114.1553236,22.2450356],[114.1553236,22.2450356],[114.1560014,22.2452649],[114.1560014,22.2452649],[114.1569466,22.2455837],[114.1569466,22.2455837],[114.1570333,22.2456128],[114.1570333,22.2456128],[114.1572065,22.2456711],[114.1572065,22.2456711],[114.1574345,22.245748],[114.1574345,22.245748],[114.1575251,22.2457786],[114.1578905,22.2457072],[114.1578905,22.2457072],[114.1583167,22.2456239],[114.1583167,22.2456239],[114.1584186,22.245604],[114.1584186,22.245604],[114.1587353,22.2455423],[114.1592253,22.2452731],[114.1592253,22.2452731],[114.1593117,22.2451953],[114.1593117,22.2451953],[114.1593117,22.2451953],[114.1601848,22.2460181],[114.1601848,22.2460181],[114.1601848,22.2460181],[114.1600735,22.2460585],[114.1600735,22.2460585],[114.1600691,22.2460821],[114.160074,22.2461075],[114.1601176,22.2461505],[114.1601243,22.2462007],[114.1601243,22.2462007],[114.1601266,22.2462043]]]]},"properties":{"GmlID":"SRZ.34","OBJNAM":"TS2 Aberdeen West Typhoon Shelter","INFORM":"Vessels with a length overall of more than 30.4 metres (100 feet) are prohibited from entering or remaining. The maximum permitted speed is 5 knots.","OBJECTID":34}},{"type":"Feature","geometry":{"type":"MultiPolygon","coordinates":[[[[114.2131932,22.4569176],[114.2127466,22.4570075],[114.2127466,22.4570075],[114.2120085,22.457156],[114.2116617,22.45721],[114.2115197,22.457223],[114.2111711,22.4572077],[114.2107815,22.4571305],[114.2105852,22.4570208],[114.2102142,22.4570319],[114.2096849,22.4569797],[114.20957,22.4569337],[114.2095234,22.4568845],[114.2094732,22.456877],[114.209327,22.4567206],[114.2092796,22.4567106],[114.2092048,22.456718],[114.2092048,22.456718],[114.209479,22.4563522],[114.209479,22.4563522],[114.2097193,22.4560316],[114.2097193,22.4560316],[114.2107036,22.4547181],[114.2107837,22.4546104],[114.2107837,22.4546104],[114.2116003,22.453513],[114.2116153,22.4534799],[114.2116169,22.4534661],[114.2116137,22.4534356],[114.2116031,22.4534129],[114.2115833,22.4533882],[114.2115632,22.4533716],[114.2115372,22.4533617],[114.2115372,22.4533617],[114.2121822,22.4525181],[114.2121822,22.4525181],[114.2123273,22.4526171],[114.2124382,22.4526715],[114.2125498,22.452767],[114.2125953,22.4528344],[114.2126159,22.4529263],[114.2126139,22.4532201],[114.2127096,22.4533934],[114.2127396,22.4535053],[114.2127396,22.4535053],[114.2126911,22.4535366],[114.2127014,22.4535458],[114.2126496,22.4535867],[114.2126594,22.4535956],[114.2127126,22.4535551],[114.2127445,22.453581],[114.2127817,22.453551],[114.2127817,22.453551],[114.2129093,22.4536627],[114.212944,22.4536983],[114.2129754,22.4536755],[114.21307,22.4537555],[114.2133587,22.4539407],[114.2133433,22.4539635],[114.2133786,22.4539938],[114.2133786,22.4539938],[114.2133506,22.4540223],[114.2133114,22.4540816],[114.2132798,22.454057],[114.2132532,22.4540927],[114.2132769,22.4541107],[114.2132738,22.4541211],[114.2132921,22.4541321],[114.2133456,22.4540568],[114.2133682,22.4540689],[114.2134109,22.454016],[114.2134109,22.454016],[114.2135479,22.4540903],[114.2135479,22.4540903],[114.2135992,22.454133],[114.2135992,22.454133],[114.2135361,22.4542315],[114.2135453,22.4542367],[114.2136079,22.4541387],[114.2136079,22.4541387],[114.2136136,22.4541424],[114.2137046,22.4541738],[114.2137597,22.4541989],[114.2137597,22.4541989],[114.2137384,22.4542339],[114.2136756,22.4543392],[114.2136832,22.4543437],[114.2137674,22.4542043],[114.2137674,22.4542043],[114.2138319,22.4542468],[114.2138479,22.4542617],[114.213892,22.4543098],[114.213892,22.4543098],[114.2137665,22.4543826],[114.213771,22.454388],[114.2138963,22.4543159],[114.2138963,22.4543159],[114.2139241,22.454355],[114.2139579,22.4544149],[114.2139594,22.4544291],[114.2139401,22.4544641],[114.2138547,22.4544895],[114.2138641,22.4545472],[114.2138255,22.4545643],[114.2138255,22.4545643],[114.2138317,22.4545781],[114.213979,22.4545009],[114.2140446,22.4545519],[114.213988,22.4546039],[114.2140083,22.4546323],[114.2141145,22.4545511],[114.2141436,22.4545549],[114.2141614,22.4545424],[114.2141614,22.4545424],[114.2140877,22.4547916],[114.2140836,22.4548036],[114.2140836,22.4548036],[114.2140508,22.4547948],[114.2140131,22.4547977],[114.2139494,22.4547867],[114.2139463,22.4547972],[114.2140115,22.4548074],[114.2140564,22.454806],[114.2140845,22.4548134],[114.2140877,22.4548525],[114.2141061,22.4548558],[114.2141061,22.4548558],[114.2140765,22.4550181],[114.2140765,22.4550181],[114.2138836,22.4549801],[114.213881,22.4549892],[114.2140742,22.4550272],[114.2140742,22.4550272],[114.2140603,22.4550788],[114.2140136,22.4553584],[114.2139642,22.4554582],[114.2138358,22.4554057],[114.2137951,22.4554942],[114.2137951,22.4554942],[114.2137758,22.4554743],[114.2137401,22.4554297],[114.2137327,22.4554353],[114.2137672,22.4554802],[114.2137911,22.4555043],[114.2137911,22.4555043],[114.2137452,22.4556014],[114.2136682,22.4556708],[114.2136682,22.4556708],[114.2132621,22.4554792],[114.213279,22.4554494],[114.2132434,22.4554302],[114.2132095,22.45549],[114.213265,22.4555157],[114.213265,22.4555157],[114.2136303,22.4556857],[114.2136303,22.4556857],[114.2135872,22.4558016],[114.2135872,22.4558016],[114.2135348,22.4557866],[114.2135326,22.4557967],[114.2135326,22.4557967],[114.2135836,22.4558151],[114.2135836,22.4558151],[114.2135745,22.455913],[114.2135626,22.455971],[114.2135631,22.4560077],[114.2135677,22.456015],[114.2135677,22.456015],[114.2135919,22.4560226],[114.2135703,22.4561261],[114.213545,22.4561183],[114.2135146,22.4562034],[114.2135146,22.4562034],[114.2134359,22.4561818],[114.2134315,22.4561947],[114.2135726,22.4562325],[114.2135726,22.4562325],[114.2135374,22.456334],[114.2135044,22.4563311],[114.2134874,22.4563692],[114.2134874,22.4563692],[114.2133874,22.4563353],[114.2133823,22.4563481],[114.2134163,22.4563582],[114.2134104,22.4563715],[114.213502,22.4564027],[114.213502,22.4564027],[114.2134613,22.4565321],[114.2134475,22.456593],[114.2134475,22.456593],[114.21328,22.4565114],[114.213275,22.4565187],[114.2134478,22.4566045],[114.2134478,22.4566045],[114.2134164,22.456674],[114.2133503,22.4567655],[114.2131932,22.4569176]]]]},"properties":{"GmlID":"SRZ.35","OBJNAM":"TS11 Shuen Wan Typhoon Shelter","INFORM":"Vessels with a length overall of more than 30.4 metres (100 feet) are prohibited from entering or remaining. The maximum permitted speed is 5 knots.","OBJECTID":35}},{"type":"Feature","geometry":{"type":"MultiPolygon","coordinates":[[[[114.2337115,22.2841825],[114.2337104,22.2842305],[114.2337255,22.2842522],[114.2336061,22.2842863],[114.2336061,22.2842863],[114.233543,22.284239],[114.233543,22.284239],[114.2334805,22.2843049],[114.2334574,22.2843294],[114.233318,22.2844575],[114.2332077,22.2845451],[114.2330634,22.2846473],[114.232847,22.2847732],[114.2326902,22.2848404],[114.2326656,22.2847885],[114.2325427,22.2848395],[114.2325672,22.2848932],[114.2325007,22.2849218],[114.2315872,22.2853067],[114.2315872,22.2853067],[114.2315116,22.2853386],[114.2313473,22.2854036],[114.2306949,22.2856685],[114.2305497,22.2857268],[114.2298574,22.2860052],[114.229724,22.2860605],[114.2294809,22.2861368],[114.2292607,22.2861859],[114.2290733,22.2862108],[114.228869,22.2862233],[114.2285203,22.2862005],[114.2284431,22.2862049],[114.2282792,22.2862276],[114.2282257,22.2862447],[114.2281103,22.286302],[114.2280555,22.286325],[114.2280555,22.286325],[114.2279686,22.2863507],[114.2278833,22.2861667],[114.2273599,22.2857905],[114.2273639,22.2857704],[114.2273592,22.2857566],[114.2273592,22.2857566],[114.2273534,22.2857403],[114.2273314,22.2857113],[114.2272991,22.2856786],[114.2272609,22.2856476],[114.2271924,22.2855839],[114.2271054,22.2855125],[114.2266153,22.2850599],[114.2265886,22.285042],[114.2265603,22.2850339],[114.2265196,22.2850479],[114.2264825,22.2850138],[114.2264825,22.2850138],[114.2262314,22.2847841],[114.2260176,22.2848663],[114.2256529,22.2849989],[114.2256529,22.2849989],[114.2256377,22.2849847],[114.2256157,22.2849645],[114.2256157,22.2849645],[114.2256115,22.2849606],[114.2249689,22.284368],[114.2249689,22.284368],[114.2248764,22.2842828],[114.2250404,22.2841284],[114.2250404,22.2841284],[114.2254903,22.2837052],[114.2254903,22.2837052],[114.2260208,22.2832066],[114.2260208,22.2832066],[114.2262107,22.2830282],[114.2262547,22.2830091],[114.2262547,22.2830091],[114.2262804,22.282998],[114.2268992,22.2829969],[114.2279451,22.282997],[114.2279451,22.282997],[114.2282776,22.2829971],[114.2282776,22.2829971],[114.2294133,22.2829972],[114.229657,22.2830308],[114.2299036,22.2830613],[114.2302454,22.2830645],[114.2302454,22.2830645],[114.2302871,22.283065],[114.2302871,22.283065],[114.2303452,22.2830655],[114.2306062,22.2831611],[114.2306062,22.2831611],[114.2309275,22.2832789],[114.2309275,22.2832789],[114.2310621,22.2833281],[114.2312841,22.2834095],[114.2312841,22.2834095],[114.2313223,22.2832599],[114.2313587,22.2832679],[114.2313587,22.2832679],[114.2313382,22.2833547],[114.2314362,22.2833746],[114.2314573,22.2832859],[114.2314573,22.2832859],[114.2314661,22.283249],[114.2314661,22.283249],[114.2314721,22.283224],[114.2314721,22.283224],[114.231574,22.2832458],[114.2315191,22.2834964],[114.231613,22.2835138],[114.2316619,22.2833029],[114.2317641,22.2833207],[114.2317344,22.2834509],[114.2318346,22.2834716],[114.2318755,22.2832895],[114.2319766,22.2832984],[114.2319715,22.2833217],[114.2320671,22.2833419],[114.2320549,22.2833957],[114.2321581,22.2834109],[114.2321733,22.2833413],[114.232274,22.2833592],[114.2322592,22.2834216],[114.2323652,22.2834435],[114.2323863,22.2833361],[114.232488,22.2833453],[114.2324828,22.283367],[114.2325563,22.2833773],[114.2325563,22.2833773],[114.2325271,22.2834898],[114.2326967,22.2835237],[114.2326967,22.2835237],[114.232769,22.2835385],[114.2329727,22.2835799],[114.2329727,22.2835799],[114.2332828,22.283643],[114.2332828,22.283643],[114.2334404,22.2838609],[114.233487,22.2838299],[114.233487,22.2838299],[114.2335477,22.2838694],[114.2335779,22.2839066],[114.2335923,22.2839223],[114.2335923,22.2839223],[114.2336187,22.2839512],[114.233686,22.2840155],[114.2336939,22.2840189],[114.233703,22.2840178],[114.2337461,22.2840036],[114.2337678,22.2839997],[114.2337866,22.2840048],[114.2338031,22.284016],[114.233817,22.2840404],[114.2338163,22.2840595],[114.2337872,22.2841154],[114.2337813,22.284134],[114.233777,22.2841554],[114.233777,22.2841554],[114.2337115,22.2841825]],[[114.2285993,22.2856442],[114.2284682,22.2856315],[114.2283497,22.2856086],[114.2282255,22.285572],[114.2281768,22.2855532],[114.2281155,22.2855307],[114.2279816,22.2854668],[114.2279053,22.2854251],[114.2278275,22.2853741],[114.2277468,22.2853177],[114.2276582,22.2852532],[114.2275918,22.2851971],[114.2275231,22.285135],[114.2274587,22.2850733],[114.227415,22.2850268],[114.2273817,22.2849976],[114.2273499,22.2849737],[114.2273311,22.2849611],[114.2273157,22.2849543],[114.2272983,22.284949],[114.2272768,22.2849477],[114.2272609,22.2849514],[114.2272426,22.2849567],[114.2272426,22.2849567],[114.2272385,22.284959],[114.2272147,22.2849881],[114.2272138,22.2850209],[114.2272335,22.2850592],[114.2272613,22.2850861],[114.2273658,22.2851822],[114.2275719,22.2853689],[114.2276404,22.285423],[114.2277142,22.2854774],[114.227785,22.2855192],[114.2279169,22.2855878],[114.2280477,22.2856432],[114.2281807,22.2856955],[114.2283041,22.2857339],[114.2283744,22.2857525],[114.2285,22.2857734],[114.2285744,22.2857807],[114.2286553,22.2857846],[114.2287451,22.2857884],[114.2288611,22.2857874],[114.2289547,22.285785],[114.2290253,22.2857796],[114.2290693,22.2857775],[114.2291049,22.2857692],[114.2291274,22.2857565],[114.2291416,22.285735],[114.2291518,22.2857088],[114.2291516,22.2856834],[114.2291394,22.2856575],[114.2291174,22.285647],[114.229085,22.2856385],[114.2290456,22.2856414],[114.2289875,22.2856506],[114.2289131,22.2856549],[114.2288212,22.285657],[114.2287463,22.285656],[114.2286895,22.2856522],[114.2285993,22.2856442]]]]},"properties":{"GmlID":"SRZ.36","OBJNAM":"TS10 Shau Kei Wan Typhoon Shelter","INFORM":"Vessels with a length overall of more than 30.4 metres (100 feet) are prohibited from entering or remaining. The maximum permitted speed is 5 knots.","OBJECTID":36}},{"type":"Feature","geometry":{"type":"MultiPolygon","coordinates":[[[[114.1134374,22.3562807],[114.1143389,22.3551116],[114.1144077,22.3550116],[114.1145128,22.3548391],[114.1145528,22.3547541],[114.1146188,22.354574],[114.1146443,22.3544737],[114.1146599,22.3543944],[114.1146716,22.3542882],[114.1146681,22.3541359],[114.114644,22.3539746],[114.1146267,22.3539273],[114.1145972,22.3538951],[114.114554,22.3538776],[114.1145179,22.3538775],[114.1145179,22.3538775],[114.1145159,22.3538784],[114.1143829,22.3531146],[114.1143829,22.3531146],[114.1144344,22.3531046],[114.1144587,22.3530792],[114.1144667,22.3530623],[114.1144667,22.3530623],[114.1144668,22.352773],[114.1144668,22.352773],[114.1144668,22.3526679],[114.1144754,22.3525488],[114.1144967,22.3524353],[114.1145399,22.3523979],[114.1145399,22.3523979],[114.1146872,22.3523908],[114.1147055,22.3523457],[114.1147517,22.3520781],[114.114813,22.3519455],[114.114813,22.3519455],[114.1149349,22.3519478],[114.1151171,22.351722],[114.1150419,22.3515946],[114.1151415,22.3514873],[114.1156194,22.3516425],[114.1156194,22.3516425],[114.1156731,22.3516599],[114.1156731,22.3516599],[114.1159144,22.3517383],[114.116074,22.3526786],[114.116074,22.3526786],[114.1163127,22.3540766],[114.1163127,22.3540766],[114.1164202,22.3547234],[114.1155633,22.3551893],[114.1153406,22.3556765],[114.1153406,22.3556765],[114.1152598,22.3558534],[114.1152598,22.3558534],[114.1152558,22.3558622],[114.1152558,22.3558622],[114.1150851,22.3562355],[114.1150851,22.3562355],[114.1133778,22.3599703],[114.1133778,22.3599703],[114.113289,22.3601647],[114.1130452,22.3600681],[114.1130452,22.3600681],[114.1126027,22.3598928],[114.1126027,22.3598928],[114.1125224,22.359861],[114.1122135,22.3593423],[114.1122558,22.3593209],[114.1122045,22.3592535],[114.1121682,22.3592306],[114.1121682,22.3592306],[114.1121545,22.3592241],[114.1121,22.3592162],[114.1120489,22.3587742],[114.1120638,22.3587746],[114.1120638,22.3587746],[114.1120953,22.3587655],[114.1121117,22.3587544],[114.1121244,22.3587355],[114.1121244,22.3587355],[114.1121332,22.358716],[114.1121382,22.3586873],[114.1121309,22.3585934],[114.1121355,22.3584768],[114.1122023,22.3583199],[114.1122386,22.3582103],[114.1122193,22.3580259],[114.1122588,22.3579115],[114.1123169,22.3577884],[114.1123851,22.3576657],[114.1124728,22.3575261],[114.1125379,22.3574371],[114.1127699,22.3571413],[114.1128054,22.3571341],[114.1128311,22.3571216],[114.112866,22.3570904],[114.1128954,22.3570459],[114.1128954,22.3570459],[114.1129064,22.3570088],[114.1129224,22.3569798],[114.1129081,22.3569616],[114.1130024,22.3568435],[114.1131791,22.3566136],[114.1131791,22.3566136],[114.1133511,22.3563924],[114.1133511,22.3563924],[114.1134374,22.3562807]]]]},"properties":{"GmlID":"SRZ.37","OBJNAM":"TS8 Rambler Channel Typhoon Shelter","INFORM":"Vessels with a length overall of more than 50 metres (164 feet) are prohibited from entering or remaining. The maximum permitted speed is 5 knots.","OBJECTID":37}},{"type":"Feature","geometry":{"type":"MultiPolygon","coordinates":[[[[114.2011317,22.3120403],[114.1969333,22.31535],[114.1946,22.3142333],[114.1946402,22.3141797],[114.1946402,22.3141797],[114.1946486,22.3141852],[114.1946589,22.3141897],[114.1946704,22.3141932],[114.1946934,22.3141942],[114.1947183,22.314188],[114.1947401,22.3141761],[114.1947584,22.3141586],[114.196,22.3123936],[114.196,22.3123936],[114.1964335,22.3117778],[114.1966318,22.311495],[114.1966386,22.311482],[114.1966422,22.311469],[114.1966434,22.3114544],[114.196641,22.3114402],[114.1966361,22.3114267],[114.1966282,22.3114143],[114.1966179,22.3114036],[114.1966117,22.3113995],[114.1966117,22.3113995],[114.1974192,22.3102487],[114.1974192,22.3102487],[114.1995938,22.3112976],[114.2005887,22.3117773],[114.2011317,22.3120403]]]]},"properties":{"GmlID":"SRZ.38","OBJNAM":"TS12 To Kwa Wan Typhoon Shelter","INFORM":"Vessels with a length overall of more than 50 metres (164 feet) are prohibited from entering or remaining. The maximum permitted speed is 5 knots.","OBJECTID":38}},{"type":"Feature","geometry":{"type":"MultiPolygon","coordinates":[[[[114.018412,22.2016559],[114.0184155,22.2016609],[114.0184271,22.2016677],[114.0184446,22.2016711],[114.0184598,22.2016666],[114.0184647,22.2016622],[114.0184665,22.2016531],[114.0184834,22.2016542],[114.0184998,22.2016649],[114.0185108,22.2016683],[114.0185447,22.2016701],[114.0185568,22.201652],[114.0185726,22.2016554],[114.0185799,22.2016543],[114.0185865,22.2016487],[114.0185956,22.2016345],[114.0186108,22.2016295],[114.0186181,22.2016245],[114.0186235,22.2016103],[114.0186308,22.2016012],[114.0186327,22.2016097],[114.0186447,22.2016239],[114.0186514,22.2016262],[114.0186641,22.2016358],[114.0186732,22.201638],[114.0186805,22.2016364],[114.0186854,22.2016296],[114.0186913,22.2016262],[114.0186986,22.2016284],[114.0187065,22.201625],[114.0187175,22.2016025],[114.0187285,22.2016172],[114.0187411,22.2016274],[114.0187484,22.2016308],[114.0187562,22.2016297],[114.018755,22.2016528],[114.0187586,22.201659],[114.0187678,22.201663],[114.0188059,22.2016732],[114.0188138,22.2016777],[114.0188101,22.2016856],[114.0188108,22.2016957],[114.0188167,22.2017098],[114.0188216,22.2017161],[114.0188283,22.2017218],[114.0188373,22.201724],[114.0188458,22.2017234],[114.0188755,22.201754],[114.0188828,22.2017567],[114.0188906,22.2017567],[114.0188973,22.2017545],[114.0189186,22.2017376],[114.0189234,22.2017314],[114.0189301,22.2017275],[114.0189471,22.2017297],[114.0189611,22.2017224],[114.0189757,22.2017032],[114.0189823,22.2016846],[114.0189907,22.2016846],[114.0189974,22.2016818],[114.0190047,22.2016846],[114.0190223,22.2016852],[114.0190307,22.2016824],[114.0190368,22.2016773],[114.0190435,22.201683],[114.0190514,22.201683],[114.0190592,22.2016802],[114.0190708,22.2016717],[114.0190787,22.2016768],[114.0190872,22.2016752],[114.019095,22.2016706],[114.0191077,22.2016588],[114.0191145,22.2016616],[114.019129,22.2016554],[114.019135,22.2016504],[114.0191477,22.2016312],[114.0191569,22.2016346],[114.0191805,22.2016328],[114.0191811,22.2016369],[114.0192059,22.2016346],[114.0192309,22.2016346],[114.019246,22.2016307],[114.0192678,22.2016324],[114.0192927,22.2016297],[114.0193139,22.20162],[114.0193303,22.2016048],[114.0193369,22.2016195],[114.0193429,22.2016269],[114.0193497,22.2016314],[114.0193594,22.2016286],[114.0193624,22.2016364],[114.019369,22.2016416],[114.0193781,22.2016438],[114.0194035,22.2016376],[114.0194072,22.2016495],[114.0194139,22.2016535],[114.0194224,22.2016546],[114.0194375,22.2016501],[114.0194599,22.2016377],[114.019489,22.2016327],[114.0195145,22.2016214],[114.0195351,22.201605],[114.0195685,22.201569],[114.0195752,22.2015803],[114.0195825,22.2015848],[114.0195903,22.2015841],[114.019597,22.2015796],[114.0196049,22.201578],[114.0196133,22.2015876],[114.0196218,22.2015898],[114.0196285,22.2015866],[114.0196382,22.2015921],[114.0196472,22.2015922],[114.0196509,22.2016012],[114.0196558,22.2016068],[114.0196708,22.2016131],[114.019686,22.2016147],[114.0197005,22.201621],[114.0197005,22.201621],[114.0197102,22.2016148],[114.0197188,22.2016137],[114.0197255,22.2016085],[114.0197285,22.2016041],[114.0197297,22.2015956],[114.0197533,22.2015714],[114.01976,22.2015584],[114.0197673,22.2015534],[114.0197746,22.2015448],[114.0197807,22.201533],[114.0197922,22.2014975],[114.0197923,22.2014579],[114.0197977,22.2014523],[114.0197996,22.2014444],[114.0197966,22.201437],[114.0197917,22.2014337],[114.0198003,22.2014263],[114.019802,22.2014184],[114.0197996,22.2014106],[114.0197906,22.2014038],[114.0198158,22.2013971],[114.0198158,22.2013971],[114.0198252,22.2013947],[114.0198311,22.2013857],[114.0198475,22.2013774],[114.0198585,22.2013671],[114.0198615,22.2013593],[114.01987,22.2013474],[114.0198767,22.2013271],[114.0198907,22.2013096],[114.0198967,22.2012933],[114.0199016,22.2012888],[114.019904,22.2012814],[114.0198986,22.2012769],[114.0198986,22.2012769],[114.0199671,22.2012865],[114.019984,22.2012877],[114.020843,22.201288],[114.0208684,22.2012784],[114.020886,22.2012513],[114.0208799,22.2012163],[114.0208612,22.2012005],[114.0208357,22.201196],[114.0208364,22.2011423],[114.0207316,22.2011417],[114.0207321,22.2011976],[114.0203712,22.2011975],[114.0203712,22.2011975],[114.0200091,22.2011974],[114.0199835,22.2011991],[114.0199671,22.2011979],[114.0199412,22.2011929],[114.0199412,22.2011929],[114.0199483,22.20119],[114.019969,22.201177],[114.0199817,22.201164],[114.019992,22.2011495],[114.0199951,22.2011354],[114.0199927,22.2011274],[114.0199878,22.2011201],[114.0199933,22.2011043],[114.0199915,22.2011003],[114.0200049,22.2010878],[114.020014,22.2010743],[114.020014,22.2010676],[114.020008,22.2010517],[114.0200141,22.2010354],[114.0200116,22.2010264],[114.0200031,22.2010134],[114.0200044,22.2010101],[114.0199983,22.2009897],[114.0200013,22.2009858],[114.0200002,22.2009812],[114.0199741,22.2009614],[114.0199911,22.2009366],[114.0200148,22.2008751],[114.0200136,22.200857],[114.0200081,22.2008412],[114.0200081,22.2008412],[114.0200053,22.2007561],[114.020007,22.2007374],[114.0200156,22.2007154],[114.0200332,22.2006957],[114.0200501,22.2006844],[114.0200937,22.2006684],[114.0200937,22.2006684],[114.0202393,22.2006152],[114.0209119,22.2003725],[114.0209415,22.2003652],[114.0210264,22.2003636],[114.0210876,22.2003772],[114.0211118,22.2003902],[114.0211565,22.2004326],[114.021185,22.2004795],[114.0212049,22.2005434],[114.0212017,22.2012844],[114.0212143,22.2014058],[114.0212264,22.2014481],[114.0212264,22.2014481],[114.0214833,22.2020269],[114.0218048,22.2027453],[114.0218048,22.2027453],[114.0219969,22.2031748],[114.0219969,22.2031748],[114.0222842,22.2038167],[114.0222842,22.2038167],[114.0225069,22.2043144],[114.0225069,22.2043144],[114.0226888,22.2047158],[114.0227245,22.2047683],[114.0227857,22.2048327],[114.0228425,22.2048771],[114.0228425,22.2048771],[114.0230752,22.2050204],[114.0231982,22.205105],[114.0234471,22.2053109],[114.0234445,22.2053938],[114.0234445,22.2053938],[114.0256896,22.2054417],[114.0273975,22.2057047],[114.0274998,22.2057459],[114.0275731,22.2058459],[114.0278934,22.2066556],[114.0279006,22.2067662],[114.0279006,22.2067662],[114.027809,22.2067989],[114.0279468,22.2071366],[114.0280347,22.2071072],[114.0280347,22.2071072],[114.028102,22.2071514],[114.028255,22.20751],[114.0282967,22.2075642],[114.0283694,22.2076037],[114.0286203,22.2076903],[114.0286808,22.2077259],[114.028696,22.2077779],[114.0286947,22.2079192],[114.0286947,22.2079192],[114.0286463,22.2079192],[114.0286459,22.2079401],[114.0284344,22.2079331],[114.0284344,22.2079331],[114.0283293,22.2079297],[114.0282501,22.2079271],[114.0282444,22.2080324],[114.0283397,22.2080363],[114.0283397,22.2080363],[114.0286872,22.2080504],[114.0286872,22.2080504],[114.0286517,22.2084807],[114.0286517,22.2084807],[114.0283211,22.2084364],[114.0283211,22.2084364],[114.0280695,22.208403],[114.0280275,22.2086757],[114.0284023,22.2087248],[114.0284023,22.2087248],[114.0285897,22.2087496],[114.0285897,22.2087496],[114.0284658,22.2096145],[114.0284658,22.2096145],[114.0283972,22.2099755],[114.0283729,22.2100589],[114.0283383,22.2100634],[114.0283176,22.2100809],[114.0281094,22.2104233],[114.0263802,22.2118508],[114.0253373,22.2116749],[114.0253373,22.2116749],[114.0253617,22.2115473],[114.0253829,22.2115506],[114.025384,22.2115457],[114.025384,22.2115457],[114.025392,22.2115112],[114.0253248,22.2114998],[114.0253209,22.2115246],[114.0253209,22.2115246],[114.0253186,22.2115394],[114.0253399,22.2115433],[114.0253161,22.2116708],[114.0253161,22.2116708],[114.0250835,22.2116319],[114.0247785,22.2115811],[114.0244505,22.2115481],[114.0240416,22.2114642],[114.0236384,22.2114361],[114.0236384,22.2114361],[114.0236209,22.2114496],[114.0235774,22.2117099],[114.0235774,22.2117099],[114.023574,22.2117307],[114.0235599,22.2117848],[114.0235593,22.2118362],[114.0235768,22.2118593],[114.0235428,22.2118797],[114.023507,22.2118808],[114.0235161,22.2119067],[114.0234895,22.2119152],[114.0234446,22.2119079],[114.0233936,22.2119179],[114.0233318,22.2119168],[114.0232591,22.2119206],[114.0232052,22.2118969],[114.0231622,22.21189],[114.0231306,22.2119199],[114.0230902,22.2119528],[114.0230902,22.2119528],[114.0227662,22.2116737],[114.0227662,22.2116737],[114.0227721,22.211665],[114.0227833,22.2116219],[114.02278,22.2116001],[114.0219989,22.2098476],[114.0219989,22.2098476],[114.0219386,22.2097121],[114.021911,22.2096631],[114.0218659,22.2096526],[114.0218232,22.2096615],[114.021808,22.2096817],[114.021808,22.2096817],[114.0206965,22.2095784],[114.0206965,22.2095784],[114.0207874,22.209339],[114.0207874,22.209339],[114.0214969,22.2074775],[114.0215594,22.2073119],[114.0215594,22.2073119],[114.0217377,22.2068391],[114.0217112,22.2067837],[114.0216741,22.2067649],[114.0216294,22.2067629],[114.021572,22.2068024],[114.0215521,22.206854],[114.0215521,22.206854],[114.0209411,22.2068795],[114.0209411,22.2068795],[114.0209208,22.2068355],[114.0209208,22.2068355],[114.0208827,22.2067526],[114.0208827,22.2067526],[114.0207186,22.2063963],[114.0205323,22.206023],[114.0205323,22.206023],[114.0204059,22.2057701],[114.0204059,22.2057701],[114.0185023,22.2019589],[114.0184701,22.2019188],[114.0184155,22.2019126],[114.0184155,22.2019126],[114.018412,22.2016559]]]]},"properties":{"GmlID":"SRZ.39","OBJNAM":"TS4 Cheung Chau Typhoon Shelter","INFORM":"Vessels with a length overall of more than 50 metres (164 feet) are prohibited from entering or remaining. The maximum permitted speed is 5 knots.","OBJECTID":39}},{"type":"Feature","geometry":{"type":"MultiPolygon","coordinates":[[[[114.1890447,22.2849163],[114.1893003,22.2849839],[114.1893227,22.2849484],[114.1893622,22.2849585],[114.1893555,22.285015],[114.1894685,22.285046],[114.1896666,22.2851001],[114.1896981,22.2851267],[114.1897149,22.2852164],[114.1899041,22.2851896],[114.1899469,22.2853699],[114.1899633,22.2855086],[114.18977,22.2855392],[114.1898098,22.2857611],[114.1894734,22.2859005],[114.189397,22.2859322],[114.189397,22.2859322],[114.1891658,22.286028],[114.1891658,22.286028],[114.1891099,22.2860512],[114.1888025,22.2869103],[114.1888327,22.2869504],[114.1888327,22.2869504],[114.188894,22.2870317],[114.188894,22.2870317],[114.1887864,22.2870989],[114.1887864,22.2870989],[114.1887217,22.2871394],[114.1887217,22.2871394],[114.1885125,22.2872706],[114.1885125,22.2872706],[114.1882754,22.2874191],[114.1882754,22.2874191],[114.187505,22.287902],[114.187505,22.287902],[114.1875,22.2870143],[114.1875,22.2870143],[114.1875034,22.2870142],[114.1875203,22.2870102],[114.1875343,22.287004],[114.1875574,22.2869848],[114.1875755,22.2869425],[114.1875725,22.2869121],[114.1875586,22.2868866],[114.1875586,22.2868866],[114.1875325,22.2868693],[114.1875325,22.2868693],[114.1875168,22.2868589],[114.18481,22.2861368],[114.18481,22.2861368],[114.1830615,22.2856705],[114.1830615,22.2856705],[114.1830294,22.2856693],[114.1830002,22.2856795],[114.1829633,22.2857183],[114.1829633,22.2857183],[114.1824254,22.2855529],[114.1824254,22.2855529],[114.1824584,22.2854794],[114.1824584,22.2854794],[114.1825026,22.2853808],[114.1825026,22.2853808],[114.1825461,22.2852838],[114.1825461,22.2852838],[114.1826222,22.2851142],[114.1826222,22.2851142],[114.1827455,22.2848391],[114.1827455,22.2848391],[114.1828563,22.2848686],[114.1828563,22.2848686],[114.1832268,22.2849672],[114.1832268,22.2849672],[114.1833132,22.2849903],[114.1833272,22.2849842],[114.1833307,22.2849694],[114.1833266,22.2849621],[114.1833211,22.2849581],[114.1832576,22.284941],[114.1832576,22.284941],[114.1833142,22.2849562],[114.1831488,22.2849119],[114.1831488,22.2849119],[114.1828662,22.2848362],[114.1828662,22.2848362],[114.1829256,22.2846144],[114.1830372,22.284612],[114.1830381,22.2846548],[114.1830542,22.2846688],[114.1830542,22.2846688],[114.1830555,22.2846701],[114.1832158,22.2846679],[114.1832158,22.2846679],[114.1832341,22.2846677],[114.1832895,22.2846676],[114.1832895,22.2846676],[114.1833014,22.2846676],[114.1833128,22.2846526],[114.1833123,22.2845315],[114.1833165,22.2845313],[114.1833369,22.2845318],[114.1833409,22.2845311],[114.1833445,22.2845298],[114.1833477,22.2845278],[114.1833506,22.2845254],[114.1833529,22.2845225],[114.1833546,22.2845193],[114.1833557,22.2845158],[114.1833561,22.284513],[114.1833559,22.2845103],[114.1833488,22.2844726],[114.1833793,22.2844685],[114.1833793,22.2844685],[114.1833469,22.2842907],[114.1832929,22.283973],[114.1832929,22.283973],[114.1834231,22.2839525],[114.1834171,22.2839157],[114.1832863,22.2839342],[114.1832863,22.2839342],[114.1832765,22.2838767],[114.1832765,22.2838767],[114.1833703,22.2838622],[114.1833703,22.2838622],[114.1834051,22.2838569],[114.1833993,22.2838213],[114.183295,22.2838381],[114.183295,22.2838381],[114.1832706,22.2838421],[114.1832706,22.2838421],[114.1832683,22.2838301],[114.1832683,22.2838301],[114.1831766,22.2833431],[114.1832031,22.2833384],[114.1831982,22.2833094],[114.1831982,22.2833094],[114.1831831,22.2832204],[114.1831831,22.2832204],[114.1831541,22.2830615],[114.1831541,22.2830615],[114.1831289,22.282924],[114.1831027,22.2829282],[114.1830697,22.282775],[114.1830697,22.282775],[114.1830547,22.2827052],[114.1830547,22.2827052],[114.1830397,22.2826357],[114.1830126,22.2826407],[114.1829902,22.2825293],[114.1830316,22.2824335],[114.18305,22.2823893],[114.1830742,22.2823483],[114.1830742,22.2823483],[114.1831918,22.2823071],[114.1832295,22.2823211],[114.1832295,22.2823211],[114.1835272,22.2824318],[114.1836182,22.2824895],[114.1836182,22.2824895],[114.1842546,22.2828939],[114.1842546,22.2828939],[114.1848694,22.2832846],[114.1849124,22.2835318],[114.1850343,22.2836227],[114.1850404,22.283621],[114.1854227,22.2839103],[114.1854774,22.283948],[114.1855674,22.2840143],[114.1855674,22.2840143],[114.1856191,22.2840523],[114.1856688,22.2840697],[114.1857621,22.2841015],[114.185838,22.2841277],[114.1858848,22.284144],[114.1859799,22.2841768],[114.1860547,22.2842035],[114.1861138,22.2842228],[114.1861713,22.2842425],[114.1862186,22.2842386],[114.1862987,22.2842276],[114.1862987,22.2842276],[114.1863928,22.284213],[114.1864222,22.2842295],[114.1864428,22.2842393],[114.1864656,22.284248],[114.1865143,22.2842624],[114.1865317,22.2842673],[114.1865317,22.2842673],[114.1865616,22.2842753],[114.1866295,22.2842928],[114.1867997,22.2843358],[114.1875956,22.2845414],[114.187786,22.2845905],[114.1882236,22.2847036],[114.1886233,22.2848063],[114.1886233,22.2848063],[114.1888345,22.2848609],[114.1890447,22.2849163]]]]},"properties":{"GmlID":"SRZ.40","OBJNAM":"TS3 Causeway Bay Typhoon Shelter","INFORM":"Vessels with a length overall of more than 30.4 metres (100 feet) are prohibited from entering or remaining. The maximum permitted speed is 5 knots.","OBJECTID":40}},{"type":"Feature","geometry":{"type":"MultiPolygon","coordinates":[[[[114.2372107,22.2903526],[114.2372021,22.2903317],[114.2372331,22.2903026],[114.2372376,22.2902897],[114.2372512,22.2902508],[114.2372475,22.2902148],[114.2372272,22.2901716],[114.2372187,22.2901647],[114.2375566,22.2898268],[114.2375917,22.2898945],[114.2375274,22.2899211],[114.2375343,22.2899344],[114.2375956,22.2899078],[114.2376031,22.2899223],[114.2375676,22.2899383],[114.2375871,22.289977],[114.2376124,22.2899658],[114.2376557,22.2900464],[114.2376141,22.2900698],[114.2376141,22.2900698],[114.2376558,22.290122],[114.2376918,22.2901061],[114.2376968,22.2901171],[114.2376713,22.2901389],[114.2376904,22.2901741],[114.2377147,22.2901622],[114.237737,22.2902016],[114.2377092,22.2902177],[114.2378799,22.2905353],[114.2378841,22.2905767],[114.2378841,22.2905767],[114.2378643,22.290591],[114.2378772,22.2906167],[114.2379234,22.2905901],[114.2379627,22.2906523],[114.2379804,22.2906535],[114.2379804,22.2906535],[114.2380359,22.2907616],[114.2380359,22.2907616],[114.2380765,22.290743],[114.2381238,22.2908279],[114.2381862,22.2908207],[114.2382355,22.2909115],[114.2382635,22.290903],[114.2382635,22.290903],[114.23827,22.2908998],[114.2385571,22.2914644],[114.2385777,22.2915204],[114.2385716,22.2915858],[114.2385646,22.2915952],[114.2385646,22.2915952],[114.2385437,22.2916231],[114.2384629,22.2917007],[114.2384629,22.2917007],[114.237821,22.2923174],[114.2372212,22.2917865],[114.2371604,22.2917369],[114.2364804,22.2911267],[114.2364804,22.2911267],[114.236472,22.2911192],[114.2364495,22.2910908],[114.2364487,22.2910811],[114.2364507,22.2910758],[114.2364554,22.2910698],[114.2364554,22.2910698],[114.2367657,22.2907763],[114.2371627,22.2903982],[114.2372107,22.2903526]]]]},"properties":{"GmlID":"SRZ.41","OBJNAM":"TS9 Sam Ka Tsuen Typhoon Shelter","INFORM":"Vessels with a length overall of more than 30.4 metres (100 feet) are prohibited from entering or remaining. The maximum permitted speed is 5 knots.","OBJECTID":41}},{"type":"Feature","geometry":{"type":"MultiPolygon","coordinates":[[[[114.2207627,22.3083213],[114.2207388,22.3083516],[114.2207388,22.3083516],[114.220553,22.3082254],[114.2205083,22.3082824],[114.2203846,22.3082072],[114.2203478,22.3082113],[114.2203272,22.3082376],[114.2203899,22.3082801],[114.2203899,22.3082801],[114.2204208,22.3082408],[114.2205037,22.3082882],[114.2206894,22.3084144],[114.2206894,22.3084144],[114.2204515,22.3087182],[114.2204515,22.3087182],[114.2202386,22.3085748],[114.2202386,22.3085748],[114.2200363,22.3084386],[114.2199558,22.3085416],[114.2201907,22.3086985],[114.2201907,22.3086985],[114.2203724,22.3088199],[114.2203724,22.3088199],[114.2199023,22.3094218],[114.2198691,22.3093993],[114.2198691,22.3093993],[114.2196545,22.3092545],[114.2196545,22.3092545],[114.2194735,22.3091325],[114.2187211,22.3100885],[114.2184054,22.3104488],[114.2184054,22.3104488],[114.2173961,22.3116008],[114.2173065,22.3116919],[114.2172228,22.3117731],[114.2167626,22.3122416],[114.2167626,22.3122416],[114.216378,22.312633],[114.216378,22.312633],[114.214303,22.3147454],[114.2134361,22.3155229],[114.2134361,22.3155229],[114.2134359,22.3155229],[114.2128166,22.314924],[114.2128166,22.314924],[114.2109833,22.31315],[114.2096327,22.3118493],[114.2108202,22.3107865],[114.2108202,22.3107865],[114.2109769,22.3106464],[114.2109769,22.3106464],[114.211574,22.310112],[114.2117372,22.3099805],[114.2117372,22.3099805],[114.2118427,22.3098956],[114.2119737,22.3098102],[114.2119737,22.3098102],[114.2121913,22.3096683],[114.2121996,22.3096791],[114.2122078,22.3096738],[114.2121999,22.3096637],[114.2124355,22.3095172],[114.2126104,22.3094493],[114.2126213,22.309491],[114.212637,22.3094878],[114.2126263,22.3094451],[114.2128549,22.3093805],[114.2132783,22.3097851],[114.2132783,22.3097851],[114.2131708,22.3098825],[114.2130179,22.3097331],[114.2129744,22.3097716],[114.2130113,22.3098073],[114.2130113,22.3098073],[114.213169,22.3099603],[114.2133208,22.3098244],[114.2133208,22.3098244],[114.2133422,22.3098053],[114.2133422,22.3098053],[114.2133666,22.3098155],[114.2133882,22.3098123],[114.2134356,22.3097705],[114.2134092,22.3097453],[114.2134023,22.3097513],[114.2133763,22.3097264],[114.2134073,22.3096984],[114.2134516,22.3097544],[114.2134826,22.3097253],[114.2134826,22.3097253],[114.2136209,22.3095954],[114.213864,22.3093808],[114.213864,22.3093808],[114.2143574,22.3089458],[114.2143574,22.3089458],[114.2146375,22.3086987],[114.2146375,22.3086987],[114.2152343,22.3081725],[114.2153063,22.308097],[114.2153795,22.3079896],[114.2153944,22.3079591],[114.2153944,22.3079591],[114.2154244,22.3078978],[114.2154522,22.3078101],[114.2154665,22.3077032],[114.2154647,22.3076776],[114.2154647,22.3076776],[114.2154605,22.3076154],[114.2153268,22.3068666],[114.2153274,22.3068392],[114.2153382,22.3068113],[114.2157882,22.3063241],[114.2159532,22.3061768],[114.2159532,22.3061768],[114.2166481,22.3055567],[114.2166481,22.3055567],[114.217213,22.3050527],[114.217213,22.3050527],[114.217225,22.3050421],[114.2172651,22.3049987],[114.2175043,22.3052037],[114.2174926,22.3052255],[114.2174915,22.3052566],[114.2175003,22.3052773],[114.2175003,22.3052773],[114.2175048,22.3052882],[114.217529,22.3053125],[114.2175873,22.3053276],[114.2177681,22.3053017],[114.2177784,22.3052893],[114.2183922,22.3051904],[114.2184747,22.3051909],[114.2185717,22.305205],[114.2186651,22.3052332],[114.2187415,22.3052732],[114.2193737,22.3057155],[114.2195303,22.3058233],[114.2195715,22.3058679],[114.2197111,22.3059645],[114.219742,22.3059723],[114.2197711,22.30597],[114.2197874,22.3059628],[114.2197874,22.3059628],[114.2197887,22.3059622],[114.2188275,22.3067548],[114.2188063,22.3067551],[114.2188063,22.3067551],[114.2187954,22.3067554],[114.2187644,22.3067672],[114.2187431,22.3067858],[114.2187293,22.3068136],[114.2187269,22.3068445],[114.2187378,22.3068733],[114.218759,22.3068965],[114.218759,22.3068965],[114.2187851,22.3069095],[114.2188264,22.3069167],[114.2191821,22.3071587],[114.2191821,22.3071587],[114.2192377,22.3071966],[114.2194179,22.3073179],[114.2194179,22.3073179],[114.2196879,22.3074998],[114.2196879,22.3074998],[114.2200906,22.3077709],[114.2200906,22.3077709],[114.2200557,22.3078136],[114.2200557,22.3078136],[114.2200416,22.3078343],[114.2207627,22.3083213]]]]},"properties":{"GmlID":"SRZ.42","OBJNAM":"TS6 Kwun Tong Typhoon Shelter","INFORM":"Vessels with a length overall of more than 50 metres (164 feet) are prohibited from entering or remaining. The maximum permitted speed is 5 knots.","OBJECTID":42}},{"type":"Feature","geometry":{"type":"MultiPolygon","coordinates":[[[[114.0388152,22.2425374],[114.0387528,22.2435873],[114.0387528,22.2435873],[114.0386375,22.243575],[114.0385138,22.2436325],[114.0385138,22.2436325],[114.0384246,22.2437023],[114.0383827,22.2437717],[114.0383644,22.2438495],[114.0383758,22.243946],[114.0384088,22.2440345],[114.0384088,22.2440345],[114.0380767,22.2441551],[114.0309725,22.2530259],[114.0274,22.2531833],[114.0274,22.2531833],[114.0269268,22.2521206],[114.0269268,22.2521206],[114.0269576,22.2521101],[114.0270038,22.2520757],[114.0270298,22.2520357],[114.0270354,22.2519747],[114.0270081,22.2518844],[114.0269256,22.2512248],[114.0268765,22.2508334],[114.0268013,22.2502897],[114.0267032,22.2496304],[114.0265865,22.2488152],[114.0263959,22.2473893],[114.0263418,22.2468802],[114.0263354,22.2466692],[114.0263355,22.246598],[114.0263666,22.2463513],[114.0264026,22.2462565],[114.0264464,22.2461697],[114.0266116,22.2458921],[114.0266759,22.2458097],[114.0267846,22.2456908],[114.0270808,22.2453316],[114.0273948,22.2449458],[114.0276947,22.2445555],[114.0283339,22.2437728],[114.0285847,22.2434558],[114.0288932,22.2430832],[114.029261,22.2426165],[114.0296532,22.2421377],[114.0298767,22.2418573],[114.0300052,22.2416802],[114.0301849,22.2414801],[114.0302966,22.2413888],[114.0304221,22.2413114],[114.0304221,22.2413114],[114.0305677,22.2412405],[114.0308462,22.2411759],[114.0310001,22.2411614],[114.0311608,22.2411559],[114.0312675,22.2411605],[114.0314188,22.2411866],[114.0314188,22.2411866],[114.031527,22.2412239],[114.0316493,22.2412855],[114.03175,22.2412631],[114.0318089,22.2411735],[114.0317726,22.2410543],[114.0316757,22.2410096],[114.031533,22.2409657],[114.031533,22.2409657],[114.030491,22.2394734],[114.030491,22.2394734],[114.0309955,22.2393388],[114.0313658,22.2393641],[114.0317588,22.2394527],[114.0320101,22.2395323],[114.0324089,22.2396975],[114.0328132,22.2398801],[114.0334452,22.2401347],[114.033987,22.2403632],[114.0343469,22.240513],[114.0351602,22.2408497],[114.0362716,22.2413129],[114.0375375,22.241848],[114.0379642,22.2420369],[114.0381115,22.2421058],[114.0382921,22.2422178],[114.0387289,22.2425224],[114.0388152,22.2425374]],[[114.0366253,22.2440348],[114.0365409,22.2441662],[114.0366129,22.2442786],[114.0367712,22.2443273],[114.0368767,22.2442783],[114.0369398,22.2441954],[114.0369242,22.2440807],[114.036797,22.2439577],[114.036734,22.2439537],[114.0366253,22.2440348]]]]},"properties":{"GmlID":"SRZ.43","OBJNAM":"TS5 Hei Ling Chau Typhoon Shelter","INFORM":"Vessels with a length overall of more than 75 metres (246 feet) are prohibited from entering or remaining. The maximum permitted speed is 5 knots.","OBJECTID":43}},{"type":"Feature","geometry":{"type":"MultiPolygon","coordinates":[[[[113.9734637,22.3721286],[113.973461,22.3721306],[113.9734454,22.3721934],[113.9734602,22.3722153],[113.9761247,22.3728368],[113.9766133,22.3729513],[113.9773218,22.3731179],[113.9773218,22.3731179],[113.9773964,22.3740378],[113.9773964,22.3740378],[113.9773394,22.3740506],[113.9771639,22.3741135],[113.9770995,22.374149],[113.9770132,22.3742127],[113.9768723,22.3743575],[113.9767428,22.3745504],[113.9762072,22.3754051],[113.9762072,22.3754051],[113.9758041,22.3760488],[113.9758041,22.3760488],[113.9756314,22.3763246],[113.9760492,22.3770072],[113.9775106,22.3793961],[113.9775106,22.3793961],[113.977736,22.379768],[113.977736,22.379768],[113.9777515,22.3797939],[113.9777515,22.3797939],[113.9775968,22.3800323],[113.9775968,22.3800323],[113.9773369,22.3804272],[113.9769824,22.3809636],[113.9765454,22.3816238],[113.9765454,22.3816238],[113.9757448,22.3812809],[113.9757448,22.3812809],[113.9706957,22.3791188],[113.9703628,22.3789745],[113.9699248,22.3787851],[113.9699248,22.3787851],[113.9695167,22.3786167],[113.9693333,22.3785333],[113.96835,22.3781],[113.9685909,22.3776696],[113.9685909,22.3776696],[113.9690239,22.3769045],[113.9690239,22.3769045],[113.969756,22.3756107],[113.969756,22.3756107],[113.9702915,22.3746641],[113.9704511,22.374381],[113.9704511,22.374381],[113.9706262,22.3740709],[113.9708072,22.3737482],[113.9708072,22.3737482],[113.9716658,22.3722179],[113.9716658,22.3722179],[113.9718347,22.3719169],[113.9718657,22.3719169],[113.9718911,22.3719022],[113.9721613,22.3714279],[113.9722793,22.3712458],[113.9723242,22.3711934],[113.9724064,22.3711105],[113.9724944,22.3710401],[113.9726166,22.3709668],[113.9726657,22.3709472],[113.9727009,22.3709351],[113.9727009,22.3709351],[113.9727933,22.3709167],[113.9729472,22.3708979],[113.9731061,22.3708887],[113.9732711,22.3708891],[113.9734634,22.3708962],[113.9737053,22.3709108],[113.9739506,22.3709351],[113.9740221,22.3709439],[113.9740221,22.3709439],[113.9739146,22.3711778],[113.9734637,22.3721286]]]]},"properties":{"GmlID":"SRZ.44","OBJNAM":"TS13 Tuen Mun Typhoon Shelter","INFORM":"Vessels with a length overall of more than 50 metres (164 feet) are prohibited from entering or remaining. The maximum permitted speed is 5 knots.","OBJECTID":44}},{"type":"Feature","geometry":{"type":"MultiPolygon","coordinates":[[[[114.3053217,22.3800313],[114.3053829,22.3800009],[114.3053829,22.3800009],[114.3055296,22.3799282],[114.3055783,22.3798982],[114.3056457,22.3798304],[114.3056693,22.379796],[114.3056819,22.3797609],[114.305684,22.3796903],[114.3056659,22.3796137],[114.3056439,22.3795697],[114.3055987,22.3795112],[114.3055393,22.3794733],[114.3055025,22.3794354],[114.3053836,22.3792752],[114.3053464,22.3791691],[114.3052907,22.3791261],[114.3052745,22.3791014],[114.3052935,22.3790366],[114.3053254,22.3789733],[114.3053254,22.3789733],[114.3053894,22.3788464],[114.305456,22.3787452],[114.3054587,22.3787422],[114.3054587,22.3787422],[114.3054953,22.3787008],[114.3055214,22.3786793],[114.3055548,22.3786653],[114.3056816,22.3786767],[114.3057207,22.3787078],[114.3057347,22.3787546],[114.305763,22.3787646],[114.3059111,22.3787386],[114.305989,22.3787378],[114.3060028,22.3787222],[114.3060246,22.3786321],[114.3060656,22.3786094],[114.3060733,22.3785736],[114.3060651,22.3785337],[114.306016,22.3784793],[114.3059985,22.3784413],[114.3059905,22.3783394],[114.3060188,22.3782462],[114.306077,22.3781545],[114.3061164,22.3781145],[114.306174,22.3780733],[114.3062176,22.3780126],[114.3062284,22.3778821],[114.3062122,22.3778101],[114.3062293,22.3777683],[114.3062323,22.3776871],[114.3062456,22.3776183],[114.3062456,22.3776183],[114.3062829,22.3774247],[114.306277,22.3773283],[114.3062335,22.3772226],[114.3062303,22.3771808],[114.3062683,22.37707],[114.3063037,22.3770304],[114.3063144,22.3770041],[114.3062086,22.3769059],[114.3061235,22.3768622],[114.3061106,22.3768324],[114.3061127,22.3767321],[114.3060889,22.3767277],[114.3060475,22.3767426],[114.3060153,22.3767414],[114.3059163,22.3767185],[114.305829,22.3766842],[114.3057425,22.3766186],[114.3057095,22.3764953],[114.3056502,22.3764355],[114.3056319,22.37636],[114.3055836,22.3762992],[114.3055756,22.3762749],[114.3055736,22.3762268],[114.3055646,22.3761924],[114.3055646,22.3761924],[114.305485,22.3760566],[114.3054807,22.3760039],[114.3054977,22.3759575],[114.3056288,22.375836],[114.305641,22.3758153],[114.3056516,22.3756914],[114.3056438,22.3756401],[114.3056524,22.3755923],[114.3056429,22.3755629],[114.3056429,22.3755629],[114.3055995,22.375526],[114.3054994,22.3754142],[114.3054234,22.3753723],[114.3053176,22.3753762],[114.3052925,22.3753837],[114.3052901,22.3754291],[114.3052816,22.3754506],[114.305261,22.3754773],[114.3052323,22.375493],[114.3051983,22.3754875],[114.3051389,22.3754421],[114.3050415,22.3754018],[114.3049846,22.3753192],[114.3049394,22.3751674],[114.3049312,22.3750641],[114.3049203,22.3750347],[114.3048521,22.3749499],[114.3048273,22.3748576],[114.3047836,22.3747888],[114.3047866,22.3747548],[114.304824,22.3746942],[114.3048061,22.3746492],[114.3047745,22.3746093],[114.3047339,22.3745804],[114.3045742,22.3745031],[114.3044991,22.3744507],[114.3043753,22.3742668],[114.3043619,22.3741957],[114.3043611,22.3740731],[114.3043502,22.3740433],[114.304279,22.373969],[114.3042098,22.373953],[114.3041327,22.3739081],[114.3041065,22.3739063],[114.3041065,22.3739063],[114.3041128,22.3738563],[114.304137,22.3737856],[114.3041694,22.3737213],[114.3042241,22.3736454],[114.3043001,22.3735545],[114.304552,22.3732884],[114.3046315,22.373214],[114.3047199,22.3731482],[114.3047199,22.3731482],[114.3047608,22.3731895],[114.3047674,22.3732359],[114.3047818,22.3732643],[114.304809,22.3732826],[114.304809,22.3732826],[114.3048337,22.3732854],[114.3048677,22.3732794],[114.3048904,22.3732692],[114.304921,22.3732422],[114.3049457,22.3732334],[114.3049798,22.3732351],[114.3050208,22.3732609],[114.3050629,22.3732658],[114.3052274,22.3732256],[114.3052955,22.3732205],[114.3053207,22.3732247],[114.3053558,22.3732443],[114.3054269,22.3733096],[114.3055895,22.3735701],[114.3056674,22.3736811],[114.3057175,22.373778],[114.3057515,22.3738237],[114.3057691,22.3738718],[114.3057669,22.3739011],[114.3057552,22.3739196],[114.3056985,22.3739562],[114.3056148,22.3739875],[114.3055976,22.3740086],[114.3055988,22.3740339],[114.3056248,22.3740848],[114.3056126,22.3741133],[114.3055548,22.3741819],[114.3055618,22.3742663],[114.3055543,22.3743466],[114.3055937,22.3743782],[114.3056154,22.3743839],[114.3057113,22.3743729],[114.3057519,22.3743754],[114.3057768,22.3743904],[114.3058028,22.3744184],[114.3058028,22.3744184],[114.3058146,22.3744311],[114.3058459,22.3744424],[114.3059133,22.3744887],[114.3059714,22.3745137],[114.3060355,22.374555],[114.3060964,22.3745694],[114.3061253,22.3746059],[114.3061222,22.3746569],[114.3060972,22.3747043],[114.3060955,22.3747254],[114.3061035,22.3747386],[114.3061655,22.3747677],[114.306186,22.3748047],[114.3061891,22.3748299],[114.3061195,22.3748372],[114.3060485,22.3748716],[114.3059883,22.3748852],[114.305976,22.3748935],[114.3059745,22.3749023],[114.3059761,22.3749061],[114.3059761,22.3749061],[114.3059796,22.374915],[114.306,22.3749351],[114.3060244,22.3749542],[114.3060546,22.3749698],[114.3060631,22.374983],[114.3060622,22.3749945],[114.3060269,22.37503],[114.3060309,22.3750469],[114.3060349,22.3750486],[114.3060891,22.375031],[114.3061039,22.3750309],[114.3061338,22.3750431],[114.30618,22.3750796],[114.3062038,22.3750868],[114.3062271,22.3750848],[114.3062497,22.3750738],[114.3062497,22.3750738],[114.3062738,22.3750571],[114.306275,22.3750262],[114.3062113,22.3749574],[114.3062097,22.3749413],[114.3063405,22.374963],[114.3063814,22.374961],[114.3064436,22.374935],[114.3064992,22.3748892],[114.3065192,22.3748611],[114.3065264,22.3748243],[114.306513,22.3747533],[114.306529,22.3747009],[114.3065637,22.374631],[114.3065702,22.3745928],[114.3065469,22.3745062],[114.3065964,22.374434],[114.3065933,22.3744056],[114.3065738,22.3743681],[114.3065468,22.374336],[114.3064768,22.3742902],[114.3064702,22.3742636],[114.3065262,22.374149],[114.3065256,22.3741292],[114.3064873,22.3740937],[114.3064886,22.3740767],[114.3065475,22.3740217],[114.3065504,22.3740098],[114.3065521,22.373974],[114.3065209,22.3739053],[114.3065246,22.3738576],[114.3065505,22.3738102],[114.3066417,22.3737197],[114.306645,22.3736862],[114.3066284,22.3736592],[114.3065823,22.3736348],[114.3064669,22.3736047],[114.3064281,22.3735618],[114.3064184,22.3735408],[114.3064172,22.3735059],[114.3064432,22.3734131],[114.3064716,22.3733679],[114.3064719,22.3733478],[114.3064675,22.3733363],[114.3063464,22.3732293],[114.3062961,22.373163],[114.3062909,22.3731392],[114.3062977,22.3731098],[114.306306,22.3731024],[114.306352,22.373093],[114.3063775,22.3730763],[114.3064,22.3730289],[114.3064022,22.3729982],[114.306393,22.3729615],[114.3063701,22.372936],[114.3063383,22.3729178],[114.3063328,22.3728958],[114.3064358,22.3727883],[114.3064673,22.3727729],[114.3064802,22.3727743],[114.3065163,22.3728356],[114.3065366,22.3728514],[114.3066675,22.3729107],[114.3067395,22.3729516],[114.306814,22.372976],[114.3068298,22.3729915],[114.3068232,22.3731048],[114.3068335,22.3732341],[114.3068241,22.3733076],[114.3068549,22.3734556],[114.3068351,22.3735245],[114.3068354,22.3735511],[114.3068469,22.3735758],[114.3068723,22.3736028],[114.3069149,22.3736144],[114.3069353,22.3736276],[114.3069443,22.3736509],[114.3069592,22.3737958],[114.3069965,22.373886],[114.3070312,22.3739096],[114.3070554,22.3739095],[114.3070756,22.3738978],[114.3070942,22.3738643],[114.3070719,22.3737943],[114.3070773,22.3737703],[114.3071336,22.3737043],[114.3071619,22.373656],[114.3072082,22.3736305],[114.3072574,22.3735889],[114.3072978,22.3735722],[114.3073295,22.3735779],[114.3073589,22.3736022],[114.3073958,22.3736596],[114.3074161,22.3737412],[114.3074316,22.3738975],[114.3073956,22.3739795],[114.3073776,22.3740553],[114.3073523,22.3741192],[114.3073417,22.3742311],[114.3073132,22.3743337],[114.3073132,22.3743337],[114.3073174,22.374358],[114.307333,22.3744],[114.3073466,22.374517],[114.3073359,22.3745345],[114.3073083,22.3745411],[114.3072985,22.3745543],[114.3073075,22.3745718],[114.3073437,22.3745954],[114.3073547,22.3746201],[114.3073617,22.3746995],[114.3073532,22.3747582],[114.3073609,22.3748055],[114.3073434,22.3748423],[114.3072975,22.3748655],[114.3072947,22.374876],[114.3073042,22.3748843],[114.3073042,22.3748843],[114.3073502,22.3748936],[114.307371,22.3749068],[114.3073885,22.374932],[114.3074403,22.3749849],[114.3074533,22.3750146],[114.3074611,22.3750627],[114.3074691,22.375076],[114.3074984,22.3750924],[114.3075074,22.3751019],[114.307522,22.375139],[114.3075348,22.3751417],[114.3075496,22.3751324],[114.307559,22.3751319],[114.3075858,22.3751405],[114.3076419,22.3751935],[114.307714,22.3752416],[114.3077868,22.3753128],[114.3078511,22.3753936],[114.3078682,22.3754381],[114.3078714,22.375478],[114.3078621,22.3754969],[114.3078303,22.3755388],[114.307809,22.3755985],[114.3077947,22.3756147],[114.3077681,22.37563],[114.3077524,22.3756484],[114.3077418,22.3756805],[114.3077376,22.3757266],[114.3077574,22.3758057],[114.3077818,22.375825],[114.3078214,22.3758306],[114.3078364,22.3758466],[114.3078464,22.3758717],[114.3078458,22.3759277],[114.3078554,22.3759474],[114.3079072,22.3760054],[114.3079322,22.3760581],[114.3079413,22.3760643],[114.3079545,22.3760629],[114.3079922,22.3760774],[114.3080244,22.3760832],[114.3080658,22.3760743],[114.3081456,22.3760238],[114.3081831,22.3759901],[114.3081897,22.3759658],[114.308179,22.3759177],[114.3081931,22.3758827],[114.3081955,22.3758611],[114.3081796,22.375797],[114.308188,22.3757818],[114.3082283,22.3757444],[114.3082438,22.3757145],[114.3082443,22.3756888],[114.3082303,22.3756655],[114.3082241,22.3756389],[114.3082279,22.375626],[114.3082573,22.3755823],[114.3082588,22.3755588],[114.3082461,22.3755428],[114.3082381,22.3754853],[114.3082415,22.3754629],[114.3082575,22.375447],[114.3082706,22.375442],[114.3083126,22.3754464],[114.3083282,22.3754387],[114.3083549,22.3754127],[114.3083811,22.3754116],[114.3083938,22.3754383],[114.3084029,22.3754469],[114.308419,22.3754532],[114.3085231,22.3754318],[114.3085342,22.3754362],[114.3085339,22.3754458],[114.3085106,22.3754656],[114.3085074,22.375478],[114.3085188,22.3754816],[114.3085493,22.3754696],[114.3085656,22.37547],[114.3085916,22.3754983],[114.3086178,22.3755105],[114.3086253,22.3755215],[114.3086201,22.3755527],[114.3086093,22.3755684],[114.3085754,22.3755837],[114.3085149,22.3755804],[114.3084678,22.3755536],[114.3084386,22.3755432],[114.3084267,22.3755441],[114.308407,22.3755645],[114.308374,22.3755876],[114.3083407,22.3756254],[114.3083384,22.3756493],[114.3083514,22.3756722],[114.3083818,22.3757082],[114.3084111,22.3757182],[114.3084382,22.3757148],[114.3084831,22.3757003],[114.3085126,22.3756744],[114.3085215,22.3756611],[114.3085535,22.3756467],[114.308631,22.3756274],[114.3086577,22.3756314],[114.3087154,22.3756893],[114.308729,22.3757122],[114.3087305,22.375726],[114.3087267,22.3757406],[114.3086709,22.3758213],[114.3086551,22.3758297],[114.3085978,22.3758336],[114.3085603,22.3758443],[114.3084614,22.3759335],[114.3084359,22.3759497],[114.3084267,22.375963],[114.3084129,22.3759879],[114.3084096,22.376004],[114.3083927,22.376145],[114.3083706,22.3762327],[114.3083822,22.3762739],[114.3083794,22.3762917],[114.308371,22.3762923],[114.3083367,22.376265],[114.3082669,22.3761791],[114.3082386,22.3761742],[114.3082288,22.3761793],[114.3081885,22.3762231],[114.3081857,22.3762475],[114.3082022,22.3762675],[114.3082265,22.3762812],[114.3082706,22.3762892],[114.3082845,22.3762983],[114.308298,22.3763217],[114.3082957,22.3763451],[114.30828,22.3763644],[114.3082553,22.3763774],[114.3082371,22.3763784],[114.308186,22.3763658],[114.3081619,22.37637],[114.3081338,22.3763877],[114.3081256,22.3764181],[114.3081529,22.3765146],[114.3081668,22.3765839],[114.3082266,22.3766564],[114.3082768,22.3767486],[114.3082955,22.3767543],[114.3083211,22.3767501],[114.3083682,22.3767522],[114.3083939,22.376764],[114.3084524,22.3768013],[114.3084751,22.3768113],[114.3084869,22.3768104],[114.3085481,22.3767739],[114.3085592,22.3767484],[114.3085631,22.3767001],[114.3085705,22.3766913],[114.3085878,22.3766906],[114.3086464,22.3767289],[114.3087194,22.3767483],[114.3087541,22.3767735],[114.3087754,22.3768101],[114.3087853,22.3768174],[114.3088933,22.3768615],[114.3089423,22.3768847],[114.3089562,22.3768974],[114.3089876,22.377057],[114.3089876,22.377057],[114.3089844,22.3771043],[114.308953,22.3771458],[114.308915,22.3771634],[114.3088954,22.3771804],[114.308863,22.3772338],[114.3088344,22.3772386],[114.3088111,22.3772478],[114.3088029,22.3772607],[114.3088104,22.3772883],[114.3088259,22.3773143],[114.3088384,22.3773478],[114.3088488,22.377351],[114.308912,22.3773484],[114.3089234,22.3773525],[114.3089422,22.3773698],[114.3090237,22.3774696],[114.3090655,22.3775332],[114.3090845,22.3775749],[114.3090913,22.3776382],[114.3091291,22.3776889],[114.3091353,22.3777312],[114.3091265,22.3777808],[114.3091345,22.3778023],[114.309155,22.3778307],[114.3091659,22.3778618],[114.3091853,22.3778774],[114.309207,22.3778819],[114.3092381,22.3778469],[114.3092568,22.377851],[114.3092841,22.3778788],[114.3092927,22.3779031],[114.3092902,22.3779214],[114.3092716,22.377939],[114.3092608,22.3779587],[114.3092628,22.377973],[114.3092723,22.3779835],[114.3093312,22.3780227],[114.3093515,22.3780222],[114.3093905,22.3780051],[114.3094009,22.3780069],[114.3094192,22.3780229],[114.3094315,22.3780451],[114.3094352,22.3780668],[114.3094324,22.3780971],[114.3094139,22.37815],[114.3094013,22.3782042],[114.3093908,22.3782823],[114.3093907,22.3783466],[114.3093824,22.3783732],[114.3093525,22.3784096],[114.3093501,22.3784311],[114.3093556,22.3784541],[114.3093876,22.3785289],[114.3094138,22.3786205],[114.3094378,22.378669],[114.3094809,22.3787272],[114.3094989,22.3787436],[114.3095964,22.3788074],[114.3096174,22.3788253],[114.3096407,22.3788541],[114.3096513,22.3788876],[114.3096535,22.3789546],[114.3096601,22.3789825],[114.3096505,22.3790307],[114.3096566,22.3790712],[114.3096705,22.3790963],[114.3096899,22.3791192],[114.3097316,22.3791429],[114.3097693,22.3791753],[114.3097838,22.3792056],[114.3097893,22.3792386],[114.3097865,22.3792679],[114.3097865,22.3792679],[114.3091911,22.3797067],[114.3091911,22.3797067],[114.3091514,22.3797133],[114.30914,22.3797137],[114.3091218,22.3797096],[114.3091097,22.3797108],[114.3090888,22.3797213],[114.3090647,22.3797235],[114.3090545,22.3797228],[114.3090201,22.3797125],[114.3090007,22.3797098],[114.3089877,22.379712],[114.3089706,22.3797184],[114.3089464,22.3797323],[114.3089118,22.3797339],[114.3088964,22.3797387],[114.3088584,22.3797556],[114.3088292,22.3797632],[114.3088259,22.3797666],[114.3088109,22.3798173],[114.3088181,22.3798329],[114.3088365,22.3798481],[114.3088541,22.3798528],[114.3088608,22.3798572],[114.3088644,22.3798651],[114.3088643,22.3798769],[114.3088587,22.3798943],[114.3088444,22.3799209],[114.3088451,22.3799433],[114.308839,22.3799587],[114.308839,22.3799587],[114.3084093,22.3802685],[114.3084093,22.3802685],[114.3083787,22.3802788],[114.3082666,22.3802673],[114.3081353,22.3802077],[114.3080475,22.3802068],[114.3080089,22.3802225],[114.3079794,22.3802502],[114.3079531,22.3803003],[114.3079113,22.3803533],[114.3078717,22.3804278],[114.3078091,22.3804753],[114.3077968,22.3804887],[114.307765,22.3805431],[114.307765,22.3805431],[114.3075927,22.3806732],[114.3075927,22.3806732],[114.3075626,22.3806788],[114.30749,22.3806649],[114.3074524,22.3806761],[114.3074323,22.3806904],[114.3073866,22.3807475],[114.3073852,22.3807719],[114.3074008,22.3808015],[114.3073969,22.3808145],[114.3073969,22.3808145],[114.3073228,22.3808171],[114.3069269,22.3807788],[114.3066814,22.3807739],[114.3066448,22.38078],[114.3066291,22.3807899],[114.3066291,22.3807899],[114.3053217,22.3800313]],[[114.3076955,22.3784841],[114.3076278,22.3785156],[114.307603,22.3785364],[114.307566,22.3786545],[114.3075135,22.3787282],[114.3075053,22.3787741],[114.3075111,22.3788361],[114.3074806,22.3788825],[114.3074719,22.378912],[114.3074806,22.3789863],[114.3074807,22.3790873],[114.3074719,22.3791048],[114.3074207,22.3791481],[114.3074164,22.3791776],[114.3074309,22.3792151],[114.3074508,22.3792439],[114.3074681,22.3792535],[114.3075481,22.3792449],[114.3077038,22.3792521],[114.3078497,22.3792988],[114.3079861,22.3793064],[114.3080873,22.3792903],[114.3081707,22.3792647],[114.3082705,22.3792703],[114.3083434,22.3792301],[114.3084518,22.3791892],[114.3084602,22.3791726],[114.3084101,22.3791475],[114.3083935,22.3791217],[114.308404,22.3790081],[114.3083984,22.3788777],[114.3083743,22.3787719],[114.3083363,22.3786912],[114.3083202,22.3786357],[114.3083202,22.3786357],[114.3082894,22.3786005],[114.3082695,22.3785826],[114.3082279,22.378558],[114.3081046,22.3785123],[114.3080471,22.3784496],[114.3080149,22.3784332],[114.3079921,22.378431],[114.3079038,22.3784525],[114.3078075,22.3784538],[114.3077689,22.3784416],[114.3077569,22.3784205],[114.3077441,22.3784233],[114.3076955,22.3784841]],[[114.30845,22.3768408],[114.3084338,22.376846],[114.308427,22.3768652],[114.3084266,22.3768809],[114.308437,22.3769052],[114.3084525,22.3769188],[114.3084629,22.3769221],[114.308493,22.3769182],[114.3085091,22.3769095],[114.3085146,22.3768947],[114.3085121,22.37688],[114.3084807,22.3768522],[114.30845,22.3768408]],[[114.3059586,22.3750262],[114.3059433,22.3750355],[114.3059372,22.3750813],[114.3059447,22.3750878],[114.3059818,22.3750898],[114.3059881,22.3750802],[114.3059815,22.3750485],[114.30597,22.3750288],[114.3059586,22.3750262]]]]},"properties":{"GmlID":"SRZ.45","OBJNAM":"TS14 Yim Tin Tsai Typhoon Shelter","INFORM":"Vessels with a length overall of more than 30.4 metres (100 feet) are prohibited from entering or remaining. The maximum permitted speed is 5 knots.","OBJECTID":45}},{"type":"Feature","geometry":{"type":"MultiPolygon","coordinates":[[[[114.1606863,22.2381416],[114.160894,22.2380547],[114.1609504,22.238031],[114.1609504,22.238031],[114.1610204,22.2380017],[114.1609253,22.2378152],[114.1605706,22.237961],[114.1605671,22.2379443],[114.1605613,22.2379466],[114.1605541,22.2379139],[114.1605553,22.2378677],[114.160566,22.2378646],[114.1605661,22.2378485],[114.1605716,22.2378453],[114.1607249,22.23782],[114.1607868,22.2377993],[114.1608488,22.237785],[114.1608856,22.2377596],[114.1608905,22.237731],[114.1608893,22.2376695],[114.1609304,22.2376646],[114.1609222,22.2375934],[114.1608727,22.2375948],[114.1608707,22.2375694],[114.1608342,22.2375634],[114.1607544,22.2375643],[114.1605778,22.2375806],[114.1605558,22.2375642],[114.1605377,22.2375265],[114.160495,22.2374719],[114.1608947,22.2374647],[114.1608946,22.2374587],[114.1608946,22.2374587],[114.1608935,22.237397],[114.1609421,22.2373895],[114.1609067,22.2372078],[114.1606803,22.2372356],[114.1606816,22.2372553],[114.1605918,22.2372698],[114.1605918,22.2372698],[114.1605967,22.2371778],[114.1606075,22.2371115],[114.1606757,22.2371155],[114.1607292,22.237095],[114.1607227,22.2370655],[114.1607227,22.2370655],[114.1607892,22.2370579],[114.1608798,22.2370718],[114.1608793,22.2370522],[114.1607856,22.2370405],[114.1607852,22.2370469],[114.1607205,22.2370577],[114.1607205,22.2370577],[114.1607145,22.2370335],[114.1607145,22.2370335],[114.1606387,22.2370515],[114.1606387,22.2370515],[114.1606361,22.2370386],[114.1606038,22.2370079],[114.1605897,22.2369803],[114.1605779,22.2369466],[114.1605889,22.2369226],[114.1605926,22.2368922],[114.1605902,22.2367947],[114.1605467,22.2366653],[114.1605216,22.2366087],[114.1605197,22.236556],[114.1605197,22.236556],[114.160533,22.236467],[114.1605628,22.2364685],[114.1605655,22.2364481],[114.1605712,22.2364457],[114.1605778,22.2364213],[114.160538,22.2364142],[114.1605577,22.2363755],[114.1605577,22.2363755],[114.160638,22.2363922],[114.1610308,22.2364114],[114.1610308,22.2364114],[114.1612038,22.2364199],[114.1614182,22.2364233],[114.1614182,22.2364233],[114.1616374,22.2364269],[114.1618145,22.2364303],[114.1622507,22.2364446],[114.162643,22.2364779],[114.162856,22.2365157],[114.1629798,22.2365253],[114.1629959,22.236525],[114.1629959,22.236525],[114.162784,22.2378126],[114.162784,22.2378126],[114.1627276,22.2378142],[114.1626846,22.237834],[114.1626592,22.2378588],[114.1626361,22.2379096],[114.1626433,22.2379695],[114.1626743,22.2380038],[114.1627034,22.2380174],[114.1628736,22.2380538],[114.1628736,22.2380538],[114.1629855,22.2380778],[114.1629855,22.2380778],[114.1642371,22.2383457],[114.1642371,22.2383457],[114.1644422,22.2383896],[114.1644422,22.2383896],[114.1645396,22.2385074],[114.1645396,22.2385074],[114.1646692,22.2386639],[114.1646692,22.2386639],[114.1647737,22.2387903],[114.1647737,22.2387903],[114.1650964,22.2391804],[114.1650964,22.2391804],[114.1652663,22.2393857],[114.1652663,22.2393857],[114.1655751,22.2397589],[114.1656031,22.2402023],[114.1656031,22.2402023],[114.1656183,22.2404425],[114.1656183,22.2404425],[114.1656352,22.2407091],[114.1656352,22.2407091],[114.1656804,22.2414251],[114.1656295,22.2414771],[114.1657374,22.2415753],[114.1657374,22.2415753],[114.1656985,22.2416147],[114.1656291,22.2415553],[114.1655746,22.2416078],[114.1656456,22.2416683],[114.1656228,22.2416915],[114.1655194,22.2415958],[114.1654762,22.241557],[114.1654202,22.2416091],[114.1654202,22.2416091],[114.1653432,22.2416802],[114.1652822,22.2417369],[114.1653081,22.2417592],[114.1655046,22.241932],[114.1654439,22.2419918],[114.1652697,22.2418443],[114.1652697,22.2418443],[114.1651583,22.2419608],[114.1650534,22.2418692],[114.1650534,22.2418692],[114.1649904,22.2419358],[114.1650767,22.2420111],[114.1650767,22.2420111],[114.1650084,22.2420796],[114.1650084,22.2420796],[114.1649563,22.2421322],[114.1650156,22.2421826],[114.1649503,22.2422454],[114.1649822,22.2422727],[114.1649301,22.2423257],[114.1649301,22.2423257],[114.1648476,22.2422542],[114.1648476,22.2422542],[114.1648299,22.2422548],[114.1647582,22.242325],[114.1647582,22.242325],[114.1647485,22.2423344],[114.1645881,22.2424959],[114.1645881,22.2424959],[114.1644892,22.2424099],[114.1644892,22.2424099],[114.1642852,22.2422309],[114.1642852,22.2422309],[114.164016,22.2424675],[114.164016,22.2424675],[114.1638712,22.2425949],[114.1638712,22.2425949],[114.1637685,22.2424913],[114.1637685,22.2424913],[114.1637192,22.2424416],[114.1637192,22.2424416],[114.1635414,22.2422625],[114.1635279,22.2422592],[114.1634789,22.2423003],[114.1634801,22.2423099],[114.1635883,22.2424198],[114.1635883,22.2424198],[114.1636937,22.2425266],[114.1636937,22.2425266],[114.1638123,22.2426469],[114.1638123,22.2426469],[114.1637662,22.2426876],[114.1637086,22.2427614],[114.1636952,22.242788],[114.1636952,22.242788],[114.1636219,22.2427541],[114.163608,22.2427095],[114.1636486,22.2426977],[114.1636292,22.2426379],[114.1635495,22.2426618],[114.1635495,22.2426618],[114.1635261,22.2426689],[114.1635347,22.2426957],[114.1635347,22.2426957],[114.1635455,22.2427293],[114.1635885,22.2427157],[114.1636044,22.2427665],[114.1636861,22.2428038],[114.1636861,22.2428038],[114.1636605,22.2428586],[114.1636605,22.2428586],[114.163657,22.242867],[114.163657,22.242867],[114.1636237,22.2429487],[114.1636237,22.2429487],[114.1636012,22.243007],[114.1635898,22.2430527],[114.1635847,22.2431085],[114.1635847,22.2431085],[114.1635813,22.2431447],[114.1635885,22.24323],[114.1636049,22.2433174],[114.1636303,22.2433958],[114.1636667,22.2434726],[114.1636952,22.2435195],[114.1637649,22.2436042],[114.1638958,22.2437312],[114.1638958,22.2437312],[114.1638371,22.2437994],[114.1638436,22.243879],[114.1638436,22.243879],[114.1637181,22.2440083],[114.1637181,22.2440083],[114.1636762,22.2440535],[114.1636611,22.2440692],[114.1635563,22.2441798],[114.1636005,22.2442183],[114.1637199,22.244093],[114.1638123,22.2441667],[114.1638265,22.2441795],[114.1639197,22.2442529],[114.163934,22.2442658],[114.1640293,22.2443417],[114.1640437,22.2443546],[114.1641344,22.2444263],[114.1641486,22.2444392],[114.16428,22.2445513],[114.16428,22.2445513],[114.1642892,22.2445422],[114.1642825,22.244505],[114.164174,22.2444142],[114.164174,22.2444142],[114.164285,22.244299],[114.1643329,22.2443396],[114.1644299,22.2444215],[114.1644426,22.2444244],[114.1644426,22.2444244],[114.1644105,22.2445744],[114.1644401,22.2445789],[114.1644711,22.2444322],[114.1644711,22.2444322],[114.1645214,22.2444453],[114.1645391,22.2444605],[114.1644971,22.2446535],[114.1646276,22.2447658],[114.16448,22.2449285],[114.16448,22.2449285],[114.1644661,22.2449437],[114.1644661,22.2449437],[114.1644053,22.2450108],[114.1644053,22.2450108],[114.1643881,22.2450297],[114.1643881,22.2450297],[114.1643292,22.2450947],[114.1643292,22.2450947],[114.1643144,22.2451109],[114.1643144,22.2451109],[114.1642624,22.2451682],[114.1643358,22.2452286],[114.1643062,22.2452633],[114.1643062,22.2452633],[114.1642887,22.2452839],[114.1642887,22.2452839],[114.1642066,22.2453804],[114.1638725,22.2454227],[114.1638653,22.245417],[114.1638653,22.245417],[114.1638368,22.2453944],[114.1638368,22.2453944],[114.1637774,22.2453487],[114.1636809,22.2454481],[114.1634039,22.2454831],[114.1634039,22.2454831],[114.1633485,22.2454765],[114.16334,22.2454854],[114.1633293,22.2454966],[114.1633293,22.2454966],[114.1630284,22.2455322],[114.1630284,22.2455322],[114.1629207,22.245545],[114.1629207,22.245545],[114.1629078,22.2455305],[114.1628766,22.2455039],[114.162869,22.2455118],[114.1628165,22.2455657],[114.1627542,22.2455131],[114.1627463,22.2455218],[114.1628088,22.2455735],[114.1627849,22.2455982],[114.1627849,22.2455982],[114.1623738,22.2455394],[114.1623738,22.2455394],[114.1623235,22.2455331],[114.1623235,22.2455331],[114.1622125,22.2455156],[114.1622031,22.2454322],[114.1622031,22.2454322],[114.1621745,22.245177],[114.1621745,22.245177],[114.1621719,22.2451539],[114.1621719,22.2451539],[114.162111,22.2451162],[114.1621018,22.2451258],[114.1620833,22.2451448],[114.1620833,22.2451448],[114.1616184,22.2451566],[114.1616184,22.2451566],[114.1615904,22.2451394],[114.1615904,22.2451394],[114.161475,22.2450254],[114.1614284,22.245065],[114.1614284,22.245065],[114.1614208,22.2450714],[114.1614786,22.245129],[114.1614508,22.2451712],[114.1615268,22.2452283],[114.1615115,22.2452497],[114.1614685,22.2453123],[114.1614411,22.2453546],[114.1614175,22.2453735],[114.1613245,22.2454119],[114.161303,22.2454277],[114.161303,22.2454277],[114.1610575,22.2452614],[114.1610575,22.2452614],[114.1610257,22.2452948],[114.1610544,22.245347],[114.1610045,22.2453825],[114.160975,22.2453492],[114.160975,22.2453492],[114.1608811,22.2452325],[114.160865,22.245254],[114.1609069,22.2453222],[114.160886,22.2453549],[114.1608638,22.2453172],[114.1608336,22.2453419],[114.1608079,22.2453078],[114.1607851,22.2453171],[114.1607527,22.2453414],[114.1607962,22.2453984],[114.1607576,22.245414],[114.1607423,22.2453915],[114.1606606,22.2454478],[114.1607581,22.2455906],[114.1607125,22.2456198],[114.1607509,22.2456807],[114.1607099,22.2457049],[114.1607405,22.2457666],[114.1607286,22.2457732],[114.1606681,22.2456777],[114.1606681,22.2456777],[114.1606182,22.2457083],[114.1606545,22.2457695],[114.1606261,22.2457719],[114.1606105,22.245725],[114.1605996,22.2457281],[114.160586,22.2457058],[114.1605431,22.2457213],[114.1605149,22.2456638],[114.1604863,22.2456684],[114.1604928,22.245691],[114.1604928,22.245691],[114.1605417,22.2458613],[114.1605467,22.2458978],[114.1605467,22.2458978],[114.1605141,22.245917],[114.1604916,22.2459273],[114.1604916,22.2459273],[114.1604702,22.2459373],[114.1603928,22.2459485],[114.1603743,22.2459543],[114.1603743,22.2459543],[114.1603343,22.2459672],[114.1601848,22.2460181],[114.1601848,22.2460181],[114.1593117,22.2451953],[114.1593117,22.2451953],[114.1594253,22.2450525],[114.1594253,22.2450525],[114.1594693,22.2449557],[114.1594693,22.2449557],[114.1597298,22.2443826],[114.1598348,22.2441467],[114.1598008,22.2438729],[114.1598008,22.2438729],[114.159696,22.2437962],[114.1594663,22.2432509],[114.1594663,22.2432509],[114.1594353,22.2432108],[114.1591782,22.2426913],[114.1591444,22.2426232],[114.1591359,22.2426001],[114.1591359,22.2426001],[114.1591073,22.2425224],[114.1591119,22.2425126],[114.1591256,22.2425058],[114.1591394,22.2424909],[114.1591476,22.2424238],[114.15913,22.2423953],[114.159114,22.2423851],[114.1590644,22.2423695],[114.1590338,22.2423505],[114.15902,22.2423261],[114.1590171,22.2423064],[114.1589784,22.242188],[114.1590239,22.2421418],[114.1590239,22.2421418],[114.159062,22.2421033],[114.1591396,22.2420385],[114.1591396,22.2420385],[114.1591787,22.2420795],[114.1591787,22.2420795],[114.1592088,22.2421111],[114.1592203,22.2421231],[114.159247,22.2421006],[114.1591573,22.2420058],[114.1591573,22.2420058],[114.1591719,22.2419933],[114.1590857,22.2419019],[114.1590857,22.2419019],[114.1591082,22.2418833],[114.1590682,22.2418403],[114.1590791,22.2418319],[114.1590791,22.2418319],[114.1590906,22.2418229],[114.1591306,22.2418652],[114.1591713,22.2418308],[114.1591331,22.2417895],[114.1591452,22.24178],[114.1591452,22.24178],[114.1591568,22.2417709],[114.1591948,22.2418116],[114.1592301,22.2417822],[114.1591336,22.2416806],[114.159145,22.241671],[114.159145,22.241671],[114.159158,22.2416604],[114.1592549,22.2417614],[114.1593016,22.2417224],[114.1592398,22.2416581],[114.1592647,22.2416371],[114.1593265,22.2417015],[114.159338,22.2416925],[114.1593714,22.2417286],[114.1593714,22.2417286],[114.1593788,22.2417224],[114.1593788,22.2417224],[114.1594845,22.2416347],[114.1594845,22.2416347],[114.1594999,22.241622],[114.1594999,22.241622],[114.1594672,22.2415853],[114.1594945,22.2415621],[114.1593884,22.2414515],[114.1594139,22.2414306],[114.1595206,22.2415408],[114.1595713,22.2414982],[114.1595713,22.2414982],[114.1596242,22.2414537],[114.1594932,22.241324],[114.1595054,22.2413144],[114.1595054,22.2413144],[114.1595175,22.2413047],[114.159649,22.2414335],[114.1596933,22.2413968],[114.159563,22.2412658],[114.1595885,22.2412467],[114.1597182,22.241376],[114.1597298,22.2413657],[114.1597842,22.2414244],[114.1598474,22.2413663],[114.1597977,22.2413144],[114.1598182,22.2412975],[114.1597782,22.2412558],[114.1597994,22.2412388],[114.1598395,22.2412789],[114.1598837,22.2412416],[114.1597352,22.2410863],[114.1597352,22.2410863],[114.1597454,22.2410779],[114.1597454,22.2410779],[114.1597552,22.24107],[114.1597552,22.24107],[114.1599044,22.2412242],[114.1599449,22.2411896],[114.159805,22.2410429],[114.159816,22.2410334],[114.159816,22.2410334],[114.1598267,22.2410243],[114.1599674,22.241171],[114.1600141,22.2411315],[114.1598813,22.2409972],[114.1599019,22.2409797],[114.1600335,22.2411152],[114.1600553,22.2410966],[114.1600553,22.2410966],[114.1601092,22.241153],[114.1601092,22.241153],[114.1601736,22.2411011],[114.1601736,22.2411011],[114.1601184,22.241043],[114.1601184,22.241043],[114.1601481,22.2410176],[114.1600785,22.2409503],[114.1600879,22.2409426],[114.1600879,22.2409426],[114.1600971,22.2409352],[114.1601645,22.2410041],[114.1602094,22.2409657],[114.1601292,22.2408883],[114.1601524,22.2408685],[114.1602299,22.2409482],[114.1602681,22.240916],[114.1601292,22.2407748],[114.1601397,22.2407662],[114.1601397,22.2407662],[114.1601505,22.2407574],[114.1602893,22.2408979],[114.1603404,22.240855],[114.1602003,22.2407185],[114.16021,22.2407099],[114.16021,22.2407099],[114.1602191,22.2407021],[114.1603572,22.2408404],[114.1604106,22.2407953],[114.1604106,22.2407953],[114.1605198,22.2409109],[114.1605519,22.2408839],[114.1605519,22.2408839],[114.160618,22.2408285],[114.1606608,22.2406961],[114.1606608,22.2406961],[114.1606932,22.2405952],[114.1606932,22.2405952],[114.1607248,22.2404973],[114.1607248,22.2404973],[114.1605913,22.2404588],[114.1605913,22.2404588],[114.1606526,22.2402744],[114.1606526,22.2402744],[114.1606954,22.2401455],[114.1606954,22.2401455],[114.1607384,22.2400161],[114.1607384,22.2400161],[114.1607815,22.2398866],[114.1607815,22.2398866],[114.1608675,22.2396277],[114.1608675,22.2396277],[114.160911,22.2394968],[114.160911,22.2394968],[114.161002,22.2392233],[114.161002,22.2392233],[114.1611366,22.239263],[114.1611457,22.2392341],[114.1608782,22.2388323],[114.1608782,22.2388323],[114.1608492,22.2387887],[114.1608492,22.2387887],[114.1607803,22.2386852],[114.1607803,22.2386852],[114.1607196,22.238594],[114.1607196,22.238594],[114.1607213,22.2385878],[114.1607389,22.2385783],[114.1607395,22.2385726],[114.1607389,22.2385636],[114.1607208,22.2385415],[114.1607208,22.2385184],[114.160719,22.2385144],[114.1607002,22.2385066],[114.1606948,22.2385015],[114.1606899,22.2384925],[114.1606851,22.2384732],[114.1606638,22.2384625],[114.1606456,22.2384394],[114.1606517,22.2384394],[114.1606541,22.2384032],[114.1606626,22.2383716],[114.1606723,22.2383576],[114.1606959,22.238348],[114.1607032,22.2383327],[114.1607348,22.2383175],[114.1607336,22.2382779],[114.1607281,22.2382773],[114.1607262,22.2382701],[114.1607275,22.2382638],[114.1607317,22.238256],[114.1607534,22.2382411],[114.1607534,22.2382411],[114.1607863,22.2382187],[114.1607941,22.2382091],[114.1607996,22.2381978],[114.1607959,22.2381798],[114.1607839,22.238178],[114.1607693,22.2381939],[114.1607408,22.2382012],[114.1607342,22.238199],[114.1607191,22.2381887],[114.1607002,22.238165],[114.1606863,22.2381416]]]]},"properties":{"GmlID":"SRZ.46","OBJNAM":"TS1 Aberdeen South Typhoon Shelter","INFORM":"Vessels with a length overall of more than 30.4 metres (100 feet) are prohibited from entering or remaining. The maximum permitted speed is 5 knots.","OBJECTID":46}},{"type":"Feature","geometry":{"type":"MultiPolygon","coordinates":[[[[114.1550481,22.3035618],[114.1550475,22.3033955],[114.1550475,22.3033955],[114.1565183,22.3033946],[114.1572025,22.3033969],[114.1576386,22.3039779],[114.1580412,22.3045209],[114.1582886,22.3048518],[114.1582886,22.3048518],[114.1584384,22.3050526],[114.1594148,22.3063542],[114.1594845,22.3064428],[114.1599253,22.3070338],[114.1599229,22.3119141],[114.1599229,22.3151695],[114.1599229,22.3151695],[114.1599229,22.315389],[114.1599229,22.315389],[114.1599229,22.3155248],[114.1599229,22.3155248],[114.159381,22.3168331],[114.159381,22.3168331],[114.1550425,22.3168347],[114.1550425,22.3168347],[114.155037,22.3167529],[114.1550274,22.3166739],[114.1550432,22.3166073],[114.1550499,22.3164662],[114.1550496,22.3162569],[114.1550496,22.3162569],[114.1550494,22.3161478],[114.1550427,22.3159927],[114.1550487,22.3159012],[114.1550676,22.3158137],[114.1550603,22.3157934],[114.1550506,22.3157826],[114.1550087,22.3157646],[114.1549724,22.3157545],[114.1549315,22.315751],[114.1549315,22.315751],[114.1549185,22.3157536],[114.1542807,22.3145282],[114.1544803,22.3144875],[114.1544803,22.3144875],[114.1544812,22.3144873],[114.1545333,22.3144639],[114.1545333,22.3144639],[114.154696,22.3143913],[114.1548313,22.314288],[114.1548932,22.3142165],[114.1549381,22.314151],[114.1549951,22.3139855],[114.1550169,22.3139085],[114.1550169,22.3139085],[114.1550212,22.3138931],[114.1550382,22.3137897],[114.1550431,22.3136887],[114.1550414,22.3066996],[114.1550559,22.3066059],[114.1550844,22.3065144],[114.1551391,22.3063987],[114.1552076,22.3063124],[114.1553211,22.3062237],[114.1554309,22.3061685],[114.1555474,22.3061335],[114.1555873,22.3061273],[114.1556371,22.3061234],[114.1556652,22.3061234],[114.1556652,22.3061234],[114.1556692,22.3061234],[114.1557287,22.3061268],[114.1557517,22.3061161],[114.1557633,22.3061076],[114.1557748,22.3060958],[114.1557869,22.3060772],[114.1557911,22.306067],[114.1557948,22.3060484],[114.1557942,22.3060263],[114.1557911,22.3060133],[114.1557846,22.3059981],[114.1557694,22.3059784],[114.155759,22.3059693],[114.1557469,22.3059614],[114.1557281,22.3059536],[114.1557027,22.3059491],[114.1556189,22.3059529],[114.1556053,22.3059547],[114.1556053,22.3059547],[114.1543282,22.3048289],[114.1543319,22.3048278],[114.1543319,22.3048278],[114.1544315,22.3048166],[114.1544886,22.3047957],[114.1545523,22.3047686],[114.1546342,22.3047275],[114.1547427,22.3046598],[114.1547839,22.3046292],[114.1548531,22.3045672],[114.1548804,22.3045356],[114.1549046,22.3045018],[114.1549302,22.3044588],[114.1549605,22.3044035],[114.1549945,22.3043347],[114.1550175,22.304276],[114.1550279,22.3042314],[114.1550363,22.3041529],[114.1550516,22.304062],[114.1550533,22.3040129],[114.1550497,22.3039706],[114.1550481,22.3035618]]]]},"properties":{"GmlID":"SRZ.47","OBJNAM":"TS7 New Yau Ma Tei Typhoon Shelter","INFORM":"Vessels with a length overall of more than 50 metres (164 feet) are prohibited from entering or remaining. The maximum permitted speed is 5 knots.","OBJECTID":47}}]}